2026-04-26 11:06:23,346 [INFO] Activator:176 - 


2026-04-26 11:06:23,354 [INFO] Activator:177 - !SESSION log4j initialized
2026-04-26 11:06:27,341 [INFO] LogOutputStream:77 - [STDOUT_REDIRECT] 
2026-04-26 11:06:40,313 [INFO] LogOutputStream:77 - [STDOUT_REDIRECT] 
2026-04-26 11:06:40,996 [ERROR] LogOutputStream:75 - [STDERR_REDIRECT] 
2026-04-26 11:06:41,433 [ERROR] LogOutputStream:75 - [STDERR_REDIRECT] java.net.URISyntaxException: Illegal character in path at index 28: file:/Users/admin/Desktop/My Projects/Bike4u/Programing/.metadata/.log4j2.xml
2026-04-26 11:06:41,434 [ERROR] LogOutputStream:75 - [STDERR_REDIRECT] 	at java.base/java.net.URI$Parser.fail(URI.java:2995)
2026-04-26 11:06:41,435 [ERROR] LogOutputStream:75 - [STDERR_REDIRECT] 	at java.base/java.net.URI$Parser.checkChars(URI.java:3166)
2026-04-26 11:06:41,435 [ERROR] LogOutputStream:75 - [STDERR_REDIRECT] 	at java.base/java.net.URI$Parser.parseHierarchical(URI.java:3248)
2026-04-26 11:06:41,436 [ERROR] LogOutputStream:75 - [STDERR_REDIRECT] 	at java.base/java.net.URI$Parser.parse(URI.java:3196)
2026-04-26 11:06:41,436 [ERROR] LogOutputStream:75 - [STDERR_REDIRECT] 	at java.base/java.net.URI.<init>(URI.java:645)
2026-04-26 11:06:41,436 [ERROR] LogOutputStream:75 - [STDERR_REDIRECT] 	at java.base/java.net.URL.toURI(URL.java:1220)
2026-04-26 11:06:41,437 [ERROR] LogOutputStream:75 - [STDERR_REDIRECT] 	at com.st.stm32cube.common.mx.core.CubeMxInstance.getInstance(CubeMxInstance.java:81)
2026-04-26 11:06:41,437 [ERROR] LogOutputStream:75 - [STDERR_REDIRECT] 	at com.st.stm32cube.common.mx.userauth.UserAuthAdapter.<init>(UserAuthAdapter.java:25)
2026-04-26 11:06:41,437 [ERROR] LogOutputStream:75 - [STDERR_REDIRECT] 	at com.st.stm32cube.common.mx.userauth.UserAuthProvider.getUserAuthAdapter(UserAuthProvider.java:16)
2026-04-26 11:06:41,438 [ERROR] LogOutputStream:75 - [STDERR_REDIRECT] 	at com.st.stm32cube.common.ecosystemintegration.ui.core.MCUEcoSystemIntegrationUiHelper.getUserAuth(MCUEcoSystemIntegrationUiHelper.java:100)
2026-04-26 11:06:41,438 [ERROR] LogOutputStream:75 - [STDERR_REDIRECT] 	at com.st.stm32cube.ide.mcu.userauth.UserAuthStartup.earlyStartup(UserAuthStartup.java:32)
2026-04-26 11:06:41,439 [ERROR] LogOutputStream:75 - [STDERR_REDIRECT] 	at org.eclipse.ui.internal.EarlyStartupRunnable.runEarlyStartup(EarlyStartupRunnable.java:79)
2026-04-26 11:06:41,439 [ERROR] LogOutputStream:75 - [STDERR_REDIRECT] 	at org.eclipse.ui.internal.EarlyStartupRunnable.run(EarlyStartupRunnable.java:55)
2026-04-26 11:06:41,440 [ERROR] LogOutputStream:75 - [STDERR_REDIRECT] 	at org.eclipse.core.runtime.SafeRunner.run(SafeRunner.java:47)
2026-04-26 11:06:41,440 [ERROR] LogOutputStream:75 - [STDERR_REDIRECT] 	at org.eclipse.ui.internal.Workbench$39.run(Workbench.java:2733)
2026-04-26 11:06:41,441 [ERROR] LogOutputStream:75 - [STDERR_REDIRECT] 	at org.eclipse.core.internal.jobs.Worker.run(Worker.java:63)
2026-04-26 11:06:41,954 [INFO] ApplicationProperties:184 - Using Application install path: /Applications/STM32CubeIDE.app/Contents/Eclipse/plugins/com.st.stm32cube.common.mx_6.15.0.202507011659
2026-04-26 11:06:41,981 [INFO] DbMcusXml:78 - Set database path to: /Applications/STM32CubeIDE.app/Contents/Eclipse/plugins/com.st.stm32cube.common.mx_6.15.0.202507011659//db//mcu/
2026-04-26 11:06:41,982 [INFO] ApiDb:274 - Set plugin database path to: /Applications/STM32CubeIDE.app/Contents/Eclipse/plugins/com.st.stm32cube.common.mx_6.15.0.202507011659//db//plugins/boardmanager/
2026-04-26 11:06:41,982 [WARN] ApiDb:259 - Overriding images path with different value:  => /Applications/STM32CubeIDE.app/Contents/Eclipse/plugins/com.st.stm32cube.common.mx_6.15.0.202507011659//db//plugins/mcufinder/images/
2026-04-26 11:06:41,992 [INFO] ApiDb:250 - Set database path to: /Users/admin/.stmcufinder/plugins/mcufinder//mcu/
2026-04-26 11:06:41,994 [INFO] DbMcusAds:125 - Set database path to: /Users/admin/.stmcufinder/plugins/mcufinder//mcu/
2026-04-26 11:06:41,998 [INFO] CrossReferenceDbSqlite:203 - Set database path to: /Users/admin/.stmcufinder/plugins/mcufinder//mcu/cs/
2026-04-26 11:06:42,230 [INFO] RulesReader:64 - Compatibility file has been processed (317 Rules)
2026-04-26 11:06:42,336 [INFO] DbMcusXml:78 - Set database path to: /Applications/STM32CubeIDE.app/Contents/Eclipse/plugins/com.st.stm32cube.common.mx_6.15.0.202507011659//db//mcu/
2026-04-26 11:06:42,336 [INFO] ApiDb:274 - Set plugin database path to: /Applications/STM32CubeIDE.app/Contents/Eclipse/plugins/com.st.stm32cube.common.mx_6.15.0.202507011659//db//plugins/boardmanager/
2026-04-26 11:06:42,337 [INFO] ApiDb:261 - Set plugin images path to: /Applications/STM32CubeIDE.app/Contents/Eclipse/plugins/com.st.stm32cube.common.mx_6.15.0.202507011659//db//plugins/mcufinder/images/
2026-04-26 11:06:42,337 [WARN] DbFile:41 - Overriding database path with different value: /Users/admin/.stmcufinder/plugins/mcufinder/ => /Users/admin/.stmcufinder/plugins/mcufinder
2026-04-26 11:06:42,337 [INFO] ApiDb:250 - Set database path to: /Users/admin/.stmcufinder/plugins/mcufinder//mcu/
2026-04-26 11:06:42,337 [WARN] DbFile:41 - Overriding database path with different value: /Users/admin/.stmcufinder/plugins/mcufinder/ => /Users/admin/.stmcufinder/plugins/mcufinder
2026-04-26 11:06:42,338 [INFO] DbMcusAds:125 - Set database path to: /Users/admin/.stmcufinder/plugins/mcufinder//mcu/
2026-04-26 11:06:42,338 [WARN] DbFile:41 - Overriding database path with different value: /Users/admin/.stmcufinder/plugins/mcufinder/ => /Users/admin/.stmcufinder/plugins/mcufinder
2026-04-26 11:06:42,338 [WARN] DbFile:41 - Overriding database path with different value: /Users/admin/.stmcufinder/plugins/mcufinder/ => /Users/admin/.stmcufinder/plugins/mcufinder
2026-04-26 11:06:42,338 [INFO] CrossReferenceDbSqlite:203 - Set database path to: /Users/admin/.stmcufinder/plugins/mcufinder//mcu/cs/
2026-04-26 11:06:42,486 [INFO] MainPanel:274 - HeapMemory: 268435456
2026-04-26 11:06:43,255 [INFO] DbMcusXml:78 - Set database path to: /Applications/STM32CubeIDE.app/Contents/Eclipse/plugins/com.st.stm32cube.common.mx_6.15.0.202507011659//db//mcu/
2026-04-26 11:06:43,256 [INFO] ApiDb:274 - Set plugin database path to: /Applications/STM32CubeIDE.app/Contents/Eclipse/plugins/com.st.stm32cube.common.mx_6.15.0.202507011659//db//plugins/boardmanager/
2026-04-26 11:06:43,256 [INFO] ApiDb:261 - Set plugin images path to: /Applications/STM32CubeIDE.app/Contents/Eclipse/plugins/com.st.stm32cube.common.mx_6.15.0.202507011659//db//plugins/mcufinder/images/
2026-04-26 11:06:43,257 [WARN] DbFile:41 - Overriding database path with different value: /Users/admin/.stmcufinder/plugins/mcufinder/ => /Users/admin/.stmcufinder/plugins/mcufinder
2026-04-26 11:06:43,257 [INFO] ApiDb:250 - Set database path to: /Users/admin/.stmcufinder/plugins/mcufinder//mcu/
2026-04-26 11:06:43,257 [WARN] DbFile:41 - Overriding database path with different value: /Users/admin/.stmcufinder/plugins/mcufinder/ => /Users/admin/.stmcufinder/plugins/mcufinder
2026-04-26 11:06:43,257 [INFO] DbMcusAds:125 - Set database path to: /Users/admin/.stmcufinder/plugins/mcufinder//mcu/
2026-04-26 11:06:43,257 [WARN] DbFile:41 - Overriding database path with different value: /Users/admin/.stmcufinder/plugins/mcufinder/ => /Users/admin/.stmcufinder/plugins/mcufinder
2026-04-26 11:06:43,258 [WARN] DbFile:41 - Overriding database path with different value: /Users/admin/.stmcufinder/plugins/mcufinder/ => /Users/admin/.stmcufinder/plugins/mcufinder
2026-04-26 11:06:43,258 [INFO] CrossReferenceDbSqlite:203 - Set database path to: /Users/admin/.stmcufinder/plugins/mcufinder//mcu/cs/
2026-04-26 11:06:43,287 [INFO] ApplicationProperties:184 - Using Application install path: /Applications/STM32CubeIDE.app/Contents/Eclipse/plugins/com.st.stm32cube.common.mx_6.15.0.202507011659
2026-04-26 11:06:43,289 [INFO] PluginManage:196 - Search for loadable plugins [exclusion list=, ]
2026-04-26 11:06:43,290 [INFO] PluginManage:310 - Check plugin analytics
2026-04-26 11:06:43,576 [INFO] AnalyticsPlugin:253 - Accepted Software Licenses: 
2026-04-26 11:06:43,577 [INFO] AnalyticsPlugin:255 - Accepted CMSIS Pack Licenses: Infineon.AIROC-Wi-Fi-Bluetooth-STM32.1.6.0,STMicroelectronics.X-CUBE-BLE1.7.0.0
2026-04-26 11:06:43,577 [INFO] AnalyticsPlugin:257 - Accepted Firmware Licenses: FW.G0.1.6.0,FW.WB.1.19.0,FW.WB.1.21.0
2026-04-26 11:06:43,580 [INFO] PluginManage:359 - Loaded plugin analytics (category:tool,tabindex:-1)
2026-04-26 11:06:43,581 [INFO] PluginManage:310 - Check plugin cadmodel
2026-04-26 11:06:43,589 [INFO] CADModel:105 - Init CAD model plugin
2026-04-26 11:06:43,589 [INFO] PluginManage:359 - Loaded plugin cadmodel (category:power,tabindex:5)
2026-04-26 11:06:43,590 [INFO] PluginManage:310 - Check plugin clock
2026-04-26 11:06:43,603 [INFO] PluginManage:359 - Loaded plugin clock (category:base,tabindex:2)
2026-04-26 11:06:43,604 [INFO] PluginManage:310 - Check plugin ddr
2026-04-26 11:06:43,607 [INFO] PluginManage:359 - Loaded plugin ddr (category:tool,tabindex:6)
2026-04-26 11:06:43,608 [INFO] PluginManage:310 - Check plugin filemanager
2026-04-26 11:06:43,822 [INFO] PluginManage:359 - Loaded plugin filemanager (category:base,tabindex:10)
2026-04-26 11:06:43,822 [INFO] PluginManage:310 - Check plugin ipmanager
2026-04-26 11:06:43,831 [INFO] PluginManage:359 - Loaded plugin ipmanager (category:base,tabindex:5)
2026-04-26 11:06:43,831 [INFO] PluginManage:310 - Check plugin lpbam
2026-04-26 11:06:43,844 [INFO] PluginManage:359 - Loaded plugin lpbam (category:base,tabindex:0)
2026-04-26 11:06:43,845 [INFO] PluginManage:310 - Check plugin memorymap
2026-04-26 11:06:43,864 [INFO] PluginManage:359 - Loaded plugin memorymap (category:base,tabindex:4)
2026-04-26 11:06:43,865 [INFO] PluginManage:310 - Check plugin pinoutandconfiguration
2026-04-26 11:06:43,875 [INFO] PluginManage:359 - Loaded plugin pinoutandconfiguration (category:base,tabindex:1)
2026-04-26 11:06:43,875 [INFO] PluginManage:310 - Check plugin pinoutconfig
2026-04-26 11:06:44,002 [WARN] SupportedApi:132 - Cannot load RTOS API schema: s4s-elt-must-match.1: The content of 'definitions' must match (annotation?, (simpleType | complexType)?, (unique | key | keyref)*)). A problem was found starting at: attribute.
2026-04-26 11:06:44,188 [INFO] PluginManage:359 - Loaded plugin pinoutconfig (category:base,tabindex:0)
2026-04-26 11:06:44,189 [INFO] PluginManage:310 - Check plugin power
2026-04-26 11:06:44,200 [INFO] PluginManage:359 - Loaded plugin power (category:power,tabindex:4)
2026-04-26 11:06:44,201 [INFO] PluginManage:310 - Check plugin projectmanager
2026-04-26 11:06:44,220 [INFO] PluginManage:359 - Loaded plugin projectmanager (category:projectmanager,tabindex:4)
2026-04-26 11:06:44,221 [INFO] PluginManage:310 - Check plugin rif
2026-04-26 11:06:44,233 [INFO] PluginManage:359 - Loaded plugin rif (category:base,tabindex:3)
2026-04-26 11:06:44,233 [INFO] PluginManage:310 - Check plugin thirdparty
2026-04-26 11:06:44,392 [INFO] PluginManage:359 - Loaded plugin thirdparty (category:base,tabindex:-1)
2026-04-26 11:06:44,392 [WARN] IntegrityCheckThread:84 - waiting for thirdparty lock release [integrity check]
2026-04-26 11:06:44,392 [INFO] PluginManage:310 - Check plugin tools
2026-04-26 11:06:44,392 [INFO] IntegrityCheckThread:86 - entering critical section [integrity check]
2026-04-26 11:06:44,393 [INFO] ThirdPartyUpdaterWithRetryManager:70 - Updater plugin not ready yet. [1/15]
2026-04-26 11:06:44,395 [INFO] PluginManage:359 - Loaded plugin tools (category:base,tabindex:7)
2026-04-26 11:06:44,395 [INFO] PluginManage:310 - Check plugin tutovideos
2026-04-26 11:06:44,668 [INFO] PluginManage:359 - Loaded plugin tutovideos (category:base,tabindex:-1)
2026-04-26 11:06:44,668 [INFO] PluginManage:310 - Check plugin updater
2026-04-26 11:06:44,693 [INFO] PluginManage:359 - Loaded plugin updater (category:base,tabindex:12)
2026-04-26 11:06:44,693 [INFO] PluginManage:310 - Check plugin userauth
2026-04-26 11:06:44,697 [INFO] UserAuth:118 - Init User Auth plugin
2026-04-26 11:06:44,698 [INFO] PluginManage:359 - Loaded plugin userauth (category:base,tabindex:14)
2026-04-26 11:06:44,698 [INFO] PluginManage:283 - PluginManage : Loaded plugins [18]
2026-04-26 11:06:44,954 [INFO] PinOutPanel:1589 - setPackage(No Configuration,No Configuration)
2026-04-26 11:06:45,056 [INFO] CADModel:165 - CPN selected for project level
2026-04-26 11:06:45,056 [INFO] CADModel:114 - Register for checkConnection events
2026-04-26 11:06:45,077 [INFO] IPUIPlugin:80 - create IPUIPlugin
2026-04-26 11:06:45,077 [INFO] PluginManager:220 - loadIPPluginJar : add mdma
2026-04-26 11:06:45,086 [INFO] IPUIPlugin:80 - create IPUIPlugin
2026-04-26 11:06:45,086 [INFO] PluginManager:220 - loadIPPluginJar : add freertos
2026-04-26 11:06:45,093 [INFO] IPUIPlugin:80 - create IPUIPlugin
2026-04-26 11:06:45,093 [INFO] PluginManager:220 - loadIPPluginJar : add gic
2026-04-26 11:06:45,118 [INFO] IPUIPlugin:80 - create IPUIPlugin
2026-04-26 11:06:45,119 [INFO] PluginManager:220 - loadIPPluginJar : add adc
2026-04-26 11:06:45,127 [INFO] IPUIPlugin:80 - create IPUIPlugin
2026-04-26 11:06:45,127 [INFO] PluginManager:220 - loadIPPluginJar : add gtzc
2026-04-26 11:06:45,129 [INFO] IPUIPlugin:80 - create IPUIPlugin
2026-04-26 11:06:45,130 [INFO] PluginManager:220 - loadIPPluginJar : add quadspi
2026-04-26 11:06:45,133 [INFO] IPUIPlugin:80 - create IPUIPlugin
2026-04-26 11:06:45,134 [INFO] PluginManager:220 - loadIPPluginJar : add aes
2026-04-26 11:06:45,137 [INFO] IPUIPlugin:80 - create IPUIPlugin
2026-04-26 11:06:45,137 [INFO] PluginManager:220 - loadIPPluginJar : add pdm2pcm
2026-04-26 11:06:45,140 [INFO] IPUIPlugin:80 - create IPUIPlugin
2026-04-26 11:06:45,140 [INFO] PluginManager:220 - loadIPPluginJar : add hash
2026-04-26 11:06:45,142 [INFO] IPUIPlugin:80 - create IPUIPlugin
2026-04-26 11:06:45,142 [INFO] PluginManager:220 - loadIPPluginJar : add tim
2026-04-26 11:06:45,144 [INFO] IPUIPlugin:80 - create IPUIPlugin
2026-04-26 11:06:45,144 [INFO] PluginManager:220 - loadIPPluginJar : add tsc
2026-04-26 11:06:45,148 [INFO] IPUIPlugin:80 - create IPUIPlugin
2026-04-26 11:06:45,149 [INFO] PluginManager:220 - loadIPPluginJar : add extmemmanager
2026-04-26 11:06:45,152 [INFO] IPUIPlugin:80 - create IPUIPlugin
2026-04-26 11:06:45,153 [INFO] PluginManager:220 - loadIPPluginJar : add ts
2026-04-26 11:06:45,155 [INFO] IPUIPlugin:80 - create IPUIPlugin
2026-04-26 11:06:45,156 [INFO] PluginManager:220 - loadIPPluginJar : add radio
2026-04-26 11:06:45,159 [INFO] IPUIPlugin:80 - create IPUIPlugin
2026-04-26 11:06:45,160 [INFO] PluginManager:220 - loadIPPluginJar : add can
2026-04-26 11:06:45,162 [INFO] IPUIPlugin:80 - create IPUIPlugin
2026-04-26 11:06:45,162 [INFO] PluginManager:220 - loadIPPluginJar : add dma3
2026-04-26 11:06:45,166 [INFO] IPUIPlugin:80 - create IPUIPlugin
2026-04-26 11:06:45,166 [INFO] PluginManager:220 - loadIPPluginJar : add dfsdm
2026-04-26 11:06:45,170 [INFO] IPUIPlugin:80 - create IPUIPlugin
2026-04-26 11:06:45,170 [INFO] PluginManager:220 - loadIPPluginJar : add spi
2026-04-26 11:06:45,173 [INFO] IPUIPlugin:80 - create IPUIPlugin
2026-04-26 11:06:45,173 [INFO] PluginManager:220 - loadIPPluginJar : add gfxmmu
2026-04-26 11:06:45,176 [INFO] IPUIPlugin:80 - create IPUIPlugin
2026-04-26 11:06:45,177 [INFO] PluginManager:220 - loadIPPluginJar : add genericplugin
2026-04-26 11:06:45,180 [INFO] IPUIPlugin:80 - create IPUIPlugin
2026-04-26 11:06:45,181 [INFO] PluginManager:220 - loadIPPluginJar : add cryp
2026-04-26 11:06:45,188 [INFO] IPUIPlugin:80 - create IPUIPlugin
2026-04-26 11:06:45,188 [INFO] PluginManager:220 - loadIPPluginJar : add gpio
2026-04-26 11:06:45,193 [INFO] IPUIPlugin:80 - create IPUIPlugin
2026-04-26 11:06:45,193 [INFO] PluginManager:220 - loadIPPluginJar : add ddr_ctrl_phy
2026-04-26 11:06:45,195 [INFO] IPUIPlugin:80 - create IPUIPlugin
2026-04-26 11:06:45,196 [INFO] PluginManager:220 - loadIPPluginJar : add comp
2026-04-26 11:06:45,202 [INFO] IPUIPlugin:80 - create IPUIPlugin
2026-04-26 11:06:45,202 [INFO] PluginManager:220 - loadIPPluginJar : add tracer_emb
2026-04-26 11:06:45,205 [INFO] IPUIPlugin:80 - create IPUIPlugin
2026-04-26 11:06:45,206 [INFO] PluginManager:220 - loadIPPluginJar : add openamp
2026-04-26 11:06:45,213 [INFO] IPUIPlugin:80 - create IPUIPlugin
2026-04-26 11:06:45,214 [INFO] PluginManager:220 - loadIPPluginJar : add stm32_wpan
2026-04-26 11:06:45,222 [INFO] IPUIPlugin:80 - create IPUIPlugin
2026-04-26 11:06:45,225 [INFO] PluginManager:220 - loadIPPluginJar : add plateformsettings
2026-04-26 11:06:45,229 [INFO] IPUIPlugin:80 - create IPUIPlugin
2026-04-26 11:06:45,230 [INFO] PluginManager:220 - loadIPPluginJar : add ipddr
2026-04-26 11:06:45,234 [INFO] IPUIPlugin:80 - create IPUIPlugin
2026-04-26 11:06:45,234 [INFO] PluginManager:220 - loadIPPluginJar : add usart
2026-04-26 11:06:45,236 [INFO] IPUIPlugin:80 - create IPUIPlugin
2026-04-26 11:06:45,236 [INFO] PluginManager:220 - loadIPPluginJar : add ltdc
2026-04-26 11:06:45,242 [INFO] IPUIPlugin:80 - create IPUIPlugin
2026-04-26 11:06:45,242 [INFO] PluginManager:220 - loadIPPluginJar : add nvic
2026-04-26 11:06:45,244 [INFO] IPUIPlugin:80 - create IPUIPlugin
2026-04-26 11:06:45,244 [INFO] PluginManager:220 - loadIPPluginJar : add fatfs
2026-04-26 11:06:45,253 [INFO] IPUIPlugin:80 - create IPUIPlugin
2026-04-26 11:06:45,253 [INFO] PluginManager:220 - loadIPPluginJar : add linkedlist
2026-04-26 11:06:45,261 [INFO] IPUIPlugin:80 - create IPUIPlugin
2026-04-26 11:06:45,261 [INFO] PluginManager:220 - loadIPPluginJar : add dma
2026-04-26 11:06:45,267 [INFO] IPUIPlugin:80 - create IPUIPlugin
2026-04-26 11:06:45,267 [INFO] PluginManager:220 - loadIPPluginJar : add fmc
2026-04-26 11:06:45,271 [INFO] IPUIPlugin:80 - create IPUIPlugin
2026-04-26 11:06:45,271 [INFO] PluginManager:220 - loadIPPluginJar : add i2s
2026-04-26 11:06:45,273 [INFO] IPUIPlugin:80 - create IPUIPlugin
2026-04-26 11:06:45,274 [INFO] PluginManager:220 - loadIPPluginJar : add ucpd
2026-04-26 11:06:45,277 [INFO] IPUIPlugin:80 - create IPUIPlugin
2026-04-26 11:06:45,277 [INFO] PluginManager:220 - loadIPPluginJar : add lorawan
2026-04-26 11:06:45,281 [INFO] IPUIPlugin:80 - create IPUIPlugin
2026-04-26 11:06:45,281 [INFO] PluginManager:220 - loadIPPluginJar : add opamp
2026-04-26 11:06:45,285 [INFO] IPUIPlugin:80 - create IPUIPlugin
2026-04-26 11:06:45,286 [INFO] PluginManager:220 - loadIPPluginJar : add i3c
2026-04-26 11:06:45,291 [INFO] IPUIPlugin:80 - create IPUIPlugin
2026-04-26 11:06:45,291 [INFO] PluginManager:220 - loadIPPluginJar : add touchsensing
2026-04-26 11:06:45,295 [INFO] IPUIPlugin:80 - create IPUIPlugin
2026-04-26 11:06:45,295 [INFO] PluginManager:220 - loadIPPluginJar : add i2c
2026-04-26 11:06:45,301 [INFO] IPUIPlugin:80 - create IPUIPlugin
2026-04-26 11:06:45,301 [INFO] PluginManager:220 - loadIPPluginJar : add resmgrutility
2026-04-26 11:06:45,305 [INFO] IPUIPlugin:80 - create IPUIPlugin
2026-04-26 11:06:45,305 [INFO] PluginManager:220 - loadIPPluginJar : add sai
2026-04-26 11:06:45,309 [INFO] IPUIPlugin:80 - create IPUIPlugin
2026-04-26 11:06:45,309 [INFO] PluginManager:220 - loadIPPluginJar : add usbx
2026-04-26 11:06:45,426 [FATAL] Updater:351 - Updater called before beeing initialized
2026-04-26 11:06:45,464 [INFO] RulesReader:64 - Compatibility file has been processed (317 Rules)
2026-04-26 11:06:45,482 [INFO] RulesReader:64 - Compatibility file has been processed (317 Rules)
2026-04-26 11:06:45,495 [INFO] CADModel:165 - CPN selected for project level
2026-04-26 11:06:45,495 [INFO] CADModel:114 - Register for checkConnection events
2026-04-26 11:06:45,495 [FATAL] Updater:351 - Updater called before beeing initialized
2026-04-26 11:06:45,496 [ERROR] CADModel:125 - Updater not yet initialized, retry later 
2026-04-26 11:06:45,745 [FATAL] Updater:351 - Updater called before beeing initialized
2026-04-26 11:06:45,748 [INFO] CADModel:165 - CPN selected for project level
2026-04-26 11:06:45,748 [INFO] CADModel:114 - Register for checkConnection events
2026-04-26 11:06:45,748 [FATAL] Updater:351 - Updater called before beeing initialized
2026-04-26 11:06:45,749 [ERROR] CADModel:125 - Updater not yet initialized, retry later 
2026-04-26 11:06:45,755 [FATAL] Updater:351 - Updater called before beeing initialized
2026-04-26 11:06:45,931 [FATAL] Updater:351 - Updater called before beeing initialized
2026-04-26 11:06:45,938 [INFO] DbMcusAds:53 - JSON generation date=Tue Apr 07 10:33:18 EEST 2026 (1775547198697)
2026-04-26 11:06:45,939 [FATAL] Updater:351 - Updater called before beeing initialized
2026-04-26 11:06:46,038 [WARN] DetailPanel:346 - Failed to get advertising image, set to default
2026-04-26 11:06:46,351 [FATAL] Updater:351 - Updater called before beeing initialized
2026-04-26 11:06:46,353 [FATAL] Updater:351 - Updater called before beeing initialized
2026-04-26 11:06:46,353 [FATAL] Updater:351 - Updater called before beeing initialized
2026-04-26 11:06:46,353 [WARN] DetailPanel:346 - Failed to get advertising image, set to default
2026-04-26 11:06:46,354 [FATAL] Updater:351 - Updater called before beeing initialized
2026-04-26 11:06:46,409 [ERROR] Updater:1198 - MainUpdater not yet initialized. External WinMGr cannot be set.
2026-04-26 11:06:46,412 [INFO] Updater:1134 - Updater Version found : 6.15.0
2026-04-26 11:06:46,460 [INFO] ApplicationProperties:184 - Using Application install path: /Applications/STM32CubeIDE.app/Contents/Eclipse/plugins/com.st.stm32cube.common.mx_6.15.0.202507011659
2026-04-26 11:06:47,133 [INFO] MainUpdater:2872 - connection check result : 10
2026-04-26 11:06:47,134 [INFO] MainUpdater:289 - Updater Check For Update Now.
2026-04-26 11:06:47,134 [INFO] MicroXplorer:498 - Change Database Version : DB.6.0.150
2026-04-26 11:06:47,140 [INFO] McuFinderGlobals:63 - Set McuFinder mode to 2 (CubeIDE integrated)
2026-04-26 11:06:47,142 [INFO] UserAuth:487 - Internet connection configuration mode: 1
2026-04-26 11:06:47,186 [INFO] JxBrowserEngine:152 - Initiate JxBrowser Engine with user profile folder
2026-04-26 11:06:47,394 [WARN] MainUpdater:1193 - Updater busy. Cannot search thirdparties
2026-04-26 11:06:47,395 [INFO] ThirdPartyUpdaterWithRetryManager:96 - Updater plugin is busy. [1/15]
2026-04-26 11:06:47,416 [INFO] CheckServerUpdateThread:120 - End of CheckServer Thread
2026-04-26 11:06:49,423 [INFO] WebApp:169 - Instantiating new browser for Auth
2026-04-26 11:06:50,780 [INFO] WebApp:463 - Apply proxy settings
2026-04-26 11:06:50,790 [INFO] WebApp:508 - Chromium authenticates against Manually configured proxy
2026-04-26 11:06:50,812 [INFO] WebApp:516 - Username used for proxy authentication: 
2026-04-26 11:06:50,880 [INFO] WebApp:900 - Register for checkConnection events
2026-04-26 11:06:50,881 [INFO] WebApp:463 - Apply proxy settings
2026-04-26 11:06:50,884 [INFO] WebApp:508 - Chromium authenticates against Manually configured proxy
2026-04-26 11:06:50,885 [INFO] WebApp:516 - Username used for proxy authentication: 
2026-04-26 11:06:51,082 [WARN] PackLoader:240 - Cannot read IP mode file for STMicroelectronics.X-CUBE-AZRTOS-H7.3.5.0
2026-04-26 11:06:51,097 [WARN] PackLoader:240 - Cannot read IP mode file for STMicroelectronics.FP-SNS-MOTENVWB1.1.4.0
2026-04-26 11:06:51,103 [WARN] PackLoader:240 - Cannot read IP mode file for STMicroelectronics.FP-ATR-ASTRA1.2.0.2
2026-04-26 11:06:51,107 [WARN] PackLoader:240 - Cannot read IP mode file for STMicroelectronics.FP-ATR-ASTRA1.2.0.1
2026-04-26 11:06:51,116 [WARN] PackLoader:240 - Cannot read IP mode file for STMicroelectronics.X-CUBE-SMBUS.2.1.0
2026-04-26 11:06:51,127 [WARN] PackLoader:240 - Cannot read IP mode file for STMicroelectronics.X-CUBE-WB05N.1.1.0
2026-04-26 11:06:51,134 [WARN] PackLoader:240 - Cannot read IP mode file for STMicroelectronics.X-CUBE-ST60.1.0.0
2026-04-26 11:06:51,140 [WARN] PackLoader:240 - Cannot read IP mode file for STMicroelectronics.X-CUBE-TOUCHGFX.4.23.2
2026-04-26 11:06:51,167 [WARN] PackLoader:240 - Cannot read IP mode file for STMicroelectronics.X-CUBE-AZRTOS-F7.1.1.0
2026-04-26 11:06:51,177 [WARN] PackLoader:240 - Cannot read IP mode file for STMicroelectronics.FP-SNS-MOTENV1.4.3.2
2026-04-26 11:06:51,238 [WARN] PackLoader:240 - Cannot read IP mode file for STMicroelectronics.X-CUBE-MEMS1.11.0.0
2026-04-26 11:06:51,339 [INFO] WebApp:191 - Connection restablished
2026-04-26 11:06:51,485 [INFO] WebApp:225 - Starting web application
2026-04-26 11:06:51,486 [INFO] WebApp:593 - Web application path used /Applications/STM32CubeIDE.app/Contents/Eclipse/plugins/com.st.stm32cube.common.mx_6.15.0.202507011659/db/plugins/mcufinder/reactClient1/index.html
2026-04-26 11:06:51,615 [INFO] UserAuth:487 - Internet connection configuration mode: 1
2026-04-26 11:06:51,734 [WARN] PackLoader:240 - Cannot read IP mode file for STMicroelectronics.FP-SNS-MOTENV1.5.1.0
2026-04-26 11:06:51,744 [WARN] PackLoader:240 - Cannot read IP mode file for STMicroelectronics.FP-SNS-FLIGHT1.5.0.2
2026-04-26 11:06:51,782 [WARN] PackLoader:240 - Cannot read IP mode file for STMicroelectronics.X-CUBE-AZRTOS-H7.3.4.0
2026-04-26 11:06:51,796 [WARN] PackLoader:240 - Cannot read IP mode file for STMicroelectronics.X-CUBE-DISPLAY.3.0.0
2026-04-26 11:06:51,807 [WARN] PackLoader:240 - Cannot read IP mode file for STMicroelectronics.FP-SNS-MOTENVWB1.1.5.0
2026-04-26 11:06:51,819 [WARN] PackLoader:240 - Cannot read IP mode file for STMicroelectronics.X-CUBE-BLE1.7.0.0
2026-04-26 11:06:51,930 [WARN] PackLoader:240 - Cannot read IP mode file for STMicroelectronics.X-CUBE-NFC10.1.0.0
2026-04-26 11:06:51,943 [WARN] PackLoader:240 - Cannot read IP mode file for STMicroelectronics.X-CUBE-BLEMGR.4.0.0
2026-04-26 11:06:51,950 [WARN] PackLoader:240 - Cannot read IP mode file for STMicroelectronics.X-CUBE-ST60.1.1.0
2026-04-26 11:06:51,957 [WARN] PackLoader:240 - Cannot read IP mode file for emotas.I-CUBE-CANOPEN.1.3.0
2026-04-26 11:06:51,963 [WARN] PackLoader:240 - Cannot read IP mode file for STMicroelectronics.X-CUBE-GNSS1.7.1.0
2026-04-26 11:06:51,973 [WARN] PackLoader:240 - Cannot read IP mode file for STMicroelectronics.X-CUBE-BLEMGR.3.1.0
2026-04-26 11:06:51,980 [WARN] PackLoader:240 - Cannot read IP mode file for STMicroelectronics.X-CUBE-AI.10.0.0
2026-04-26 11:06:51,990 [WARN] PackLoader:240 - Cannot read IP mode file for STMicroelectronics.FP-SNS-STBOX1.2.1.0
2026-04-26 11:06:52,004 [WARN] PackLoader:240 - Cannot read IP mode file for STMicroelectronics.FP-SNS-SMARTAG2.1.2.0
2026-04-26 11:06:52,008 [WARN] PackLoader:240 - Cannot read IP mode file for STMicroelectronics.FP-SNS-FLIGHT1.5.1.0
2026-04-26 11:06:52,103 [WARN] PackLoader:240 - Cannot read IP mode file for STMicroelectronics.X-CUBE-MEMS1.11.1.0
2026-04-26 11:06:52,403 [INFO] LogOutputStream:77 - [STDOUT_REDIRECT] 1 : Invalid condition id : UX_CORESTACK_Condition cause : null
2026-04-26 11:06:52,406 [INFO] LogOutputStream:77 - [STDOUT_REDIRECT] 1 : Invalid condition id : UX_CORESTACK_Condition cause : null
2026-04-26 11:06:52,406 [INFO] LogOutputStream:77 - [STDOUT_REDIRECT] 1 : Invalid condition id : UX_CORESTACK_Condition cause : null
2026-04-26 11:06:52,407 [INFO] LogOutputStream:77 - [STDOUT_REDIRECT] 1 : Invalid condition id : UX_CORESTACK_Condition cause : null
2026-04-26 11:06:52,407 [INFO] LogOutputStream:77 - [STDOUT_REDIRECT] 1 : Invalid condition id : UX_CORESTACK_Condition cause : null
2026-04-26 11:06:52,413 [WARN] PackLoader:240 - Cannot read IP mode file for STMicroelectronics.X-CUBE-AZRTOS-WL.2.0.0
2026-04-26 11:06:52,420 [WARN] PackLoader:240 - Cannot read IP mode file for STMicroelectronics.FP-SNS-MOTENV1.5.0.0
2026-04-26 11:06:52,455 [WARN] PackLoader:240 - Cannot read IP mode file for STMicroelectronics.X-CUBE-AZRTOS-H7RS.1.2.0
2026-04-26 11:06:52,460 [WARN] PackLoader:240 - Cannot read IP mode file for wolfSSL.I-CUBE-wolfMQTT.1.19.0
2026-04-26 11:06:52,468 [WARN] PackLoader:240 - Cannot read IP mode file for WES.I-CUBE-Cesium.1.3.0
2026-04-26 11:06:52,476 [WARN] PackLoader:240 - Cannot read IP mode file for STMicroelectronics.X-CUBE-BLE2.3.3.0
2026-04-26 11:06:52,495 [WARN] PackLoader:240 - Cannot read IP mode file for STMicroelectronics.X-CUBE-NFC9.1.0.0
2026-04-26 11:06:52,501 [WARN] PackLoader:240 - Cannot read IP mode file for STMicroelectronics.X-CUBE-BLE1.7.1.0
2026-04-26 11:06:52,507 [WARN] PackLoader:240 - Cannot read IP mode file for STMicroelectronics.X-CUBE-TCPP.4.1.0
2026-04-26 11:06:52,515 [WARN] PackLoader:240 - Cannot read IP mode file for STMicroelectronics.X-CUBE-FREERTOS.1.4.0
2026-04-26 11:06:52,522 [WARN] PackLoader:240 - Cannot read IP mode file for STMicroelectronics.X-CUBE-EEPRMA1.5.2.0
2026-04-26 11:06:52,533 [WARN] PackLoader:240 - Cannot read IP mode file for STMicroelectronics.X-CUBE-ST67W61.1.1.0
2026-04-26 11:06:52,538 [WARN] PackLoader:240 - Cannot read IP mode file for STMicroelectronics.X-CUBE-AI.10.1.0
2026-04-26 11:06:52,586 [WARN] PackLoader:240 - Cannot read IP mode file for STMicroelectronics.X-CUBE-MEMS1.12.0.0
2026-04-26 11:06:52,682 [WARN] PackLoader:240 - Cannot read IP mode file for STMicroelectronics.X-CUBE-ALGOBUILD.1.3.0
2026-04-26 11:06:52,733 [WARN] PackLoader:240 - Cannot read IP mode file for STMicroelectronics.X-CUBE-MEMS1.11.2.0
2026-04-26 11:06:52,923 [WARN] PackLoader:240 - Cannot read IP mode file for STMicroelectronics.X-CUBE-AZRTOS-G0.1.1.0
2026-04-26 11:06:52,934 [WARN] PackLoader:240 - Cannot read IP mode file for STMicroelectronics.X-CUBE-SAFEA1.1.2.2
2026-04-26 11:06:52,943 [WARN] PackLoader:240 - Cannot read IP mode file for STMicroelectronics.X-CUBE-NFC4.3.0.0
2026-04-26 11:06:52,954 [WARN] PackLoader:240 - Cannot read IP mode file for EmbeddedOffice.I-CUBE-FS-RTOS.1.0.1
2026-04-26 11:06:52,960 [WARN] PackLoader:240 - Cannot read IP mode file for STMicroelectronics.X-CUBE-WB05N.2.0.0
2026-04-26 11:06:52,969 [WARN] PackLoader:240 - Cannot read IP mode file for STMicroelectronics.X-CUBE-TCPP.4.2.0
2026-04-26 11:06:52,990 [WARN] PackLoader:240 - Cannot read IP mode file for RealThread.X-CUBE-RT-Thread_Nano.4.1.1
2026-04-26 11:06:53,002 [WARN] PackLoader:240 - Cannot read IP mode file for wolfSSL.I-CUBE-wolfSSL.5.7.0
2026-04-26 11:06:53,006 [WARN] PackLoader:240 - Cannot read IP mode file for STMicroelectronics.FP-ATR-SIGFOX1.3.2.0
2026-04-26 11:06:53,011 [WARN] ConditionMgr:438 - getConditionDescription Invalid condition id : Cortex-A Device cause : null
2026-04-26 11:06:53,020 [WARN] ConditionMgr:1044 - genDependencies : Invalid condition id : Cortex-A Device cause : null
2026-04-26 11:06:53,020 [WARN] ConditionMgr:1044 - genDependencies : Invalid condition id : Cortex-A Device cause : null
2026-04-26 11:06:53,020 [WARN] ConditionMgr:1044 - genDependencies : Invalid condition id : Cortex-A Device cause : null
2026-04-26 11:06:53,052 [WARN] PackLoader:240 - Cannot read IP mode file for STMicroelectronics.X-CUBE-EEPRMA1.5.1.0
2026-04-26 11:06:53,059 [WARN] PackLoader:240 - Cannot read IP mode file for STMicroelectronics.X-CUBE-FREERTOS.1.5.0
2026-04-26 11:06:53,066 [WARN] PackLoader:240 - Cannot read IP mode file for ITTIA_DB.I-CUBE-ITTIADB.8.9.0
2026-04-26 11:06:53,074 [WARN] PackLoader:240 - Cannot read IP mode file for STMicroelectronics.X-CUBE-NFC6.3.2.0
2026-04-26 11:06:53,082 [WARN] PackLoader:240 - Cannot read IP mode file for STMicroelectronics.X-CUBE-ST67W61.1.0.0
2026-04-26 11:06:53,087 [WARN] PackLoader:240 - Cannot read IP mode file for STMicroelectronics.X-CUBE-AI.10.2.0
2026-04-26 11:06:53,120 [WARN] PackLoader:240 - Cannot read IP mode file for SEGGER.I-CUBE-embOS.1.3.1
2026-04-26 11:06:53,179 [WARN] PackLoader:240 - Cannot read IP mode file for STMicroelectronics.X-CUBE-ALGOBUILD.1.4.0
2026-04-26 11:06:53,276 [WARN] PackLoader:240 - Cannot read IP mode file for STMicroelectronics.X-CUBE-MEMS1.11.3.0
2026-04-26 11:06:53,489 [WARN] PackLoader:240 - Cannot read IP mode file for STMicroelectronics.X-CUBE-AI.9.1.0
2026-04-26 11:06:53,499 [WARN] PackLoader:240 - Cannot read IP mode file for STMicroelectronics.X-CUBE-PM33A1.1.0.0
2026-04-26 11:06:53,504 [WARN] PackLoader:240 - Cannot read IP mode file for STMicroelectronics.X-CUBE-GNSS1.6.0.0
2026-04-26 11:06:53,523 [WARN] PackLoader:240 - Cannot read IP mode file for STMicroelectronics.X-CUBE-AZRTOS-F4.1.1.0
2026-04-26 11:06:53,530 [WARN] PackLoader:240 - Cannot read IP mode file for Avnet-IotConnect.X-CUBE-IoTC-DA16k-PMOD.1.0.0
2026-04-26 11:06:53,535 [WARN] PackLoader:240 - Cannot read IP mode file for STMicroelectronics.X-CUBE-ISPU.2.1.0
2026-04-26 11:06:53,547 [WARN] PackLoader:240 - Cannot read IP mode file for STMicroelectronics.X-CUBE-IPS.3.2.0
2026-04-26 11:06:53,557 [WARN] PackLoader:240 - Cannot read IP mode file for STMicroelectronics.eDS-WB_DPC_TT-BIDIR.2.1.1
2026-04-26 11:06:53,561 [WARN] PackLoader:240 - Cannot read IP mode file for STMicroelectronics.X-CUBE-FREERTOS.1.2.0
2026-04-26 11:06:53,568 [WARN] PackLoader:240 - Cannot read IP mode file for STMicroelectronics.X-CUBE-NFC12.1.0.0
2026-04-26 11:06:53,587 [WARN] PackLoader:240 - Cannot read IP mode file for STMicroelectronics.X-CUBE-AZRTOS-L5.2.0.0
2026-04-26 11:06:53,599 [WARN] PackLoader:240 - Cannot read IP mode file for STMicroelectronics.X-CUBE-NFC6.3.1.0
2026-04-26 11:06:53,606 [WARN] PackLoader:240 - Cannot read IP mode file for STMicroelectronics.X-CUBE-DPower.1.2.0
2026-04-26 11:06:53,610 [WARN] PackLoader:240 - Cannot read IP mode file for STMicroelectronics.eDS-WB_DPC_VIENNA.1.2.0
2026-04-26 11:06:53,613 [WARN] PackLoader:240 - Cannot read IP mode file for STMicroelectronics.eDS-WB_DPC_3PH2L-BIDIR.1.1.1
2026-04-26 11:06:53,617 [WARN] PackLoader:240 - Cannot read IP mode file for STMicroelectronics.X-CUBE-AI.9.0.0
2026-04-26 11:06:53,622 [ERROR] Engine:466 - /Users/admin/.stm32cubemx/thirdparties/pdsc/STMicroelectronics.X-CUBE-ST67W61.1.3.0.pdsc: PDSC version is not supported
2026-04-26 11:06:53,627 [WARN] PackLoader:240 - Cannot read IP mode file for STMicroelectronics.X-CUBE-FREERTOS.1.3.1
2026-04-26 11:06:53,632 [WARN] PackLoader:240 - Cannot read IP mode file for STMicroelectronics.X-CUBE-FREERTOS.1.3.0
2026-04-26 11:06:53,637 [WARN] PackLoader:240 - Cannot read IP mode file for STMicroelectronics.X-CUBE-NFC7.1.0.1
2026-04-26 11:06:53,642 [WARN] PackLoader:240 - Cannot read IP mode file for wolfSSL.I-CUBE-wolfTPM.3.2.0
2026-04-26 11:06:53,645 [WARN] PackLoader:240 - Cannot read IP mode file for STMicroelectronics.X-CUBE-TOUCHGFX.4.26.0
2026-04-26 11:06:53,648 [WARN] PackLoader:240 - Cannot read IP mode file for STMicroelectronics.X-CUBE-TOUCHGFX.4.26.1
2026-04-26 11:06:53,653 [WARN] PackLoader:240 - Cannot read IP mode file for STMicroelectronics.FP-SNS-STAIOTCFT.1.0.0
2026-04-26 11:06:53,657 [WARN] PackLoader:240 - Cannot read IP mode file for STMicroelectronics.X-CUBE-DPower.1.3.0
2026-04-26 11:06:53,661 [WARN] PackLoader:240 - Cannot read IP mode file for STMicroelectronics.X-CUBE-AI.8.1.0
2026-04-26 11:06:53,684 [WARN] ConditionMgr:438 - getConditionDescription Invalid condition id : LAN8742 Phy interface Condition cause : null
2026-04-26 11:06:53,685 [WARN] PackLoader:240 - Cannot read IP mode file for STMicroelectronics.X-CUBE-AZRTOS-L4.2.0.0
2026-04-26 11:06:53,686 [WARN] ConditionMgr:1044 - genDependencies : Invalid condition id : LAN8742 Phy interface Condition cause : null
2026-04-26 11:06:53,686 [WARN] ConditionMgr:1044 - genDependencies : Invalid condition id : LAN8742 Phy interface Condition cause : null
2026-04-26 11:06:53,687 [WARN] ConditionMgr:1044 - genDependencies : Invalid condition id : LAN8742 Phy interface Condition cause : null
2026-04-26 11:06:53,694 [WARN] PackLoader:240 - Cannot read IP mode file for STMicroelectronics.X-CUBE-SFXS2LP1.4.0.0
2026-04-26 11:06:53,699 [WARN] PackLoader:240 - Cannot read IP mode file for STMicroelectronics.X-CUBE-WB05N.2.1.0
2026-04-26 11:06:53,705 [WARN] PackLoader:240 - Cannot read IP mode file for STMicroelectronics.X-CUBE-ST67W61.1.2.0
2026-04-26 11:06:53,739 [WARN] PackLoader:240 - Cannot read IP mode file for STMicroelectronics.X-CUBE-AZRTOS-H7.3.3.0
2026-04-26 11:06:53,752 [WARN] PackLoader:240 - Cannot read IP mode file for STMicroelectronics.X-CUBE-BLEMGR.4.1.0
2026-04-26 11:06:53,766 [WARN] PackLoader:240 - Cannot read IP mode file for STMicroelectronics.X-CUBE-IPS.3.0.0
2026-04-26 11:06:53,782 [WARN] ConditionMgr:438 - getConditionDescription Invalid condition id : UX DEVICE CLASS RTOS Condition cause : null
2026-04-26 11:06:53,783 [WARN] ConditionMgr:438 - getConditionDescription Invalid condition id : UX DEVICE CLASS RTOS Condition cause : null
2026-04-26 11:06:53,785 [WARN] PackLoader:240 - Cannot read IP mode file for STMicroelectronics.X-CUBE-AZRTOS-WB.2.0.0
2026-04-26 11:06:53,786 [WARN] ConditionMgr:1044 - genDependencies : Invalid condition id : UX DEVICE CLASS RTOS Condition cause : null
2026-04-26 11:06:53,786 [WARN] ConditionMgr:1044 - genDependencies : Invalid condition id : UX DEVICE CLASS RTOS Condition cause : null
2026-04-26 11:06:53,787 [WARN] ConditionMgr:1044 - genDependencies : Invalid condition id : UX DEVICE CLASS RTOS Condition cause : null
2026-04-26 11:06:53,787 [WARN] ConditionMgr:1044 - genDependencies : Invalid condition id : UX DEVICE CLASS RTOS Condition cause : null
2026-04-26 11:06:53,787 [WARN] ConditionMgr:1044 - genDependencies : Invalid condition id : UX DEVICE CLASS RTOS Condition cause : null
2026-04-26 11:06:53,795 [WARN] PackLoader:240 - Cannot read IP mode file for STMicroelectronics.X-CUBE-GNSS1.7.0.0
2026-04-26 11:06:53,802 [WARN] PackLoader:240 - Cannot read IP mode file for STMicroelectronics.X-CUBE-GNSS1.7.0.1
2026-04-26 11:06:53,806 [WARN] PackLoader:240 - Cannot read IP mode file for STMicroelectronics.X-CUBE-TOUCHGFX.4.25.0
2026-04-26 11:06:53,811 [WARN] PackLoader:240 - Cannot read IP mode file for STMicroelectronics.FP-SNS-STBOX1.2.0.0
2026-04-26 11:06:53,821 [WARN] PackLoader:240 - Cannot read IP mode file for STMicroelectronics.X-CUBE-STSE01.2.0.0
2026-04-26 11:06:53,833 [WARN] PackLoader:240 - Cannot read IP mode file for STMicroelectronics.X-CUBE-SUBG2.5.0.0
2026-04-26 11:06:53,855 [WARN] PackLoader:240 - Cannot read IP mode file for STMicroelectronics.X-CUBE-AZRTOS-H7RS.1.1.0
2026-04-26 11:06:53,861 [WARN] PackLoader:240 - Cannot read IP mode file for Cesanta.I-CUBE-Mongoose.7.13.0
2026-04-26 11:06:53,874 [WARN] PackLoader:240 - Cannot read IP mode file for STMicroelectronics.X-CUBE-AZRTOS-G4.2.0.0
2026-04-26 11:06:53,883 [WARN] PackLoader:240 - Cannot read IP mode file for STMicroelectronics.X-CUBE-NFC7.2.0.0
2026-04-26 11:06:53,887 [WARN] PackLoader:240 - Cannot read IP mode file for STMicroelectronics.FP-SNS-MOTENVWB1.1.3.1
2026-04-26 11:06:53,891 [WARN] PackLoader:240 - Cannot read IP mode file for STMicroelectronics.X-CUBE-ISPU.2.0.0
2026-04-26 11:06:53,904 [WARN] PackLoader:240 - Cannot read IP mode file for STMicroelectronics.X-CUBE-IPS.3.1.0
2026-04-26 11:06:53,912 [WARN] PackLoader:240 - Cannot read IP mode file for STMicroelectronics.X-CUBE-ALS.1.0.2
2026-04-26 11:06:53,948 [WARN] PackLoader:240 - Cannot read IP mode file for STMicroelectronics.X-CUBE-MEMS1.10.0.0
2026-04-26 11:06:54,061 [WARN] PackLoader:240 - Cannot read IP mode file for STMicroelectronics.X-CUBE-FREERTOS.1.1.0
2026-04-26 11:06:54,065 [WARN] PackLoader:240 - Cannot read IP mode file for STMicroelectronics.X-CUBE-TOUCHGFX.4.24.0
2026-04-26 11:06:54,069 [WARN] PackLoader:240 - Cannot read IP mode file for STMicroelectronics.X-CUBE-TOUCHGFX.4.24.2
2026-04-26 11:06:54,072 [WARN] PackLoader:240 - Cannot read IP mode file for STMicroelectronics.X-CUBE-TOUCHGFX.4.24.1
2026-04-26 11:06:54,078 [WARN] PackLoader:240 - Cannot read IP mode file for STMicroelectronics.X-CUBE-STSE01.1.0.0
2026-04-26 11:06:54,086 [WARN] PackLoader:240 - Cannot read IP mode file for portGmbH.I-Cube-SoM-uGOAL.1.1.0
2026-04-26 11:06:54,093 [WARN] PackLoader:240 - Cannot read IP mode file for STMicroelectronics.X-CUBE-ALS.1.0.1
2026-04-26 11:06:54,121 [WARN] PackLoader:240 - Cannot read IP mode file for STMicroelectronics.X-CUBE-AZRTOS-H7RS.1.0.0
2026-04-26 11:06:54,126 [WARN] PackLoader:240 - Cannot read IP mode file for STMicroelectronics.FP-ATR-ASTRA1.2.0.0
2026-04-26 11:06:54,138 [WARN] PackLoader:240 - Cannot read IP mode file for STMicroelectronics.X-CUBE-TOF1.3.4.2
2026-04-26 11:06:54,158 [WARN] PackLoader:240 - Cannot read IP mode file for STMicroelectronics.X-CUBE-TOF1.3.4.3
2026-04-26 11:06:54,177 [WARN] PackLoader:240 - Cannot read IP mode file for STMicroelectronics.X-CUBE-TOF1.3.4.1
2026-04-26 11:06:54,206 [WARN] PackLoader:240 - Cannot read IP mode file for STMicroelectronics.X-CUBE-AZRTOS-H7.3.2.0
2026-04-26 11:06:54,224 [WARN] PackLoader:240 - Cannot read IP mode file for Infineon.AIROC-Wi-Fi-Bluetooth-STM32.1.6.0
2026-04-26 11:06:54,314 [WARN] PackLoader:240 - Cannot read IP mode file for wolfSSL.I-CUBE-wolfSSH.1.4.17
2026-04-26 11:06:54,315 [INFO] ThirdParty:978 - Integrity check success = true
2026-04-26 11:06:54,315 [INFO] IntegrityCheckThread:100 - exiting critical section [integrity check]
2026-04-26 11:06:54,315 [INFO] IntegrityCheckThread:103 - End integrity checks thread
2026-04-26 11:07:52,794 [INFO] McuFinderGlobals:63 - Set McuFinder mode to 2 (CubeIDE integrated)
2026-04-26 11:07:52,800 [INFO] MainUpdater:2872 - connection check result : 10
2026-04-26 11:07:52,802 [INFO] MainUpdater:2872 - connection check result : 10
2026-04-26 11:07:53,603 [INFO] MicroXplorer:468 - Change Database Path : 
2026-04-26 11:07:53,603 [INFO] MicroXplorer:498 - Change Database Version : DB.6.0.150
2026-04-26 11:07:53,617 [WARN] ThirdParty:871 - waiting for thirdparty lock release [close project]
2026-04-26 11:07:53,617 [INFO] ThirdParty:873 - entering critical section [close project]
2026-04-26 11:07:53,619 [INFO] ThirdParty:883 - exiting critical section [close project]
2026-04-26 11:07:53,624 [INFO] PinOutPanel:1589 - setPackage(No Configuration,No Configuration)
2026-04-26 11:07:53,627 [INFO] UtilMem:75 - Begin LoadConfig() Used Memory: 746730072 Bytes (1073741824)
2026-04-26 11:07:53,629 [INFO] MicroXplorer:468 - Change Database Path : 
2026-04-26 11:07:53,630 [INFO] MicroXplorer:498 - Change Database Version : DB.6.0.150
2026-04-26 11:07:53,630 [INFO] OpenFileManager:355 - Change cursor
2026-04-26 11:07:53,656 [INFO] Mcu:2029 - Initializing MCU STM32L010K8Tx STM32L010K8Tx STM32L010K8T6
2026-04-26 11:07:54,180 [INFO] Context:786 - Trying to add GPIOservice into a context  which must be forbidden
2026-04-26 11:07:54,362 [INFO] ImportTextPane:234 - (OptionalMessage_ERROR) Pin25 (VP_RIF_VS_RIF1) cannot be retrieved for this MCU
2026-04-26 11:07:54,526 [INFO] RtosManager:558 - Registered RTOS mode: class=CMSIS, group=RTOS, mode=CMSIS_V1, owner=FREERTOS
2026-04-26 11:07:54,526 [INFO] RtosManager:558 - Registered RTOS mode: class=CMSIS, group=RTOS2, mode=CMSIS_V2, owner=FREERTOS
2026-04-26 11:07:54,526 [INFO] RtosManager:558 - Registered RTOS mode: class=RTOS, group=Core, mode=CMSIS_V1, owner=FREERTOS
2026-04-26 11:07:54,526 [INFO] RtosManager:558 - Registered RTOS mode: class=RTOS, group=Core, mode=CMSIS_V2, owner=FREERTOS
2026-04-26 11:07:54,526 [WARN] ModelIntegratedComponent:184 - Missing modes for component STMicroelectronics:FreeRTOS:0.0.1:STMicroelectronics:RTOS:FreeRTOS:Core:::10.2.0:
2026-04-26 11:07:54,531 [WARN] ModelIntegratedComponent:63 - No mode defined for component null
2026-04-26 11:07:54,531 [WARN] ModelIntegratedComponent:63 - No mode defined for component null
2026-04-26 11:07:54,531 [WARN] ModelIntegratedComponent:63 - No mode defined for component null
2026-04-26 11:07:54,531 [WARN] ModelIntegratedComponent:63 - No mode defined for component null
2026-04-26 11:07:54,531 [WARN] ModelIntegratedComponent:63 - No mode defined for component null
2026-04-26 11:07:54,531 [WARN] ModelIntegratedComponent:63 - No mode defined for component null
2026-04-26 11:07:54,531 [WARN] ModelIntegratedComponent:63 - No mode defined for component null
2026-04-26 11:07:54,532 [WARN] ModelIntegratedComponent:63 - No mode defined for component null
2026-04-26 11:07:54,532 [WARN] ModelIntegratedComponent:63 - No mode defined for component null
2026-04-26 11:07:54,532 [WARN] ModelIntegratedComponent:63 - No mode defined for component null
2026-04-26 11:07:54,532 [WARN] ModelIntegratedComponent:63 - No mode defined for component null
2026-04-26 11:07:54,532 [WARN] ModelIntegratedComponent:63 - No mode defined for component null
2026-04-26 11:07:54,532 [WARN] ModelIntegratedComponent:63 - No mode defined for component null
2026-04-26 11:07:54,532 [WARN] ModelIntegratedComponent:63 - No mode defined for component null
2026-04-26 11:07:54,532 [WARN] ModelIntegratedComponent:63 - No mode defined for component null
2026-04-26 11:07:54,532 [WARN] ModelIntegratedComponent:63 - No mode defined for component null
2026-04-26 11:07:54,532 [WARN] ModelIntegratedComponent:63 - No mode defined for component null
2026-04-26 11:07:54,532 [WARN] ModelIntegratedComponent:63 - No mode defined for component null
2026-04-26 11:07:54,532 [WARN] ModelIntegratedComponent:63 - No mode defined for component null
2026-04-26 11:07:54,532 [WARN] ModelIntegratedComponent:63 - No mode defined for component null
2026-04-26 11:07:54,533 [WARN] ModelIntegratedComponent:63 - No mode defined for component null
2026-04-26 11:07:54,533 [WARN] ModelIntegratedComponent:63 - No mode defined for component null
2026-04-26 11:07:54,533 [WARN] ModelIntegratedComponent:63 - No mode defined for component null
2026-04-26 11:07:54,533 [WARN] ModelIntegratedComponent:63 - No mode defined for component null
2026-04-26 11:07:54,533 [WARN] ModelIntegratedComponent:63 - No mode defined for component null
2026-04-26 11:07:54,533 [WARN] ModelIntegratedComponent:63 - No mode defined for component null
2026-04-26 11:07:54,533 [WARN] ModelIntegratedComponent:63 - No mode defined for component null
2026-04-26 11:07:54,533 [WARN] ModelIntegratedComponent:63 - No mode defined for component null
2026-04-26 11:07:54,533 [WARN] ModelIntegratedComponent:63 - No mode defined for component null
2026-04-26 11:07:54,533 [WARN] ModelIntegratedComponent:63 - No mode defined for component null
2026-04-26 11:07:54,533 [WARN] ModelIntegratedComponent:63 - No mode defined for component null
2026-04-26 11:07:54,533 [WARN] ModelIntegratedComponent:63 - No mode defined for component null
2026-04-26 11:07:54,533 [WARN] ModelIntegratedComponent:63 - No mode defined for component null
2026-04-26 11:07:54,533 [WARN] ModelIntegratedComponent:63 - No mode defined for component null
2026-04-26 11:07:54,533 [WARN] ModelIntegratedComponent:63 - No mode defined for component null
2026-04-26 11:07:54,534 [WARN] ModelPack:524 - Component already loaded: STMicroelectronics:HAL Drivers:0.0.0:STMicroelectronics:Device:STMicro_Driver:XSPI:HAL::0.0.1:HAL_XSPI
2026-04-26 11:07:54,955 [INFO] ThirdPartyModel:298 - Start build external matchings
2026-04-26 11:07:58,258 [INFO] ThirdPartyModel:316 - End build external matchings
2026-04-26 11:07:58,351 [INFO] ImportTextPane:234 - (OptionalMessage_ERROR) IP (RCC) : Invalid parameter (FamilyName)
2026-04-26 11:07:58,352 [INFO] ImportTextPane:234 - (OptionalMessage_ERROR) IP (RCC) : Invalid parameter (TIMFreq_Value)
2026-04-26 11:07:58,587 [INFO] ApiDb:581 - Connected to CubeFinder SQLite database (/Users/admin/.stmcufinder/plugins/mcufinder/mcu/cube-finder-db.db)
2026-04-26 11:07:58,675 [INFO] ApiDb:668 - CubeFinder database Data Model version=2.1
2026-04-26 11:07:58,675 [INFO] ApiDb:669 - CubeFinder database Configuration version=3.0.42
2026-04-26 11:07:58,675 [INFO] ApiDb:670 - CubeFinder database generation date=2026-03-11 (1773229989)
2026-04-26 11:07:58,676 [INFO] ApiDb:671 - CubeFinder database FW Pack versions=[FP-ATR-ASTRA1_V2.0.0, FP-SNS-FLIGHT1_V5.1.0, FP-SNS-MOTENV1_V5.1.0, FP-SNS-MOTENVWB1_V1.5.0, FP-SNS-SMARTAG2_V1.2.0, FP-SNS-STBOX1_V2.1.0, STM32Cube_FW_C0_V1.4.0, STM32Cube_FW_F4_V1.28.3, STM32Cube_FW_F7_V1.17.4, STM32Cube_FW_G0_V1.6.3, STM32Cube_FW_G4_V1.6.2, STM32Cube_FW_H5_V1.6.0, STM32Cube_FW_H7RS_V1.3.0, STM32Cube_FW_H7_V1.13.0, STM32Cube_FW_L0_V1.12.2, STM32Cube_FW_L4_V1.18.2, STM32Cube_FW_L5_V1.6.0, STM32Cube_FW_N6_V1.3.0, STM32Cube_FW_U0_V1.3.0, STM32Cube_FW_U3_V1.3.0, STM32Cube_FW_U5_V1.8.0, STM32Cube_FW_WB0_V1.4.0, STM32Cube_FW_WBA_V1.9.0, STM32Cube_FW_WB_V1.24.0, STM32Cube_FW_WL3_V1.4.0, STM32Cube_FW_WL_V1.5.0, X-CUBE-ALGOBUILD_V1.4.0, X-CUBE-ALS_V1.0.2, X-CUBE-AZRTOS-F4_V1.1.0, X-CUBE-AZRTOS-F7_V1.1.0, X-CUBE-AZRTOS-G0_V1.1.0, X-CUBE-AZRTOS-G4_V2.0.0, X-CUBE-AZRTOS-H7RS_V1.1.0, X-CUBE-AZRTOS-H7_V3.4.0, X-CUBE-AZRTOS-L4_V2.0.0, X-CUBE-AZRTOS-L5_V2.0.0, X-CUBE-AZRTOS-WB_V2.0.0, X-CUBE-AZRTOS-WL_V2.0.0, X-CUBE-BLE1_V7.1.0, X-CUBE-BLE2_V3.3.0, X-CUBE-BLEMGR_V4.1.0, X-CUBE-EEPRMA1_V5.2.0, X-CUBE-FREERTOS_V1.5.0, X-CUBE-GNSS1_V6.0.0, X-CUBE-MEMS1_V12.0.0, X-CUBE-NFC4_V3.0.0, X-CUBE-NFC7_V2.0.0, X-CUBE-SFXS2LP1_V4.0.0, X-CUBE-ST67W61_V1.2.0, X-CUBE-SUBG2_V5.0.0, X-CUBE-TOF1_V3.4.3]
2026-04-26 11:07:58,925 [INFO] DbBoardsSqlite:226 - include board P-NUCLEO-WB55-NUCLEO as a kit item of type 'Nucleo-64'
2026-04-26 11:07:58,925 [INFO] DbBoardsSqlite:226 - include board P-NUCLEO-WB55-USBDONGLE as a kit item of type 'Nucleo USB Dongle'
2026-04-26 11:07:58,926 [INFO] DbBoardsSqlite:226 - include board STEVAL-IDP005V1 as a kit item of type 'Evaluation Board'
2026-04-26 11:07:58,927 [INFO] DbBoardsSqlite:226 - include board STEVAL-IDP005V2 as a kit item of type 'Evaluation Board'
2026-04-26 11:07:59,762 [INFO] ApiDb:240 - Found 880 in-development CPN: [B-G473E-ZEST1S, B-WB1M-WPAN1, B-WBA5M-WPAN, B-WL5M-SUBG1, NUCLEO-C031C6, NUCLEO-C051C8, NUCLEO-C071RB, NUCLEO-C092RC, NUCLEO-H503RB, NUCLEO-H533RE, NUCLEO-H563ZI, NUCLEO-H7S3L8, NUCLEO-N657X0-Q, NUCLEO-U031R8, NUCLEO-U083RC, NUCLEO-U385RG-Q, NUCLEO-U545RE-Q, NUCLEO-U5A5ZJ-Q, NUCLEO-WB05KZ, NUCLEO-WB07CC, NUCLEO-WB09KE, NUCLEO-WBA52CG, NUCLEO-WBA55CG, NUCLEO-WL33CC1, NUCLEO-WL33CC2, STEVAL-PROTEUS1, STEVAL-SMARTAG2, STEVAL-STWINBX1, STM320518-EVAL, STM32C0116-DK, STM32C011D6Y3TR, STM32C011D6Y6TR, STM32C011F4P3, STM32C011F4P6, STM32C011F4U3, STM32C011F4U6TR, STM32C011F6P3, STM32C011F6P6, STM32C011F6U3, STM32C011F6U6TR, STM32C011J4M3, STM32C011J4M6, STM32C011J6M3, STM32C011J6M6, STM32C0316-DK, STM32C031C4T3, STM32C031C4T6, STM32C031C4U3, STM32C031C4U6, STM32C031C6T3, STM32C031C6T6, STM32C031C6U3, STM32C031C6U6, STM32C031F4P3, STM32C031F4P6, STM32C031F6P3, STM32C031F6P6, STM32C031G4U3, STM32C031G4U6, STM32C031G6U3, STM32C031G6U6, STM32C031K4T3, STM32C031K4T6, STM32C031K4U3, STM32C031K4U6, STM32C031K6T3, STM32C031K6T6, STM32C031K6U3, STM32C031K6U6, STM32C051C6T6, STM32C051C6U6, STM32C051C8T6, STM32C051C8U6, STM32C051D8Y6TR, STM32C051F6P6, STM32C051F8P6, STM32C051G6U6, STM32C051G8U6, STM32C051K6T6, STM32C051K6U6, STM32C051K8T6, STM32C071C8T6, STM32C071C8T6N, STM32C071C8U6, STM32C071C8U6N, STM32C071CBT6, STM32C071CBT6N, STM32C071CBU6, STM32C071CBU6N, STM32C071F8P6, STM32C071F8P6N, STM32C071FBP6, STM32C071FBP6N, STM32C071FBY6TR, STM32C071G8U6, STM32C071G8U6N, STM32C071GBU6, STM32C071GBU6N, STM32C071K8T6, STM32C071K8T6N, STM32C071K8U6, STM32C071K8U6N, STM32C071KBT6, STM32C071KBT6N, STM32C071KBU6, STM32C071KBU6N, STM32C071R8T6, STM32C071R8T6N, STM32C071RBI6N, STM32C071RBT6, STM32C071RBT6N, STM32C091CBT6, STM32C091CBU6, STM32C091CCT6, STM32C091CCU6, STM32C091ECY6TR, STM32C091FBP6, STM32C091FCP6, STM32C091GBU6, STM32C091GCU6, STM32C091KBT6, STM32C091KBU6, STM32C091KCT6, STM32C091KCU6, STM32C091RBT6, STM32C091RCI6, STM32C091RCT6, STM32C092CBT6, STM32C092CBU6, STM32C092CCT6, STM32C092CCU6, STM32C092ECY6TR, STM32C092FBP6, STM32C092FCP6, STM32C092GBU6, STM32C092GCU6, STM32C092KBT6, STM32C092KBU6, STM32C092KCT6, STM32C092KCU6, STM32C092RBT6, STM32C092RCI6, STM32C092RCT6, STM32G071K8TXN, STM32G071K8UXN, STM32G081GBU6N, STM32G081KBT6N, STM32G081KBUXN, STM32G0B1CCT6N, STM32G0B1KCT6, STM32G0B1NEY6TR, STM32G0B1RCT6N, STM32G0C1CCT6, STM32G0C1CCT6N, STM32G0C1CCU6N, STM32G0C1CET6N, STM32G0C1CEU6N, STM32G0C1KCT6, STM32G0C1NEY6TR, STM32G0C1RCI6N, STM32G0C1RCT6N, STM32G0C1REI6N, STM32G0C1RET6N, STM32G0C1VCI6, STM32G0C1VEI6, STM32G411C6T3, STM32G411C6T6, STM32G411C6U3, STM32G411C6U6, STM32G411C8T3, STM32G411C8T6, STM32G411C8U3, STM32G411C8U6, STM32G411CBT3, STM32G411CBT6, STM32G411CBU3, STM32G411CBU6, STM32G411K6T3, STM32G411K6T6, STM32G411K6U3, STM32G411K6U6, STM32G411K8T3, STM32G411K8T6, STM32G411K8U3, STM32G411K8U6, STM32G411KBT3, STM32G411KBT6, STM32G411KBU3, STM32G411KBU6, STM32G411M6T3, STM32G411M6T6, STM32G411M8T3, STM32G411M8T6, STM32G411MBT3, STM32G411MBT6, STM32G411R6T3, STM32G411R6T6, STM32G411R8T3, STM32G411R8T6, STM32G411RBT3, STM32G411RBT6, STM32G414CBT3, STM32G414CBT6, STM32G414CBU3, STM32G414CBU6, STM32G414CCT3, STM32G414CCT6, STM32G414CCU3, STM32G414CCU6, STM32G414MBT3, STM32G414MBT6, STM32G414MCT3, STM32G414MCT6, STM32G414RBT3, STM32G414RBT6, STM32G414RCT3, STM32G414RCT6, STM32G414VBT3, STM32G414VBT6, STM32G414VCT3, STM32G414VCT6, STM32G431CBT3Z, STM32G431RBT3Z, STM32G471CCT6, STM32G471CCU6, STM32G471CET3, STM32G471CET6, STM32G471CEU3, STM32G471CEU6, STM32G471MCT6, STM32G471MET3, STM32G471MET6, STM32G471MEY6TR, STM32G471QCT6, STM32G471QET3, STM32G471RCT6, STM32G471RET3, STM32G471RET6, STM32G471VCH6, STM32G471VCI6, STM32G471VCT6, STM32G471VEH3, STM32G471VEH6, STM32G471VEI3, STM32G471VEI6, STM32G471VET3, STM32G471VET6, STM32G473QET3Z, STM32G473RET3Z, STM32G474CCT6, STM32G491RET3Z, STM32H503CBT6, STM32H503CBU6, STM32H503EBY6TR, STM32H503KBU6, STM32H503RBT6, STM32H523CCT6, STM32H523CCU6, STM32H523CET6, STM32H523CEU6, STM32H523HEY6TR, STM32H523RCT6, STM32H523RET6, STM32H523VCI6, STM32H523VCT6, STM32H523VEI6, STM32H523VET6, STM32H523ZCJ6, STM32H523ZCT6, STM32H523ZEJ6, STM32H523ZET6, STM32H533CET6, STM32H533CEU6, STM32H533HEY6TR, STM32H533RET6, STM32H533VEI6, STM32H533VET6, STM32H533ZEJ6, STM32H533ZET6, STM32H562AGI6, STM32H562AII6, STM32H562IGK6, STM32H562IGT6, STM32H562IIK6, STM32H562IIT6, STM32H562RGT6, STM32H562RGV6, STM32H562RIT6, STM32H562RIV6, STM32H562VGT6, STM32H562VIT6, STM32H562ZGT6, STM32H562ZIT6, STM32H563AGI6, STM32H563AII3Q, STM32H563AII6, STM32H563IGK6, STM32H563IGT6, STM32H563IIK3Q, STM32H563IIK6, STM32H563IIT3Q, STM32H563IIT6, STM32H563MIY3QTR, STM32H563RGT6, STM32H563RGV6, STM32H563RIT6, STM32H563RIV6, STM32H563VGT6, STM32H563VIT3Q, STM32H563VIT6, STM32H563ZGT6, STM32H563ZIT3Q, STM32H563ZIT6, STM32H573AII3Q, STM32H573AII6, STM32H573I-DK, STM32H573IIK3Q, STM32H573IIK6, STM32H573IIT3Q, STM32H573IIT6, STM32H573MIY3QTR, STM32H573RIT6, STM32H573RIV6, STM32H573VIT3Q, STM32H573VIT6, STM32H573ZIT3Q, STM32H573ZIT6, STM32H7R3A8I6, STM32H7R3I8K6, STM32H7R3I8T6, STM32H7R3L8H6, STM32H7R3L8H6H, STM32H7R3R8V6, STM32H7R3V8H6, STM32H7R3V8T6, STM32H7R3V8Y6TR, STM32H7R3Z8J6, STM32H7R3Z8T6, STM32H7R7A8I6, STM32H7R7I8K6, STM32H7R7I8T6, STM32H7R7L8H6, STM32H7R7L8H6H, STM32H7R7Z8J6, STM32H7S3A8I6, STM32H7S3I8K6, STM32H7S3I8T6, STM32H7S3L8H6, STM32H7S3L8H6H, STM32H7S3R8V6, STM32H7S3V8H6, STM32H7S3V8T6, STM32H7S3V8Y6TR, STM32H7S3Z8J6, STM32H7S3Z8T6, STM32H7S78-DK, STM32H7S7A8I6, STM32H7S7I8K6, STM32H7S7I8T6, STM32H7S7L8H6, STM32H7S7L8H6H, STM32H7S7Z8J6, STM32L4R5QGI6STR, STM32MP131AAE3, STM32MP131AAF3, STM32MP131AAG3, STM32MP131CAE3, STM32MP131CAF3, STM32MP131CAG3, STM32MP131DAE7, STM32MP131DAF7, STM32MP131DAG7, STM32MP131FAE7, STM32MP131FAF7, STM32MP131FAG7, STM32MP133AAE3, STM32MP133AAF3, STM32MP133AAG3, STM32MP133CAE3, STM32MP133CAF3, STM32MP133CAG3, STM32MP133DAE7, STM32MP133DAF7, STM32MP133DAG7, STM32MP133FAE7, STM32MP133FAF7, STM32MP133FAG7, STM32MP135AAE3, STM32MP135AAF3, STM32MP135AAG3, STM32MP135CAE3, STM32MP135CAF3, STM32MP135CAG3, STM32MP135DAE7, STM32MP135DAF7, STM32MP135DAG7, STM32MP135F-DK, STM32MP135FAE7, STM32MP135FAF7, STM32MP135FAF7T, STM32MP135FAF7U, STM32MP135FAG7, STM32MP211AAL3, STM32MP211AAM3, STM32MP211AAN3, STM32MP211AAO3, STM32MP211CAL3, STM32MP211CAM3, STM32MP211CAN3, STM32MP211CAO3, STM32MP211DAL3, STM32MP211DAM3, STM32MP211DAN3, STM32MP211DAO3, STM32MP211FAL3, STM32MP211FAM3, STM32MP211FAN3, STM32MP211FAO3, STM32MP213AAL3, STM32MP213AAM3, STM32MP213AAN3, STM32MP213AAO3, STM32MP213CAL3, STM32MP213CAM3, STM32MP213CAN3, STM32MP213CAO3, STM32MP213DAL3, STM32MP213DAM3, STM32MP213DAN3, STM32MP213DAO3, STM32MP213FAL3, STM32MP213FAM3, STM32MP213FAN3, STM32MP213FAO3, STM32MP215AAL3, STM32MP215AAM3, STM32MP215AAN3, STM32MP215AAO3, STM32MP215CAL3, STM32MP215CAM3, STM32MP215CAN3, STM32MP215CAO3, STM32MP215DAL3, STM32MP215DAM3, STM32MP215DAN3, STM32MP215DAO3, STM32MP215F-DK, STM32MP215FAL3, STM32MP215FAM3, STM32MP215FAN3, STM32MP215FAO3, STM32MP231AAJ3, STM32MP231AAK3, STM32MP231AAL3, STM32MP231CAJ3, STM32MP231CAK3, STM32MP231CAL3, STM32MP231DAJ3, STM32MP231DAK3, STM32MP231DAL3, STM32MP231FAJ3, STM32MP231FAK3, STM32MP231FAL3, STM32MP233AAJ3, STM32MP233AAK3, STM32MP233AAL3, STM32MP233CAJ3, STM32MP233CAK3, STM32MP233CAL3, STM32MP233DAJ3, STM32MP233DAK3, STM32MP233DAL3, STM32MP233FAJ3, STM32MP233FAK3, STM32MP233FAL3, STM32MP235AAJ3, STM32MP235AAK3, STM32MP235AAL3, STM32MP235CAJ3, STM32MP235CAK3, STM32MP235CAL3, STM32MP235DAJ3, STM32MP235DAK3, STM32MP235DAL3, STM32MP235FAJ3, STM32MP235FAK3, STM32MP235FAL3, STM32MP251AAI3, STM32MP251AAK3, STM32MP251AAL3, STM32MP251CAI3, STM32MP251CAK3, STM32MP251CAL3, STM32MP251DAI3, STM32MP251DAK3, STM32MP251DAL3, STM32MP251FAI3, STM32MP251FAK3, STM32MP251FAL3, STM32MP253AAI3, STM32MP253AAK3, STM32MP253AAL3, STM32MP253CAI3, STM32MP253CAK3, STM32MP253CAL3, STM32MP253DAI3, STM32MP253DAK3, STM32MP253DAL3, STM32MP253FAI3, STM32MP253FAK3, STM32MP253FAL3, STM32MP255AAI3, STM32MP255AAK3, STM32MP255AAL3, STM32MP255CAI3, STM32MP255CAK3, STM32MP255CAL3, STM32MP255DAI3, STM32MP255DAK3, STM32MP255DAL3, STM32MP255FAI3, STM32MP255FAK3, STM32MP255FAL3, STM32MP257AAI3, STM32MP257AAK3, STM32MP257AAL3, STM32MP257CAI3, STM32MP257CAK3, STM32MP257CAL3, STM32MP257DAI3, STM32MP257DAK3, STM32MP257DAL3, STM32MP257F-DK, STM32MP257F-EV1, STM32MP257FAI3, STM32MP257FAK3, STM32MP257FAL3, STM32N645A0H3Q, STM32N645B0H3Q, STM32N645I0H3Q, STM32N645L0H3Q, STM32N645X0H3Q, STM32N645Z0H3Q, STM32N647A0H3Q, STM32N647B0H3Q, STM32N647I0H3Q, STM32N647L0H3Q, STM32N647X0H3Q, STM32N647Z0H3Q, STM32N655A0H3Q, STM32N655B0H3Q, STM32N655I0H3Q, STM32N655L0H3Q, STM32N655X0H3Q, STM32N655Z0H3Q, STM32N6570-DK, STM32N657A0H3Q, STM32N657B0H3Q, STM32N657I0H3Q, STM32N657L0H3Q, STM32N657X0H3Q, STM32N657Z0H3Q, STM32U031C6T6, STM32U031C6U6, STM32U031C8T6, STM32U031C8U6, STM32U031F4P6, STM32U031F6P6, STM32U031F8P6, STM32U031G6Y6TR, STM32U031G8Y6TR, STM32U031K4U6, STM32U031K6U6, STM32U031K8U6, STM32U031R6I6, STM32U031R6T6, STM32U031R8I6, STM32U031R8T6, STM32U073C8T6, STM32U073C8U6, STM32U073CBT6, STM32U073CBU6, STM32U073CCT6, STM32U073CCU6, STM32U073H8Y6TR, STM32U073HBY6TR, STM32U073HCY6TR, STM32U073K8U6, STM32U073KBU6, STM32U073KCU6, STM32U073M8I6, STM32U073M8T6, STM32U073MBI6, STM32U073MBT6, STM32U073MCI6, STM32U073MCT6, STM32U073R8I6, STM32U073R8T6, STM32U073RBI6, STM32U073RBT6, STM32U073RCI6, STM32U073RCT6, STM32U083C-DK, STM32U083CCT6, STM32U083CCU6, STM32U083HCY6TR, STM32U083KCU6, STM32U083MCI6, STM32U083MCT6, STM32U083RCI6, STM32U083RCT6, STM32U375CET6, STM32U375CET6Q, STM32U375CEU6, STM32U375CEU6Q, STM32U375CEY6QTR, STM32U375CGT6, STM32U375CGT6Q, STM32U375CGU6, STM32U375CGU6Q, STM32U375CGY6QTR, STM32U375KEU6, STM32U375KGU6, STM32U375REI6, STM32U375REI6Q, STM32U375RET6, STM32U375RET6Q, STM32U375REY6GTR, STM32U375REY6QTR, STM32U375RGI6, STM32U375RGI6Q, STM32U375RGT6, STM32U375RGT6Q, STM32U375RGY6GTR, STM32U375RGY6QTR, STM32U375VEI6, STM32U375VEI6Q, STM32U375VET6, STM32U375VET6Q, STM32U375VGI6, STM32U375VGI6Q, STM32U375VGT6, STM32U375VGT6Q, STM32U385CGT6, STM32U385CGT6Q, STM32U385CGU6, STM32U385CGU6Q, STM32U385CGY6QTR, STM32U385KGU6, STM32U385RGI6, STM32U385RGI6Q, STM32U385RGT6, STM32U385RGT6Q, STM32U385RGY6GTR, STM32U385RGY6QTR, STM32U385VGI6, STM32U385VGI6Q, STM32U385VGT6, STM32U385VGT6Q, STM32U535CBT6, STM32U535CBT6Q, STM32U535CBU6, STM32U535CBU6Q, STM32U535CCT6, STM32U535CCT6Q, STM32U535CCU6, STM32U535CCU6Q, STM32U535CET6, STM32U535CET6Q, STM32U535CEU6, STM32U535CEU6Q, STM32U535JEY6QTR, STM32U535NCY6QTR, STM32U535NEY6QTR, STM32U535RBI6, STM32U535RBI6Q, STM32U535RBT6, STM32U535RBT6Q, STM32U535RCI6, STM32U535RCI6Q, STM32U535RCT6, STM32U535RCT6Q, STM32U535REI6, STM32U535REI6Q, STM32U535RET6, STM32U535RET6Q, STM32U535VCI6, STM32U535VCI6Q, STM32U535VCT6, STM32U535VCT6Q, STM32U535VEI6, STM32U535VEI6Q, STM32U535VET6, STM32U535VET6Q, STM32U545CET6, STM32U545CET6Q, STM32U545CEU6, STM32U545CEU6Q, STM32U545JEY6QTR, STM32U545NEY6QTR, STM32U545REI6, STM32U545REI6Q, STM32U545RET6, STM32U545RET6Q, STM32U545VEI6, STM32U545VEI6Q, STM32U545VET6, STM32U545VET6Q, STM32U595AIH6, STM32U595AIH6Q, STM32U595AJH6, STM32U595AJH6Q, STM32U595QII6, STM32U595QII6Q, STM32U595QJI6, STM32U595QJI6Q, STM32U595RIT6, STM32U595RIT6Q, STM32U595RJT6, STM32U595RJT6Q, STM32U595VIT6, STM32U595VIT6Q, STM32U595VJT6, STM32U595VJT6Q, STM32U595ZIT6, STM32U595ZIT6Q, STM32U595ZIY6QTR, STM32U595ZJT6, STM32U595ZJT6Q, STM32U595ZJY6QTR, STM32U599BJY6QTR, STM32U599NIH6Q, STM32U599NJH6Q, STM32U599VIT6Q, STM32U599VJT6, STM32U599VJT6Q, STM32U599ZIT6Q, STM32U599ZIY6QTR, STM32U599ZJT6Q, STM32U599ZJY6QTR, STM32U5A5AJH6, STM32U5A5AJH6Q, STM32U5A5QII3Q , STM32U5A5QJI6, STM32U5A5QJI6Q, STM32U5A5RJT6, STM32U5A5RJT6Q, STM32U5A5VJT6, STM32U5A5VJT6Q, STM32U5A5ZJT6, STM32U5A5ZJT6Q, STM32U5A5ZJY6QTR, STM32U5A9BJY6QTR, STM32U5A9J-DK, STM32U5A9NJH6Q, STM32U5A9VJT6Q, STM32U5A9ZJT6Q, STM32U5A9ZJY6QTR, STM32U5F7VIT6, STM32U5F7VIT6Q, STM32U5F7VJT6, STM32U5F7VJT6Q, STM32U5F9BJY6QTR, STM32U5F9NJH6Q, STM32U5F9VIT6Q, STM32U5F9VJT6Q, STM32U5F9ZIJ6QTR, STM32U5F9ZIT6Q, STM32U5F9ZJJ6QTR, STM32U5F9ZJT6Q, STM32U5G7VJT6, STM32U5G7VJT6Q, STM32U5G9BJY6QTR, STM32U5G9J-DK1, STM32U5G9J-DK2, STM32U5G9NJH6Q, STM32U5G9VJT6Q, STM32U5G9ZJJ6QTR, STM32U5G9ZJT6Q, STM32WB05KZV6TR, STM32WB05KZV7TR, STM32WB05TZF6TR, STM32WB05TZF7TR, STM32WB06CCF6TR, STM32WB06CCF7TR, STM32WB06CCV6TR, STM32WB06CCV7TR, STM32WB06KCV6TR, STM32WB06KCV7TR, STM32WB07CCF6TR, STM32WB07CCF7TR, STM32WB07CCV6TR, STM32WB07CCV7TR, STM32WB07KCV6TR, STM32WB07KCV7TR, STM32WB09KEV6TR, STM32WB09KEV7TR, STM32WB09TEF6TR, STM32WB09TEF7TR, STM32WB1MMCH6, STM32WBA50KGU6, STM32WBA50KGU6TR, STM32WBA52CEU6, STM32WBA52CEU6TR, STM32WBA52CEU7, STM32WBA52CEU7TR, STM32WBA52CGU6, STM32WBA52CGU6TR, STM32WBA52CGU6U, STM32WBA52CGU7, STM32WBA52CGU7TR, STM32WBA52KEU6, STM32WBA52KEU6TR, STM32WBA52KGU6, STM32WBA52KGU6TR, STM32WBA54CEU6, STM32WBA54CEU6TR, STM32WBA54CEU7, STM32WBA54CEU7TR, STM32WBA54CGU6, STM32WBA54CGU6TR, STM32WBA54CGU7, STM32WBA54CGU7TR, STM32WBA54KEU6, STM32WBA54KEU6TR, STM32WBA54KEU7, STM32WBA54KEU7TR, STM32WBA54KGU6, STM32WBA54KGU6TR, STM32WBA54KGU7, STM32WBA54KGU7TR, STM32WBA55CEU6, STM32WBA55CEU6TR, STM32WBA55CEU7, STM32WBA55CEU7TR, STM32WBA55CGU6, STM32WBA55CGU6TR, STM32WBA55CGU6U, STM32WBA55CGU7, STM32WBA55CGU7TR, STM32WBA55G-DK1, STM32WBA55HEF6, STM32WBA55HEF7, STM32WBA55HGF6, STM32WBA55HGF7, STM32WBA55UEI6, STM32WBA55UEI6TR, STM32WBA55UEI7, STM32WBA55UEI7TR, STM32WBA55UGI6, STM32WBA55UGI6TR, STM32WBA55UGI7, STM32WBA55UGI7TR, STM32WBA5MMGH6TR, STM32WBA62MGF6, STM32WBA62MIF6, STM32WBA65MGF7, STM32WBA65MIF6, STM32WBA65MIF7, STM32WL30K8V6, STM32WL30KBV6, STM32WL31C8V6, STM32WL31CBV6, STM32WL31K8V6, STM32WL31KBV6, STM32WL33C8V6, STM32WL33C8V6X, STM32WL33CBV6, STM32WL33CBV6X, STM32WL33CCV6, STM32WL33CCV6A, STM32WL33CCV6X, STM32WL33K8V7, STM32WL33K8V7X, STM32WL33KBV7 , STM32WL33KBV7X, STM32WL33KCV7, STM32WL33KCV7X, STM32WL5MOCH6, STM32WL5MOCH6TR]
2026-04-26 11:07:59,767 [INFO] ApiDb:668 - CubeFinder database Data Model version=2.1
2026-04-26 11:07:59,767 [INFO] ApiDb:669 - CubeFinder database Configuration version=3.0.42
2026-04-26 11:07:59,767 [INFO] ApiDb:670 - CubeFinder database generation date=2026-03-11 (1773229989)
2026-04-26 11:07:59,767 [INFO] ApiDb:671 - CubeFinder database FW Pack versions=[FP-ATR-ASTRA1_V2.0.0, FP-SNS-FLIGHT1_V5.1.0, FP-SNS-MOTENV1_V5.1.0, FP-SNS-MOTENVWB1_V1.5.0, FP-SNS-SMARTAG2_V1.2.0, FP-SNS-STBOX1_V2.1.0, STM32Cube_FW_C0_V1.4.0, STM32Cube_FW_F4_V1.28.3, STM32Cube_FW_F7_V1.17.4, STM32Cube_FW_G0_V1.6.3, STM32Cube_FW_G4_V1.6.2, STM32Cube_FW_H5_V1.6.0, STM32Cube_FW_H7RS_V1.3.0, STM32Cube_FW_H7_V1.13.0, STM32Cube_FW_L0_V1.12.2, STM32Cube_FW_L4_V1.18.2, STM32Cube_FW_L5_V1.6.0, STM32Cube_FW_N6_V1.3.0, STM32Cube_FW_U0_V1.3.0, STM32Cube_FW_U3_V1.3.0, STM32Cube_FW_U5_V1.8.0, STM32Cube_FW_WB0_V1.4.0, STM32Cube_FW_WBA_V1.9.0, STM32Cube_FW_WB_V1.24.0, STM32Cube_FW_WL3_V1.4.0, STM32Cube_FW_WL_V1.5.0, X-CUBE-ALGOBUILD_V1.4.0, X-CUBE-ALS_V1.0.2, X-CUBE-AZRTOS-F4_V1.1.0, X-CUBE-AZRTOS-F7_V1.1.0, X-CUBE-AZRTOS-G0_V1.1.0, X-CUBE-AZRTOS-G4_V2.0.0, X-CUBE-AZRTOS-H7RS_V1.1.0, X-CUBE-AZRTOS-H7_V3.4.0, X-CUBE-AZRTOS-L4_V2.0.0, X-CUBE-AZRTOS-L5_V2.0.0, X-CUBE-AZRTOS-WB_V2.0.0, X-CUBE-AZRTOS-WL_V2.0.0, X-CUBE-BLE1_V7.1.0, X-CUBE-BLE2_V3.3.0, X-CUBE-BLEMGR_V4.1.0, X-CUBE-EEPRMA1_V5.2.0, X-CUBE-FREERTOS_V1.5.0, X-CUBE-GNSS1_V6.0.0, X-CUBE-MEMS1_V12.0.0, X-CUBE-NFC4_V3.0.0, X-CUBE-NFC7_V2.0.0, X-CUBE-SFXS2LP1_V4.0.0, X-CUBE-ST67W61_V1.2.0, X-CUBE-SUBG2_V5.0.0, X-CUBE-TOF1_V3.4.3]
2026-04-26 11:08:02,220 [INFO] ApiDb:240 - Found 880 in-development CPN: [B-G473E-ZEST1S, B-WB1M-WPAN1, B-WBA5M-WPAN, B-WL5M-SUBG1, NUCLEO-C031C6, NUCLEO-C051C8, NUCLEO-C071RB, NUCLEO-C092RC, NUCLEO-H503RB, NUCLEO-H533RE, NUCLEO-H563ZI, NUCLEO-H7S3L8, NUCLEO-N657X0-Q, NUCLEO-U031R8, NUCLEO-U083RC, NUCLEO-U385RG-Q, NUCLEO-U545RE-Q, NUCLEO-U5A5ZJ-Q, NUCLEO-WB05KZ, NUCLEO-WB07CC, NUCLEO-WB09KE, NUCLEO-WBA52CG, NUCLEO-WBA55CG, NUCLEO-WL33CC1, NUCLEO-WL33CC2, STEVAL-PROTEUS1, STEVAL-SMARTAG2, STEVAL-STWINBX1, STM320518-EVAL, STM32C0116-DK, STM32C011D6Y3TR, STM32C011D6Y6TR, STM32C011F4P3, STM32C011F4P6, STM32C011F4U3, STM32C011F4U6TR, STM32C011F6P3, STM32C011F6P6, STM32C011F6U3, STM32C011F6U6TR, STM32C011J4M3, STM32C011J4M6, STM32C011J6M3, STM32C011J6M6, STM32C0316-DK, STM32C031C4T3, STM32C031C4T6, STM32C031C4U3, STM32C031C4U6, STM32C031C6T3, STM32C031C6T6, STM32C031C6U3, STM32C031C6U6, STM32C031F4P3, STM32C031F4P6, STM32C031F6P3, STM32C031F6P6, STM32C031G4U3, STM32C031G4U6, STM32C031G6U3, STM32C031G6U6, STM32C031K4T3, STM32C031K4T6, STM32C031K4U3, STM32C031K4U6, STM32C031K6T3, STM32C031K6T6, STM32C031K6U3, STM32C031K6U6, STM32C051C6T6, STM32C051C6U6, STM32C051C8T6, STM32C051C8U6, STM32C051D8Y6TR, STM32C051F6P6, STM32C051F8P6, STM32C051G6U6, STM32C051G8U6, STM32C051K6T6, STM32C051K6U6, STM32C051K8T6, STM32C071C8T6, STM32C071C8T6N, STM32C071C8U6, STM32C071C8U6N, STM32C071CBT6, STM32C071CBT6N, STM32C071CBU6, STM32C071CBU6N, STM32C071F8P6, STM32C071F8P6N, STM32C071FBP6, STM32C071FBP6N, STM32C071FBY6TR, STM32C071G8U6, STM32C071G8U6N, STM32C071GBU6, STM32C071GBU6N, STM32C071K8T6, STM32C071K8T6N, STM32C071K8U6, STM32C071K8U6N, STM32C071KBT6, STM32C071KBT6N, STM32C071KBU6, STM32C071KBU6N, STM32C071R8T6, STM32C071R8T6N, STM32C071RBI6N, STM32C071RBT6, STM32C071RBT6N, STM32C091CBT6, STM32C091CBU6, STM32C091CCT6, STM32C091CCU6, STM32C091ECY6TR, STM32C091FBP6, STM32C091FCP6, STM32C091GBU6, STM32C091GCU6, STM32C091KBT6, STM32C091KBU6, STM32C091KCT6, STM32C091KCU6, STM32C091RBT6, STM32C091RCI6, STM32C091RCT6, STM32C092CBT6, STM32C092CBU6, STM32C092CCT6, STM32C092CCU6, STM32C092ECY6TR, STM32C092FBP6, STM32C092FCP6, STM32C092GBU6, STM32C092GCU6, STM32C092KBT6, STM32C092KBU6, STM32C092KCT6, STM32C092KCU6, STM32C092RBT6, STM32C092RCI6, STM32C092RCT6, STM32G071K8TXN, STM32G071K8UXN, STM32G081GBU6N, STM32G081KBT6N, STM32G081KBUXN, STM32G0B1CCT6N, STM32G0B1KCT6, STM32G0B1NEY6TR, STM32G0B1RCT6N, STM32G0C1CCT6, STM32G0C1CCT6N, STM32G0C1CCU6N, STM32G0C1CET6N, STM32G0C1CEU6N, STM32G0C1KCT6, STM32G0C1NEY6TR, STM32G0C1RCI6N, STM32G0C1RCT6N, STM32G0C1REI6N, STM32G0C1RET6N, STM32G0C1VCI6, STM32G0C1VEI6, STM32G411C6T3, STM32G411C6T6, STM32G411C6U3, STM32G411C6U6, STM32G411C8T3, STM32G411C8T6, STM32G411C8U3, STM32G411C8U6, STM32G411CBT3, STM32G411CBT6, STM32G411CBU3, STM32G411CBU6, STM32G411K6T3, STM32G411K6T6, STM32G411K6U3, STM32G411K6U6, STM32G411K8T3, STM32G411K8T6, STM32G411K8U3, STM32G411K8U6, STM32G411KBT3, STM32G411KBT6, STM32G411KBU3, STM32G411KBU6, STM32G411M6T3, STM32G411M6T6, STM32G411M8T3, STM32G411M8T6, STM32G411MBT3, STM32G411MBT6, STM32G411R6T3, STM32G411R6T6, STM32G411R8T3, STM32G411R8T6, STM32G411RBT3, STM32G411RBT6, STM32G414CBT3, STM32G414CBT6, STM32G414CBU3, STM32G414CBU6, STM32G414CCT3, STM32G414CCT6, STM32G414CCU3, STM32G414CCU6, STM32G414MBT3, STM32G414MBT6, STM32G414MCT3, STM32G414MCT6, STM32G414RBT3, STM32G414RBT6, STM32G414RCT3, STM32G414RCT6, STM32G414VBT3, STM32G414VBT6, STM32G414VCT3, STM32G414VCT6, STM32G431CBT3Z, STM32G431RBT3Z, STM32G471CCT6, STM32G471CCU6, STM32G471CET3, STM32G471CET6, STM32G471CEU3, STM32G471CEU6, STM32G471MCT6, STM32G471MET3, STM32G471MET6, STM32G471MEY6TR, STM32G471QCT6, STM32G471QET3, STM32G471RCT6, STM32G471RET3, STM32G471RET6, STM32G471VCH6, STM32G471VCI6, STM32G471VCT6, STM32G471VEH3, STM32G471VEH6, STM32G471VEI3, STM32G471VEI6, STM32G471VET3, STM32G471VET6, STM32G473QET3Z, STM32G473RET3Z, STM32G474CCT6, STM32G491RET3Z, STM32H503CBT6, STM32H503CBU6, STM32H503EBY6TR, STM32H503KBU6, STM32H503RBT6, STM32H523CCT6, STM32H523CCU6, STM32H523CET6, STM32H523CEU6, STM32H523HEY6TR, STM32H523RCT6, STM32H523RET6, STM32H523VCI6, STM32H523VCT6, STM32H523VEI6, STM32H523VET6, STM32H523ZCJ6, STM32H523ZCT6, STM32H523ZEJ6, STM32H523ZET6, STM32H533CET6, STM32H533CEU6, STM32H533HEY6TR, STM32H533RET6, STM32H533VEI6, STM32H533VET6, STM32H533ZEJ6, STM32H533ZET6, STM32H562AGI6, STM32H562AII6, STM32H562IGK6, STM32H562IGT6, STM32H562IIK6, STM32H562IIT6, STM32H562RGT6, STM32H562RGV6, STM32H562RIT6, STM32H562RIV6, STM32H562VGT6, STM32H562VIT6, STM32H562ZGT6, STM32H562ZIT6, STM32H563AGI6, STM32H563AII3Q, STM32H563AII6, STM32H563IGK6, STM32H563IGT6, STM32H563IIK3Q, STM32H563IIK6, STM32H563IIT3Q, STM32H563IIT6, STM32H563MIY3QTR, STM32H563RGT6, STM32H563RGV6, STM32H563RIT6, STM32H563RIV6, STM32H563VGT6, STM32H563VIT3Q, STM32H563VIT6, STM32H563ZGT6, STM32H563ZIT3Q, STM32H563ZIT6, STM32H573AII3Q, STM32H573AII6, STM32H573I-DK, STM32H573IIK3Q, STM32H573IIK6, STM32H573IIT3Q, STM32H573IIT6, STM32H573MIY3QTR, STM32H573RIT6, STM32H573RIV6, STM32H573VIT3Q, STM32H573VIT6, STM32H573ZIT3Q, STM32H573ZIT6, STM32H7R3A8I6, STM32H7R3I8K6, STM32H7R3I8T6, STM32H7R3L8H6, STM32H7R3L8H6H, STM32H7R3R8V6, STM32H7R3V8H6, STM32H7R3V8T6, STM32H7R3V8Y6TR, STM32H7R3Z8J6, STM32H7R3Z8T6, STM32H7R7A8I6, STM32H7R7I8K6, STM32H7R7I8T6, STM32H7R7L8H6, STM32H7R7L8H6H, STM32H7R7Z8J6, STM32H7S3A8I6, STM32H7S3I8K6, STM32H7S3I8T6, STM32H7S3L8H6, STM32H7S3L8H6H, STM32H7S3R8V6, STM32H7S3V8H6, STM32H7S3V8T6, STM32H7S3V8Y6TR, STM32H7S3Z8J6, STM32H7S3Z8T6, STM32H7S78-DK, STM32H7S7A8I6, STM32H7S7I8K6, STM32H7S7I8T6, STM32H7S7L8H6, STM32H7S7L8H6H, STM32H7S7Z8J6, STM32L4R5QGI6STR, STM32MP131AAE3, STM32MP131AAF3, STM32MP131AAG3, STM32MP131CAE3, STM32MP131CAF3, STM32MP131CAG3, STM32MP131DAE7, STM32MP131DAF7, STM32MP131DAG7, STM32MP131FAE7, STM32MP131FAF7, STM32MP131FAG7, STM32MP133AAE3, STM32MP133AAF3, STM32MP133AAG3, STM32MP133CAE3, STM32MP133CAF3, STM32MP133CAG3, STM32MP133DAE7, STM32MP133DAF7, STM32MP133DAG7, STM32MP133FAE7, STM32MP133FAF7, STM32MP133FAG7, STM32MP135AAE3, STM32MP135AAF3, STM32MP135AAG3, STM32MP135CAE3, STM32MP135CAF3, STM32MP135CAG3, STM32MP135DAE7, STM32MP135DAF7, STM32MP135DAG7, STM32MP135F-DK, STM32MP135FAE7, STM32MP135FAF7, STM32MP135FAF7T, STM32MP135FAF7U, STM32MP135FAG7, STM32MP211AAL3, STM32MP211AAM3, STM32MP211AAN3, STM32MP211AAO3, STM32MP211CAL3, STM32MP211CAM3, STM32MP211CAN3, STM32MP211CAO3, STM32MP211DAL3, STM32MP211DAM3, STM32MP211DAN3, STM32MP211DAO3, STM32MP211FAL3, STM32MP211FAM3, STM32MP211FAN3, STM32MP211FAO3, STM32MP213AAL3, STM32MP213AAM3, STM32MP213AAN3, STM32MP213AAO3, STM32MP213CAL3, STM32MP213CAM3, STM32MP213CAN3, STM32MP213CAO3, STM32MP213DAL3, STM32MP213DAM3, STM32MP213DAN3, STM32MP213DAO3, STM32MP213FAL3, STM32MP213FAM3, STM32MP213FAN3, STM32MP213FAO3, STM32MP215AAL3, STM32MP215AAM3, STM32MP215AAN3, STM32MP215AAO3, STM32MP215CAL3, STM32MP215CAM3, STM32MP215CAN3, STM32MP215CAO3, STM32MP215DAL3, STM32MP215DAM3, STM32MP215DAN3, STM32MP215DAO3, STM32MP215F-DK, STM32MP215FAL3, STM32MP215FAM3, STM32MP215FAN3, STM32MP215FAO3, STM32MP231AAJ3, STM32MP231AAK3, STM32MP231AAL3, STM32MP231CAJ3, STM32MP231CAK3, STM32MP231CAL3, STM32MP231DAJ3, STM32MP231DAK3, STM32MP231DAL3, STM32MP231FAJ3, STM32MP231FAK3, STM32MP231FAL3, STM32MP233AAJ3, STM32MP233AAK3, STM32MP233AAL3, STM32MP233CAJ3, STM32MP233CAK3, STM32MP233CAL3, STM32MP233DAJ3, STM32MP233DAK3, STM32MP233DAL3, STM32MP233FAJ3, STM32MP233FAK3, STM32MP233FAL3, STM32MP235AAJ3, STM32MP235AAK3, STM32MP235AAL3, STM32MP235CAJ3, STM32MP235CAK3, STM32MP235CAL3, STM32MP235DAJ3, STM32MP235DAK3, STM32MP235DAL3, STM32MP235FAJ3, STM32MP235FAK3, STM32MP235FAL3, STM32MP251AAI3, STM32MP251AAK3, STM32MP251AAL3, STM32MP251CAI3, STM32MP251CAK3, STM32MP251CAL3, STM32MP251DAI3, STM32MP251DAK3, STM32MP251DAL3, STM32MP251FAI3, STM32MP251FAK3, STM32MP251FAL3, STM32MP253AAI3, STM32MP253AAK3, STM32MP253AAL3, STM32MP253CAI3, STM32MP253CAK3, STM32MP253CAL3, STM32MP253DAI3, STM32MP253DAK3, STM32MP253DAL3, STM32MP253FAI3, STM32MP253FAK3, STM32MP253FAL3, STM32MP255AAI3, STM32MP255AAK3, STM32MP255AAL3, STM32MP255CAI3, STM32MP255CAK3, STM32MP255CAL3, STM32MP255DAI3, STM32MP255DAK3, STM32MP255DAL3, STM32MP255FAI3, STM32MP255FAK3, STM32MP255FAL3, STM32MP257AAI3, STM32MP257AAK3, STM32MP257AAL3, STM32MP257CAI3, STM32MP257CAK3, STM32MP257CAL3, STM32MP257DAI3, STM32MP257DAK3, STM32MP257DAL3, STM32MP257F-DK, STM32MP257F-EV1, STM32MP257FAI3, STM32MP257FAK3, STM32MP257FAL3, STM32N645A0H3Q, STM32N645B0H3Q, STM32N645I0H3Q, STM32N645L0H3Q, STM32N645X0H3Q, STM32N645Z0H3Q, STM32N647A0H3Q, STM32N647B0H3Q, STM32N647I0H3Q, STM32N647L0H3Q, STM32N647X0H3Q, STM32N647Z0H3Q, STM32N655A0H3Q, STM32N655B0H3Q, STM32N655I0H3Q, STM32N655L0H3Q, STM32N655X0H3Q, STM32N655Z0H3Q, STM32N6570-DK, STM32N657A0H3Q, STM32N657B0H3Q, STM32N657I0H3Q, STM32N657L0H3Q, STM32N657X0H3Q, STM32N657Z0H3Q, STM32U031C6T6, STM32U031C6U6, STM32U031C8T6, STM32U031C8U6, STM32U031F4P6, STM32U031F6P6, STM32U031F8P6, STM32U031G6Y6TR, STM32U031G8Y6TR, STM32U031K4U6, STM32U031K6U6, STM32U031K8U6, STM32U031R6I6, STM32U031R6T6, STM32U031R8I6, STM32U031R8T6, STM32U073C8T6, STM32U073C8U6, STM32U073CBT6, STM32U073CBU6, STM32U073CCT6, STM32U073CCU6, STM32U073H8Y6TR, STM32U073HBY6TR, STM32U073HCY6TR, STM32U073K8U6, STM32U073KBU6, STM32U073KCU6, STM32U073M8I6, STM32U073M8T6, STM32U073MBI6, STM32U073MBT6, STM32U073MCI6, STM32U073MCT6, STM32U073R8I6, STM32U073R8T6, STM32U073RBI6, STM32U073RBT6, STM32U073RCI6, STM32U073RCT6, STM32U083C-DK, STM32U083CCT6, STM32U083CCU6, STM32U083HCY6TR, STM32U083KCU6, STM32U083MCI6, STM32U083MCT6, STM32U083RCI6, STM32U083RCT6, STM32U375CET6, STM32U375CET6Q, STM32U375CEU6, STM32U375CEU6Q, STM32U375CEY6QTR, STM32U375CGT6, STM32U375CGT6Q, STM32U375CGU6, STM32U375CGU6Q, STM32U375CGY6QTR, STM32U375KEU6, STM32U375KGU6, STM32U375REI6, STM32U375REI6Q, STM32U375RET6, STM32U375RET6Q, STM32U375REY6GTR, STM32U375REY6QTR, STM32U375RGI6, STM32U375RGI6Q, STM32U375RGT6, STM32U375RGT6Q, STM32U375RGY6GTR, STM32U375RGY6QTR, STM32U375VEI6, STM32U375VEI6Q, STM32U375VET6, STM32U375VET6Q, STM32U375VGI6, STM32U375VGI6Q, STM32U375VGT6, STM32U375VGT6Q, STM32U385CGT6, STM32U385CGT6Q, STM32U385CGU6, STM32U385CGU6Q, STM32U385CGY6QTR, STM32U385KGU6, STM32U385RGI6, STM32U385RGI6Q, STM32U385RGT6, STM32U385RGT6Q, STM32U385RGY6GTR, STM32U385RGY6QTR, STM32U385VGI6, STM32U385VGI6Q, STM32U385VGT6, STM32U385VGT6Q, STM32U535CBT6, STM32U535CBT6Q, STM32U535CBU6, STM32U535CBU6Q, STM32U535CCT6, STM32U535CCT6Q, STM32U535CCU6, STM32U535CCU6Q, STM32U535CET6, STM32U535CET6Q, STM32U535CEU6, STM32U535CEU6Q, STM32U535JEY6QTR, STM32U535NCY6QTR, STM32U535NEY6QTR, STM32U535RBI6, STM32U535RBI6Q, STM32U535RBT6, STM32U535RBT6Q, STM32U535RCI6, STM32U535RCI6Q, STM32U535RCT6, STM32U535RCT6Q, STM32U535REI6, STM32U535REI6Q, STM32U535RET6, STM32U535RET6Q, STM32U535VCI6, STM32U535VCI6Q, STM32U535VCT6, STM32U535VCT6Q, STM32U535VEI6, STM32U535VEI6Q, STM32U535VET6, STM32U535VET6Q, STM32U545CET6, STM32U545CET6Q, STM32U545CEU6, STM32U545CEU6Q, STM32U545JEY6QTR, STM32U545NEY6QTR, STM32U545REI6, STM32U545REI6Q, STM32U545RET6, STM32U545RET6Q, STM32U545VEI6, STM32U545VEI6Q, STM32U545VET6, STM32U545VET6Q, STM32U595AIH6, STM32U595AIH6Q, STM32U595AJH6, STM32U595AJH6Q, STM32U595QII6, STM32U595QII6Q, STM32U595QJI6, STM32U595QJI6Q, STM32U595RIT6, STM32U595RIT6Q, STM32U595RJT6, STM32U595RJT6Q, STM32U595VIT6, STM32U595VIT6Q, STM32U595VJT6, STM32U595VJT6Q, STM32U595ZIT6, STM32U595ZIT6Q, STM32U595ZIY6QTR, STM32U595ZJT6, STM32U595ZJT6Q, STM32U595ZJY6QTR, STM32U599BJY6QTR, STM32U599NIH6Q, STM32U599NJH6Q, STM32U599VIT6Q, STM32U599VJT6, STM32U599VJT6Q, STM32U599ZIT6Q, STM32U599ZIY6QTR, STM32U599ZJT6Q, STM32U599ZJY6QTR, STM32U5A5AJH6, STM32U5A5AJH6Q, STM32U5A5QII3Q , STM32U5A5QJI6, STM32U5A5QJI6Q, STM32U5A5RJT6, STM32U5A5RJT6Q, STM32U5A5VJT6, STM32U5A5VJT6Q, STM32U5A5ZJT6, STM32U5A5ZJT6Q, STM32U5A5ZJY6QTR, STM32U5A9BJY6QTR, STM32U5A9J-DK, STM32U5A9NJH6Q, STM32U5A9VJT6Q, STM32U5A9ZJT6Q, STM32U5A9ZJY6QTR, STM32U5F7VIT6, STM32U5F7VIT6Q, STM32U5F7VJT6, STM32U5F7VJT6Q, STM32U5F9BJY6QTR, STM32U5F9NJH6Q, STM32U5F9VIT6Q, STM32U5F9VJT6Q, STM32U5F9ZIJ6QTR, STM32U5F9ZIT6Q, STM32U5F9ZJJ6QTR, STM32U5F9ZJT6Q, STM32U5G7VJT6, STM32U5G7VJT6Q, STM32U5G9BJY6QTR, STM32U5G9J-DK1, STM32U5G9J-DK2, STM32U5G9NJH6Q, STM32U5G9VJT6Q, STM32U5G9ZJJ6QTR, STM32U5G9ZJT6Q, STM32WB05KZV6TR, STM32WB05KZV7TR, STM32WB05TZF6TR, STM32WB05TZF7TR, STM32WB06CCF6TR, STM32WB06CCF7TR, STM32WB06CCV6TR, STM32WB06CCV7TR, STM32WB06KCV6TR, STM32WB06KCV7TR, STM32WB07CCF6TR, STM32WB07CCF7TR, STM32WB07CCV6TR, STM32WB07CCV7TR, STM32WB07KCV6TR, STM32WB07KCV7TR, STM32WB09KEV6TR, STM32WB09KEV7TR, STM32WB09TEF6TR, STM32WB09TEF7TR, STM32WB1MMCH6, STM32WBA50KGU6, STM32WBA50KGU6TR, STM32WBA52CEU6, STM32WBA52CEU6TR, STM32WBA52CEU7, STM32WBA52CEU7TR, STM32WBA52CGU6, STM32WBA52CGU6TR, STM32WBA52CGU6U, STM32WBA52CGU7, STM32WBA52CGU7TR, STM32WBA52KEU6, STM32WBA52KEU6TR, STM32WBA52KGU6, STM32WBA52KGU6TR, STM32WBA54CEU6, STM32WBA54CEU6TR, STM32WBA54CEU7, STM32WBA54CEU7TR, STM32WBA54CGU6, STM32WBA54CGU6TR, STM32WBA54CGU7, STM32WBA54CGU7TR, STM32WBA54KEU6, STM32WBA54KEU6TR, STM32WBA54KEU7, STM32WBA54KEU7TR, STM32WBA54KGU6, STM32WBA54KGU6TR, STM32WBA54KGU7, STM32WBA54KGU7TR, STM32WBA55CEU6, STM32WBA55CEU6TR, STM32WBA55CEU7, STM32WBA55CEU7TR, STM32WBA55CGU6, STM32WBA55CGU6TR, STM32WBA55CGU6U, STM32WBA55CGU7, STM32WBA55CGU7TR, STM32WBA55G-DK1, STM32WBA55HEF6, STM32WBA55HEF7, STM32WBA55HGF6, STM32WBA55HGF7, STM32WBA55UEI6, STM32WBA55UEI6TR, STM32WBA55UEI7, STM32WBA55UEI7TR, STM32WBA55UGI6, STM32WBA55UGI6TR, STM32WBA55UGI7, STM32WBA55UGI7TR, STM32WBA5MMGH6TR, STM32WBA62MGF6, STM32WBA62MIF6, STM32WBA65MGF7, STM32WBA65MIF6, STM32WBA65MIF7, STM32WL30K8V6, STM32WL30KBV6, STM32WL31C8V6, STM32WL31CBV6, STM32WL31K8V6, STM32WL31KBV6, STM32WL33C8V6, STM32WL33C8V6X, STM32WL33CBV6, STM32WL33CBV6X, STM32WL33CCV6, STM32WL33CCV6A, STM32WL33CCV6X, STM32WL33K8V7, STM32WL33K8V7X, STM32WL33KBV7 , STM32WL33KBV7X, STM32WL33KCV7, STM32WL33KCV7X, STM32WL5MOCH6, STM32WL5MOCH6TR]
2026-04-26 11:08:02,225 [INFO] DbMcus:218 - Found 5055 MCUs, 4968 are supported
2026-04-26 11:08:02,226 [INFO] ApiDb:423 - Load user favorites file /Users/admin/.stm32cubeide/favorites.mcus.txt: 0 item(s)
2026-04-26 11:08:02,226 [INFO] ApiDb:427 - User favorites MCUs=[]
2026-04-26 11:08:02,226 [INFO] DbMcus:224 - Set 0 / 0 favorites MCUs
2026-04-26 11:08:02,893 [INFO] BoardInfo:889 - No configuration file found for board NUCLEO-H5E5ZJ
2026-04-26 11:08:02,894 [INFO] DbBoards:161 - Board is not supported: NUCLEO-H5E5ZJ
2026-04-26 11:08:02,966 [INFO] BoardInfo:889 - No configuration file found for board NUCLEO-U3C5ZI-Q
2026-04-26 11:08:02,967 [INFO] DbBoards:161 - Board is not supported: NUCLEO-U3C5ZI-Q
2026-04-26 11:08:02,985 [INFO] BoardInfo:889 - No configuration file found for board NUCLEO-WBA25CE1
2026-04-26 11:08:02,986 [INFO] DbBoards:161 - Board is not supported: NUCLEO-WBA25CE1
2026-04-26 11:08:03,002 [INFO] BoardInfo:889 - No configuration file found for board NUCLEO-WL3RKB1
2026-04-26 11:08:03,003 [INFO] DbBoards:161 - Board is not supported: NUCLEO-WL3RKB1
2026-04-26 11:08:03,005 [INFO] BoardInfo:889 - No configuration file found for board NUCLEO-WL3RKB2
2026-04-26 11:08:03,006 [INFO] DbBoards:161 - Board is not supported: NUCLEO-WL3RKB2
2026-04-26 11:08:03,019 [INFO] BoardInfo:889 - No configuration file found for board P-NUCLEO-WB55
2026-04-26 11:08:03,019 [INFO] DbBoards:161 - Kit is not supported: P-NUCLEO-WB55
2026-04-26 11:08:03,029 [INFO] BoardInfo:889 - No configuration file found for board STEVAL-BFA001V1B
2026-04-26 11:08:03,029 [INFO] DbBoards:161 - Kit is not supported: STEVAL-BFA001V1B
2026-04-26 11:08:03,031 [INFO] BoardInfo:889 - No configuration file found for board STEVAL-BFA001V2B
2026-04-26 11:08:03,032 [INFO] DbBoards:161 - Kit is not supported: STEVAL-BFA001V2B
2026-04-26 11:08:03,187 [INFO] BoardInfo:889 - No configuration file found for board STM32H5F5J-DK
2026-04-26 11:08:03,188 [INFO] DbBoards:161 - Board is not supported: STM32H5F5J-DK
2026-04-26 11:08:03,297 [INFO] DbBoards:168 - Found 218 boards, 209 are supported
2026-04-26 11:08:03,297 [INFO] DbBoards:169 - Found 218 boards, 43 of them is supported for  Bsp
2026-04-26 11:08:03,307 [INFO] ApiDb:423 - Load user favorites file /Users/admin/.stm32cubeide/favorites.boards.txt: 0 item(s)
2026-04-26 11:08:03,307 [INFO] ApiDb:427 - User favorites Boards=[]
2026-04-26 11:08:03,307 [INFO] DbBoards:198 - Set 0 / 0 favorites Boards
2026-04-26 11:08:03,352 [INFO] UtilMem:75 - End LoadConfig() Used Memory: 851257280 Bytes (1073741824)
2026-04-26 11:08:03,613 [WARN] ThirdParty:833 - waiting for thirdparty lock release [change project]
2026-04-26 11:08:03,614 [INFO] ThirdParty:835 - entering critical section [change project]
2026-04-26 11:08:03,614 [INFO] ThirdParty:1030 - CMSIS Pack Vendor :STMicroelectronics X-CUBE-AZRTOS-H7 3.5.0
2026-04-26 11:08:03,614 [INFO] ThirdParty:1030 - CMSIS Pack Vendor :STMicroelectronics X-CUBE-PM33A1 1.0.0
2026-04-26 11:08:03,614 [INFO] ThirdParty:1030 - CMSIS Pack Vendor :STMicroelectronics USBPD 4.1
2026-04-26 11:08:03,614 [INFO] ThirdParty:1030 - CMSIS Pack Vendor :STMicroelectronics X-CUBE-GNSS1 6.0.0
2026-04-26 11:08:03,614 [INFO] ThirdParty:1030 - CMSIS Pack Vendor :STMicroelectronics USB_HOST 2.0.0
2026-04-26 11:08:03,614 [INFO] ThirdParty:1030 - CMSIS Pack Vendor :STMicroelectronics FP-SNS-MOTENVWB1 1.4.0
2026-04-26 11:08:03,614 [INFO] ThirdParty:1030 - CMSIS Pack Vendor :STMicroelectronics X-CUBE-AZRTOS-F4 1.1.0
2026-04-26 11:08:03,614 [INFO] ThirdParty:1030 - CMSIS Pack Vendor :STMicroelectronics LIBJPEG 8.0.0
2026-04-26 11:08:03,614 [INFO] ThirdParty:1030 - CMSIS Pack Vendor :STMicroelectronics FP-ATR-ASTRA1 2.0.2
2026-04-26 11:08:03,614 [INFO] ThirdParty:1030 - CMSIS Pack Vendor :STMicroelectronics FP-ATR-ASTRA1 2.0.1
2026-04-26 11:08:03,614 [INFO] ThirdParty:1030 - CMSIS Pack Vendor :Avnet-IotConnect X-CUBE-IoTC-DA16k-PMOD 1.0.0
2026-04-26 11:08:03,615 [INFO] ThirdParty:1030 - CMSIS Pack Vendor :STMicroelectronics X-CUBE-SMBUS 2.1.0
2026-04-26 11:08:03,615 [INFO] ThirdParty:1030 - CMSIS Pack Vendor :STMicroelectronics X-CUBE-WB05N 1.1.0
2026-04-26 11:08:03,615 [INFO] ThirdParty:1030 - CMSIS Pack Vendor :STMicroelectronics X-CUBE-ISPU 2.1.0
2026-04-26 11:08:03,615 [INFO] ThirdParty:1030 - CMSIS Pack Vendor :STMicroelectronics X-CUBE-IPS 3.2.0
2026-04-26 11:08:03,615 [INFO] ThirdParty:1030 - CMSIS Pack Vendor :STMicroelectronics eDS-WB_DPC_TT-BIDIR 2.1.1
2026-04-26 11:08:03,615 [INFO] ThirdParty:1030 - CMSIS Pack Vendor :STMicroelectronics X-CUBE-FREERTOS 1.2.0
2026-04-26 11:08:03,615 [INFO] ThirdParty:1030 - CMSIS Pack Vendor :STMicroelectronics X-CUBE-ST60 1.0.0
2026-04-26 11:08:03,615 [INFO] ThirdParty:1030 - CMSIS Pack Vendor :STMicroelectronics X-CUBE-NFC12 1.0.0
2026-04-26 11:08:03,615 [INFO] ThirdParty:1030 - CMSIS Pack Vendor :STMicroelectronics X-CUBE-TOUCHGFX 4.23.2
2026-04-26 11:08:03,615 [INFO] ThirdParty:1030 - CMSIS Pack Vendor :STMicroelectronics X-CUBE-AZRTOS-F7 1.1.0
2026-04-26 11:08:03,615 [INFO] ThirdParty:1030 - CMSIS Pack Vendor :STMicroelectronics X-CUBE-AZRTOS-L5 2.0.0
2026-04-26 11:08:03,615 [INFO] ThirdParty:1030 - CMSIS Pack Vendor :STMicroelectronics USB_DEVICE 2.0.0
2026-04-26 11:08:03,615 [INFO] ThirdParty:1030 - CMSIS Pack Vendor :STMicroelectronics X-CUBE-NFC6 3.1.0
2026-04-26 11:08:03,615 [INFO] ThirdParty:1030 - CMSIS Pack Vendor :STMicroelectronics FP-SNS-MOTENV1 4.3.2
2026-04-26 11:08:03,615 [INFO] ThirdParty:1030 - CMSIS Pack Vendor :STMicroelectronics X-CUBE-MEMS1 11.0.0
2026-04-26 11:08:03,615 [INFO] ThirdParty:1030 - CMSIS Pack Vendor :STMicroelectronics FP-SNS-MOTENV1 5.1.0
2026-04-26 11:08:03,615 [INFO] ThirdParty:1030 - CMSIS Pack Vendor :STMicroelectronics FreeRTOS 0.0.1
2026-04-26 11:08:03,615 [INFO] ThirdParty:1030 - CMSIS Pack Vendor :STMicroelectronics X-CUBE-DPower 1.2.0
2026-04-26 11:08:03,615 [INFO] ThirdParty:1030 - CMSIS Pack Vendor :STMicroelectronics eDS-WB_DPC_VIENNA 1.2.0
2026-04-26 11:08:03,616 [INFO] ThirdParty:1030 - CMSIS Pack Vendor :STMicroelectronics FP-SNS-FLIGHT1 5.0.2
2026-04-26 11:08:03,616 [INFO] ThirdParty:1030 - CMSIS Pack Vendor :STMicroelectronics eDS-WB_DPC_3PH2L-BIDIR 1.1.1
2026-04-26 11:08:03,616 [INFO] ThirdParty:1030 - CMSIS Pack Vendor :STMicroelectronics X-CUBE-AI 9.0.0
2026-04-26 11:08:03,616 [INFO] ThirdParty:1030 - CMSIS Pack Vendor :STMicroelectronics PDM2PCM 3.3.0
2026-04-26 11:08:03,616 [INFO] ThirdParty:1030 - CMSIS Pack Vendor :STMicroelectronics X-CUBE-AZRTOS-H7 3.4.0
2026-04-26 11:08:03,616 [INFO] ThirdParty:1030 - CMSIS Pack Vendor :STMicroelectronics X-CUBE-DISPLAY 3.0.0
2026-04-26 11:08:03,616 [INFO] ThirdParty:1030 - CMSIS Pack Vendor :STMicroelectronics FP-SNS-MOTENVWB1 1.5.0
2026-04-26 11:08:03,616 [INFO] ThirdParty:1030 - CMSIS Pack Vendor :STMicroelectronics X-CUBE-BLE1 7.0.0
2026-04-26 11:08:03,616 [INFO] ThirdParty:1030 - CMSIS Pack Vendor :STMicroelectronics X-CUBE-NFC10 1.0.0
2026-04-26 11:08:03,616 [INFO] ThirdParty:1030 - CMSIS Pack Vendor :STMicroelectronics X-CUBE-BLEMGR 4.0.0
2026-04-26 11:08:03,616 [INFO] ThirdParty:1030 - CMSIS Pack Vendor :STMicroelectronics X-CUBE-FREERTOS 1.3.1
2026-04-26 11:08:03,616 [INFO] ThirdParty:1030 - CMSIS Pack Vendor :STMicroelectronics HAL Drivers 0.0.0
2026-04-26 11:08:03,616 [INFO] ThirdParty:1030 - CMSIS Pack Vendor :STMicroelectronics X-CUBE-ST60 1.1.0
2026-04-26 11:08:03,616 [INFO] ThirdParty:1030 - CMSIS Pack Vendor :emotas I-CUBE-CANOPEN 1.3.0
2026-04-26 11:08:03,617 [INFO] ThirdParty:1030 - CMSIS Pack Vendor :STMicroelectronics X-CUBE-FREERTOS 1.3.0
2026-04-26 11:08:03,617 [INFO] ThirdParty:1030 - CMSIS Pack Vendor :STMicroelectronics X-CUBE-NFC7 1.0.1
2026-04-26 11:08:03,617 [INFO] ThirdParty:1030 - CMSIS Pack Vendor :STMicroelectronics MBEDTLS 2.14.1
2026-04-26 11:08:03,617 [INFO] ThirdParty:1030 - CMSIS Pack Vendor :STMicroelectronics X-CUBE-GNSS1 7.1.0
2026-04-26 11:08:03,617 [INFO] ThirdParty:1030 - CMSIS Pack Vendor :wolfSSL I-CUBE-wolfTPM 3.2.0
2026-04-26 11:08:03,617 [INFO] ThirdParty:1030 - CMSIS Pack Vendor :STMicroelectronics X-CUBE-TOUCHGFX 4.26.0
2026-04-26 11:08:03,617 [INFO] ThirdParty:1030 - CMSIS Pack Vendor :STMicroelectronics X-CUBE-TOUCHGFX 4.26.1
2026-04-26 11:08:03,617 [INFO] ThirdParty:1030 - CMSIS Pack Vendor :STMicroelectronics X-CUBE-BLEMGR 3.1.0
2026-04-26 11:08:03,617 [INFO] ThirdParty:1030 - CMSIS Pack Vendor :STMicroelectronics X-CUBE-AI 10.0.0
2026-04-26 11:08:03,617 [INFO] ThirdParty:1030 - CMSIS Pack Vendor :STMicroelectronics FP-SNS-STBOX1 2.1.0
2026-04-26 11:08:03,617 [INFO] ThirdParty:1030 - CMSIS Pack Vendor :STMicroelectronics FP-SNS-STAIOTCFT 1.0.0
2026-04-26 11:08:03,617 [INFO] ThirdParty:1030 - CMSIS Pack Vendor :STMicroelectronics FP-SNS-SMARTAG2 1.2.0
2026-04-26 11:08:03,617 [INFO] ThirdParty:1030 - CMSIS Pack Vendor :STMicroelectronics FP-SNS-FLIGHT1 5.1.0
2026-04-26 11:08:03,617 [INFO] ThirdParty:1030 - CMSIS Pack Vendor :STMicroelectronics X-CUBE-MEMS1 11.1.0
2026-04-26 11:08:03,617 [INFO] ThirdParty:1030 - CMSIS Pack Vendor :STMicroelectronics X-CUBE-AZRTOS-WL 2.0.0
2026-04-26 11:08:03,618 [INFO] ThirdParty:1030 - CMSIS Pack Vendor :STMicroelectronics X-CUBE-DPower 1.3.0
2026-04-26 11:08:03,618 [INFO] ThirdParty:1030 - CMSIS Pack Vendor :STMicroelectronics FP-SNS-MOTENV1 5.0.0
2026-04-26 11:08:03,618 [INFO] ThirdParty:1030 - CMSIS Pack Vendor :STMicroelectronics USB_DEVICE 1.0.0
2026-04-26 11:08:03,618 [INFO] ThirdParty:1030 - CMSIS Pack Vendor :STMicroelectronics X-CUBE-AZRTOS-H7RS 1.2.0
2026-04-26 11:08:03,618 [INFO] ThirdParty:1030 - CMSIS Pack Vendor :STMicroelectronics X-CUBE-AI 8.1.0
2026-04-26 11:08:03,618 [INFO] ThirdParty:1030 - CMSIS Pack Vendor :wolfSSL I-CUBE-wolfMQTT 1.19.0
2026-04-26 11:08:03,618 [INFO] ThirdParty:1030 - CMSIS Pack Vendor :STMicroelectronics X-CUBE-AZRTOS-L4 2.0.0
2026-04-26 11:08:03,618 [INFO] ThirdParty:1030 - CMSIS Pack Vendor :STMicroelectronics ThreadX 0.0.2
2026-04-26 11:08:03,618 [INFO] ThirdParty:1030 - CMSIS Pack Vendor :WES I-CUBE-Cesium 1.3.0
2026-04-26 11:08:03,618 [INFO] ThirdParty:1030 - CMSIS Pack Vendor :STMicroelectronics lwIP 2.1.2
2026-04-26 11:08:03,618 [INFO] ThirdParty:1030 - CMSIS Pack Vendor :STMicroelectronics X-CUBE-SFXS2LP1 4.0.0
2026-04-26 11:08:03,618 [INFO] ThirdParty:1030 - CMSIS Pack Vendor :STMicroelectronics X-CUBE-BLE2 3.3.0
2026-04-26 11:08:03,618 [INFO] ThirdParty:1030 - CMSIS Pack Vendor :Avnet-IOTCONNECT X-CUBE-iotc-st67-sdk 1.0.0
2026-04-26 11:08:03,618 [INFO] ThirdParty:1030 - CMSIS Pack Vendor :STMicroelectronics PDM2PCM 3.2.0
2026-04-26 11:08:03,618 [INFO] ThirdParty:1030 - CMSIS Pack Vendor :STMicroelectronics X-CUBE-WB05N 2.1.0
2026-04-26 11:08:03,618 [INFO] ThirdParty:1030 - CMSIS Pack Vendor :STMicroelectronics X-CUBE-ST67W61 1.2.0
2026-04-26 11:08:03,618 [INFO] ThirdParty:1030 - CMSIS Pack Vendor :STMicroelectronics X-CUBE-AZRTOS-H7 3.3.0
2026-04-26 11:08:03,618 [INFO] ThirdParty:1030 - CMSIS Pack Vendor :STMicroelectronics X-CUBE-NFC9 1.0.0
2026-04-26 11:08:03,618 [INFO] ThirdParty:1030 - CMSIS Pack Vendor :STMicroelectronics X-CUBE-BLE1 7.1.0
2026-04-26 11:08:03,618 [INFO] ThirdParty:1030 - CMSIS Pack Vendor :STMicroelectronics USB_DEVICE 3.0.0
2026-04-26 11:08:03,619 [INFO] ThirdParty:1030 - CMSIS Pack Vendor :STMicroelectronics X-CUBE-TCPP 4.1.0
2026-04-26 11:08:03,619 [INFO] ThirdParty:1030 - CMSIS Pack Vendor :STMicroelectronics X-CUBE-FREERTOS 1.4.0
2026-04-26 11:08:03,619 [INFO] ThirdParty:1030 - CMSIS Pack Vendor :STMicroelectronics X-CUBE-EEPRMA1 5.2.0
2026-04-26 11:08:03,619 [INFO] ThirdParty:1030 - CMSIS Pack Vendor :STMicroelectronics X-CUBE-BLEMGR 4.1.0
2026-04-26 11:08:03,619 [INFO] ThirdParty:1030 - CMSIS Pack Vendor :STMicroelectronics X-CUBE-IPS 3.0.0
2026-04-26 11:08:03,619 [INFO] ThirdParty:1030 - CMSIS Pack Vendor :STMicroelectronics X-CUBE-AZRTOS-WB 2.0.0
2026-04-26 11:08:03,619 [INFO] ThirdParty:1030 - CMSIS Pack Vendor :STMicroelectronics X-CUBE-GNSS1 7.0.0
2026-04-26 11:08:03,619 [INFO] ThirdParty:1030 - CMSIS Pack Vendor :STMicroelectronics X-CUBE-GNSS1 7.0.1
2026-04-26 11:08:03,619 [INFO] ThirdParty:1030 - CMSIS Pack Vendor :STMicroelectronics X-CUBE-TOUCHGFX 4.25.0
2026-04-26 11:08:03,619 [INFO] ThirdParty:1030 - CMSIS Pack Vendor :STMicroelectronics X-CUBE-ST67W61 1.1.0
2026-04-26 11:08:03,619 [INFO] ThirdParty:1030 - CMSIS Pack Vendor :STMicroelectronics X-CUBE-AI 10.1.0
2026-04-26 11:08:03,619 [INFO] ThirdParty:1030 - CMSIS Pack Vendor :STMicroelectronics FP-SNS-STBOX1 2.0.0
2026-04-26 11:08:03,619 [INFO] ThirdParty:1030 - CMSIS Pack Vendor :STMicroelectronics X-CUBE-MEMS1 12.0.0
2026-04-26 11:08:03,619 [INFO] ThirdParty:1030 - CMSIS Pack Vendor :STMicroelectronics X-CUBE-ALGOBUILD 1.3.0
2026-04-26 11:08:03,620 [INFO] ThirdParty:1030 - CMSIS Pack Vendor :STMicroelectronics X-CUBE-STSE01 2.0.0
2026-04-26 11:08:03,620 [INFO] ThirdParty:1030 - CMSIS Pack Vendor :STMicroelectronics X-CUBE-MEMS1 11.2.0
2026-04-26 11:08:03,620 [INFO] ThirdParty:1030 - CMSIS Pack Vendor :STMicroelectronics X-CUBE-AZRTOS-G0 1.1.0
2026-04-26 11:08:03,620 [INFO] ThirdParty:1030 - CMSIS Pack Vendor :STMicroelectronics X-CUBE-SAFEA1 1.2.2
2026-04-26 11:08:03,620 [INFO] ThirdParty:1030 - CMSIS Pack Vendor :STMicroelectronics X-CUBE-NFC4 3.0.0
2026-04-26 11:08:03,620 [INFO] ThirdParty:1030 - CMSIS Pack Vendor :STMicroelectronics X-CUBE-SUBG2 5.0.0
2026-04-26 11:08:03,620 [INFO] ThirdParty:1030 - CMSIS Pack Vendor :STMicroelectronics X-CUBE-AZRTOS-H7RS 1.1.0
2026-04-26 11:08:03,620 [INFO] ThirdParty:1030 - CMSIS Pack Vendor :STMicroelectronics STM32_WPAN 1.0.0
2026-04-26 11:08:03,620 [INFO] ThirdParty:1030 - CMSIS Pack Vendor :EmbeddedOffice I-CUBE-FS-RTOS 1.0.1
2026-04-26 11:08:03,620 [INFO] ThirdParty:1030 - CMSIS Pack Vendor :STMicroelectronics lwIP 2.0.3
2026-04-26 11:08:03,620 [INFO] ThirdParty:1030 - CMSIS Pack Vendor :Cesanta I-CUBE-Mongoose 7.13.0
2026-04-26 11:08:03,620 [INFO] ThirdParty:1030 - CMSIS Pack Vendor :STMicroelectronics USB_HOST 1.0.0
2026-04-26 11:08:03,620 [INFO] ThirdParty:1030 - CMSIS Pack Vendor :STMicroelectronics X-CUBE-AZRTOS-G4 2.0.0
2026-04-26 11:08:03,620 [INFO] ThirdParty:1030 - CMSIS Pack Vendor :STMicroelectronics X-CUBE-WB05N 2.0.0
2026-04-26 11:08:03,620 [INFO] ThirdParty:1030 - CMSIS Pack Vendor :STMicroelectronics PDM2PCM 3.1.0
2026-04-26 11:08:03,620 [INFO] ThirdParty:1030 - CMSIS Pack Vendor :STMicroelectronics X-CUBE-NFC7 2.0.0
2026-04-26 11:08:03,620 [INFO] ThirdParty:1030 - CMSIS Pack Vendor :STMicroelectronics X-CUBE-TCPP 4.2.0
2026-04-26 11:08:03,620 [INFO] ThirdParty:1030 - CMSIS Pack Vendor :RealThread X-CUBE-RT-Thread_Nano 4.1.1
2026-04-26 11:08:03,620 [INFO] ThirdParty:1030 - CMSIS Pack Vendor :wolfSSL I-CUBE-wolfSSL 5.7.0
2026-04-26 11:08:03,620 [INFO] ThirdParty:1030 - CMSIS Pack Vendor :STMicroelectronics FP-SNS-MOTENVWB1 1.3.1
2026-04-26 11:08:03,621 [INFO] ThirdParty:1030 - CMSIS Pack Vendor :STMicroelectronics FP-ATR-SIGFOX1 3.2.0
2026-04-26 11:08:03,621 [INFO] ThirdParty:1030 - CMSIS Pack Vendor :quantropi X-CUBE-qispace-sdk-base 1.9.3
2026-04-26 11:08:03,621 [INFO] ThirdParty:1030 - CMSIS Pack Vendor :STMicroelectronics X-CUBE-ISPU 2.0.0
2026-04-26 11:08:03,621 [INFO] ThirdParty:1030 - CMSIS Pack Vendor :STMicroelectronics X-CUBE-EEPRMA1 5.1.0
2026-04-26 11:08:03,621 [INFO] ThirdParty:1030 - CMSIS Pack Vendor :STMicroelectronics X-CUBE-FREERTOS 1.5.0
2026-04-26 11:08:03,621 [INFO] ThirdParty:1030 - CMSIS Pack Vendor :STMicroelectronics MBEDTLS 2.16.2
2026-04-26 11:08:03,621 [INFO] ThirdParty:1030 - CMSIS Pack Vendor :STMicroelectronics X-CUBE-IPS 3.1.0
2026-04-26 11:08:03,621 [INFO] ThirdParty:1030 - CMSIS Pack Vendor :STMicroelectronics X-CUBE-ALS 1.0.2
2026-04-26 11:08:03,621 [INFO] ThirdParty:1030 - CMSIS Pack Vendor :STMicroelectronics X-CUBE-MEMS1 10.0.0
2026-04-26 11:08:03,621 [INFO] ThirdParty:1030 - CMSIS Pack Vendor :STMicroelectronics X-CUBE-FREERTOS 1.1.0
2026-04-26 11:08:03,621 [INFO] ThirdParty:1030 - CMSIS Pack Vendor :STMicroelectronics X-CUBE-TOUCHGFX 4.24.0
2026-04-26 11:08:03,621 [INFO] ThirdParty:1030 - CMSIS Pack Vendor :ITTIA_DB I-CUBE-ITTIADB 8.9.0
2026-04-26 11:08:03,621 [INFO] ThirdParty:1030 - CMSIS Pack Vendor :STMicroelectronics X-CUBE-TOUCHGFX 4.24.2
2026-04-26 11:08:03,621 [INFO] ThirdParty:1030 - CMSIS Pack Vendor :STMicroelectronics X-CUBE-TOUCHGFX 4.24.1
2026-04-26 11:08:03,621 [INFO] ThirdParty:1030 - CMSIS Pack Vendor :STMicroelectronics X-CUBE-STSE01 1.0.0
2026-04-26 11:08:03,621 [INFO] ThirdParty:1030 - CMSIS Pack Vendor :portGmbH I-Cube-SoM-uGOAL 1.1.0
2026-04-26 11:08:03,621 [INFO] ThirdParty:1030 - CMSIS Pack Vendor :STMicroelectronics X-CUBE-ALS 1.0.1
2026-04-26 11:08:03,621 [INFO] ThirdParty:1030 - CMSIS Pack Vendor :STMicroelectronics X-CUBE-NFC6 3.2.0
2026-04-26 11:08:03,621 [INFO] ThirdParty:1030 - CMSIS Pack Vendor :STMicroelectronics X-CUBE-ST67W61 1.0.0
2026-04-26 11:08:03,621 [INFO] ThirdParty:1030 - CMSIS Pack Vendor :STMicroelectronics X-CUBE-AI 10.2.0
2026-04-26 11:08:03,621 [INFO] ThirdParty:1030 - CMSIS Pack Vendor :STMicroelectronics ThreadX 1.0.0
2026-04-26 11:08:03,621 [INFO] ThirdParty:1030 - CMSIS Pack Vendor :SEGGER I-CUBE-embOS 1.3.1
2026-04-26 11:08:03,622 [INFO] ThirdParty:1030 - CMSIS Pack Vendor :STMicroelectronics X-CUBE-ALGOBUILD 1.4.0
2026-04-26 11:08:03,622 [INFO] ThirdParty:1030 - CMSIS Pack Vendor :STMicroelectronics X-CUBE-MEMS1 11.3.0
2026-04-26 11:08:03,622 [INFO] ThirdParty:1030 - CMSIS Pack Vendor :STMicroelectronics X-CUBE-AZRTOS-H7RS 1.0.0
2026-04-26 11:08:03,622 [INFO] ThirdParty:1030 - CMSIS Pack Vendor :STMicroelectronics FP-ATR-ASTRA1 2.0.0
2026-04-26 11:08:03,622 [INFO] ThirdParty:1030 - CMSIS Pack Vendor :STMicroelectronics X-CUBE-TOF1 3.4.2
2026-04-26 11:08:03,622 [INFO] ThirdParty:1030 - CMSIS Pack Vendor :STMicroelectronics X-CUBE-TOF1 3.4.3
2026-04-26 11:08:03,622 [INFO] ThirdParty:1030 - CMSIS Pack Vendor :STMicroelectronics X-CUBE-AI 9.1.0
2026-04-26 11:08:03,622 [INFO] ThirdParty:1030 - CMSIS Pack Vendor :STMicroelectronics X-CUBE-TOF1 3.4.1
2026-04-26 11:08:03,622 [INFO] ThirdParty:1030 - CMSIS Pack Vendor :STMicroelectronics X-CUBE-AZRTOS-H7 3.2.0
2026-04-26 11:08:03,622 [INFO] ThirdParty:1030 - CMSIS Pack Vendor :Infineon AIROC-Wi-Fi-Bluetooth-STM32 1.6.0
2026-04-26 11:08:03,622 [INFO] ThirdParty:1030 - CMSIS Pack Vendor :wolfSSL I-CUBE-wolfSSH 1.4.17
2026-04-26 11:08:03,622 [INFO] ThirdParty:841 - exiting critical section [change project]
2026-04-26 11:08:03,871 [INFO] PinOutPanel:1589 - setPackage(No Configuration,No Configuration)
2026-04-26 11:08:03,873 [INFO] PinOutPanel:1589 - setPackage(STM32L010K8Tx,LQFP32)
2026-04-26 11:08:04,765 [INFO] UtilMem:75 - Before build in PCC Used Memory: 858424536 Bytes (1073741824)
2026-04-26 11:08:05,528 [INFO] UtilMem:75 - After build in PCC Used Memory: 991978592 Bytes (1073741824)
2026-04-26 11:08:05,558 [INFO] IPUIPlugin:80 - create IPUIPlugin
2026-04-26 11:08:05,559 [INFO] IPUIPlugin:80 - create IPUIPlugin
2026-04-26 11:08:05,559 [INFO] IPUIPlugin:80 - create IPUIPlugin
2026-04-26 11:08:05,559 [INFO] IPUIPlugin:80 - create IPUIPlugin
2026-04-26 11:08:05,559 [INFO] IPUIPlugin:80 - create IPUIPlugin
2026-04-26 11:08:05,559 [INFO] IPUIPlugin:80 - create IPUIPlugin
2026-04-26 11:08:05,560 [INFO] IPUIPlugin:80 - create IPUIPlugin
2026-04-26 11:08:05,560 [INFO] IPUIPlugin:80 - create IPUIPlugin
2026-04-26 11:08:05,560 [INFO] IPUIPlugin:80 - create IPUIPlugin
2026-04-26 11:08:05,561 [INFO] IPUIPlugin:80 - create IPUIPlugin
2026-04-26 11:08:05,561 [INFO] IPUIPlugin:80 - create IPUIPlugin
2026-04-26 11:08:05,562 [INFO] IPUIPlugin:80 - create IPUIPlugin
2026-04-26 11:08:05,562 [INFO] IPUIPlugin:80 - create IPUIPlugin
2026-04-26 11:08:05,562 [INFO] IPUIPlugin:80 - create IPUIPlugin
2026-04-26 11:08:05,562 [INFO] IPUIPlugin:80 - create IPUIPlugin
2026-04-26 11:08:05,562 [INFO] IPUIPlugin:80 - create IPUIPlugin
2026-04-26 11:08:05,563 [INFO] IPUIPlugin:80 - create IPUIPlugin
2026-04-26 11:08:05,563 [INFO] IPUIPlugin:80 - create IPUIPlugin
2026-04-26 11:08:05,850 [INFO] CADModel:165 - CPN selected for project levelSTM32L010K8T6
2026-04-26 11:08:05,851 [INFO] CADModel:114 - Register for checkConnection events
2026-04-26 11:08:05,891 [INFO] OpenFileManager:386 - Restore cursor
2026-04-26 11:11:30,756 [ERROR] LogOutputStream:75 - [STDERR_REDIRECT] 
2026-04-26 11:11:52,822 [INFO] Activator:176 - 


2026-04-26 11:11:52,824 [INFO] Activator:177 - !SESSION log4j initialized
2026-04-26 11:11:56,816 [INFO] LogOutputStream:77 - [STDOUT_REDIRECT] 
2026-04-26 11:12:00,566 [INFO] LogOutputStream:77 - [STDOUT_REDIRECT] 
2026-04-26 11:12:01,090 [ERROR] LogOutputStream:75 - [STDERR_REDIRECT] 
2026-04-26 11:12:01,583 [ERROR] LogOutputStream:75 - [STDERR_REDIRECT] java.net.URISyntaxException: Illegal character in path at index 28: file:/Users/admin/Desktop/My Projects/Bike4u/Programing/.metadata/.log4j2.xml
2026-04-26 11:12:01,586 [ERROR] LogOutputStream:75 - [STDERR_REDIRECT] 	at java.base/java.net.URI$Parser.fail(URI.java:2995)
2026-04-26 11:12:01,588 [ERROR] LogOutputStream:75 - [STDERR_REDIRECT] 	at java.base/java.net.URI$Parser.checkChars(URI.java:3166)
2026-04-26 11:12:01,589 [ERROR] LogOutputStream:75 - [STDERR_REDIRECT] 	at java.base/java.net.URI$Parser.parseHierarchical(URI.java:3248)
2026-04-26 11:12:01,591 [ERROR] LogOutputStream:75 - [STDERR_REDIRECT] 	at java.base/java.net.URI$Parser.parse(URI.java:3196)
2026-04-26 11:12:01,592 [ERROR] LogOutputStream:75 - [STDERR_REDIRECT] 	at java.base/java.net.URI.<init>(URI.java:645)
2026-04-26 11:12:01,594 [ERROR] LogOutputStream:75 - [STDERR_REDIRECT] 	at java.base/java.net.URL.toURI(URL.java:1220)
2026-04-26 11:12:01,596 [ERROR] LogOutputStream:75 - [STDERR_REDIRECT] 	at com.st.stm32cube.common.mx.core.CubeMxInstance.getInstance(CubeMxInstance.java:81)
2026-04-26 11:12:01,597 [ERROR] LogOutputStream:75 - [STDERR_REDIRECT] 	at com.st.stm32cube.common.mx.userauth.UserAuthAdapter.<init>(UserAuthAdapter.java:25)
2026-04-26 11:12:01,599 [ERROR] LogOutputStream:75 - [STDERR_REDIRECT] 	at com.st.stm32cube.common.mx.userauth.UserAuthProvider.getUserAuthAdapter(UserAuthProvider.java:16)
2026-04-26 11:12:01,601 [ERROR] LogOutputStream:75 - [STDERR_REDIRECT] 	at com.st.stm32cube.common.ecosystemintegration.ui.core.MCUEcoSystemIntegrationUiHelper.getUserAuth(MCUEcoSystemIntegrationUiHelper.java:100)
2026-04-26 11:12:01,602 [ERROR] LogOutputStream:75 - [STDERR_REDIRECT] 	at com.st.stm32cube.ide.mcu.userauth.UserAuthStartup.earlyStartup(UserAuthStartup.java:32)
2026-04-26 11:12:01,603 [ERROR] LogOutputStream:75 - [STDERR_REDIRECT] 	at org.eclipse.ui.internal.EarlyStartupRunnable.runEarlyStartup(EarlyStartupRunnable.java:79)
2026-04-26 11:12:01,604 [ERROR] LogOutputStream:75 - [STDERR_REDIRECT] 	at org.eclipse.ui.internal.EarlyStartupRunnable.run(EarlyStartupRunnable.java:55)
2026-04-26 11:12:01,605 [ERROR] LogOutputStream:75 - [STDERR_REDIRECT] 	at org.eclipse.core.runtime.SafeRunner.run(SafeRunner.java:47)
2026-04-26 11:12:01,606 [ERROR] LogOutputStream:75 - [STDERR_REDIRECT] 	at org.eclipse.ui.internal.Workbench$39.run(Workbench.java:2733)
2026-04-26 11:12:01,607 [ERROR] LogOutputStream:75 - [STDERR_REDIRECT] 	at org.eclipse.core.internal.jobs.Worker.run(Worker.java:63)
2026-04-26 11:12:02,070 [INFO] ApplicationProperties:184 - Using Application install path: /Applications/STM32CubeIDE.app/Contents/Eclipse/plugins/com.st.stm32cube.common.mx_6.15.0.202507011659
2026-04-26 11:12:02,087 [INFO] DbMcusXml:78 - Set database path to: /Applications/STM32CubeIDE.app/Contents/Eclipse/plugins/com.st.stm32cube.common.mx_6.15.0.202507011659//db//mcu/
2026-04-26 11:12:02,087 [INFO] ApiDb:274 - Set plugin database path to: /Applications/STM32CubeIDE.app/Contents/Eclipse/plugins/com.st.stm32cube.common.mx_6.15.0.202507011659//db//plugins/boardmanager/
2026-04-26 11:12:02,088 [WARN] ApiDb:259 - Overriding images path with different value:  => /Applications/STM32CubeIDE.app/Contents/Eclipse/plugins/com.st.stm32cube.common.mx_6.15.0.202507011659//db//plugins/mcufinder/images/
2026-04-26 11:12:02,093 [INFO] ApiDb:250 - Set database path to: /Users/admin/.stmcufinder/plugins/mcufinder//mcu/
2026-04-26 11:12:02,095 [INFO] DbMcusAds:125 - Set database path to: /Users/admin/.stmcufinder/plugins/mcufinder//mcu/
2026-04-26 11:12:02,098 [INFO] CrossReferenceDbSqlite:203 - Set database path to: /Users/admin/.stmcufinder/plugins/mcufinder//mcu/cs/
2026-04-26 11:12:02,278 [INFO] RulesReader:64 - Compatibility file has been processed (317 Rules)
2026-04-26 11:12:02,349 [INFO] DbMcusXml:78 - Set database path to: /Applications/STM32CubeIDE.app/Contents/Eclipse/plugins/com.st.stm32cube.common.mx_6.15.0.202507011659//db//mcu/
2026-04-26 11:12:02,349 [INFO] ApiDb:274 - Set plugin database path to: /Applications/STM32CubeIDE.app/Contents/Eclipse/plugins/com.st.stm32cube.common.mx_6.15.0.202507011659//db//plugins/boardmanager/
2026-04-26 11:12:02,349 [INFO] ApiDb:261 - Set plugin images path to: /Applications/STM32CubeIDE.app/Contents/Eclipse/plugins/com.st.stm32cube.common.mx_6.15.0.202507011659//db//plugins/mcufinder/images/
2026-04-26 11:12:02,349 [WARN] DbFile:41 - Overriding database path with different value: /Users/admin/.stmcufinder/plugins/mcufinder/ => /Users/admin/.stmcufinder/plugins/mcufinder
2026-04-26 11:12:02,349 [INFO] ApiDb:250 - Set database path to: /Users/admin/.stmcufinder/plugins/mcufinder//mcu/
2026-04-26 11:12:02,349 [WARN] DbFile:41 - Overriding database path with different value: /Users/admin/.stmcufinder/plugins/mcufinder/ => /Users/admin/.stmcufinder/plugins/mcufinder
2026-04-26 11:12:02,350 [INFO] DbMcusAds:125 - Set database path to: /Users/admin/.stmcufinder/plugins/mcufinder//mcu/
2026-04-26 11:12:02,350 [WARN] DbFile:41 - Overriding database path with different value: /Users/admin/.stmcufinder/plugins/mcufinder/ => /Users/admin/.stmcufinder/plugins/mcufinder
2026-04-26 11:12:02,350 [WARN] DbFile:41 - Overriding database path with different value: /Users/admin/.stmcufinder/plugins/mcufinder/ => /Users/admin/.stmcufinder/plugins/mcufinder
2026-04-26 11:12:02,350 [INFO] CrossReferenceDbSqlite:203 - Set database path to: /Users/admin/.stmcufinder/plugins/mcufinder//mcu/cs/
2026-04-26 11:12:02,438 [INFO] MainPanel:274 - HeapMemory: 268435456
2026-04-26 11:12:02,751 [INFO] DbMcusXml:78 - Set database path to: /Applications/STM32CubeIDE.app/Contents/Eclipse/plugins/com.st.stm32cube.common.mx_6.15.0.202507011659//db//mcu/
2026-04-26 11:12:02,751 [INFO] ApiDb:274 - Set plugin database path to: /Applications/STM32CubeIDE.app/Contents/Eclipse/plugins/com.st.stm32cube.common.mx_6.15.0.202507011659//db//plugins/boardmanager/
2026-04-26 11:12:02,751 [INFO] ApiDb:261 - Set plugin images path to: /Applications/STM32CubeIDE.app/Contents/Eclipse/plugins/com.st.stm32cube.common.mx_6.15.0.202507011659//db//plugins/mcufinder/images/
2026-04-26 11:12:02,751 [WARN] DbFile:41 - Overriding database path with different value: /Users/admin/.stmcufinder/plugins/mcufinder/ => /Users/admin/.stmcufinder/plugins/mcufinder
2026-04-26 11:12:02,752 [INFO] ApiDb:250 - Set database path to: /Users/admin/.stmcufinder/plugins/mcufinder//mcu/
2026-04-26 11:12:02,752 [WARN] DbFile:41 - Overriding database path with different value: /Users/admin/.stmcufinder/plugins/mcufinder/ => /Users/admin/.stmcufinder/plugins/mcufinder
2026-04-26 11:12:02,752 [INFO] DbMcusAds:125 - Set database path to: /Users/admin/.stmcufinder/plugins/mcufinder//mcu/
2026-04-26 11:12:02,752 [WARN] DbFile:41 - Overriding database path with different value: /Users/admin/.stmcufinder/plugins/mcufinder/ => /Users/admin/.stmcufinder/plugins/mcufinder
2026-04-26 11:12:02,752 [WARN] DbFile:41 - Overriding database path with different value: /Users/admin/.stmcufinder/plugins/mcufinder/ => /Users/admin/.stmcufinder/plugins/mcufinder
2026-04-26 11:12:02,752 [INFO] CrossReferenceDbSqlite:203 - Set database path to: /Users/admin/.stmcufinder/plugins/mcufinder//mcu/cs/
2026-04-26 11:12:02,768 [INFO] ApplicationProperties:184 - Using Application install path: /Applications/STM32CubeIDE.app/Contents/Eclipse/plugins/com.st.stm32cube.common.mx_6.15.0.202507011659
2026-04-26 11:12:02,770 [INFO] PluginManage:196 - Search for loadable plugins [exclusion list=, ]
2026-04-26 11:12:02,772 [INFO] PluginManage:310 - Check plugin analytics
2026-04-26 11:12:03,021 [INFO] AnalyticsPlugin:253 - Accepted Software Licenses: 
2026-04-26 11:12:03,021 [INFO] AnalyticsPlugin:255 - Accepted CMSIS Pack Licenses: Infineon.AIROC-Wi-Fi-Bluetooth-STM32.1.6.0,STMicroelectronics.X-CUBE-BLE1.7.0.0
2026-04-26 11:12:03,022 [INFO] AnalyticsPlugin:257 - Accepted Firmware Licenses: FW.G0.1.6.0,FW.WB.1.19.0,FW.WB.1.21.0
2026-04-26 11:12:03,027 [INFO] PluginManage:359 - Loaded plugin analytics (category:tool,tabindex:-1)
2026-04-26 11:12:03,028 [INFO] PluginManage:310 - Check plugin cadmodel
2026-04-26 11:12:03,039 [INFO] CADModel:105 - Init CAD model plugin
2026-04-26 11:12:03,040 [INFO] PluginManage:359 - Loaded plugin cadmodel (category:power,tabindex:5)
2026-04-26 11:12:03,040 [INFO] PluginManage:310 - Check plugin clock
2026-04-26 11:12:03,052 [INFO] PluginManage:359 - Loaded plugin clock (category:base,tabindex:2)
2026-04-26 11:12:03,053 [INFO] PluginManage:310 - Check plugin ddr
2026-04-26 11:12:03,058 [INFO] PluginManage:359 - Loaded plugin ddr (category:tool,tabindex:6)
2026-04-26 11:12:03,059 [INFO] PluginManage:310 - Check plugin filemanager
2026-04-26 11:12:03,266 [INFO] PluginManage:359 - Loaded plugin filemanager (category:base,tabindex:10)
2026-04-26 11:12:03,266 [INFO] PluginManage:310 - Check plugin ipmanager
2026-04-26 11:12:03,274 [INFO] PluginManage:359 - Loaded plugin ipmanager (category:base,tabindex:5)
2026-04-26 11:12:03,274 [INFO] PluginManage:310 - Check plugin lpbam
2026-04-26 11:12:03,285 [INFO] PluginManage:359 - Loaded plugin lpbam (category:base,tabindex:0)
2026-04-26 11:12:03,285 [INFO] PluginManage:310 - Check plugin memorymap
2026-04-26 11:12:03,303 [INFO] PluginManage:359 - Loaded plugin memorymap (category:base,tabindex:4)
2026-04-26 11:12:03,303 [INFO] PluginManage:310 - Check plugin pinoutandconfiguration
2026-04-26 11:12:03,313 [INFO] PluginManage:359 - Loaded plugin pinoutandconfiguration (category:base,tabindex:1)
2026-04-26 11:12:03,314 [INFO] PluginManage:310 - Check plugin pinoutconfig
2026-04-26 11:12:03,418 [WARN] SupportedApi:132 - Cannot load RTOS API schema: s4s-elt-must-match.1: The content of 'definitions' must match (annotation?, (simpleType | complexType)?, (unique | key | keyref)*)). A problem was found starting at: attribute.
2026-04-26 11:12:03,553 [INFO] PluginManage:359 - Loaded plugin pinoutconfig (category:base,tabindex:0)
2026-04-26 11:12:03,554 [INFO] PluginManage:310 - Check plugin power
2026-04-26 11:12:03,564 [INFO] PluginManage:359 - Loaded plugin power (category:power,tabindex:4)
2026-04-26 11:12:03,564 [INFO] PluginManage:310 - Check plugin projectmanager
2026-04-26 11:12:03,580 [INFO] PluginManage:359 - Loaded plugin projectmanager (category:projectmanager,tabindex:4)
2026-04-26 11:12:03,580 [INFO] PluginManage:310 - Check plugin rif
2026-04-26 11:12:03,590 [INFO] PluginManage:359 - Loaded plugin rif (category:base,tabindex:3)
2026-04-26 11:12:03,591 [INFO] PluginManage:310 - Check plugin thirdparty
2026-04-26 11:12:03,717 [WARN] IntegrityCheckThread:84 - waiting for thirdparty lock release [integrity check]
2026-04-26 11:12:03,717 [INFO] PluginManage:359 - Loaded plugin thirdparty (category:base,tabindex:-1)
2026-04-26 11:12:03,717 [INFO] IntegrityCheckThread:86 - entering critical section [integrity check]
2026-04-26 11:12:03,717 [INFO] PluginManage:310 - Check plugin tools
2026-04-26 11:12:03,718 [INFO] ThirdPartyUpdaterWithRetryManager:70 - Updater plugin not ready yet. [1/15]
2026-04-26 11:12:03,720 [INFO] PluginManage:359 - Loaded plugin tools (category:base,tabindex:7)
2026-04-26 11:12:03,720 [INFO] PluginManage:310 - Check plugin tutovideos
2026-04-26 11:12:03,980 [INFO] PluginManage:359 - Loaded plugin tutovideos (category:base,tabindex:-1)
2026-04-26 11:12:03,980 [INFO] PluginManage:310 - Check plugin updater
2026-04-26 11:12:04,002 [INFO] PluginManage:359 - Loaded plugin updater (category:base,tabindex:12)
2026-04-26 11:12:04,003 [INFO] PluginManage:310 - Check plugin userauth
2026-04-26 11:12:04,007 [INFO] UserAuth:118 - Init User Auth plugin
2026-04-26 11:12:04,008 [INFO] PluginManage:359 - Loaded plugin userauth (category:base,tabindex:14)
2026-04-26 11:12:04,008 [INFO] PluginManage:283 - PluginManage : Loaded plugins [18]
2026-04-26 11:12:04,195 [INFO] PinOutPanel:1589 - setPackage(No Configuration,No Configuration)
2026-04-26 11:12:04,270 [INFO] CADModel:165 - CPN selected for project level
2026-04-26 11:12:04,271 [INFO] CADModel:114 - Register for checkConnection events
2026-04-26 11:12:04,285 [INFO] IPUIPlugin:80 - create IPUIPlugin
2026-04-26 11:12:04,285 [INFO] PluginManager:220 - loadIPPluginJar : add mdma
2026-04-26 11:12:04,295 [INFO] IPUIPlugin:80 - create IPUIPlugin
2026-04-26 11:12:04,295 [INFO] PluginManager:220 - loadIPPluginJar : add freertos
2026-04-26 11:12:04,303 [INFO] IPUIPlugin:80 - create IPUIPlugin
2026-04-26 11:12:04,303 [INFO] PluginManager:220 - loadIPPluginJar : add gic
2026-04-26 11:12:04,313 [INFO] IPUIPlugin:80 - create IPUIPlugin
2026-04-26 11:12:04,313 [INFO] PluginManager:220 - loadIPPluginJar : add adc
2026-04-26 11:12:04,316 [INFO] IPUIPlugin:80 - create IPUIPlugin
2026-04-26 11:12:04,316 [INFO] PluginManager:220 - loadIPPluginJar : add gtzc
2026-04-26 11:12:04,317 [INFO] IPUIPlugin:80 - create IPUIPlugin
2026-04-26 11:12:04,318 [INFO] PluginManager:220 - loadIPPluginJar : add quadspi
2026-04-26 11:12:04,320 [INFO] IPUIPlugin:80 - create IPUIPlugin
2026-04-26 11:12:04,320 [INFO] PluginManager:220 - loadIPPluginJar : add aes
2026-04-26 11:12:04,323 [INFO] IPUIPlugin:80 - create IPUIPlugin
2026-04-26 11:12:04,323 [INFO] PluginManager:220 - loadIPPluginJar : add pdm2pcm
2026-04-26 11:12:04,324 [INFO] IPUIPlugin:80 - create IPUIPlugin
2026-04-26 11:12:04,324 [INFO] PluginManager:220 - loadIPPluginJar : add hash
2026-04-26 11:12:04,325 [INFO] IPUIPlugin:80 - create IPUIPlugin
2026-04-26 11:12:04,325 [INFO] PluginManager:220 - loadIPPluginJar : add tim
2026-04-26 11:12:04,326 [INFO] IPUIPlugin:80 - create IPUIPlugin
2026-04-26 11:12:04,326 [INFO] PluginManager:220 - loadIPPluginJar : add tsc
2026-04-26 11:12:04,329 [INFO] IPUIPlugin:80 - create IPUIPlugin
2026-04-26 11:12:04,329 [INFO] PluginManager:220 - loadIPPluginJar : add extmemmanager
2026-04-26 11:12:04,331 [INFO] IPUIPlugin:80 - create IPUIPlugin
2026-04-26 11:12:04,331 [INFO] PluginManager:220 - loadIPPluginJar : add ts
2026-04-26 11:12:04,332 [INFO] IPUIPlugin:80 - create IPUIPlugin
2026-04-26 11:12:04,332 [INFO] PluginManager:220 - loadIPPluginJar : add radio
2026-04-26 11:12:04,335 [INFO] IPUIPlugin:80 - create IPUIPlugin
2026-04-26 11:12:04,335 [INFO] PluginManager:220 - loadIPPluginJar : add can
2026-04-26 11:12:04,336 [INFO] IPUIPlugin:80 - create IPUIPlugin
2026-04-26 11:12:04,337 [INFO] PluginManager:220 - loadIPPluginJar : add dma3
2026-04-26 11:12:04,338 [INFO] IPUIPlugin:80 - create IPUIPlugin
2026-04-26 11:12:04,339 [INFO] PluginManager:220 - loadIPPluginJar : add dfsdm
2026-04-26 11:12:04,340 [INFO] IPUIPlugin:80 - create IPUIPlugin
2026-04-26 11:12:04,340 [INFO] PluginManager:220 - loadIPPluginJar : add spi
2026-04-26 11:12:04,342 [INFO] IPUIPlugin:80 - create IPUIPlugin
2026-04-26 11:12:04,343 [INFO] PluginManager:220 - loadIPPluginJar : add gfxmmu
2026-04-26 11:12:04,343 [INFO] IPUIPlugin:80 - create IPUIPlugin
2026-04-26 11:12:04,343 [INFO] PluginManager:220 - loadIPPluginJar : add genericplugin
2026-04-26 11:12:04,345 [INFO] IPUIPlugin:80 - create IPUIPlugin
2026-04-26 11:12:04,345 [INFO] PluginManager:220 - loadIPPluginJar : add cryp
2026-04-26 11:12:04,349 [INFO] IPUIPlugin:80 - create IPUIPlugin
2026-04-26 11:12:04,349 [INFO] PluginManager:220 - loadIPPluginJar : add gpio
2026-04-26 11:12:04,352 [INFO] IPUIPlugin:80 - create IPUIPlugin
2026-04-26 11:12:04,352 [INFO] PluginManager:220 - loadIPPluginJar : add ddr_ctrl_phy
2026-04-26 11:12:04,354 [INFO] IPUIPlugin:80 - create IPUIPlugin
2026-04-26 11:12:04,354 [INFO] PluginManager:220 - loadIPPluginJar : add comp
2026-04-26 11:12:04,355 [INFO] IPUIPlugin:80 - create IPUIPlugin
2026-04-26 11:12:04,356 [INFO] PluginManager:220 - loadIPPluginJar : add tracer_emb
2026-04-26 11:12:04,358 [INFO] IPUIPlugin:80 - create IPUIPlugin
2026-04-26 11:12:04,359 [INFO] PluginManager:220 - loadIPPluginJar : add openamp
2026-04-26 11:12:04,365 [INFO] IPUIPlugin:80 - create IPUIPlugin
2026-04-26 11:12:04,365 [INFO] PluginManager:220 - loadIPPluginJar : add stm32_wpan
2026-04-26 11:12:04,370 [INFO] IPUIPlugin:80 - create IPUIPlugin
2026-04-26 11:12:04,372 [INFO] PluginManager:220 - loadIPPluginJar : add plateformsettings
2026-04-26 11:12:04,376 [INFO] IPUIPlugin:80 - create IPUIPlugin
2026-04-26 11:12:04,376 [INFO] PluginManager:220 - loadIPPluginJar : add ipddr
2026-04-26 11:12:04,379 [INFO] IPUIPlugin:80 - create IPUIPlugin
2026-04-26 11:12:04,379 [INFO] PluginManager:220 - loadIPPluginJar : add usart
2026-04-26 11:12:04,380 [INFO] IPUIPlugin:80 - create IPUIPlugin
2026-04-26 11:12:04,380 [INFO] PluginManager:220 - loadIPPluginJar : add ltdc
2026-04-26 11:12:04,384 [INFO] IPUIPlugin:80 - create IPUIPlugin
2026-04-26 11:12:04,384 [INFO] PluginManager:220 - loadIPPluginJar : add nvic
2026-04-26 11:12:04,386 [INFO] IPUIPlugin:80 - create IPUIPlugin
2026-04-26 11:12:04,386 [INFO] PluginManager:220 - loadIPPluginJar : add fatfs
2026-04-26 11:12:04,394 [INFO] IPUIPlugin:80 - create IPUIPlugin
2026-04-26 11:12:04,394 [INFO] PluginManager:220 - loadIPPluginJar : add linkedlist
2026-04-26 11:12:04,400 [INFO] IPUIPlugin:80 - create IPUIPlugin
2026-04-26 11:12:04,400 [INFO] PluginManager:220 - loadIPPluginJar : add dma
2026-04-26 11:12:04,404 [INFO] IPUIPlugin:80 - create IPUIPlugin
2026-04-26 11:12:04,404 [INFO] PluginManager:220 - loadIPPluginJar : add fmc
2026-04-26 11:12:04,406 [INFO] IPUIPlugin:80 - create IPUIPlugin
2026-04-26 11:12:04,406 [INFO] PluginManager:220 - loadIPPluginJar : add i2s
2026-04-26 11:12:04,407 [INFO] IPUIPlugin:80 - create IPUIPlugin
2026-04-26 11:12:04,407 [INFO] PluginManager:220 - loadIPPluginJar : add ucpd
2026-04-26 11:12:04,408 [INFO] IPUIPlugin:80 - create IPUIPlugin
2026-04-26 11:12:04,409 [INFO] PluginManager:220 - loadIPPluginJar : add lorawan
2026-04-26 11:12:04,411 [INFO] IPUIPlugin:80 - create IPUIPlugin
2026-04-26 11:12:04,411 [INFO] PluginManager:220 - loadIPPluginJar : add opamp
2026-04-26 11:12:04,415 [INFO] IPUIPlugin:80 - create IPUIPlugin
2026-04-26 11:12:04,415 [INFO] PluginManager:220 - loadIPPluginJar : add i3c
2026-04-26 11:12:04,420 [INFO] IPUIPlugin:80 - create IPUIPlugin
2026-04-26 11:12:04,420 [INFO] PluginManager:220 - loadIPPluginJar : add touchsensing
2026-04-26 11:12:04,423 [INFO] IPUIPlugin:80 - create IPUIPlugin
2026-04-26 11:12:04,424 [INFO] PluginManager:220 - loadIPPluginJar : add i2c
2026-04-26 11:12:04,428 [INFO] IPUIPlugin:80 - create IPUIPlugin
2026-04-26 11:12:04,428 [INFO] PluginManager:220 - loadIPPluginJar : add resmgrutility
2026-04-26 11:12:04,430 [INFO] IPUIPlugin:80 - create IPUIPlugin
2026-04-26 11:12:04,430 [INFO] PluginManager:220 - loadIPPluginJar : add sai
2026-04-26 11:12:04,433 [INFO] IPUIPlugin:80 - create IPUIPlugin
2026-04-26 11:12:04,434 [INFO] PluginManager:220 - loadIPPluginJar : add usbx
2026-04-26 11:12:04,537 [FATAL] Updater:351 - Updater called before beeing initialized
2026-04-26 11:12:04,573 [INFO] RulesReader:64 - Compatibility file has been processed (317 Rules)
2026-04-26 11:12:04,586 [INFO] RulesReader:64 - Compatibility file has been processed (317 Rules)
2026-04-26 11:12:04,593 [INFO] CADModel:165 - CPN selected for project level
2026-04-26 11:12:04,593 [INFO] CADModel:114 - Register for checkConnection events
2026-04-26 11:12:04,593 [FATAL] Updater:351 - Updater called before beeing initialized
2026-04-26 11:12:04,593 [ERROR] CADModel:125 - Updater not yet initialized, retry later 
2026-04-26 11:12:04,795 [FATAL] Updater:351 - Updater called before beeing initialized
2026-04-26 11:12:04,797 [INFO] CADModel:165 - CPN selected for project level
2026-04-26 11:12:04,798 [INFO] CADModel:114 - Register for checkConnection events
2026-04-26 11:12:04,798 [FATAL] Updater:351 - Updater called before beeing initialized
2026-04-26 11:12:04,798 [ERROR] CADModel:125 - Updater not yet initialized, retry later 
2026-04-26 11:12:04,802 [FATAL] Updater:351 - Updater called before beeing initialized
2026-04-26 11:12:04,907 [FATAL] Updater:351 - Updater called before beeing initialized
2026-04-26 11:12:04,913 [INFO] DbMcusAds:53 - JSON generation date=Tue Apr 07 10:33:18 EEST 2026 (1775547198697)
2026-04-26 11:12:04,914 [FATAL] Updater:351 - Updater called before beeing initialized
2026-04-26 11:12:04,970 [WARN] DetailPanel:346 - Failed to get advertising image, set to default
2026-04-26 11:12:05,070 [FATAL] Updater:351 - Updater called before beeing initialized
2026-04-26 11:12:05,072 [FATAL] Updater:351 - Updater called before beeing initialized
2026-04-26 11:12:05,072 [FATAL] Updater:351 - Updater called before beeing initialized
2026-04-26 11:12:05,072 [WARN] DetailPanel:346 - Failed to get advertising image, set to default
2026-04-26 11:12:05,073 [FATAL] Updater:351 - Updater called before beeing initialized
2026-04-26 11:12:05,106 [ERROR] Updater:1198 - MainUpdater not yet initialized. External WinMGr cannot be set.
2026-04-26 11:12:05,108 [INFO] Updater:1134 - Updater Version found : 6.15.0
2026-04-26 11:12:05,131 [INFO] ApplicationProperties:184 - Using Application install path: /Applications/STM32CubeIDE.app/Contents/Eclipse/plugins/com.st.stm32cube.common.mx_6.15.0.202507011659
2026-04-26 11:12:05,788 [INFO] MainUpdater:2872 - connection check result : 10
2026-04-26 11:12:05,789 [INFO] MainUpdater:289 - Updater Check For Update Now.
2026-04-26 11:12:05,789 [INFO] MicroXplorer:498 - Change Database Version : DB.6.0.150
2026-04-26 11:12:05,794 [INFO] McuFinderGlobals:63 - Set McuFinder mode to 2 (CubeIDE integrated)
2026-04-26 11:12:05,795 [INFO] UserAuth:487 - Internet connection configuration mode: 1
2026-04-26 11:12:05,814 [INFO] JxBrowserEngine:152 - Initiate JxBrowser Engine with user profile folder
2026-04-26 11:12:06,005 [INFO] CheckServerUpdateThread:120 - End of CheckServer Thread
2026-04-26 11:12:07,185 [INFO] WebApp:169 - Instantiating new browser for Auth
2026-04-26 11:12:07,209 [WARN] PackLoader:240 - Cannot read IP mode file for STMicroelectronics.X-CUBE-AZRTOS-H7.3.5.0
2026-04-26 11:12:07,241 [WARN] PackLoader:240 - Cannot read IP mode file for STMicroelectronics.FP-SNS-MOTENVWB1.1.4.0
2026-04-26 11:12:07,261 [WARN] PackLoader:240 - Cannot read IP mode file for STMicroelectronics.FP-ATR-ASTRA1.2.0.2
2026-04-26 11:12:07,283 [WARN] PackLoader:240 - Cannot read IP mode file for STMicroelectronics.FP-ATR-ASTRA1.2.0.1
2026-04-26 11:12:07,298 [WARN] PackLoader:240 - Cannot read IP mode file for STMicroelectronics.X-CUBE-SMBUS.2.1.0
2026-04-26 11:12:07,322 [WARN] PackLoader:240 - Cannot read IP mode file for STMicroelectronics.X-CUBE-WB05N.1.1.0
2026-04-26 11:12:07,341 [WARN] PackLoader:240 - Cannot read IP mode file for STMicroelectronics.X-CUBE-ST60.1.0.0
2026-04-26 11:12:07,362 [WARN] PackLoader:240 - Cannot read IP mode file for STMicroelectronics.X-CUBE-TOUCHGFX.4.23.2
2026-04-26 11:12:07,399 [WARN] PackLoader:240 - Cannot read IP mode file for STMicroelectronics.X-CUBE-AZRTOS-F7.1.1.0
2026-04-26 11:12:07,412 [WARN] PackLoader:240 - Cannot read IP mode file for STMicroelectronics.FP-SNS-MOTENV1.4.3.2
2026-04-26 11:12:07,472 [WARN] PackLoader:240 - Cannot read IP mode file for STMicroelectronics.X-CUBE-MEMS1.11.0.0
2026-04-26 11:12:07,663 [WARN] PackLoader:240 - Cannot read IP mode file for STMicroelectronics.FP-SNS-MOTENV1.5.1.0
2026-04-26 11:12:07,671 [WARN] PackLoader:240 - Cannot read IP mode file for STMicroelectronics.FP-SNS-FLIGHT1.5.0.2
2026-04-26 11:12:07,708 [WARN] PackLoader:240 - Cannot read IP mode file for STMicroelectronics.X-CUBE-AZRTOS-H7.3.4.0
2026-04-26 11:12:07,721 [WARN] PackLoader:240 - Cannot read IP mode file for STMicroelectronics.X-CUBE-DISPLAY.3.0.0
2026-04-26 11:12:07,731 [WARN] PackLoader:240 - Cannot read IP mode file for STMicroelectronics.FP-SNS-MOTENVWB1.1.5.0
2026-04-26 11:12:07,738 [WARN] PackLoader:240 - Cannot read IP mode file for STMicroelectronics.X-CUBE-BLE1.7.0.0
2026-04-26 11:12:07,869 [WARN] PackLoader:240 - Cannot read IP mode file for STMicroelectronics.X-CUBE-NFC10.1.0.0
2026-04-26 11:12:07,885 [WARN] PackLoader:240 - Cannot read IP mode file for STMicroelectronics.X-CUBE-BLEMGR.4.0.0
2026-04-26 11:12:07,894 [WARN] PackLoader:240 - Cannot read IP mode file for STMicroelectronics.X-CUBE-ST60.1.1.0
2026-04-26 11:12:07,901 [WARN] PackLoader:240 - Cannot read IP mode file for emotas.I-CUBE-CANOPEN.1.3.0
2026-04-26 11:12:07,907 [WARN] PackLoader:240 - Cannot read IP mode file for STMicroelectronics.X-CUBE-GNSS1.7.1.0
2026-04-26 11:12:07,930 [WARN] PackLoader:240 - Cannot read IP mode file for STMicroelectronics.X-CUBE-BLEMGR.3.1.0
2026-04-26 11:12:07,938 [WARN] PackLoader:240 - Cannot read IP mode file for STMicroelectronics.X-CUBE-AI.10.0.0
2026-04-26 11:12:07,950 [WARN] PackLoader:240 - Cannot read IP mode file for STMicroelectronics.FP-SNS-STBOX1.2.1.0
2026-04-26 11:12:07,956 [WARN] PackLoader:240 - Cannot read IP mode file for STMicroelectronics.FP-SNS-SMARTAG2.1.2.0
2026-04-26 11:12:07,961 [WARN] PackLoader:240 - Cannot read IP mode file for STMicroelectronics.FP-SNS-FLIGHT1.5.1.0
2026-04-26 11:12:08,010 [WARN] PackLoader:240 - Cannot read IP mode file for STMicroelectronics.X-CUBE-MEMS1.11.1.0
2026-04-26 11:12:08,191 [INFO] LogOutputStream:77 - [STDOUT_REDIRECT] 1 : Invalid condition id : UX_CORESTACK_Condition cause : null
2026-04-26 11:12:08,192 [INFO] LogOutputStream:77 - [STDOUT_REDIRECT] 1 : Invalid condition id : UX_CORESTACK_Condition cause : null
2026-04-26 11:12:08,192 [INFO] LogOutputStream:77 - [STDOUT_REDIRECT] 1 : Invalid condition id : UX_CORESTACK_Condition cause : null
2026-04-26 11:12:08,192 [INFO] LogOutputStream:77 - [STDOUT_REDIRECT] 1 : Invalid condition id : UX_CORESTACK_Condition cause : null
2026-04-26 11:12:08,192 [INFO] LogOutputStream:77 - [STDOUT_REDIRECT] 1 : Invalid condition id : UX_CORESTACK_Condition cause : null
2026-04-26 11:12:08,196 [WARN] PackLoader:240 - Cannot read IP mode file for STMicroelectronics.X-CUBE-AZRTOS-WL.2.0.0
2026-04-26 11:12:08,208 [WARN] PackLoader:240 - Cannot read IP mode file for STMicroelectronics.FP-SNS-MOTENV1.5.0.0
2026-04-26 11:12:08,250 [WARN] PackLoader:240 - Cannot read IP mode file for STMicroelectronics.X-CUBE-AZRTOS-H7RS.1.2.0
2026-04-26 11:12:08,264 [WARN] PackLoader:240 - Cannot read IP mode file for wolfSSL.I-CUBE-wolfMQTT.1.19.0
2026-04-26 11:12:08,276 [INFO] WebApp:463 - Apply proxy settings
2026-04-26 11:12:08,279 [WARN] PackLoader:240 - Cannot read IP mode file for WES.I-CUBE-Cesium.1.3.0
2026-04-26 11:12:08,283 [INFO] WebApp:508 - Chromium authenticates against Manually configured proxy
2026-04-26 11:12:08,287 [WARN] PackLoader:240 - Cannot read IP mode file for STMicroelectronics.X-CUBE-BLE2.3.3.0
2026-04-26 11:12:08,297 [INFO] WebApp:516 - Username used for proxy authentication: 
2026-04-26 11:12:08,313 [WARN] PackLoader:240 - Cannot read IP mode file for STMicroelectronics.X-CUBE-NFC9.1.0.0
2026-04-26 11:12:08,325 [WARN] PackLoader:240 - Cannot read IP mode file for STMicroelectronics.X-CUBE-BLE1.7.1.0
2026-04-26 11:12:08,336 [WARN] PackLoader:240 - Cannot read IP mode file for STMicroelectronics.X-CUBE-TCPP.4.1.0
2026-04-26 11:12:08,345 [WARN] PackLoader:240 - Cannot read IP mode file for STMicroelectronics.X-CUBE-FREERTOS.1.4.0
2026-04-26 11:12:08,355 [WARN] PackLoader:240 - Cannot read IP mode file for STMicroelectronics.X-CUBE-EEPRMA1.5.2.0
2026-04-26 11:12:08,364 [INFO] WebApp:900 - Register for checkConnection events
2026-04-26 11:12:08,365 [INFO] WebApp:463 - Apply proxy settings
2026-04-26 11:12:08,365 [WARN] PackLoader:240 - Cannot read IP mode file for STMicroelectronics.X-CUBE-ST67W61.1.1.0
2026-04-26 11:12:08,367 [INFO] WebApp:508 - Chromium authenticates against Manually configured proxy
2026-04-26 11:12:08,368 [INFO] WebApp:516 - Username used for proxy authentication: 
2026-04-26 11:12:08,372 [WARN] PackLoader:240 - Cannot read IP mode file for STMicroelectronics.X-CUBE-AI.10.1.0
2026-04-26 11:12:08,422 [WARN] PackLoader:240 - Cannot read IP mode file for STMicroelectronics.X-CUBE-MEMS1.12.0.0
2026-04-26 11:12:08,525 [WARN] PackLoader:240 - Cannot read IP mode file for STMicroelectronics.X-CUBE-ALGOBUILD.1.3.0
2026-04-26 11:12:08,541 [INFO] WebApp:191 - Connection restablished
2026-04-26 11:12:08,680 [WARN] PackLoader:240 - Cannot read IP mode file for STMicroelectronics.X-CUBE-MEMS1.11.2.0
2026-04-26 11:12:08,884 [WARN] PackLoader:240 - Cannot read IP mode file for STMicroelectronics.X-CUBE-AZRTOS-G0.1.1.0
2026-04-26 11:12:08,895 [WARN] PackLoader:240 - Cannot read IP mode file for STMicroelectronics.X-CUBE-SAFEA1.1.2.2
2026-04-26 11:12:08,903 [WARN] PackLoader:240 - Cannot read IP mode file for STMicroelectronics.X-CUBE-NFC4.3.0.0
2026-04-26 11:12:08,922 [WARN] PackLoader:240 - Cannot read IP mode file for EmbeddedOffice.I-CUBE-FS-RTOS.1.0.1
2026-04-26 11:12:08,941 [WARN] PackLoader:240 - Cannot read IP mode file for STMicroelectronics.X-CUBE-WB05N.2.0.0
2026-04-26 11:12:08,963 [WARN] PackLoader:240 - Cannot read IP mode file for STMicroelectronics.X-CUBE-TCPP.4.2.0
2026-04-26 11:12:08,979 [WARN] PackLoader:240 - Cannot read IP mode file for RealThread.X-CUBE-RT-Thread_Nano.4.1.1
2026-04-26 11:12:09,011 [WARN] PackLoader:240 - Cannot read IP mode file for wolfSSL.I-CUBE-wolfSSL.5.7.0
2026-04-26 11:12:09,027 [WARN] PackLoader:240 - Cannot read IP mode file for STMicroelectronics.FP-ATR-SIGFOX1.3.2.0
2026-04-26 11:12:09,042 [WARN] ConditionMgr:438 - getConditionDescription Invalid condition id : Cortex-A Device cause : null
2026-04-26 11:12:09,051 [INFO] WebApp:225 - Starting web application
2026-04-26 11:12:09,051 [INFO] WebApp:593 - Web application path used /Applications/STM32CubeIDE.app/Contents/Eclipse/plugins/com.st.stm32cube.common.mx_6.15.0.202507011659/db/plugins/mcufinder/reactClient1/index.html
2026-04-26 11:12:09,051 [WARN] ConditionMgr:1044 - genDependencies : Invalid condition id : Cortex-A Device cause : null
2026-04-26 11:12:09,079 [WARN] ConditionMgr:1044 - genDependencies : Invalid condition id : Cortex-A Device cause : null
2026-04-26 11:12:09,080 [WARN] ConditionMgr:1044 - genDependencies : Invalid condition id : Cortex-A Device cause : null
2026-04-26 11:12:09,095 [WARN] PackLoader:240 - Cannot read IP mode file for STMicroelectronics.X-CUBE-EEPRMA1.5.1.0
2026-04-26 11:12:09,125 [WARN] PackLoader:240 - Cannot read IP mode file for STMicroelectronics.X-CUBE-FREERTOS.1.5.0
2026-04-26 11:12:09,133 [WARN] PackLoader:240 - Cannot read IP mode file for ITTIA_DB.I-CUBE-ITTIADB.8.9.0
2026-04-26 11:12:09,140 [WARN] PackLoader:240 - Cannot read IP mode file for STMicroelectronics.X-CUBE-NFC6.3.2.0
2026-04-26 11:12:09,149 [WARN] PackLoader:240 - Cannot read IP mode file for STMicroelectronics.X-CUBE-ST67W61.1.0.0
2026-04-26 11:12:09,155 [WARN] PackLoader:240 - Cannot read IP mode file for STMicroelectronics.X-CUBE-AI.10.2.0
2026-04-26 11:12:09,211 [INFO] UserAuth:487 - Internet connection configuration mode: 1
2026-04-26 11:12:09,213 [WARN] PackLoader:240 - Cannot read IP mode file for SEGGER.I-CUBE-embOS.1.3.1
2026-04-26 11:12:09,294 [WARN] PackLoader:240 - Cannot read IP mode file for STMicroelectronics.X-CUBE-ALGOBUILD.1.4.0
2026-04-26 11:12:09,341 [WARN] PackLoader:240 - Cannot read IP mode file for STMicroelectronics.X-CUBE-MEMS1.11.3.0
2026-04-26 11:12:09,494 [WARN] PackLoader:240 - Cannot read IP mode file for STMicroelectronics.X-CUBE-AI.9.1.0
2026-04-26 11:12:09,501 [WARN] PackLoader:240 - Cannot read IP mode file for STMicroelectronics.X-CUBE-PM33A1.1.0.0
2026-04-26 11:12:09,513 [WARN] PackLoader:240 - Cannot read IP mode file for STMicroelectronics.X-CUBE-GNSS1.6.0.0
2026-04-26 11:12:09,536 [WARN] PackLoader:240 - Cannot read IP mode file for STMicroelectronics.X-CUBE-AZRTOS-F4.1.1.0
2026-04-26 11:12:09,544 [WARN] PackLoader:240 - Cannot read IP mode file for Avnet-IotConnect.X-CUBE-IoTC-DA16k-PMOD.1.0.0
2026-04-26 11:12:09,549 [WARN] PackLoader:240 - Cannot read IP mode file for STMicroelectronics.X-CUBE-ISPU.2.1.0
2026-04-26 11:12:09,577 [WARN] PackLoader:240 - Cannot read IP mode file for STMicroelectronics.X-CUBE-IPS.3.2.0
2026-04-26 11:12:09,588 [WARN] PackLoader:240 - Cannot read IP mode file for STMicroelectronics.eDS-WB_DPC_TT-BIDIR.2.1.1
2026-04-26 11:12:09,594 [WARN] PackLoader:240 - Cannot read IP mode file for STMicroelectronics.X-CUBE-FREERTOS.1.2.0
2026-04-26 11:12:09,601 [WARN] PackLoader:240 - Cannot read IP mode file for STMicroelectronics.X-CUBE-NFC12.1.0.0
2026-04-26 11:12:09,621 [WARN] PackLoader:240 - Cannot read IP mode file for STMicroelectronics.X-CUBE-AZRTOS-L5.2.0.0
2026-04-26 11:12:09,635 [WARN] PackLoader:240 - Cannot read IP mode file for STMicroelectronics.X-CUBE-NFC6.3.1.0
2026-04-26 11:12:09,651 [WARN] PackLoader:240 - Cannot read IP mode file for STMicroelectronics.X-CUBE-DPower.1.2.0
2026-04-26 11:12:09,659 [WARN] PackLoader:240 - Cannot read IP mode file for STMicroelectronics.eDS-WB_DPC_VIENNA.1.2.0
2026-04-26 11:12:09,662 [WARN] PackLoader:240 - Cannot read IP mode file for STMicroelectronics.eDS-WB_DPC_3PH2L-BIDIR.1.1.1
2026-04-26 11:12:09,666 [WARN] PackLoader:240 - Cannot read IP mode file for STMicroelectronics.X-CUBE-AI.9.0.0
2026-04-26 11:12:09,672 [ERROR] Engine:466 - /Users/admin/.stm32cubemx/thirdparties/pdsc/STMicroelectronics.X-CUBE-ST67W61.1.3.0.pdsc: PDSC version is not supported
2026-04-26 11:12:09,679 [WARN] PackLoader:240 - Cannot read IP mode file for STMicroelectronics.X-CUBE-FREERTOS.1.3.1
2026-04-26 11:12:09,687 [WARN] PackLoader:240 - Cannot read IP mode file for STMicroelectronics.X-CUBE-FREERTOS.1.3.0
2026-04-26 11:12:09,693 [WARN] PackLoader:240 - Cannot read IP mode file for STMicroelectronics.X-CUBE-NFC7.1.0.1
2026-04-26 11:12:09,698 [WARN] PackLoader:240 - Cannot read IP mode file for wolfSSL.I-CUBE-wolfTPM.3.2.0
2026-04-26 11:12:09,702 [WARN] PackLoader:240 - Cannot read IP mode file for STMicroelectronics.X-CUBE-TOUCHGFX.4.26.0
2026-04-26 11:12:09,706 [WARN] PackLoader:240 - Cannot read IP mode file for STMicroelectronics.X-CUBE-TOUCHGFX.4.26.1
2026-04-26 11:12:09,711 [WARN] PackLoader:240 - Cannot read IP mode file for STMicroelectronics.FP-SNS-STAIOTCFT.1.0.0
2026-04-26 11:12:09,718 [WARN] PackLoader:240 - Cannot read IP mode file for STMicroelectronics.X-CUBE-DPower.1.3.0
2026-04-26 11:12:09,722 [WARN] PackLoader:240 - Cannot read IP mode file for STMicroelectronics.X-CUBE-AI.8.1.0
2026-04-26 11:12:09,737 [WARN] ConditionMgr:438 - getConditionDescription Invalid condition id : LAN8742 Phy interface Condition cause : null
2026-04-26 11:12:09,737 [WARN] PackLoader:240 - Cannot read IP mode file for STMicroelectronics.X-CUBE-AZRTOS-L4.2.0.0
2026-04-26 11:12:09,739 [WARN] ConditionMgr:1044 - genDependencies : Invalid condition id : LAN8742 Phy interface Condition cause : null
2026-04-26 11:12:09,740 [WARN] ConditionMgr:1044 - genDependencies : Invalid condition id : LAN8742 Phy interface Condition cause : null
2026-04-26 11:12:09,741 [WARN] ConditionMgr:1044 - genDependencies : Invalid condition id : LAN8742 Phy interface Condition cause : null
2026-04-26 11:12:09,750 [WARN] PackLoader:240 - Cannot read IP mode file for STMicroelectronics.X-CUBE-SFXS2LP1.4.0.0
2026-04-26 11:12:09,757 [WARN] PackLoader:240 - Cannot read IP mode file for STMicroelectronics.X-CUBE-WB05N.2.1.0
2026-04-26 11:12:09,763 [WARN] PackLoader:240 - Cannot read IP mode file for STMicroelectronics.X-CUBE-ST67W61.1.2.0
2026-04-26 11:12:09,782 [WARN] PackLoader:240 - Cannot read IP mode file for STMicroelectronics.X-CUBE-AZRTOS-H7.3.3.0
2026-04-26 11:12:09,812 [WARN] PackLoader:240 - Cannot read IP mode file for STMicroelectronics.X-CUBE-BLEMGR.4.1.0
2026-04-26 11:12:09,825 [WARN] PackLoader:240 - Cannot read IP mode file for STMicroelectronics.X-CUBE-IPS.3.0.0
2026-04-26 11:12:09,840 [WARN] ConditionMgr:438 - getConditionDescription Invalid condition id : UX DEVICE CLASS RTOS Condition cause : null
2026-04-26 11:12:09,841 [WARN] ConditionMgr:438 - getConditionDescription Invalid condition id : UX DEVICE CLASS RTOS Condition cause : null
2026-04-26 11:12:09,842 [WARN] PackLoader:240 - Cannot read IP mode file for STMicroelectronics.X-CUBE-AZRTOS-WB.2.0.0
2026-04-26 11:12:09,843 [WARN] ConditionMgr:1044 - genDependencies : Invalid condition id : UX DEVICE CLASS RTOS Condition cause : null
2026-04-26 11:12:09,843 [WARN] ConditionMgr:1044 - genDependencies : Invalid condition id : UX DEVICE CLASS RTOS Condition cause : null
2026-04-26 11:12:09,843 [WARN] ConditionMgr:1044 - genDependencies : Invalid condition id : UX DEVICE CLASS RTOS Condition cause : null
2026-04-26 11:12:09,844 [WARN] ConditionMgr:1044 - genDependencies : Invalid condition id : UX DEVICE CLASS RTOS Condition cause : null
2026-04-26 11:12:09,844 [WARN] ConditionMgr:1044 - genDependencies : Invalid condition id : UX DEVICE CLASS RTOS Condition cause : null
2026-04-26 11:12:09,850 [WARN] PackLoader:240 - Cannot read IP mode file for STMicroelectronics.X-CUBE-GNSS1.7.0.0
2026-04-26 11:12:09,859 [WARN] PackLoader:240 - Cannot read IP mode file for STMicroelectronics.X-CUBE-GNSS1.7.0.1
2026-04-26 11:12:09,863 [WARN] PackLoader:240 - Cannot read IP mode file for STMicroelectronics.X-CUBE-TOUCHGFX.4.25.0
2026-04-26 11:12:09,869 [WARN] PackLoader:240 - Cannot read IP mode file for STMicroelectronics.FP-SNS-STBOX1.2.0.0
2026-04-26 11:12:09,879 [WARN] PackLoader:240 - Cannot read IP mode file for STMicroelectronics.X-CUBE-STSE01.2.0.0
2026-04-26 11:12:09,895 [WARN] PackLoader:240 - Cannot read IP mode file for STMicroelectronics.X-CUBE-SUBG2.5.0.0
2026-04-26 11:12:09,921 [WARN] PackLoader:240 - Cannot read IP mode file for STMicroelectronics.X-CUBE-AZRTOS-H7RS.1.1.0
2026-04-26 11:12:09,930 [WARN] PackLoader:240 - Cannot read IP mode file for Cesanta.I-CUBE-Mongoose.7.13.0
2026-04-26 11:12:09,950 [WARN] PackLoader:240 - Cannot read IP mode file for STMicroelectronics.X-CUBE-AZRTOS-G4.2.0.0
2026-04-26 11:12:09,958 [WARN] PackLoader:240 - Cannot read IP mode file for STMicroelectronics.X-CUBE-NFC7.2.0.0
2026-04-26 11:12:09,962 [WARN] PackLoader:240 - Cannot read IP mode file for STMicroelectronics.FP-SNS-MOTENVWB1.1.3.1
2026-04-26 11:12:09,967 [WARN] PackLoader:240 - Cannot read IP mode file for STMicroelectronics.X-CUBE-ISPU.2.0.0
2026-04-26 11:12:09,978 [WARN] PackLoader:240 - Cannot read IP mode file for STMicroelectronics.X-CUBE-IPS.3.1.0
2026-04-26 11:12:09,990 [WARN] PackLoader:240 - Cannot read IP mode file for STMicroelectronics.X-CUBE-ALS.1.0.2
2026-04-26 11:12:10,023 [WARN] PackLoader:240 - Cannot read IP mode file for STMicroelectronics.X-CUBE-MEMS1.10.0.0
2026-04-26 11:12:10,165 [WARN] PackLoader:240 - Cannot read IP mode file for STMicroelectronics.X-CUBE-FREERTOS.1.1.0
2026-04-26 11:12:10,171 [WARN] PackLoader:240 - Cannot read IP mode file for STMicroelectronics.X-CUBE-TOUCHGFX.4.24.0
2026-04-26 11:12:10,174 [WARN] PackLoader:240 - Cannot read IP mode file for STMicroelectronics.X-CUBE-TOUCHGFX.4.24.2
2026-04-26 11:12:10,177 [WARN] PackLoader:240 - Cannot read IP mode file for STMicroelectronics.X-CUBE-TOUCHGFX.4.24.1
2026-04-26 11:12:10,185 [WARN] PackLoader:240 - Cannot read IP mode file for STMicroelectronics.X-CUBE-STSE01.1.0.0
2026-04-26 11:12:10,193 [WARN] PackLoader:240 - Cannot read IP mode file for portGmbH.I-Cube-SoM-uGOAL.1.1.0
2026-04-26 11:12:10,199 [WARN] PackLoader:240 - Cannot read IP mode file for STMicroelectronics.X-CUBE-ALS.1.0.1
2026-04-26 11:12:10,221 [WARN] PackLoader:240 - Cannot read IP mode file for STMicroelectronics.X-CUBE-AZRTOS-H7RS.1.0.0
2026-04-26 11:12:10,231 [WARN] PackLoader:240 - Cannot read IP mode file for STMicroelectronics.FP-ATR-ASTRA1.2.0.0
2026-04-26 11:12:10,247 [WARN] PackLoader:240 - Cannot read IP mode file for STMicroelectronics.X-CUBE-TOF1.3.4.2
2026-04-26 11:12:10,273 [WARN] PackLoader:240 - Cannot read IP mode file for STMicroelectronics.X-CUBE-TOF1.3.4.3
2026-04-26 11:12:10,295 [WARN] PackLoader:240 - Cannot read IP mode file for STMicroelectronics.X-CUBE-TOF1.3.4.1
2026-04-26 11:12:10,332 [WARN] PackLoader:240 - Cannot read IP mode file for STMicroelectronics.X-CUBE-AZRTOS-H7.3.2.0
2026-04-26 11:12:10,352 [WARN] PackLoader:240 - Cannot read IP mode file for Infineon.AIROC-Wi-Fi-Bluetooth-STM32.1.6.0
2026-04-26 11:12:10,437 [WARN] PackLoader:240 - Cannot read IP mode file for wolfSSL.I-CUBE-wolfSSH.1.4.17
2026-04-26 11:12:10,438 [INFO] ThirdParty:978 - Integrity check success = true
2026-04-26 11:12:10,438 [INFO] IntegrityCheckThread:100 - exiting critical section [integrity check]
2026-04-26 11:12:10,438 [INFO] IntegrityCheckThread:103 - End integrity checks thread
2026-04-26 12:37:55,505 [INFO] WebApp:194 - Connection lost
2026-04-26 12:38:04,623 [INFO] WebApp:191 - Connection restablished
2026-04-26 13:11:10,546 [INFO] WebApp:194 - Connection lost
2026-04-26 13:11:39,128 [INFO] WebApp:191 - Connection restablished
2026-04-26 13:22:06,132 [INFO] McuFinderGlobals:63 - Set McuFinder mode to 2 (CubeIDE integrated)
2026-04-26 13:22:06,138 [INFO] MainUpdater:2872 - connection check result : 10
2026-04-26 13:22:06,139 [INFO] MainUpdater:2872 - connection check result : 10
2026-04-26 13:22:06,879 [INFO] MicroXplorer:468 - Change Database Path : 
2026-04-26 13:22:06,880 [INFO] MicroXplorer:498 - Change Database Version : DB.6.0.150
2026-04-26 13:22:06,888 [WARN] ThirdParty:871 - waiting for thirdparty lock release [close project]
2026-04-26 13:22:06,889 [INFO] ThirdParty:873 - entering critical section [close project]
2026-04-26 13:22:06,891 [INFO] ThirdParty:883 - exiting critical section [close project]
2026-04-26 13:22:06,896 [INFO] PinOutPanel:1589 - setPackage(No Configuration,No Configuration)
2026-04-26 13:22:06,900 [INFO] UtilMem:75 - Begin LoadConfig() Used Memory: 901526696 Bytes (1073741824)
2026-04-26 13:22:06,903 [INFO] MicroXplorer:468 - Change Database Path : 
2026-04-26 13:22:06,904 [INFO] MicroXplorer:498 - Change Database Version : DB.6.0.150
2026-04-26 13:22:06,904 [INFO] OpenFileManager:355 - Change cursor
2026-04-26 13:22:06,950 [INFO] Mcu:2029 - Initializing MCU STM32L010K8Tx STM32L010K8Tx STM32L010K8T6
2026-04-26 13:22:07,690 [INFO] Context:786 - Trying to add GPIOservice into a context  which must be forbidden
2026-04-26 13:22:08,011 [INFO] ImportTextPane:234 - (OptionalMessage_ERROR) Pin25 (VP_RIF_VS_RIF1) cannot be retrieved for this MCU
2026-04-26 13:22:08,269 [INFO] RtosManager:558 - Registered RTOS mode: class=CMSIS, group=RTOS, mode=CMSIS_V1, owner=FREERTOS
2026-04-26 13:22:08,269 [INFO] RtosManager:558 - Registered RTOS mode: class=CMSIS, group=RTOS2, mode=CMSIS_V2, owner=FREERTOS
2026-04-26 13:22:08,269 [INFO] RtosManager:558 - Registered RTOS mode: class=RTOS, group=Core, mode=CMSIS_V1, owner=FREERTOS
2026-04-26 13:22:08,269 [INFO] RtosManager:558 - Registered RTOS mode: class=RTOS, group=Core, mode=CMSIS_V2, owner=FREERTOS
2026-04-26 13:22:08,270 [WARN] ModelIntegratedComponent:184 - Missing modes for component STMicroelectronics:FreeRTOS:0.0.1:STMicroelectronics:RTOS:FreeRTOS:Core:::10.2.0:
2026-04-26 13:22:08,280 [WARN] ModelIntegratedComponent:63 - No mode defined for component null
2026-04-26 13:22:08,280 [WARN] ModelIntegratedComponent:63 - No mode defined for component null
2026-04-26 13:22:08,280 [WARN] ModelIntegratedComponent:63 - No mode defined for component null
2026-04-26 13:22:08,280 [WARN] ModelIntegratedComponent:63 - No mode defined for component null
2026-04-26 13:22:08,280 [WARN] ModelIntegratedComponent:63 - No mode defined for component null
2026-04-26 13:22:08,280 [WARN] ModelIntegratedComponent:63 - No mode defined for component null
2026-04-26 13:22:08,281 [WARN] ModelIntegratedComponent:63 - No mode defined for component null
2026-04-26 13:22:08,281 [WARN] ModelIntegratedComponent:63 - No mode defined for component null
2026-04-26 13:22:08,281 [WARN] ModelIntegratedComponent:63 - No mode defined for component null
2026-04-26 13:22:08,281 [WARN] ModelIntegratedComponent:63 - No mode defined for component null
2026-04-26 13:22:08,281 [WARN] ModelIntegratedComponent:63 - No mode defined for component null
2026-04-26 13:22:08,281 [WARN] ModelIntegratedComponent:63 - No mode defined for component null
2026-04-26 13:22:08,281 [WARN] ModelIntegratedComponent:63 - No mode defined for component null
2026-04-26 13:22:08,281 [WARN] ModelIntegratedComponent:63 - No mode defined for component null
2026-04-26 13:22:08,282 [WARN] ModelIntegratedComponent:63 - No mode defined for component null
2026-04-26 13:22:08,282 [WARN] ModelIntegratedComponent:63 - No mode defined for component null
2026-04-26 13:22:08,282 [WARN] ModelIntegratedComponent:63 - No mode defined for component null
2026-04-26 13:22:08,282 [WARN] ModelIntegratedComponent:63 - No mode defined for component null
2026-04-26 13:22:08,282 [WARN] ModelIntegratedComponent:63 - No mode defined for component null
2026-04-26 13:22:08,282 [WARN] ModelIntegratedComponent:63 - No mode defined for component null
2026-04-26 13:22:08,282 [WARN] ModelIntegratedComponent:63 - No mode defined for component null
2026-04-26 13:22:08,282 [WARN] ModelIntegratedComponent:63 - No mode defined for component null
2026-04-26 13:22:08,282 [WARN] ModelIntegratedComponent:63 - No mode defined for component null
2026-04-26 13:22:08,283 [WARN] ModelIntegratedComponent:63 - No mode defined for component null
2026-04-26 13:22:08,283 [WARN] ModelIntegratedComponent:63 - No mode defined for component null
2026-04-26 13:22:08,283 [WARN] ModelIntegratedComponent:63 - No mode defined for component null
2026-04-26 13:22:08,283 [WARN] ModelIntegratedComponent:63 - No mode defined for component null
2026-04-26 13:22:08,283 [WARN] ModelIntegratedComponent:63 - No mode defined for component null
2026-04-26 13:22:08,283 [WARN] ModelIntegratedComponent:63 - No mode defined for component null
2026-04-26 13:22:08,283 [WARN] ModelIntegratedComponent:63 - No mode defined for component null
2026-04-26 13:22:08,283 [WARN] ModelIntegratedComponent:63 - No mode defined for component null
2026-04-26 13:22:08,283 [WARN] ModelIntegratedComponent:63 - No mode defined for component null
2026-04-26 13:22:08,283 [WARN] ModelIntegratedComponent:63 - No mode defined for component null
2026-04-26 13:22:08,283 [WARN] ModelIntegratedComponent:63 - No mode defined for component null
2026-04-26 13:22:08,284 [WARN] ModelIntegratedComponent:63 - No mode defined for component null
2026-04-26 13:22:08,284 [WARN] ModelPack:524 - Component already loaded: STMicroelectronics:HAL Drivers:0.0.0:STMicroelectronics:Device:STMicro_Driver:XSPI:HAL::0.0.1:HAL_XSPI
2026-04-26 13:22:08,715 [INFO] ThirdPartyModel:298 - Start build external matchings
2026-04-26 13:22:11,847 [INFO] ThirdPartyModel:316 - End build external matchings
2026-04-26 13:22:11,927 [INFO] ImportTextPane:234 - (OptionalMessage_ERROR) IP (RCC) : Invalid parameter (FamilyName)
2026-04-26 13:22:11,929 [INFO] ImportTextPane:234 - (OptionalMessage_ERROR) IP (RCC) : Invalid parameter (TIMFreq_Value)
2026-04-26 13:22:12,152 [INFO] ApiDb:581 - Connected to CubeFinder SQLite database (/Users/admin/.stmcufinder/plugins/mcufinder/mcu/cube-finder-db.db)
2026-04-26 13:22:12,240 [INFO] ApiDb:668 - CubeFinder database Data Model version=2.1
2026-04-26 13:22:12,240 [INFO] ApiDb:669 - CubeFinder database Configuration version=3.0.42
2026-04-26 13:22:12,241 [INFO] ApiDb:670 - CubeFinder database generation date=2026-03-11 (1773229989)
2026-04-26 13:22:12,241 [INFO] ApiDb:671 - CubeFinder database FW Pack versions=[FP-ATR-ASTRA1_V2.0.0, FP-SNS-FLIGHT1_V5.1.0, FP-SNS-MOTENV1_V5.1.0, FP-SNS-MOTENVWB1_V1.5.0, FP-SNS-SMARTAG2_V1.2.0, FP-SNS-STBOX1_V2.1.0, STM32Cube_FW_C0_V1.4.0, STM32Cube_FW_F4_V1.28.3, STM32Cube_FW_F7_V1.17.4, STM32Cube_FW_G0_V1.6.3, STM32Cube_FW_G4_V1.6.2, STM32Cube_FW_H5_V1.6.0, STM32Cube_FW_H7RS_V1.3.0, STM32Cube_FW_H7_V1.13.0, STM32Cube_FW_L0_V1.12.2, STM32Cube_FW_L4_V1.18.2, STM32Cube_FW_L5_V1.6.0, STM32Cube_FW_N6_V1.3.0, STM32Cube_FW_U0_V1.3.0, STM32Cube_FW_U3_V1.3.0, STM32Cube_FW_U5_V1.8.0, STM32Cube_FW_WB0_V1.4.0, STM32Cube_FW_WBA_V1.9.0, STM32Cube_FW_WB_V1.24.0, STM32Cube_FW_WL3_V1.4.0, STM32Cube_FW_WL_V1.5.0, X-CUBE-ALGOBUILD_V1.4.0, X-CUBE-ALS_V1.0.2, X-CUBE-AZRTOS-F4_V1.1.0, X-CUBE-AZRTOS-F7_V1.1.0, X-CUBE-AZRTOS-G0_V1.1.0, X-CUBE-AZRTOS-G4_V2.0.0, X-CUBE-AZRTOS-H7RS_V1.1.0, X-CUBE-AZRTOS-H7_V3.4.0, X-CUBE-AZRTOS-L4_V2.0.0, X-CUBE-AZRTOS-L5_V2.0.0, X-CUBE-AZRTOS-WB_V2.0.0, X-CUBE-AZRTOS-WL_V2.0.0, X-CUBE-BLE1_V7.1.0, X-CUBE-BLE2_V3.3.0, X-CUBE-BLEMGR_V4.1.0, X-CUBE-EEPRMA1_V5.2.0, X-CUBE-FREERTOS_V1.5.0, X-CUBE-GNSS1_V6.0.0, X-CUBE-MEMS1_V12.0.0, X-CUBE-NFC4_V3.0.0, X-CUBE-NFC7_V2.0.0, X-CUBE-SFXS2LP1_V4.0.0, X-CUBE-ST67W61_V1.2.0, X-CUBE-SUBG2_V5.0.0, X-CUBE-TOF1_V3.4.3]
2026-04-26 13:22:12,521 [INFO] DbBoardsSqlite:226 - include board P-NUCLEO-WB55-NUCLEO as a kit item of type 'Nucleo-64'
2026-04-26 13:22:12,522 [INFO] DbBoardsSqlite:226 - include board P-NUCLEO-WB55-USBDONGLE as a kit item of type 'Nucleo USB Dongle'
2026-04-26 13:22:12,522 [INFO] DbBoardsSqlite:226 - include board STEVAL-IDP005V1 as a kit item of type 'Evaluation Board'
2026-04-26 13:22:12,523 [INFO] DbBoardsSqlite:226 - include board STEVAL-IDP005V2 as a kit item of type 'Evaluation Board'
2026-04-26 13:22:13,530 [INFO] ApiDb:240 - Found 880 in-development CPN: [B-G473E-ZEST1S, B-WB1M-WPAN1, B-WBA5M-WPAN, B-WL5M-SUBG1, NUCLEO-C031C6, NUCLEO-C051C8, NUCLEO-C071RB, NUCLEO-C092RC, NUCLEO-H503RB, NUCLEO-H533RE, NUCLEO-H563ZI, NUCLEO-H7S3L8, NUCLEO-N657X0-Q, NUCLEO-U031R8, NUCLEO-U083RC, NUCLEO-U385RG-Q, NUCLEO-U545RE-Q, NUCLEO-U5A5ZJ-Q, NUCLEO-WB05KZ, NUCLEO-WB07CC, NUCLEO-WB09KE, NUCLEO-WBA52CG, NUCLEO-WBA55CG, NUCLEO-WL33CC1, NUCLEO-WL33CC2, STEVAL-PROTEUS1, STEVAL-SMARTAG2, STEVAL-STWINBX1, STM320518-EVAL, STM32C0116-DK, STM32C011D6Y3TR, STM32C011D6Y6TR, STM32C011F4P3, STM32C011F4P6, STM32C011F4U3, STM32C011F4U6TR, STM32C011F6P3, STM32C011F6P6, STM32C011F6U3, STM32C011F6U6TR, STM32C011J4M3, STM32C011J4M6, STM32C011J6M3, STM32C011J6M6, STM32C0316-DK, STM32C031C4T3, STM32C031C4T6, STM32C031C4U3, STM32C031C4U6, STM32C031C6T3, STM32C031C6T6, STM32C031C6U3, STM32C031C6U6, STM32C031F4P3, STM32C031F4P6, STM32C031F6P3, STM32C031F6P6, STM32C031G4U3, STM32C031G4U6, STM32C031G6U3, STM32C031G6U6, STM32C031K4T3, STM32C031K4T6, STM32C031K4U3, STM32C031K4U6, STM32C031K6T3, STM32C031K6T6, STM32C031K6U3, STM32C031K6U6, STM32C051C6T6, STM32C051C6U6, STM32C051C8T6, STM32C051C8U6, STM32C051D8Y6TR, STM32C051F6P6, STM32C051F8P6, STM32C051G6U6, STM32C051G8U6, STM32C051K6T6, STM32C051K6U6, STM32C051K8T6, STM32C071C8T6, STM32C071C8T6N, STM32C071C8U6, STM32C071C8U6N, STM32C071CBT6, STM32C071CBT6N, STM32C071CBU6, STM32C071CBU6N, STM32C071F8P6, STM32C071F8P6N, STM32C071FBP6, STM32C071FBP6N, STM32C071FBY6TR, STM32C071G8U6, STM32C071G8U6N, STM32C071GBU6, STM32C071GBU6N, STM32C071K8T6, STM32C071K8T6N, STM32C071K8U6, STM32C071K8U6N, STM32C071KBT6, STM32C071KBT6N, STM32C071KBU6, STM32C071KBU6N, STM32C071R8T6, STM32C071R8T6N, STM32C071RBI6N, STM32C071RBT6, STM32C071RBT6N, STM32C091CBT6, STM32C091CBU6, STM32C091CCT6, STM32C091CCU6, STM32C091ECY6TR, STM32C091FBP6, STM32C091FCP6, STM32C091GBU6, STM32C091GCU6, STM32C091KBT6, STM32C091KBU6, STM32C091KCT6, STM32C091KCU6, STM32C091RBT6, STM32C091RCI6, STM32C091RCT6, STM32C092CBT6, STM32C092CBU6, STM32C092CCT6, STM32C092CCU6, STM32C092ECY6TR, STM32C092FBP6, STM32C092FCP6, STM32C092GBU6, STM32C092GCU6, STM32C092KBT6, STM32C092KBU6, STM32C092KCT6, STM32C092KCU6, STM32C092RBT6, STM32C092RCI6, STM32C092RCT6, STM32G071K8TXN, STM32G071K8UXN, STM32G081GBU6N, STM32G081KBT6N, STM32G081KBUXN, STM32G0B1CCT6N, STM32G0B1KCT6, STM32G0B1NEY6TR, STM32G0B1RCT6N, STM32G0C1CCT6, STM32G0C1CCT6N, STM32G0C1CCU6N, STM32G0C1CET6N, STM32G0C1CEU6N, STM32G0C1KCT6, STM32G0C1NEY6TR, STM32G0C1RCI6N, STM32G0C1RCT6N, STM32G0C1REI6N, STM32G0C1RET6N, STM32G0C1VCI6, STM32G0C1VEI6, STM32G411C6T3, STM32G411C6T6, STM32G411C6U3, STM32G411C6U6, STM32G411C8T3, STM32G411C8T6, STM32G411C8U3, STM32G411C8U6, STM32G411CBT3, STM32G411CBT6, STM32G411CBU3, STM32G411CBU6, STM32G411K6T3, STM32G411K6T6, STM32G411K6U3, STM32G411K6U6, STM32G411K8T3, STM32G411K8T6, STM32G411K8U3, STM32G411K8U6, STM32G411KBT3, STM32G411KBT6, STM32G411KBU3, STM32G411KBU6, STM32G411M6T3, STM32G411M6T6, STM32G411M8T3, STM32G411M8T6, STM32G411MBT3, STM32G411MBT6, STM32G411R6T3, STM32G411R6T6, STM32G411R8T3, STM32G411R8T6, STM32G411RBT3, STM32G411RBT6, STM32G414CBT3, STM32G414CBT6, STM32G414CBU3, STM32G414CBU6, STM32G414CCT3, STM32G414CCT6, STM32G414CCU3, STM32G414CCU6, STM32G414MBT3, STM32G414MBT6, STM32G414MCT3, STM32G414MCT6, STM32G414RBT3, STM32G414RBT6, STM32G414RCT3, STM32G414RCT6, STM32G414VBT3, STM32G414VBT6, STM32G414VCT3, STM32G414VCT6, STM32G431CBT3Z, STM32G431RBT3Z, STM32G471CCT6, STM32G471CCU6, STM32G471CET3, STM32G471CET6, STM32G471CEU3, STM32G471CEU6, STM32G471MCT6, STM32G471MET3, STM32G471MET6, STM32G471MEY6TR, STM32G471QCT6, STM32G471QET3, STM32G471RCT6, STM32G471RET3, STM32G471RET6, STM32G471VCH6, STM32G471VCI6, STM32G471VCT6, STM32G471VEH3, STM32G471VEH6, STM32G471VEI3, STM32G471VEI6, STM32G471VET3, STM32G471VET6, STM32G473QET3Z, STM32G473RET3Z, STM32G474CCT6, STM32G491RET3Z, STM32H503CBT6, STM32H503CBU6, STM32H503EBY6TR, STM32H503KBU6, STM32H503RBT6, STM32H523CCT6, STM32H523CCU6, STM32H523CET6, STM32H523CEU6, STM32H523HEY6TR, STM32H523RCT6, STM32H523RET6, STM32H523VCI6, STM32H523VCT6, STM32H523VEI6, STM32H523VET6, STM32H523ZCJ6, STM32H523ZCT6, STM32H523ZEJ6, STM32H523ZET6, STM32H533CET6, STM32H533CEU6, STM32H533HEY6TR, STM32H533RET6, STM32H533VEI6, STM32H533VET6, STM32H533ZEJ6, STM32H533ZET6, STM32H562AGI6, STM32H562AII6, STM32H562IGK6, STM32H562IGT6, STM32H562IIK6, STM32H562IIT6, STM32H562RGT6, STM32H562RGV6, STM32H562RIT6, STM32H562RIV6, STM32H562VGT6, STM32H562VIT6, STM32H562ZGT6, STM32H562ZIT6, STM32H563AGI6, STM32H563AII3Q, STM32H563AII6, STM32H563IGK6, STM32H563IGT6, STM32H563IIK3Q, STM32H563IIK6, STM32H563IIT3Q, STM32H563IIT6, STM32H563MIY3QTR, STM32H563RGT6, STM32H563RGV6, STM32H563RIT6, STM32H563RIV6, STM32H563VGT6, STM32H563VIT3Q, STM32H563VIT6, STM32H563ZGT6, STM32H563ZIT3Q, STM32H563ZIT6, STM32H573AII3Q, STM32H573AII6, STM32H573I-DK, STM32H573IIK3Q, STM32H573IIK6, STM32H573IIT3Q, STM32H573IIT6, STM32H573MIY3QTR, STM32H573RIT6, STM32H573RIV6, STM32H573VIT3Q, STM32H573VIT6, STM32H573ZIT3Q, STM32H573ZIT6, STM32H7R3A8I6, STM32H7R3I8K6, STM32H7R3I8T6, STM32H7R3L8H6, STM32H7R3L8H6H, STM32H7R3R8V6, STM32H7R3V8H6, STM32H7R3V8T6, STM32H7R3V8Y6TR, STM32H7R3Z8J6, STM32H7R3Z8T6, STM32H7R7A8I6, STM32H7R7I8K6, STM32H7R7I8T6, STM32H7R7L8H6, STM32H7R7L8H6H, STM32H7R7Z8J6, STM32H7S3A8I6, STM32H7S3I8K6, STM32H7S3I8T6, STM32H7S3L8H6, STM32H7S3L8H6H, STM32H7S3R8V6, STM32H7S3V8H6, STM32H7S3V8T6, STM32H7S3V8Y6TR, STM32H7S3Z8J6, STM32H7S3Z8T6, STM32H7S78-DK, STM32H7S7A8I6, STM32H7S7I8K6, STM32H7S7I8T6, STM32H7S7L8H6, STM32H7S7L8H6H, STM32H7S7Z8J6, STM32L4R5QGI6STR, STM32MP131AAE3, STM32MP131AAF3, STM32MP131AAG3, STM32MP131CAE3, STM32MP131CAF3, STM32MP131CAG3, STM32MP131DAE7, STM32MP131DAF7, STM32MP131DAG7, STM32MP131FAE7, STM32MP131FAF7, STM32MP131FAG7, STM32MP133AAE3, STM32MP133AAF3, STM32MP133AAG3, STM32MP133CAE3, STM32MP133CAF3, STM32MP133CAG3, STM32MP133DAE7, STM32MP133DAF7, STM32MP133DAG7, STM32MP133FAE7, STM32MP133FAF7, STM32MP133FAG7, STM32MP135AAE3, STM32MP135AAF3, STM32MP135AAG3, STM32MP135CAE3, STM32MP135CAF3, STM32MP135CAG3, STM32MP135DAE7, STM32MP135DAF7, STM32MP135DAG7, STM32MP135F-DK, STM32MP135FAE7, STM32MP135FAF7, STM32MP135FAF7T, STM32MP135FAF7U, STM32MP135FAG7, STM32MP211AAL3, STM32MP211AAM3, STM32MP211AAN3, STM32MP211AAO3, STM32MP211CAL3, STM32MP211CAM3, STM32MP211CAN3, STM32MP211CAO3, STM32MP211DAL3, STM32MP211DAM3, STM32MP211DAN3, STM32MP211DAO3, STM32MP211FAL3, STM32MP211FAM3, STM32MP211FAN3, STM32MP211FAO3, STM32MP213AAL3, STM32MP213AAM3, STM32MP213AAN3, STM32MP213AAO3, STM32MP213CAL3, STM32MP213CAM3, STM32MP213CAN3, STM32MP213CAO3, STM32MP213DAL3, STM32MP213DAM3, STM32MP213DAN3, STM32MP213DAO3, STM32MP213FAL3, STM32MP213FAM3, STM32MP213FAN3, STM32MP213FAO3, STM32MP215AAL3, STM32MP215AAM3, STM32MP215AAN3, STM32MP215AAO3, STM32MP215CAL3, STM32MP215CAM3, STM32MP215CAN3, STM32MP215CAO3, STM32MP215DAL3, STM32MP215DAM3, STM32MP215DAN3, STM32MP215DAO3, STM32MP215F-DK, STM32MP215FAL3, STM32MP215FAM3, STM32MP215FAN3, STM32MP215FAO3, STM32MP231AAJ3, STM32MP231AAK3, STM32MP231AAL3, STM32MP231CAJ3, STM32MP231CAK3, STM32MP231CAL3, STM32MP231DAJ3, STM32MP231DAK3, STM32MP231DAL3, STM32MP231FAJ3, STM32MP231FAK3, STM32MP231FAL3, STM32MP233AAJ3, STM32MP233AAK3, STM32MP233AAL3, STM32MP233CAJ3, STM32MP233CAK3, STM32MP233CAL3, STM32MP233DAJ3, STM32MP233DAK3, STM32MP233DAL3, STM32MP233FAJ3, STM32MP233FAK3, STM32MP233FAL3, STM32MP235AAJ3, STM32MP235AAK3, STM32MP235AAL3, STM32MP235CAJ3, STM32MP235CAK3, STM32MP235CAL3, STM32MP235DAJ3, STM32MP235DAK3, STM32MP235DAL3, STM32MP235FAJ3, STM32MP235FAK3, STM32MP235FAL3, STM32MP251AAI3, STM32MP251AAK3, STM32MP251AAL3, STM32MP251CAI3, STM32MP251CAK3, STM32MP251CAL3, STM32MP251DAI3, STM32MP251DAK3, STM32MP251DAL3, STM32MP251FAI3, STM32MP251FAK3, STM32MP251FAL3, STM32MP253AAI3, STM32MP253AAK3, STM32MP253AAL3, STM32MP253CAI3, STM32MP253CAK3, STM32MP253CAL3, STM32MP253DAI3, STM32MP253DAK3, STM32MP253DAL3, STM32MP253FAI3, STM32MP253FAK3, STM32MP253FAL3, STM32MP255AAI3, STM32MP255AAK3, STM32MP255AAL3, STM32MP255CAI3, STM32MP255CAK3, STM32MP255CAL3, STM32MP255DAI3, STM32MP255DAK3, STM32MP255DAL3, STM32MP255FAI3, STM32MP255FAK3, STM32MP255FAL3, STM32MP257AAI3, STM32MP257AAK3, STM32MP257AAL3, STM32MP257CAI3, STM32MP257CAK3, STM32MP257CAL3, STM32MP257DAI3, STM32MP257DAK3, STM32MP257DAL3, STM32MP257F-DK, STM32MP257F-EV1, STM32MP257FAI3, STM32MP257FAK3, STM32MP257FAL3, STM32N645A0H3Q, STM32N645B0H3Q, STM32N645I0H3Q, STM32N645L0H3Q, STM32N645X0H3Q, STM32N645Z0H3Q, STM32N647A0H3Q, STM32N647B0H3Q, STM32N647I0H3Q, STM32N647L0H3Q, STM32N647X0H3Q, STM32N647Z0H3Q, STM32N655A0H3Q, STM32N655B0H3Q, STM32N655I0H3Q, STM32N655L0H3Q, STM32N655X0H3Q, STM32N655Z0H3Q, STM32N6570-DK, STM32N657A0H3Q, STM32N657B0H3Q, STM32N657I0H3Q, STM32N657L0H3Q, STM32N657X0H3Q, STM32N657Z0H3Q, STM32U031C6T6, STM32U031C6U6, STM32U031C8T6, STM32U031C8U6, STM32U031F4P6, STM32U031F6P6, STM32U031F8P6, STM32U031G6Y6TR, STM32U031G8Y6TR, STM32U031K4U6, STM32U031K6U6, STM32U031K8U6, STM32U031R6I6, STM32U031R6T6, STM32U031R8I6, STM32U031R8T6, STM32U073C8T6, STM32U073C8U6, STM32U073CBT6, STM32U073CBU6, STM32U073CCT6, STM32U073CCU6, STM32U073H8Y6TR, STM32U073HBY6TR, STM32U073HCY6TR, STM32U073K8U6, STM32U073KBU6, STM32U073KCU6, STM32U073M8I6, STM32U073M8T6, STM32U073MBI6, STM32U073MBT6, STM32U073MCI6, STM32U073MCT6, STM32U073R8I6, STM32U073R8T6, STM32U073RBI6, STM32U073RBT6, STM32U073RCI6, STM32U073RCT6, STM32U083C-DK, STM32U083CCT6, STM32U083CCU6, STM32U083HCY6TR, STM32U083KCU6, STM32U083MCI6, STM32U083MCT6, STM32U083RCI6, STM32U083RCT6, STM32U375CET6, STM32U375CET6Q, STM32U375CEU6, STM32U375CEU6Q, STM32U375CEY6QTR, STM32U375CGT6, STM32U375CGT6Q, STM32U375CGU6, STM32U375CGU6Q, STM32U375CGY6QTR, STM32U375KEU6, STM32U375KGU6, STM32U375REI6, STM32U375REI6Q, STM32U375RET6, STM32U375RET6Q, STM32U375REY6GTR, STM32U375REY6QTR, STM32U375RGI6, STM32U375RGI6Q, STM32U375RGT6, STM32U375RGT6Q, STM32U375RGY6GTR, STM32U375RGY6QTR, STM32U375VEI6, STM32U375VEI6Q, STM32U375VET6, STM32U375VET6Q, STM32U375VGI6, STM32U375VGI6Q, STM32U375VGT6, STM32U375VGT6Q, STM32U385CGT6, STM32U385CGT6Q, STM32U385CGU6, STM32U385CGU6Q, STM32U385CGY6QTR, STM32U385KGU6, STM32U385RGI6, STM32U385RGI6Q, STM32U385RGT6, STM32U385RGT6Q, STM32U385RGY6GTR, STM32U385RGY6QTR, STM32U385VGI6, STM32U385VGI6Q, STM32U385VGT6, STM32U385VGT6Q, STM32U535CBT6, STM32U535CBT6Q, STM32U535CBU6, STM32U535CBU6Q, STM32U535CCT6, STM32U535CCT6Q, STM32U535CCU6, STM32U535CCU6Q, STM32U535CET6, STM32U535CET6Q, STM32U535CEU6, STM32U535CEU6Q, STM32U535JEY6QTR, STM32U535NCY6QTR, STM32U535NEY6QTR, STM32U535RBI6, STM32U535RBI6Q, STM32U535RBT6, STM32U535RBT6Q, STM32U535RCI6, STM32U535RCI6Q, STM32U535RCT6, STM32U535RCT6Q, STM32U535REI6, STM32U535REI6Q, STM32U535RET6, STM32U535RET6Q, STM32U535VCI6, STM32U535VCI6Q, STM32U535VCT6, STM32U535VCT6Q, STM32U535VEI6, STM32U535VEI6Q, STM32U535VET6, STM32U535VET6Q, STM32U545CET6, STM32U545CET6Q, STM32U545CEU6, STM32U545CEU6Q, STM32U545JEY6QTR, STM32U545NEY6QTR, STM32U545REI6, STM32U545REI6Q, STM32U545RET6, STM32U545RET6Q, STM32U545VEI6, STM32U545VEI6Q, STM32U545VET6, STM32U545VET6Q, STM32U595AIH6, STM32U595AIH6Q, STM32U595AJH6, STM32U595AJH6Q, STM32U595QII6, STM32U595QII6Q, STM32U595QJI6, STM32U595QJI6Q, STM32U595RIT6, STM32U595RIT6Q, STM32U595RJT6, STM32U595RJT6Q, STM32U595VIT6, STM32U595VIT6Q, STM32U595VJT6, STM32U595VJT6Q, STM32U595ZIT6, STM32U595ZIT6Q, STM32U595ZIY6QTR, STM32U595ZJT6, STM32U595ZJT6Q, STM32U595ZJY6QTR, STM32U599BJY6QTR, STM32U599NIH6Q, STM32U599NJH6Q, STM32U599VIT6Q, STM32U599VJT6, STM32U599VJT6Q, STM32U599ZIT6Q, STM32U599ZIY6QTR, STM32U599ZJT6Q, STM32U599ZJY6QTR, STM32U5A5AJH6, STM32U5A5AJH6Q, STM32U5A5QII3Q , STM32U5A5QJI6, STM32U5A5QJI6Q, STM32U5A5RJT6, STM32U5A5RJT6Q, STM32U5A5VJT6, STM32U5A5VJT6Q, STM32U5A5ZJT6, STM32U5A5ZJT6Q, STM32U5A5ZJY6QTR, STM32U5A9BJY6QTR, STM32U5A9J-DK, STM32U5A9NJH6Q, STM32U5A9VJT6Q, STM32U5A9ZJT6Q, STM32U5A9ZJY6QTR, STM32U5F7VIT6, STM32U5F7VIT6Q, STM32U5F7VJT6, STM32U5F7VJT6Q, STM32U5F9BJY6QTR, STM32U5F9NJH6Q, STM32U5F9VIT6Q, STM32U5F9VJT6Q, STM32U5F9ZIJ6QTR, STM32U5F9ZIT6Q, STM32U5F9ZJJ6QTR, STM32U5F9ZJT6Q, STM32U5G7VJT6, STM32U5G7VJT6Q, STM32U5G9BJY6QTR, STM32U5G9J-DK1, STM32U5G9J-DK2, STM32U5G9NJH6Q, STM32U5G9VJT6Q, STM32U5G9ZJJ6QTR, STM32U5G9ZJT6Q, STM32WB05KZV6TR, STM32WB05KZV7TR, STM32WB05TZF6TR, STM32WB05TZF7TR, STM32WB06CCF6TR, STM32WB06CCF7TR, STM32WB06CCV6TR, STM32WB06CCV7TR, STM32WB06KCV6TR, STM32WB06KCV7TR, STM32WB07CCF6TR, STM32WB07CCF7TR, STM32WB07CCV6TR, STM32WB07CCV7TR, STM32WB07KCV6TR, STM32WB07KCV7TR, STM32WB09KEV6TR, STM32WB09KEV7TR, STM32WB09TEF6TR, STM32WB09TEF7TR, STM32WB1MMCH6, STM32WBA50KGU6, STM32WBA50KGU6TR, STM32WBA52CEU6, STM32WBA52CEU6TR, STM32WBA52CEU7, STM32WBA52CEU7TR, STM32WBA52CGU6, STM32WBA52CGU6TR, STM32WBA52CGU6U, STM32WBA52CGU7, STM32WBA52CGU7TR, STM32WBA52KEU6, STM32WBA52KEU6TR, STM32WBA52KGU6, STM32WBA52KGU6TR, STM32WBA54CEU6, STM32WBA54CEU6TR, STM32WBA54CEU7, STM32WBA54CEU7TR, STM32WBA54CGU6, STM32WBA54CGU6TR, STM32WBA54CGU7, STM32WBA54CGU7TR, STM32WBA54KEU6, STM32WBA54KEU6TR, STM32WBA54KEU7, STM32WBA54KEU7TR, STM32WBA54KGU6, STM32WBA54KGU6TR, STM32WBA54KGU7, STM32WBA54KGU7TR, STM32WBA55CEU6, STM32WBA55CEU6TR, STM32WBA55CEU7, STM32WBA55CEU7TR, STM32WBA55CGU6, STM32WBA55CGU6TR, STM32WBA55CGU6U, STM32WBA55CGU7, STM32WBA55CGU7TR, STM32WBA55G-DK1, STM32WBA55HEF6, STM32WBA55HEF7, STM32WBA55HGF6, STM32WBA55HGF7, STM32WBA55UEI6, STM32WBA55UEI6TR, STM32WBA55UEI7, STM32WBA55UEI7TR, STM32WBA55UGI6, STM32WBA55UGI6TR, STM32WBA55UGI7, STM32WBA55UGI7TR, STM32WBA5MMGH6TR, STM32WBA62MGF6, STM32WBA62MIF6, STM32WBA65MGF7, STM32WBA65MIF6, STM32WBA65MIF7, STM32WL30K8V6, STM32WL30KBV6, STM32WL31C8V6, STM32WL31CBV6, STM32WL31K8V6, STM32WL31KBV6, STM32WL33C8V6, STM32WL33C8V6X, STM32WL33CBV6, STM32WL33CBV6X, STM32WL33CCV6, STM32WL33CCV6A, STM32WL33CCV6X, STM32WL33K8V7, STM32WL33K8V7X, STM32WL33KBV7 , STM32WL33KBV7X, STM32WL33KCV7, STM32WL33KCV7X, STM32WL5MOCH6, STM32WL5MOCH6TR]
2026-04-26 13:22:13,534 [INFO] ApiDb:668 - CubeFinder database Data Model version=2.1
2026-04-26 13:22:13,534 [INFO] ApiDb:669 - CubeFinder database Configuration version=3.0.42
2026-04-26 13:22:13,535 [INFO] ApiDb:670 - CubeFinder database generation date=2026-03-11 (1773229989)
2026-04-26 13:22:13,535 [INFO] ApiDb:671 - CubeFinder database FW Pack versions=[FP-ATR-ASTRA1_V2.0.0, FP-SNS-FLIGHT1_V5.1.0, FP-SNS-MOTENV1_V5.1.0, FP-SNS-MOTENVWB1_V1.5.0, FP-SNS-SMARTAG2_V1.2.0, FP-SNS-STBOX1_V2.1.0, STM32Cube_FW_C0_V1.4.0, STM32Cube_FW_F4_V1.28.3, STM32Cube_FW_F7_V1.17.4, STM32Cube_FW_G0_V1.6.3, STM32Cube_FW_G4_V1.6.2, STM32Cube_FW_H5_V1.6.0, STM32Cube_FW_H7RS_V1.3.0, STM32Cube_FW_H7_V1.13.0, STM32Cube_FW_L0_V1.12.2, STM32Cube_FW_L4_V1.18.2, STM32Cube_FW_L5_V1.6.0, STM32Cube_FW_N6_V1.3.0, STM32Cube_FW_U0_V1.3.0, STM32Cube_FW_U3_V1.3.0, STM32Cube_FW_U5_V1.8.0, STM32Cube_FW_WB0_V1.4.0, STM32Cube_FW_WBA_V1.9.0, STM32Cube_FW_WB_V1.24.0, STM32Cube_FW_WL3_V1.4.0, STM32Cube_FW_WL_V1.5.0, X-CUBE-ALGOBUILD_V1.4.0, X-CUBE-ALS_V1.0.2, X-CUBE-AZRTOS-F4_V1.1.0, X-CUBE-AZRTOS-F7_V1.1.0, X-CUBE-AZRTOS-G0_V1.1.0, X-CUBE-AZRTOS-G4_V2.0.0, X-CUBE-AZRTOS-H7RS_V1.1.0, X-CUBE-AZRTOS-H7_V3.4.0, X-CUBE-AZRTOS-L4_V2.0.0, X-CUBE-AZRTOS-L5_V2.0.0, X-CUBE-AZRTOS-WB_V2.0.0, X-CUBE-AZRTOS-WL_V2.0.0, X-CUBE-BLE1_V7.1.0, X-CUBE-BLE2_V3.3.0, X-CUBE-BLEMGR_V4.1.0, X-CUBE-EEPRMA1_V5.2.0, X-CUBE-FREERTOS_V1.5.0, X-CUBE-GNSS1_V6.0.0, X-CUBE-MEMS1_V12.0.0, X-CUBE-NFC4_V3.0.0, X-CUBE-NFC7_V2.0.0, X-CUBE-SFXS2LP1_V4.0.0, X-CUBE-ST67W61_V1.2.0, X-CUBE-SUBG2_V5.0.0, X-CUBE-TOF1_V3.4.3]
2026-04-26 13:22:15,867 [INFO] ApiDb:240 - Found 880 in-development CPN: [B-G473E-ZEST1S, B-WB1M-WPAN1, B-WBA5M-WPAN, B-WL5M-SUBG1, NUCLEO-C031C6, NUCLEO-C051C8, NUCLEO-C071RB, NUCLEO-C092RC, NUCLEO-H503RB, NUCLEO-H533RE, NUCLEO-H563ZI, NUCLEO-H7S3L8, NUCLEO-N657X0-Q, NUCLEO-U031R8, NUCLEO-U083RC, NUCLEO-U385RG-Q, NUCLEO-U545RE-Q, NUCLEO-U5A5ZJ-Q, NUCLEO-WB05KZ, NUCLEO-WB07CC, NUCLEO-WB09KE, NUCLEO-WBA52CG, NUCLEO-WBA55CG, NUCLEO-WL33CC1, NUCLEO-WL33CC2, STEVAL-PROTEUS1, STEVAL-SMARTAG2, STEVAL-STWINBX1, STM320518-EVAL, STM32C0116-DK, STM32C011D6Y3TR, STM32C011D6Y6TR, STM32C011F4P3, STM32C011F4P6, STM32C011F4U3, STM32C011F4U6TR, STM32C011F6P3, STM32C011F6P6, STM32C011F6U3, STM32C011F6U6TR, STM32C011J4M3, STM32C011J4M6, STM32C011J6M3, STM32C011J6M6, STM32C0316-DK, STM32C031C4T3, STM32C031C4T6, STM32C031C4U3, STM32C031C4U6, STM32C031C6T3, STM32C031C6T6, STM32C031C6U3, STM32C031C6U6, STM32C031F4P3, STM32C031F4P6, STM32C031F6P3, STM32C031F6P6, STM32C031G4U3, STM32C031G4U6, STM32C031G6U3, STM32C031G6U6, STM32C031K4T3, STM32C031K4T6, STM32C031K4U3, STM32C031K4U6, STM32C031K6T3, STM32C031K6T6, STM32C031K6U3, STM32C031K6U6, STM32C051C6T6, STM32C051C6U6, STM32C051C8T6, STM32C051C8U6, STM32C051D8Y6TR, STM32C051F6P6, STM32C051F8P6, STM32C051G6U6, STM32C051G8U6, STM32C051K6T6, STM32C051K6U6, STM32C051K8T6, STM32C071C8T6, STM32C071C8T6N, STM32C071C8U6, STM32C071C8U6N, STM32C071CBT6, STM32C071CBT6N, STM32C071CBU6, STM32C071CBU6N, STM32C071F8P6, STM32C071F8P6N, STM32C071FBP6, STM32C071FBP6N, STM32C071FBY6TR, STM32C071G8U6, STM32C071G8U6N, STM32C071GBU6, STM32C071GBU6N, STM32C071K8T6, STM32C071K8T6N, STM32C071K8U6, STM32C071K8U6N, STM32C071KBT6, STM32C071KBT6N, STM32C071KBU6, STM32C071KBU6N, STM32C071R8T6, STM32C071R8T6N, STM32C071RBI6N, STM32C071RBT6, STM32C071RBT6N, STM32C091CBT6, STM32C091CBU6, STM32C091CCT6, STM32C091CCU6, STM32C091ECY6TR, STM32C091FBP6, STM32C091FCP6, STM32C091GBU6, STM32C091GCU6, STM32C091KBT6, STM32C091KBU6, STM32C091KCT6, STM32C091KCU6, STM32C091RBT6, STM32C091RCI6, STM32C091RCT6, STM32C092CBT6, STM32C092CBU6, STM32C092CCT6, STM32C092CCU6, STM32C092ECY6TR, STM32C092FBP6, STM32C092FCP6, STM32C092GBU6, STM32C092GCU6, STM32C092KBT6, STM32C092KBU6, STM32C092KCT6, STM32C092KCU6, STM32C092RBT6, STM32C092RCI6, STM32C092RCT6, STM32G071K8TXN, STM32G071K8UXN, STM32G081GBU6N, STM32G081KBT6N, STM32G081KBUXN, STM32G0B1CCT6N, STM32G0B1KCT6, STM32G0B1NEY6TR, STM32G0B1RCT6N, STM32G0C1CCT6, STM32G0C1CCT6N, STM32G0C1CCU6N, STM32G0C1CET6N, STM32G0C1CEU6N, STM32G0C1KCT6, STM32G0C1NEY6TR, STM32G0C1RCI6N, STM32G0C1RCT6N, STM32G0C1REI6N, STM32G0C1RET6N, STM32G0C1VCI6, STM32G0C1VEI6, STM32G411C6T3, STM32G411C6T6, STM32G411C6U3, STM32G411C6U6, STM32G411C8T3, STM32G411C8T6, STM32G411C8U3, STM32G411C8U6, STM32G411CBT3, STM32G411CBT6, STM32G411CBU3, STM32G411CBU6, STM32G411K6T3, STM32G411K6T6, STM32G411K6U3, STM32G411K6U6, STM32G411K8T3, STM32G411K8T6, STM32G411K8U3, STM32G411K8U6, STM32G411KBT3, STM32G411KBT6, STM32G411KBU3, STM32G411KBU6, STM32G411M6T3, STM32G411M6T6, STM32G411M8T3, STM32G411M8T6, STM32G411MBT3, STM32G411MBT6, STM32G411R6T3, STM32G411R6T6, STM32G411R8T3, STM32G411R8T6, STM32G411RBT3, STM32G411RBT6, STM32G414CBT3, STM32G414CBT6, STM32G414CBU3, STM32G414CBU6, STM32G414CCT3, STM32G414CCT6, STM32G414CCU3, STM32G414CCU6, STM32G414MBT3, STM32G414MBT6, STM32G414MCT3, STM32G414MCT6, STM32G414RBT3, STM32G414RBT6, STM32G414RCT3, STM32G414RCT6, STM32G414VBT3, STM32G414VBT6, STM32G414VCT3, STM32G414VCT6, STM32G431CBT3Z, STM32G431RBT3Z, STM32G471CCT6, STM32G471CCU6, STM32G471CET3, STM32G471CET6, STM32G471CEU3, STM32G471CEU6, STM32G471MCT6, STM32G471MET3, STM32G471MET6, STM32G471MEY6TR, STM32G471QCT6, STM32G471QET3, STM32G471RCT6, STM32G471RET3, STM32G471RET6, STM32G471VCH6, STM32G471VCI6, STM32G471VCT6, STM32G471VEH3, STM32G471VEH6, STM32G471VEI3, STM32G471VEI6, STM32G471VET3, STM32G471VET6, STM32G473QET3Z, STM32G473RET3Z, STM32G474CCT6, STM32G491RET3Z, STM32H503CBT6, STM32H503CBU6, STM32H503EBY6TR, STM32H503KBU6, STM32H503RBT6, STM32H523CCT6, STM32H523CCU6, STM32H523CET6, STM32H523CEU6, STM32H523HEY6TR, STM32H523RCT6, STM32H523RET6, STM32H523VCI6, STM32H523VCT6, STM32H523VEI6, STM32H523VET6, STM32H523ZCJ6, STM32H523ZCT6, STM32H523ZEJ6, STM32H523ZET6, STM32H533CET6, STM32H533CEU6, STM32H533HEY6TR, STM32H533RET6, STM32H533VEI6, STM32H533VET6, STM32H533ZEJ6, STM32H533ZET6, STM32H562AGI6, STM32H562AII6, STM32H562IGK6, STM32H562IGT6, STM32H562IIK6, STM32H562IIT6, STM32H562RGT6, STM32H562RGV6, STM32H562RIT6, STM32H562RIV6, STM32H562VGT6, STM32H562VIT6, STM32H562ZGT6, STM32H562ZIT6, STM32H563AGI6, STM32H563AII3Q, STM32H563AII6, STM32H563IGK6, STM32H563IGT6, STM32H563IIK3Q, STM32H563IIK6, STM32H563IIT3Q, STM32H563IIT6, STM32H563MIY3QTR, STM32H563RGT6, STM32H563RGV6, STM32H563RIT6, STM32H563RIV6, STM32H563VGT6, STM32H563VIT3Q, STM32H563VIT6, STM32H563ZGT6, STM32H563ZIT3Q, STM32H563ZIT6, STM32H573AII3Q, STM32H573AII6, STM32H573I-DK, STM32H573IIK3Q, STM32H573IIK6, STM32H573IIT3Q, STM32H573IIT6, STM32H573MIY3QTR, STM32H573RIT6, STM32H573RIV6, STM32H573VIT3Q, STM32H573VIT6, STM32H573ZIT3Q, STM32H573ZIT6, STM32H7R3A8I6, STM32H7R3I8K6, STM32H7R3I8T6, STM32H7R3L8H6, STM32H7R3L8H6H, STM32H7R3R8V6, STM32H7R3V8H6, STM32H7R3V8T6, STM32H7R3V8Y6TR, STM32H7R3Z8J6, STM32H7R3Z8T6, STM32H7R7A8I6, STM32H7R7I8K6, STM32H7R7I8T6, STM32H7R7L8H6, STM32H7R7L8H6H, STM32H7R7Z8J6, STM32H7S3A8I6, STM32H7S3I8K6, STM32H7S3I8T6, STM32H7S3L8H6, STM32H7S3L8H6H, STM32H7S3R8V6, STM32H7S3V8H6, STM32H7S3V8T6, STM32H7S3V8Y6TR, STM32H7S3Z8J6, STM32H7S3Z8T6, STM32H7S78-DK, STM32H7S7A8I6, STM32H7S7I8K6, STM32H7S7I8T6, STM32H7S7L8H6, STM32H7S7L8H6H, STM32H7S7Z8J6, STM32L4R5QGI6STR, STM32MP131AAE3, STM32MP131AAF3, STM32MP131AAG3, STM32MP131CAE3, STM32MP131CAF3, STM32MP131CAG3, STM32MP131DAE7, STM32MP131DAF7, STM32MP131DAG7, STM32MP131FAE7, STM32MP131FAF7, STM32MP131FAG7, STM32MP133AAE3, STM32MP133AAF3, STM32MP133AAG3, STM32MP133CAE3, STM32MP133CAF3, STM32MP133CAG3, STM32MP133DAE7, STM32MP133DAF7, STM32MP133DAG7, STM32MP133FAE7, STM32MP133FAF7, STM32MP133FAG7, STM32MP135AAE3, STM32MP135AAF3, STM32MP135AAG3, STM32MP135CAE3, STM32MP135CAF3, STM32MP135CAG3, STM32MP135DAE7, STM32MP135DAF7, STM32MP135DAG7, STM32MP135F-DK, STM32MP135FAE7, STM32MP135FAF7, STM32MP135FAF7T, STM32MP135FAF7U, STM32MP135FAG7, STM32MP211AAL3, STM32MP211AAM3, STM32MP211AAN3, STM32MP211AAO3, STM32MP211CAL3, STM32MP211CAM3, STM32MP211CAN3, STM32MP211CAO3, STM32MP211DAL3, STM32MP211DAM3, STM32MP211DAN3, STM32MP211DAO3, STM32MP211FAL3, STM32MP211FAM3, STM32MP211FAN3, STM32MP211FAO3, STM32MP213AAL3, STM32MP213AAM3, STM32MP213AAN3, STM32MP213AAO3, STM32MP213CAL3, STM32MP213CAM3, STM32MP213CAN3, STM32MP213CAO3, STM32MP213DAL3, STM32MP213DAM3, STM32MP213DAN3, STM32MP213DAO3, STM32MP213FAL3, STM32MP213FAM3, STM32MP213FAN3, STM32MP213FAO3, STM32MP215AAL3, STM32MP215AAM3, STM32MP215AAN3, STM32MP215AAO3, STM32MP215CAL3, STM32MP215CAM3, STM32MP215CAN3, STM32MP215CAO3, STM32MP215DAL3, STM32MP215DAM3, STM32MP215DAN3, STM32MP215DAO3, STM32MP215F-DK, STM32MP215FAL3, STM32MP215FAM3, STM32MP215FAN3, STM32MP215FAO3, STM32MP231AAJ3, STM32MP231AAK3, STM32MP231AAL3, STM32MP231CAJ3, STM32MP231CAK3, STM32MP231CAL3, STM32MP231DAJ3, STM32MP231DAK3, STM32MP231DAL3, STM32MP231FAJ3, STM32MP231FAK3, STM32MP231FAL3, STM32MP233AAJ3, STM32MP233AAK3, STM32MP233AAL3, STM32MP233CAJ3, STM32MP233CAK3, STM32MP233CAL3, STM32MP233DAJ3, STM32MP233DAK3, STM32MP233DAL3, STM32MP233FAJ3, STM32MP233FAK3, STM32MP233FAL3, STM32MP235AAJ3, STM32MP235AAK3, STM32MP235AAL3, STM32MP235CAJ3, STM32MP235CAK3, STM32MP235CAL3, STM32MP235DAJ3, STM32MP235DAK3, STM32MP235DAL3, STM32MP235FAJ3, STM32MP235FAK3, STM32MP235FAL3, STM32MP251AAI3, STM32MP251AAK3, STM32MP251AAL3, STM32MP251CAI3, STM32MP251CAK3, STM32MP251CAL3, STM32MP251DAI3, STM32MP251DAK3, STM32MP251DAL3, STM32MP251FAI3, STM32MP251FAK3, STM32MP251FAL3, STM32MP253AAI3, STM32MP253AAK3, STM32MP253AAL3, STM32MP253CAI3, STM32MP253CAK3, STM32MP253CAL3, STM32MP253DAI3, STM32MP253DAK3, STM32MP253DAL3, STM32MP253FAI3, STM32MP253FAK3, STM32MP253FAL3, STM32MP255AAI3, STM32MP255AAK3, STM32MP255AAL3, STM32MP255CAI3, STM32MP255CAK3, STM32MP255CAL3, STM32MP255DAI3, STM32MP255DAK3, STM32MP255DAL3, STM32MP255FAI3, STM32MP255FAK3, STM32MP255FAL3, STM32MP257AAI3, STM32MP257AAK3, STM32MP257AAL3, STM32MP257CAI3, STM32MP257CAK3, STM32MP257CAL3, STM32MP257DAI3, STM32MP257DAK3, STM32MP257DAL3, STM32MP257F-DK, STM32MP257F-EV1, STM32MP257FAI3, STM32MP257FAK3, STM32MP257FAL3, STM32N645A0H3Q, STM32N645B0H3Q, STM32N645I0H3Q, STM32N645L0H3Q, STM32N645X0H3Q, STM32N645Z0H3Q, STM32N647A0H3Q, STM32N647B0H3Q, STM32N647I0H3Q, STM32N647L0H3Q, STM32N647X0H3Q, STM32N647Z0H3Q, STM32N655A0H3Q, STM32N655B0H3Q, STM32N655I0H3Q, STM32N655L0H3Q, STM32N655X0H3Q, STM32N655Z0H3Q, STM32N6570-DK, STM32N657A0H3Q, STM32N657B0H3Q, STM32N657I0H3Q, STM32N657L0H3Q, STM32N657X0H3Q, STM32N657Z0H3Q, STM32U031C6T6, STM32U031C6U6, STM32U031C8T6, STM32U031C8U6, STM32U031F4P6, STM32U031F6P6, STM32U031F8P6, STM32U031G6Y6TR, STM32U031G8Y6TR, STM32U031K4U6, STM32U031K6U6, STM32U031K8U6, STM32U031R6I6, STM32U031R6T6, STM32U031R8I6, STM32U031R8T6, STM32U073C8T6, STM32U073C8U6, STM32U073CBT6, STM32U073CBU6, STM32U073CCT6, STM32U073CCU6, STM32U073H8Y6TR, STM32U073HBY6TR, STM32U073HCY6TR, STM32U073K8U6, STM32U073KBU6, STM32U073KCU6, STM32U073M8I6, STM32U073M8T6, STM32U073MBI6, STM32U073MBT6, STM32U073MCI6, STM32U073MCT6, STM32U073R8I6, STM32U073R8T6, STM32U073RBI6, STM32U073RBT6, STM32U073RCI6, STM32U073RCT6, STM32U083C-DK, STM32U083CCT6, STM32U083CCU6, STM32U083HCY6TR, STM32U083KCU6, STM32U083MCI6, STM32U083MCT6, STM32U083RCI6, STM32U083RCT6, STM32U375CET6, STM32U375CET6Q, STM32U375CEU6, STM32U375CEU6Q, STM32U375CEY6QTR, STM32U375CGT6, STM32U375CGT6Q, STM32U375CGU6, STM32U375CGU6Q, STM32U375CGY6QTR, STM32U375KEU6, STM32U375KGU6, STM32U375REI6, STM32U375REI6Q, STM32U375RET6, STM32U375RET6Q, STM32U375REY6GTR, STM32U375REY6QTR, STM32U375RGI6, STM32U375RGI6Q, STM32U375RGT6, STM32U375RGT6Q, STM32U375RGY6GTR, STM32U375RGY6QTR, STM32U375VEI6, STM32U375VEI6Q, STM32U375VET6, STM32U375VET6Q, STM32U375VGI6, STM32U375VGI6Q, STM32U375VGT6, STM32U375VGT6Q, STM32U385CGT6, STM32U385CGT6Q, STM32U385CGU6, STM32U385CGU6Q, STM32U385CGY6QTR, STM32U385KGU6, STM32U385RGI6, STM32U385RGI6Q, STM32U385RGT6, STM32U385RGT6Q, STM32U385RGY6GTR, STM32U385RGY6QTR, STM32U385VGI6, STM32U385VGI6Q, STM32U385VGT6, STM32U385VGT6Q, STM32U535CBT6, STM32U535CBT6Q, STM32U535CBU6, STM32U535CBU6Q, STM32U535CCT6, STM32U535CCT6Q, STM32U535CCU6, STM32U535CCU6Q, STM32U535CET6, STM32U535CET6Q, STM32U535CEU6, STM32U535CEU6Q, STM32U535JEY6QTR, STM32U535NCY6QTR, STM32U535NEY6QTR, STM32U535RBI6, STM32U535RBI6Q, STM32U535RBT6, STM32U535RBT6Q, STM32U535RCI6, STM32U535RCI6Q, STM32U535RCT6, STM32U535RCT6Q, STM32U535REI6, STM32U535REI6Q, STM32U535RET6, STM32U535RET6Q, STM32U535VCI6, STM32U535VCI6Q, STM32U535VCT6, STM32U535VCT6Q, STM32U535VEI6, STM32U535VEI6Q, STM32U535VET6, STM32U535VET6Q, STM32U545CET6, STM32U545CET6Q, STM32U545CEU6, STM32U545CEU6Q, STM32U545JEY6QTR, STM32U545NEY6QTR, STM32U545REI6, STM32U545REI6Q, STM32U545RET6, STM32U545RET6Q, STM32U545VEI6, STM32U545VEI6Q, STM32U545VET6, STM32U545VET6Q, STM32U595AIH6, STM32U595AIH6Q, STM32U595AJH6, STM32U595AJH6Q, STM32U595QII6, STM32U595QII6Q, STM32U595QJI6, STM32U595QJI6Q, STM32U595RIT6, STM32U595RIT6Q, STM32U595RJT6, STM32U595RJT6Q, STM32U595VIT6, STM32U595VIT6Q, STM32U595VJT6, STM32U595VJT6Q, STM32U595ZIT6, STM32U595ZIT6Q, STM32U595ZIY6QTR, STM32U595ZJT6, STM32U595ZJT6Q, STM32U595ZJY6QTR, STM32U599BJY6QTR, STM32U599NIH6Q, STM32U599NJH6Q, STM32U599VIT6Q, STM32U599VJT6, STM32U599VJT6Q, STM32U599ZIT6Q, STM32U599ZIY6QTR, STM32U599ZJT6Q, STM32U599ZJY6QTR, STM32U5A5AJH6, STM32U5A5AJH6Q, STM32U5A5QII3Q , STM32U5A5QJI6, STM32U5A5QJI6Q, STM32U5A5RJT6, STM32U5A5RJT6Q, STM32U5A5VJT6, STM32U5A5VJT6Q, STM32U5A5ZJT6, STM32U5A5ZJT6Q, STM32U5A5ZJY6QTR, STM32U5A9BJY6QTR, STM32U5A9J-DK, STM32U5A9NJH6Q, STM32U5A9VJT6Q, STM32U5A9ZJT6Q, STM32U5A9ZJY6QTR, STM32U5F7VIT6, STM32U5F7VIT6Q, STM32U5F7VJT6, STM32U5F7VJT6Q, STM32U5F9BJY6QTR, STM32U5F9NJH6Q, STM32U5F9VIT6Q, STM32U5F9VJT6Q, STM32U5F9ZIJ6QTR, STM32U5F9ZIT6Q, STM32U5F9ZJJ6QTR, STM32U5F9ZJT6Q, STM32U5G7VJT6, STM32U5G7VJT6Q, STM32U5G9BJY6QTR, STM32U5G9J-DK1, STM32U5G9J-DK2, STM32U5G9NJH6Q, STM32U5G9VJT6Q, STM32U5G9ZJJ6QTR, STM32U5G9ZJT6Q, STM32WB05KZV6TR, STM32WB05KZV7TR, STM32WB05TZF6TR, STM32WB05TZF7TR, STM32WB06CCF6TR, STM32WB06CCF7TR, STM32WB06CCV6TR, STM32WB06CCV7TR, STM32WB06KCV6TR, STM32WB06KCV7TR, STM32WB07CCF6TR, STM32WB07CCF7TR, STM32WB07CCV6TR, STM32WB07CCV7TR, STM32WB07KCV6TR, STM32WB07KCV7TR, STM32WB09KEV6TR, STM32WB09KEV7TR, STM32WB09TEF6TR, STM32WB09TEF7TR, STM32WB1MMCH6, STM32WBA50KGU6, STM32WBA50KGU6TR, STM32WBA52CEU6, STM32WBA52CEU6TR, STM32WBA52CEU7, STM32WBA52CEU7TR, STM32WBA52CGU6, STM32WBA52CGU6TR, STM32WBA52CGU6U, STM32WBA52CGU7, STM32WBA52CGU7TR, STM32WBA52KEU6, STM32WBA52KEU6TR, STM32WBA52KGU6, STM32WBA52KGU6TR, STM32WBA54CEU6, STM32WBA54CEU6TR, STM32WBA54CEU7, STM32WBA54CEU7TR, STM32WBA54CGU6, STM32WBA54CGU6TR, STM32WBA54CGU7, STM32WBA54CGU7TR, STM32WBA54KEU6, STM32WBA54KEU6TR, STM32WBA54KEU7, STM32WBA54KEU7TR, STM32WBA54KGU6, STM32WBA54KGU6TR, STM32WBA54KGU7, STM32WBA54KGU7TR, STM32WBA55CEU6, STM32WBA55CEU6TR, STM32WBA55CEU7, STM32WBA55CEU7TR, STM32WBA55CGU6, STM32WBA55CGU6TR, STM32WBA55CGU6U, STM32WBA55CGU7, STM32WBA55CGU7TR, STM32WBA55G-DK1, STM32WBA55HEF6, STM32WBA55HEF7, STM32WBA55HGF6, STM32WBA55HGF7, STM32WBA55UEI6, STM32WBA55UEI6TR, STM32WBA55UEI7, STM32WBA55UEI7TR, STM32WBA55UGI6, STM32WBA55UGI6TR, STM32WBA55UGI7, STM32WBA55UGI7TR, STM32WBA5MMGH6TR, STM32WBA62MGF6, STM32WBA62MIF6, STM32WBA65MGF7, STM32WBA65MIF6, STM32WBA65MIF7, STM32WL30K8V6, STM32WL30KBV6, STM32WL31C8V6, STM32WL31CBV6, STM32WL31K8V6, STM32WL31KBV6, STM32WL33C8V6, STM32WL33C8V6X, STM32WL33CBV6, STM32WL33CBV6X, STM32WL33CCV6, STM32WL33CCV6A, STM32WL33CCV6X, STM32WL33K8V7, STM32WL33K8V7X, STM32WL33KBV7 , STM32WL33KBV7X, STM32WL33KCV7, STM32WL33KCV7X, STM32WL5MOCH6, STM32WL5MOCH6TR]
2026-04-26 13:22:15,872 [INFO] DbMcus:218 - Found 5055 MCUs, 4968 are supported
2026-04-26 13:22:15,872 [INFO] ApiDb:423 - Load user favorites file /Users/admin/.stm32cubeide/favorites.mcus.txt: 0 item(s)
2026-04-26 13:22:15,872 [INFO] ApiDb:427 - User favorites MCUs=[]
2026-04-26 13:22:15,872 [INFO] DbMcus:224 - Set 0 / 0 favorites MCUs
2026-04-26 13:22:16,495 [INFO] BoardInfo:889 - No configuration file found for board NUCLEO-H5E5ZJ
2026-04-26 13:22:16,496 [INFO] DbBoards:161 - Board is not supported: NUCLEO-H5E5ZJ
2026-04-26 13:22:16,549 [INFO] BoardInfo:889 - No configuration file found for board NUCLEO-U3C5ZI-Q
2026-04-26 13:22:16,550 [INFO] DbBoards:161 - Board is not supported: NUCLEO-U3C5ZI-Q
2026-04-26 13:22:16,564 [INFO] BoardInfo:889 - No configuration file found for board NUCLEO-WBA25CE1
2026-04-26 13:22:16,564 [INFO] DbBoards:161 - Board is not supported: NUCLEO-WBA25CE1
2026-04-26 13:22:16,573 [INFO] BoardInfo:889 - No configuration file found for board NUCLEO-WL3RKB1
2026-04-26 13:22:16,573 [INFO] DbBoards:161 - Board is not supported: NUCLEO-WL3RKB1
2026-04-26 13:22:16,575 [INFO] BoardInfo:889 - No configuration file found for board NUCLEO-WL3RKB2
2026-04-26 13:22:16,575 [INFO] DbBoards:161 - Board is not supported: NUCLEO-WL3RKB2
2026-04-26 13:22:16,583 [INFO] BoardInfo:889 - No configuration file found for board P-NUCLEO-WB55
2026-04-26 13:22:16,583 [INFO] DbBoards:161 - Kit is not supported: P-NUCLEO-WB55
2026-04-26 13:22:16,590 [INFO] BoardInfo:889 - No configuration file found for board STEVAL-BFA001V1B
2026-04-26 13:22:16,590 [INFO] DbBoards:161 - Kit is not supported: STEVAL-BFA001V1B
2026-04-26 13:22:16,592 [INFO] BoardInfo:889 - No configuration file found for board STEVAL-BFA001V2B
2026-04-26 13:22:16,592 [INFO] DbBoards:161 - Kit is not supported: STEVAL-BFA001V2B
2026-04-26 13:22:16,687 [INFO] BoardInfo:889 - No configuration file found for board STM32H5F5J-DK
2026-04-26 13:22:16,688 [INFO] DbBoards:161 - Board is not supported: STM32H5F5J-DK
2026-04-26 13:22:16,792 [INFO] DbBoards:168 - Found 218 boards, 209 are supported
2026-04-26 13:22:16,792 [INFO] DbBoards:169 - Found 218 boards, 43 of them is supported for  Bsp
2026-04-26 13:22:16,796 [INFO] ApiDb:423 - Load user favorites file /Users/admin/.stm32cubeide/favorites.boards.txt: 0 item(s)
2026-04-26 13:22:16,796 [INFO] ApiDb:427 - User favorites Boards=[]
2026-04-26 13:22:16,796 [INFO] DbBoards:198 - Set 0 / 0 favorites Boards
2026-04-26 13:22:16,849 [INFO] UtilMem:75 - End LoadConfig() Used Memory: 735251056 Bytes (1073741824)
2026-04-26 13:22:17,128 [WARN] ThirdParty:833 - waiting for thirdparty lock release [change project]
2026-04-26 13:22:17,128 [INFO] ThirdParty:835 - entering critical section [change project]
2026-04-26 13:22:17,129 [INFO] ThirdParty:1030 - CMSIS Pack Vendor :STMicroelectronics X-CUBE-AZRTOS-H7 3.5.0
2026-04-26 13:22:17,129 [INFO] ThirdParty:1030 - CMSIS Pack Vendor :STMicroelectronics X-CUBE-PM33A1 1.0.0
2026-04-26 13:22:17,129 [INFO] ThirdParty:1030 - CMSIS Pack Vendor :STMicroelectronics USBPD 4.1
2026-04-26 13:22:17,129 [INFO] ThirdParty:1030 - CMSIS Pack Vendor :STMicroelectronics X-CUBE-GNSS1 6.0.0
2026-04-26 13:22:17,130 [INFO] ThirdParty:1030 - CMSIS Pack Vendor :STMicroelectronics USB_HOST 2.0.0
2026-04-26 13:22:17,130 [INFO] ThirdParty:1030 - CMSIS Pack Vendor :STMicroelectronics FP-SNS-MOTENVWB1 1.4.0
2026-04-26 13:22:17,130 [INFO] ThirdParty:1030 - CMSIS Pack Vendor :STMicroelectronics X-CUBE-AZRTOS-F4 1.1.0
2026-04-26 13:22:17,130 [INFO] ThirdParty:1030 - CMSIS Pack Vendor :STMicroelectronics LIBJPEG 8.0.0
2026-04-26 13:22:17,130 [INFO] ThirdParty:1030 - CMSIS Pack Vendor :STMicroelectronics FP-ATR-ASTRA1 2.0.2
2026-04-26 13:22:17,130 [INFO] ThirdParty:1030 - CMSIS Pack Vendor :STMicroelectronics FP-ATR-ASTRA1 2.0.1
2026-04-26 13:22:17,130 [INFO] ThirdParty:1030 - CMSIS Pack Vendor :Avnet-IotConnect X-CUBE-IoTC-DA16k-PMOD 1.0.0
2026-04-26 13:22:17,130 [INFO] ThirdParty:1030 - CMSIS Pack Vendor :STMicroelectronics X-CUBE-SMBUS 2.1.0
2026-04-26 13:22:17,130 [INFO] ThirdParty:1030 - CMSIS Pack Vendor :STMicroelectronics X-CUBE-WB05N 1.1.0
2026-04-26 13:22:17,130 [INFO] ThirdParty:1030 - CMSIS Pack Vendor :STMicroelectronics X-CUBE-ISPU 2.1.0
2026-04-26 13:22:17,130 [INFO] ThirdParty:1030 - CMSIS Pack Vendor :STMicroelectronics X-CUBE-IPS 3.2.0
2026-04-26 13:22:17,131 [INFO] ThirdParty:1030 - CMSIS Pack Vendor :STMicroelectronics eDS-WB_DPC_TT-BIDIR 2.1.1
2026-04-26 13:22:17,131 [INFO] ThirdParty:1030 - CMSIS Pack Vendor :STMicroelectronics X-CUBE-FREERTOS 1.2.0
2026-04-26 13:22:17,131 [INFO] ThirdParty:1030 - CMSIS Pack Vendor :STMicroelectronics X-CUBE-ST60 1.0.0
2026-04-26 13:22:17,131 [INFO] ThirdParty:1030 - CMSIS Pack Vendor :STMicroelectronics X-CUBE-NFC12 1.0.0
2026-04-26 13:22:17,131 [INFO] ThirdParty:1030 - CMSIS Pack Vendor :STMicroelectronics X-CUBE-TOUCHGFX 4.23.2
2026-04-26 13:22:17,131 [INFO] ThirdParty:1030 - CMSIS Pack Vendor :STMicroelectronics X-CUBE-AZRTOS-F7 1.1.0
2026-04-26 13:22:17,131 [INFO] ThirdParty:1030 - CMSIS Pack Vendor :STMicroelectronics X-CUBE-AZRTOS-L5 2.0.0
2026-04-26 13:22:17,131 [INFO] ThirdParty:1030 - CMSIS Pack Vendor :STMicroelectronics USB_DEVICE 2.0.0
2026-04-26 13:22:17,131 [INFO] ThirdParty:1030 - CMSIS Pack Vendor :STMicroelectronics X-CUBE-NFC6 3.1.0
2026-04-26 13:22:17,131 [INFO] ThirdParty:1030 - CMSIS Pack Vendor :STMicroelectronics FP-SNS-MOTENV1 4.3.2
2026-04-26 13:22:17,131 [INFO] ThirdParty:1030 - CMSIS Pack Vendor :STMicroelectronics X-CUBE-MEMS1 11.0.0
2026-04-26 13:22:17,131 [INFO] ThirdParty:1030 - CMSIS Pack Vendor :STMicroelectronics FP-SNS-MOTENV1 5.1.0
2026-04-26 13:22:17,131 [INFO] ThirdParty:1030 - CMSIS Pack Vendor :STMicroelectronics FreeRTOS 0.0.1
2026-04-26 13:22:17,132 [INFO] ThirdParty:1030 - CMSIS Pack Vendor :STMicroelectronics X-CUBE-DPower 1.2.0
2026-04-26 13:22:17,132 [INFO] ThirdParty:1030 - CMSIS Pack Vendor :STMicroelectronics eDS-WB_DPC_VIENNA 1.2.0
2026-04-26 13:22:17,132 [INFO] ThirdParty:1030 - CMSIS Pack Vendor :STMicroelectronics FP-SNS-FLIGHT1 5.0.2
2026-04-26 13:22:17,132 [INFO] ThirdParty:1030 - CMSIS Pack Vendor :STMicroelectronics eDS-WB_DPC_3PH2L-BIDIR 1.1.1
2026-04-26 13:22:17,132 [INFO] ThirdParty:1030 - CMSIS Pack Vendor :STMicroelectronics X-CUBE-AI 9.0.0
2026-04-26 13:22:17,132 [INFO] ThirdParty:1030 - CMSIS Pack Vendor :STMicroelectronics PDM2PCM 3.3.0
2026-04-26 13:22:17,132 [INFO] ThirdParty:1030 - CMSIS Pack Vendor :STMicroelectronics X-CUBE-AZRTOS-H7 3.4.0
2026-04-26 13:22:17,132 [INFO] ThirdParty:1030 - CMSIS Pack Vendor :STMicroelectronics X-CUBE-DISPLAY 3.0.0
2026-04-26 13:22:17,132 [INFO] ThirdParty:1030 - CMSIS Pack Vendor :STMicroelectronics FP-SNS-MOTENVWB1 1.5.0
2026-04-26 13:22:17,132 [INFO] ThirdParty:1030 - CMSIS Pack Vendor :STMicroelectronics X-CUBE-BLE1 7.0.0
2026-04-26 13:22:17,132 [INFO] ThirdParty:1030 - CMSIS Pack Vendor :STMicroelectronics X-CUBE-NFC10 1.0.0
2026-04-26 13:22:17,132 [INFO] ThirdParty:1030 - CMSIS Pack Vendor :STMicroelectronics X-CUBE-BLEMGR 4.0.0
2026-04-26 13:22:17,132 [INFO] ThirdParty:1030 - CMSIS Pack Vendor :STMicroelectronics X-CUBE-FREERTOS 1.3.1
2026-04-26 13:22:17,133 [INFO] ThirdParty:1030 - CMSIS Pack Vendor :STMicroelectronics HAL Drivers 0.0.0
2026-04-26 13:22:17,133 [INFO] ThirdParty:1030 - CMSIS Pack Vendor :STMicroelectronics X-CUBE-ST60 1.1.0
2026-04-26 13:22:17,133 [INFO] ThirdParty:1030 - CMSIS Pack Vendor :emotas I-CUBE-CANOPEN 1.3.0
2026-04-26 13:22:17,133 [INFO] ThirdParty:1030 - CMSIS Pack Vendor :STMicroelectronics X-CUBE-FREERTOS 1.3.0
2026-04-26 13:22:17,133 [INFO] ThirdParty:1030 - CMSIS Pack Vendor :STMicroelectronics X-CUBE-NFC7 1.0.1
2026-04-26 13:22:17,133 [INFO] ThirdParty:1030 - CMSIS Pack Vendor :STMicroelectronics MBEDTLS 2.14.1
2026-04-26 13:22:17,133 [INFO] ThirdParty:1030 - CMSIS Pack Vendor :STMicroelectronics X-CUBE-GNSS1 7.1.0
2026-04-26 13:22:17,133 [INFO] ThirdParty:1030 - CMSIS Pack Vendor :wolfSSL I-CUBE-wolfTPM 3.2.0
2026-04-26 13:22:17,133 [INFO] ThirdParty:1030 - CMSIS Pack Vendor :STMicroelectronics X-CUBE-TOUCHGFX 4.26.0
2026-04-26 13:22:17,134 [INFO] ThirdParty:1030 - CMSIS Pack Vendor :STMicroelectronics X-CUBE-TOUCHGFX 4.26.1
2026-04-26 13:22:17,134 [INFO] ThirdParty:1030 - CMSIS Pack Vendor :STMicroelectronics X-CUBE-BLEMGR 3.1.0
2026-04-26 13:22:17,134 [INFO] ThirdParty:1030 - CMSIS Pack Vendor :STMicroelectronics X-CUBE-AI 10.0.0
2026-04-26 13:22:17,134 [INFO] ThirdParty:1030 - CMSIS Pack Vendor :STMicroelectronics FP-SNS-STBOX1 2.1.0
2026-04-26 13:22:17,134 [INFO] ThirdParty:1030 - CMSIS Pack Vendor :STMicroelectronics FP-SNS-STAIOTCFT 1.0.0
2026-04-26 13:22:17,134 [INFO] ThirdParty:1030 - CMSIS Pack Vendor :STMicroelectronics FP-SNS-SMARTAG2 1.2.0
2026-04-26 13:22:17,134 [INFO] ThirdParty:1030 - CMSIS Pack Vendor :STMicroelectronics FP-SNS-FLIGHT1 5.1.0
2026-04-26 13:22:17,134 [INFO] ThirdParty:1030 - CMSIS Pack Vendor :STMicroelectronics X-CUBE-MEMS1 11.1.0
2026-04-26 13:22:17,134 [INFO] ThirdParty:1030 - CMSIS Pack Vendor :STMicroelectronics X-CUBE-AZRTOS-WL 2.0.0
2026-04-26 13:22:17,134 [INFO] ThirdParty:1030 - CMSIS Pack Vendor :STMicroelectronics X-CUBE-DPower 1.3.0
2026-04-26 13:22:17,134 [INFO] ThirdParty:1030 - CMSIS Pack Vendor :STMicroelectronics FP-SNS-MOTENV1 5.0.0
2026-04-26 13:22:17,134 [INFO] ThirdParty:1030 - CMSIS Pack Vendor :STMicroelectronics USB_DEVICE 1.0.0
2026-04-26 13:22:17,134 [INFO] ThirdParty:1030 - CMSIS Pack Vendor :STMicroelectronics X-CUBE-AZRTOS-H7RS 1.2.0
2026-04-26 13:22:17,134 [INFO] ThirdParty:1030 - CMSIS Pack Vendor :STMicroelectronics X-CUBE-AI 8.1.0
2026-04-26 13:22:17,134 [INFO] ThirdParty:1030 - CMSIS Pack Vendor :wolfSSL I-CUBE-wolfMQTT 1.19.0
2026-04-26 13:22:17,135 [INFO] ThirdParty:1030 - CMSIS Pack Vendor :STMicroelectronics X-CUBE-AZRTOS-L4 2.0.0
2026-04-26 13:22:17,135 [INFO] ThirdParty:1030 - CMSIS Pack Vendor :STMicroelectronics ThreadX 0.0.2
2026-04-26 13:22:17,135 [INFO] ThirdParty:1030 - CMSIS Pack Vendor :WES I-CUBE-Cesium 1.3.0
2026-04-26 13:22:17,135 [INFO] ThirdParty:1030 - CMSIS Pack Vendor :STMicroelectronics lwIP 2.1.2
2026-04-26 13:22:17,135 [INFO] ThirdParty:1030 - CMSIS Pack Vendor :STMicroelectronics X-CUBE-SFXS2LP1 4.0.0
2026-04-26 13:22:17,135 [INFO] ThirdParty:1030 - CMSIS Pack Vendor :STMicroelectronics X-CUBE-BLE2 3.3.0
2026-04-26 13:22:17,135 [INFO] ThirdParty:1030 - CMSIS Pack Vendor :Avnet-IOTCONNECT X-CUBE-iotc-st67-sdk 1.0.0
2026-04-26 13:22:17,135 [INFO] ThirdParty:1030 - CMSIS Pack Vendor :STMicroelectronics PDM2PCM 3.2.0
2026-04-26 13:22:17,135 [INFO] ThirdParty:1030 - CMSIS Pack Vendor :STMicroelectronics X-CUBE-WB05N 2.1.0
2026-04-26 13:22:17,135 [INFO] ThirdParty:1030 - CMSIS Pack Vendor :STMicroelectronics X-CUBE-ST67W61 1.2.0
2026-04-26 13:22:17,135 [INFO] ThirdParty:1030 - CMSIS Pack Vendor :STMicroelectronics X-CUBE-AZRTOS-H7 3.3.0
2026-04-26 13:22:17,135 [INFO] ThirdParty:1030 - CMSIS Pack Vendor :STMicroelectronics X-CUBE-NFC9 1.0.0
2026-04-26 13:22:17,135 [INFO] ThirdParty:1030 - CMSIS Pack Vendor :STMicroelectronics X-CUBE-BLE1 7.1.0
2026-04-26 13:22:17,135 [INFO] ThirdParty:1030 - CMSIS Pack Vendor :STMicroelectronics USB_DEVICE 3.0.0
2026-04-26 13:22:17,135 [INFO] ThirdParty:1030 - CMSIS Pack Vendor :STMicroelectronics X-CUBE-TCPP 4.1.0
2026-04-26 13:22:17,136 [INFO] ThirdParty:1030 - CMSIS Pack Vendor :STMicroelectronics X-CUBE-FREERTOS 1.4.0
2026-04-26 13:22:17,136 [INFO] ThirdParty:1030 - CMSIS Pack Vendor :STMicroelectronics X-CUBE-EEPRMA1 5.2.0
2026-04-26 13:22:17,136 [INFO] ThirdParty:1030 - CMSIS Pack Vendor :STMicroelectronics X-CUBE-BLEMGR 4.1.0
2026-04-26 13:22:17,136 [INFO] ThirdParty:1030 - CMSIS Pack Vendor :STMicroelectronics X-CUBE-IPS 3.0.0
2026-04-26 13:22:17,136 [INFO] ThirdParty:1030 - CMSIS Pack Vendor :STMicroelectronics X-CUBE-AZRTOS-WB 2.0.0
2026-04-26 13:22:17,136 [INFO] ThirdParty:1030 - CMSIS Pack Vendor :STMicroelectronics X-CUBE-GNSS1 7.0.0
2026-04-26 13:22:17,136 [INFO] ThirdParty:1030 - CMSIS Pack Vendor :STMicroelectronics X-CUBE-GNSS1 7.0.1
2026-04-26 13:22:17,136 [INFO] ThirdParty:1030 - CMSIS Pack Vendor :STMicroelectronics X-CUBE-TOUCHGFX 4.25.0
2026-04-26 13:22:17,136 [INFO] ThirdParty:1030 - CMSIS Pack Vendor :STMicroelectronics X-CUBE-ST67W61 1.1.0
2026-04-26 13:22:17,136 [INFO] ThirdParty:1030 - CMSIS Pack Vendor :STMicroelectronics X-CUBE-AI 10.1.0
2026-04-26 13:22:17,136 [INFO] ThirdParty:1030 - CMSIS Pack Vendor :STMicroelectronics FP-SNS-STBOX1 2.0.0
2026-04-26 13:22:17,137 [INFO] ThirdParty:1030 - CMSIS Pack Vendor :STMicroelectronics X-CUBE-MEMS1 12.0.0
2026-04-26 13:22:17,137 [INFO] ThirdParty:1030 - CMSIS Pack Vendor :STMicroelectronics X-CUBE-ALGOBUILD 1.3.0
2026-04-26 13:22:17,137 [INFO] ThirdParty:1030 - CMSIS Pack Vendor :STMicroelectronics X-CUBE-STSE01 2.0.0
2026-04-26 13:22:17,137 [INFO] ThirdParty:1030 - CMSIS Pack Vendor :STMicroelectronics X-CUBE-MEMS1 11.2.0
2026-04-26 13:22:17,137 [INFO] ThirdParty:1030 - CMSIS Pack Vendor :STMicroelectronics X-CUBE-AZRTOS-G0 1.1.0
2026-04-26 13:22:17,137 [INFO] ThirdParty:1030 - CMSIS Pack Vendor :STMicroelectronics X-CUBE-SAFEA1 1.2.2
2026-04-26 13:22:17,137 [INFO] ThirdParty:1030 - CMSIS Pack Vendor :STMicroelectronics X-CUBE-NFC4 3.0.0
2026-04-26 13:22:17,137 [INFO] ThirdParty:1030 - CMSIS Pack Vendor :STMicroelectronics X-CUBE-SUBG2 5.0.0
2026-04-26 13:22:17,137 [INFO] ThirdParty:1030 - CMSIS Pack Vendor :STMicroelectronics X-CUBE-AZRTOS-H7RS 1.1.0
2026-04-26 13:22:17,137 [INFO] ThirdParty:1030 - CMSIS Pack Vendor :STMicroelectronics STM32_WPAN 1.0.0
2026-04-26 13:22:17,137 [INFO] ThirdParty:1030 - CMSIS Pack Vendor :EmbeddedOffice I-CUBE-FS-RTOS 1.0.1
2026-04-26 13:22:17,138 [INFO] ThirdParty:1030 - CMSIS Pack Vendor :STMicroelectronics lwIP 2.0.3
2026-04-26 13:22:17,138 [INFO] ThirdParty:1030 - CMSIS Pack Vendor :Cesanta I-CUBE-Mongoose 7.13.0
2026-04-26 13:22:17,138 [INFO] ThirdParty:1030 - CMSIS Pack Vendor :STMicroelectronics USB_HOST 1.0.0
2026-04-26 13:22:17,138 [INFO] ThirdParty:1030 - CMSIS Pack Vendor :STMicroelectronics X-CUBE-AZRTOS-G4 2.0.0
2026-04-26 13:22:17,138 [INFO] ThirdParty:1030 - CMSIS Pack Vendor :STMicroelectronics X-CUBE-WB05N 2.0.0
2026-04-26 13:22:17,138 [INFO] ThirdParty:1030 - CMSIS Pack Vendor :STMicroelectronics PDM2PCM 3.1.0
2026-04-26 13:22:17,138 [INFO] ThirdParty:1030 - CMSIS Pack Vendor :STMicroelectronics X-CUBE-NFC7 2.0.0
2026-04-26 13:22:17,138 [INFO] ThirdParty:1030 - CMSIS Pack Vendor :STMicroelectronics X-CUBE-TCPP 4.2.0
2026-04-26 13:22:17,138 [INFO] ThirdParty:1030 - CMSIS Pack Vendor :RealThread X-CUBE-RT-Thread_Nano 4.1.1
2026-04-26 13:22:17,138 [INFO] ThirdParty:1030 - CMSIS Pack Vendor :wolfSSL I-CUBE-wolfSSL 5.7.0
2026-04-26 13:22:17,138 [INFO] ThirdParty:1030 - CMSIS Pack Vendor :STMicroelectronics FP-SNS-MOTENVWB1 1.3.1
2026-04-26 13:22:17,138 [INFO] ThirdParty:1030 - CMSIS Pack Vendor :STMicroelectronics FP-ATR-SIGFOX1 3.2.0
2026-04-26 13:22:17,138 [INFO] ThirdParty:1030 - CMSIS Pack Vendor :quantropi X-CUBE-qispace-sdk-base 1.9.3
2026-04-26 13:22:17,138 [INFO] ThirdParty:1030 - CMSIS Pack Vendor :STMicroelectronics X-CUBE-ISPU 2.0.0
2026-04-26 13:22:17,138 [INFO] ThirdParty:1030 - CMSIS Pack Vendor :STMicroelectronics X-CUBE-EEPRMA1 5.1.0
2026-04-26 13:22:17,139 [INFO] ThirdParty:1030 - CMSIS Pack Vendor :STMicroelectronics X-CUBE-FREERTOS 1.5.0
2026-04-26 13:22:17,139 [INFO] ThirdParty:1030 - CMSIS Pack Vendor :STMicroelectronics MBEDTLS 2.16.2
2026-04-26 13:22:17,139 [INFO] ThirdParty:1030 - CMSIS Pack Vendor :STMicroelectronics X-CUBE-IPS 3.1.0
2026-04-26 13:22:17,139 [INFO] ThirdParty:1030 - CMSIS Pack Vendor :STMicroelectronics X-CUBE-ALS 1.0.2
2026-04-26 13:22:17,139 [INFO] ThirdParty:1030 - CMSIS Pack Vendor :STMicroelectronics X-CUBE-MEMS1 10.0.0
2026-04-26 13:22:17,139 [INFO] ThirdParty:1030 - CMSIS Pack Vendor :STMicroelectronics X-CUBE-FREERTOS 1.1.0
2026-04-26 13:22:17,139 [INFO] ThirdParty:1030 - CMSIS Pack Vendor :STMicroelectronics X-CUBE-TOUCHGFX 4.24.0
2026-04-26 13:22:17,139 [INFO] ThirdParty:1030 - CMSIS Pack Vendor :ITTIA_DB I-CUBE-ITTIADB 8.9.0
2026-04-26 13:22:17,139 [INFO] ThirdParty:1030 - CMSIS Pack Vendor :STMicroelectronics X-CUBE-TOUCHGFX 4.24.2
2026-04-26 13:22:17,139 [INFO] ThirdParty:1030 - CMSIS Pack Vendor :STMicroelectronics X-CUBE-TOUCHGFX 4.24.1
2026-04-26 13:22:17,139 [INFO] ThirdParty:1030 - CMSIS Pack Vendor :STMicroelectronics X-CUBE-STSE01 1.0.0
2026-04-26 13:22:17,139 [INFO] ThirdParty:1030 - CMSIS Pack Vendor :portGmbH I-Cube-SoM-uGOAL 1.1.0
2026-04-26 13:22:17,139 [INFO] ThirdParty:1030 - CMSIS Pack Vendor :STMicroelectronics X-CUBE-ALS 1.0.1
2026-04-26 13:22:17,139 [INFO] ThirdParty:1030 - CMSIS Pack Vendor :STMicroelectronics X-CUBE-NFC6 3.2.0
2026-04-26 13:22:17,139 [INFO] ThirdParty:1030 - CMSIS Pack Vendor :STMicroelectronics X-CUBE-ST67W61 1.0.0
2026-04-26 13:22:17,140 [INFO] ThirdParty:1030 - CMSIS Pack Vendor :STMicroelectronics X-CUBE-AI 10.2.0
2026-04-26 13:22:17,140 [INFO] ThirdParty:1030 - CMSIS Pack Vendor :STMicroelectronics ThreadX 1.0.0
2026-04-26 13:22:17,140 [INFO] ThirdParty:1030 - CMSIS Pack Vendor :SEGGER I-CUBE-embOS 1.3.1
2026-04-26 13:22:17,140 [INFO] ThirdParty:1030 - CMSIS Pack Vendor :STMicroelectronics X-CUBE-ALGOBUILD 1.4.0
2026-04-26 13:22:17,140 [INFO] ThirdParty:1030 - CMSIS Pack Vendor :STMicroelectronics X-CUBE-MEMS1 11.3.0
2026-04-26 13:22:17,140 [INFO] ThirdParty:1030 - CMSIS Pack Vendor :STMicroelectronics X-CUBE-AZRTOS-H7RS 1.0.0
2026-04-26 13:22:17,140 [INFO] ThirdParty:1030 - CMSIS Pack Vendor :STMicroelectronics FP-ATR-ASTRA1 2.0.0
2026-04-26 13:22:17,140 [INFO] ThirdParty:1030 - CMSIS Pack Vendor :STMicroelectronics X-CUBE-TOF1 3.4.2
2026-04-26 13:22:17,140 [INFO] ThirdParty:1030 - CMSIS Pack Vendor :STMicroelectronics X-CUBE-TOF1 3.4.3
2026-04-26 13:22:17,140 [INFO] ThirdParty:1030 - CMSIS Pack Vendor :STMicroelectronics X-CUBE-AI 9.1.0
2026-04-26 13:22:17,140 [INFO] ThirdParty:1030 - CMSIS Pack Vendor :STMicroelectronics X-CUBE-TOF1 3.4.1
2026-04-26 13:22:17,140 [INFO] ThirdParty:1030 - CMSIS Pack Vendor :STMicroelectronics X-CUBE-AZRTOS-H7 3.2.0
2026-04-26 13:22:17,140 [INFO] ThirdParty:1030 - CMSIS Pack Vendor :Infineon AIROC-Wi-Fi-Bluetooth-STM32 1.6.0
2026-04-26 13:22:17,140 [INFO] ThirdParty:1030 - CMSIS Pack Vendor :wolfSSL I-CUBE-wolfSSH 1.4.17
2026-04-26 13:22:17,141 [INFO] ThirdParty:841 - exiting critical section [change project]
2026-04-26 13:22:17,448 [INFO] PinOutPanel:1589 - setPackage(No Configuration,No Configuration)
2026-04-26 13:22:17,452 [INFO] PinOutPanel:1589 - setPackage(STM32L010K8Tx,LQFP32)
2026-04-26 13:22:18,470 [INFO] UtilMem:75 - Before build in PCC Used Memory: 812202056 Bytes (1073741824)
2026-04-26 13:22:19,345 [INFO] UtilMem:75 - After build in PCC Used Memory: 938227984 Bytes (1073741824)
2026-04-26 13:22:19,379 [INFO] IPUIPlugin:80 - create IPUIPlugin
2026-04-26 13:22:19,380 [INFO] IPUIPlugin:80 - create IPUIPlugin
2026-04-26 13:22:19,380 [INFO] IPUIPlugin:80 - create IPUIPlugin
2026-04-26 13:22:19,380 [INFO] IPUIPlugin:80 - create IPUIPlugin
2026-04-26 13:22:19,381 [INFO] IPUIPlugin:80 - create IPUIPlugin
2026-04-26 13:22:19,381 [INFO] IPUIPlugin:80 - create IPUIPlugin
2026-04-26 13:22:19,381 [INFO] IPUIPlugin:80 - create IPUIPlugin
2026-04-26 13:22:19,382 [INFO] IPUIPlugin:80 - create IPUIPlugin
2026-04-26 13:22:19,382 [INFO] IPUIPlugin:80 - create IPUIPlugin
2026-04-26 13:22:19,382 [INFO] IPUIPlugin:80 - create IPUIPlugin
2026-04-26 13:22:19,383 [INFO] IPUIPlugin:80 - create IPUIPlugin
2026-04-26 13:22:19,383 [INFO] IPUIPlugin:80 - create IPUIPlugin
2026-04-26 13:22:19,384 [INFO] IPUIPlugin:80 - create IPUIPlugin
2026-04-26 13:22:19,384 [INFO] IPUIPlugin:80 - create IPUIPlugin
2026-04-26 13:22:19,384 [INFO] IPUIPlugin:80 - create IPUIPlugin
2026-04-26 13:22:19,384 [INFO] IPUIPlugin:80 - create IPUIPlugin
2026-04-26 13:22:19,385 [INFO] IPUIPlugin:80 - create IPUIPlugin
2026-04-26 13:22:19,385 [INFO] IPUIPlugin:80 - create IPUIPlugin
2026-04-26 13:22:19,676 [INFO] CADModel:165 - CPN selected for project levelSTM32L010K8T6
2026-04-26 13:22:19,676 [INFO] CADModel:114 - Register for checkConnection events
2026-04-26 13:22:19,717 [INFO] OpenFileManager:386 - Restore cursor
2026-04-26 13:22:51,323 [INFO] Gpio:278 - dependency for GPIO [ADC, RCC, SPI1, SYS, USART2]
2026-04-26 13:23:01,827 [INFO] UtilMem:75 - End SaveConfig() Used Memory: 963703616 Bytes (1073741824)
2026-04-26 13:23:06,707 [INFO] UtilMem:75 - End SaveConfig() Used Memory: 745964688 Bytes (1073741824)
2026-04-26 13:23:07,457 [INFO] BlockDiagram:2775 - set Specific Code input for plugin: ADC
2026-04-26 13:23:07,457 [INFO] BlockDiagram:2775 - set Specific Code input for plugin: RTC
2026-04-26 13:23:07,457 [INFO] BlockDiagram:2775 - set Specific Code input for plugin: SPI
2026-04-26 13:23:07,457 [INFO] BlockDiagram:2775 - set Specific Code input for plugin: NVIC
2026-04-26 13:23:07,457 [INFO] BlockDiagram:2775 - set Specific Code input for plugin: SYS
2026-04-26 13:23:07,458 [INFO] BlockDiagram:2775 - set Specific Code input for plugin: GPIO
2026-04-26 13:23:07,458 [INFO] BlockDiagram:2775 - set Specific Code input for plugin: USART
2026-04-26 13:23:07,458 [INFO] BlockDiagram:2775 - set Specific Code input for plugin: RCC
2026-04-26 13:23:07,459 [INFO] CodeGenerator:892 - code generatio: config db path: /Applications/STM32CubeIDE.app/Contents/Eclipse/plugins/com.st.stm32cube.common.mx_6.15.0.202507011659//db/
2026-04-26 13:23:07,767 [INFO] CodeEngine:265 - oldGeneratedFile, /Users/admin/Desktop/My Projects/Bike4u/Programing/Bike4u/MXTmpFiles/license.tmp_save
2026-04-26 13:23:08,381 [INFO] CodeEngine:289 - Generated code: /Users/admin/Desktop/My Projects/Bike4u/Programing/Bike4u/MXTmpFiles/license.tmp
2026-04-26 13:23:08,592 [INFO] CodeEngine:265 - oldGeneratedFile, /Users/admin/Desktop/My Projects/Bike4u/Programing/Bike4u/MXTmpFiles/gpio.tmp_save
2026-04-26 13:23:08,780 [INFO] CodeEngine:289 - Generated code: /Users/admin/Desktop/My Projects/Bike4u/Programing/Bike4u/MXTmpFiles/gpio.tmp
2026-04-26 13:23:09,602 [INFO] CodeEngine:265 - oldGeneratedFile, /Users/admin/Desktop/My Projects/Bike4u/Programing/Bike4u/Core/Src/stm32l0xx_it.c_save
2026-04-26 13:23:09,755 [INFO] CodeEngine:289 - Generated code: /Users/admin/Desktop/My Projects/Bike4u/Programing/Bike4u/Core/Src/stm32l0xx_it.c
2026-04-26 13:23:09,760 [INFO] CodeEngine:265 - oldGeneratedFile, /Users/admin/Desktop/My Projects/Bike4u/Programing/Bike4u/Core/Inc/stm32l0xx_it.h_save
2026-04-26 13:23:09,863 [INFO] CodeEngine:289 - Generated code: /Users/admin/Desktop/My Projects/Bike4u/Programing/Bike4u/Core/Inc/stm32l0xx_it.h
2026-04-26 13:23:09,875 [INFO] CodeEngine:265 - oldGeneratedFile, /Users/admin/Desktop/My Projects/Bike4u/Programing/Bike4u/Core/Src/stm32l0xx_hal_msp.c_save
2026-04-26 13:23:10,081 [INFO] CodeEngine:289 - Generated code: /Users/admin/Desktop/My Projects/Bike4u/Programing/Bike4u/Core/Src/stm32l0xx_hal_msp.c
2026-04-26 13:23:10,087 [INFO] CodeEngine:265 - oldGeneratedFile, /Users/admin/Desktop/My Projects/Bike4u/Programing/Bike4u/MXTmpFiles/system.tmp_save
2026-04-26 13:23:10,186 [INFO] CodeEngine:289 - Generated code: /Users/admin/Desktop/My Projects/Bike4u/Programing/Bike4u/MXTmpFiles/system.tmp
2026-04-26 13:23:10,198 [INFO] CodeEngine:321 - oldGeneratedFile, /Users/admin/Desktop/My Projects/Bike4u/Programing/Bike4u/Core/Inc/stm32l0xx_hal_conf.h_save
2026-04-26 13:23:10,304 [INFO] CodeEngine:345 - Generated code: /Users/admin/Desktop/My Projects/Bike4u/Programing/Bike4u/Core/Inc/stm32l0xx_hal_conf.h
2026-04-26 13:23:10,373 [INFO] ApiDbMcu:532 - Load IP Config File for ADC
2026-04-26 13:23:10,428 [INFO] ApiDbMcu:532 - Load IP Config File for RTC
2026-04-26 13:23:10,437 [INFO] ApiDbMcu:532 - Load IP Config File for SPI1
2026-04-26 13:23:10,495 [INFO] ApiDbMcu:532 - Load IP Config File for USART2
2026-04-26 13:23:10,504 [INFO] ApiDbMcu:532 - Load IP Config File for RCC
2026-04-26 13:23:10,514 [INFO] CodeEngine:265 - oldGeneratedFile, /Users/admin/Desktop/My Projects/Bike4u/Programing/Bike4u/Core/Inc/main.h_save
2026-04-26 13:23:10,655 [INFO] CodeEngine:289 - Generated code: /Users/admin/Desktop/My Projects/Bike4u/Programing/Bike4u/Core/Inc/main.h
2026-04-26 13:23:10,660 [INFO] CodeEngine:265 - oldGeneratedFile, /Users/admin/Desktop/My Projects/Bike4u/Programing/Bike4u/Core/Src/main.c_save
2026-04-26 13:23:10,888 [INFO] CodeEngine:289 - Generated code: /Users/admin/Desktop/My Projects/Bike4u/Programing/Bike4u/Core/Src/main.c
2026-04-26 13:23:11,566 [INFO] ProjectBuilder:3606 - Time for Copy HAL[1] : 257mS.
2026-04-26 13:23:11,596 [INFO] ProjectBuilder:5216 - Project Generator version: 4.7.0-B52
2026-04-26 13:23:11,932 [INFO] ConfigFileManager:1595 - The Die is : DIE417
2026-04-26 13:23:11,961 [INFO] ApiDbMcu:532 - Load IP Config File for FATFS
2026-04-26 13:23:12,049 [INFO] ApiDbMcu:532 - Load IP Config File for FREERTOS
2026-04-26 13:23:13,238 [INFO] LogOutputStream:77 - [STDOUT_REDIRECT] 
2026-04-26 13:23:14,582 [INFO] ProjectBuilder:5496 - Time for Generating toolchain IDE Files: 2985mS.
2026-04-26 13:23:14,583 [INFO] ProjectBuilder:3463 - Time for Copy CMSIS : 0mS.
2026-04-26 13:23:14,585 [INFO] ProjectBuilder:3463 - Time for Copy CMSIS : 0mS.
2026-04-26 13:27:40,497 [INFO] UtilMem:75 - End SaveConfig() Used Memory: 830775952 Bytes (1073741824)
2026-04-26 13:27:41,453 [INFO] BlockDiagram:2775 - set Specific Code input for plugin: ADC
2026-04-26 13:27:41,454 [INFO] BlockDiagram:2775 - set Specific Code input for plugin: RTC
2026-04-26 13:27:41,455 [INFO] BlockDiagram:2775 - set Specific Code input for plugin: SPI
2026-04-26 13:27:41,455 [INFO] BlockDiagram:2775 - set Specific Code input for plugin: NVIC
2026-04-26 13:27:41,456 [INFO] BlockDiagram:2775 - set Specific Code input for plugin: SYS
2026-04-26 13:27:41,458 [INFO] BlockDiagram:2775 - set Specific Code input for plugin: GPIO
2026-04-26 13:27:41,459 [INFO] BlockDiagram:2775 - set Specific Code input for plugin: USART
2026-04-26 13:27:41,460 [INFO] BlockDiagram:2775 - set Specific Code input for plugin: RCC
2026-04-26 13:27:41,461 [INFO] CodeGenerator:892 - code generatio: config db path: /Applications/STM32CubeIDE.app/Contents/Eclipse/plugins/com.st.stm32cube.common.mx_6.15.0.202507011659//db/
2026-04-26 13:27:42,282 [INFO] CodeEngine:265 - oldGeneratedFile, /Users/admin/Desktop/My Projects/Bike4u/Programing/Bike4u/MXTmpFiles/license.tmp_save
2026-04-26 13:27:42,646 [INFO] CodeEngine:289 - Generated code: /Users/admin/Desktop/My Projects/Bike4u/Programing/Bike4u/MXTmpFiles/license.tmp
2026-04-26 13:27:42,817 [INFO] CodeEngine:265 - oldGeneratedFile, /Users/admin/Desktop/My Projects/Bike4u/Programing/Bike4u/MXTmpFiles/gpio.tmp_save
2026-04-26 13:27:43,012 [INFO] CodeEngine:289 - Generated code: /Users/admin/Desktop/My Projects/Bike4u/Programing/Bike4u/MXTmpFiles/gpio.tmp
2026-04-26 13:27:43,657 [INFO] CodeEngine:265 - oldGeneratedFile, /Users/admin/Desktop/My Projects/Bike4u/Programing/Bike4u/Core/Src/stm32l0xx_it.c_save
2026-04-26 13:27:43,842 [INFO] CodeEngine:289 - Generated code: /Users/admin/Desktop/My Projects/Bike4u/Programing/Bike4u/Core/Src/stm32l0xx_it.c
2026-04-26 13:27:43,847 [INFO] CodeEngine:265 - oldGeneratedFile, /Users/admin/Desktop/My Projects/Bike4u/Programing/Bike4u/Core/Inc/stm32l0xx_it.h_save
2026-04-26 13:27:43,994 [INFO] CodeEngine:289 - Generated code: /Users/admin/Desktop/My Projects/Bike4u/Programing/Bike4u/Core/Inc/stm32l0xx_it.h
2026-04-26 13:27:44,002 [INFO] CodeEngine:265 - oldGeneratedFile, /Users/admin/Desktop/My Projects/Bike4u/Programing/Bike4u/Core/Src/stm32l0xx_hal_msp.c_save
2026-04-26 13:27:44,216 [INFO] CodeEngine:289 - Generated code: /Users/admin/Desktop/My Projects/Bike4u/Programing/Bike4u/Core/Src/stm32l0xx_hal_msp.c
2026-04-26 13:27:44,220 [INFO] CodeEngine:265 - oldGeneratedFile, /Users/admin/Desktop/My Projects/Bike4u/Programing/Bike4u/MXTmpFiles/system.tmp_save
2026-04-26 13:27:44,347 [INFO] CodeEngine:289 - Generated code: /Users/admin/Desktop/My Projects/Bike4u/Programing/Bike4u/MXTmpFiles/system.tmp
2026-04-26 13:27:44,367 [INFO] CodeEngine:321 - oldGeneratedFile, /Users/admin/Desktop/My Projects/Bike4u/Programing/Bike4u/Core/Inc/stm32l0xx_hal_conf.h_save
2026-04-26 13:27:44,504 [INFO] CodeEngine:345 - Generated code: /Users/admin/Desktop/My Projects/Bike4u/Programing/Bike4u/Core/Inc/stm32l0xx_hal_conf.h
2026-04-26 13:27:44,609 [INFO] CodeEngine:265 - oldGeneratedFile, /Users/admin/Desktop/My Projects/Bike4u/Programing/Bike4u/Core/Inc/main.h_save
2026-04-26 13:27:44,760 [INFO] CodeEngine:289 - Generated code: /Users/admin/Desktop/My Projects/Bike4u/Programing/Bike4u/Core/Inc/main.h
2026-04-26 13:27:44,765 [INFO] CodeEngine:265 - oldGeneratedFile, /Users/admin/Desktop/My Projects/Bike4u/Programing/Bike4u/Core/Src/main.c_save
2026-04-26 13:27:45,005 [INFO] CodeEngine:289 - Generated code: /Users/admin/Desktop/My Projects/Bike4u/Programing/Bike4u/Core/Src/main.c
2026-04-26 13:27:46,011 [INFO] ProjectBuilder:3606 - Time for Copy HAL[1] : 213mS.
2026-04-26 13:27:46,015 [INFO] ProjectBuilder:5216 - Project Generator version: 4.7.0-B52
2026-04-26 13:27:46,227 [INFO] ConfigFileManager:1595 - The Die is : DIE417
2026-04-26 13:27:47,700 [INFO] ProjectBuilder:5496 - Time for Generating toolchain IDE Files: 1685mS.
2026-04-26 13:27:47,701 [INFO] ProjectBuilder:3463 - Time for Copy CMSIS : 0mS.
2026-04-26 13:27:47,705 [INFO] ProjectBuilder:3463 - Time for Copy CMSIS : 0mS.
2026-04-26 13:30:10,020 [INFO] UtilMem:75 - End SaveConfig() Used Memory: 886721104 Bytes (1073741824)
2026-04-26 13:30:10,378 [INFO] BlockDiagram:2775 - set Specific Code input for plugin: ADC
2026-04-26 13:30:10,379 [INFO] BlockDiagram:2775 - set Specific Code input for plugin: RTC
2026-04-26 13:30:10,379 [INFO] BlockDiagram:2775 - set Specific Code input for plugin: SPI
2026-04-26 13:30:10,379 [INFO] BlockDiagram:2775 - set Specific Code input for plugin: NVIC
2026-04-26 13:30:10,380 [INFO] BlockDiagram:2775 - set Specific Code input for plugin: SYS
2026-04-26 13:30:10,383 [INFO] BlockDiagram:2775 - set Specific Code input for plugin: GPIO
2026-04-26 13:30:10,383 [INFO] BlockDiagram:2775 - set Specific Code input for plugin: USART
2026-04-26 13:30:10,383 [INFO] BlockDiagram:2775 - set Specific Code input for plugin: RCC
2026-04-26 13:30:10,386 [INFO] CodeGenerator:892 - code generatio: config db path: /Applications/STM32CubeIDE.app/Contents/Eclipse/plugins/com.st.stm32cube.common.mx_6.15.0.202507011659//db/
2026-04-26 13:30:10,586 [INFO] CodeEngine:265 - oldGeneratedFile, /Users/admin/Desktop/My Projects/Bike4u/Programing/Bike4u/MXTmpFiles/license.tmp_save
2026-04-26 13:30:10,705 [INFO] CodeEngine:289 - Generated code: /Users/admin/Desktop/My Projects/Bike4u/Programing/Bike4u/MXTmpFiles/license.tmp
2026-04-26 13:30:10,826 [INFO] CodeEngine:265 - oldGeneratedFile, /Users/admin/Desktop/My Projects/Bike4u/Programing/Bike4u/MXTmpFiles/gpio.tmp_save
2026-04-26 13:30:10,961 [INFO] CodeEngine:289 - Generated code: /Users/admin/Desktop/My Projects/Bike4u/Programing/Bike4u/MXTmpFiles/gpio.tmp
2026-04-26 13:30:11,644 [INFO] CodeEngine:265 - oldGeneratedFile, /Users/admin/Desktop/My Projects/Bike4u/Programing/Bike4u/Core/Src/stm32l0xx_it.c_save
2026-04-26 13:30:11,769 [INFO] CodeEngine:289 - Generated code: /Users/admin/Desktop/My Projects/Bike4u/Programing/Bike4u/Core/Src/stm32l0xx_it.c
2026-04-26 13:30:11,776 [INFO] CodeEngine:265 - oldGeneratedFile, /Users/admin/Desktop/My Projects/Bike4u/Programing/Bike4u/Core/Inc/stm32l0xx_it.h_save
2026-04-26 13:30:11,862 [INFO] CodeEngine:289 - Generated code: /Users/admin/Desktop/My Projects/Bike4u/Programing/Bike4u/Core/Inc/stm32l0xx_it.h
2026-04-26 13:30:11,877 [INFO] CodeEngine:265 - oldGeneratedFile, /Users/admin/Desktop/My Projects/Bike4u/Programing/Bike4u/Core/Src/stm32l0xx_hal_msp.c_save
2026-04-26 13:30:12,035 [INFO] CodeEngine:289 - Generated code: /Users/admin/Desktop/My Projects/Bike4u/Programing/Bike4u/Core/Src/stm32l0xx_hal_msp.c
2026-04-26 13:30:12,039 [INFO] CodeEngine:265 - oldGeneratedFile, /Users/admin/Desktop/My Projects/Bike4u/Programing/Bike4u/MXTmpFiles/system.tmp_save
2026-04-26 13:30:12,137 [INFO] CodeEngine:289 - Generated code: /Users/admin/Desktop/My Projects/Bike4u/Programing/Bike4u/MXTmpFiles/system.tmp
2026-04-26 13:30:12,148 [INFO] CodeEngine:321 - oldGeneratedFile, /Users/admin/Desktop/My Projects/Bike4u/Programing/Bike4u/Core/Inc/stm32l0xx_hal_conf.h_save
2026-04-26 13:30:12,229 [INFO] CodeEngine:345 - Generated code: /Users/admin/Desktop/My Projects/Bike4u/Programing/Bike4u/Core/Inc/stm32l0xx_hal_conf.h
2026-04-26 13:30:12,246 [INFO] CodeEngine:265 - oldGeneratedFile, /Users/admin/Desktop/My Projects/Bike4u/Programing/Bike4u/Core/Inc/main.h_save
2026-04-26 13:30:12,318 [INFO] CodeEngine:289 - Generated code: /Users/admin/Desktop/My Projects/Bike4u/Programing/Bike4u/Core/Inc/main.h
2026-04-26 13:30:12,322 [INFO] CodeEngine:265 - oldGeneratedFile, /Users/admin/Desktop/My Projects/Bike4u/Programing/Bike4u/Core/Src/main.c_save
2026-04-26 13:30:12,482 [INFO] CodeEngine:289 - Generated code: /Users/admin/Desktop/My Projects/Bike4u/Programing/Bike4u/Core/Src/main.c
2026-04-26 13:30:12,862 [INFO] ProjectBuilder:3606 - Time for Copy HAL[1] : 146mS.
2026-04-26 13:30:12,867 [INFO] ProjectBuilder:5216 - Project Generator version: 4.7.0-B52
2026-04-26 13:30:13,063 [INFO] ConfigFileManager:1595 - The Die is : DIE417
2026-04-26 13:30:14,413 [INFO] ProjectBuilder:5496 - Time for Generating toolchain IDE Files: 1547mS.
2026-04-26 13:30:14,414 [INFO] ProjectBuilder:3463 - Time for Copy CMSIS : 0mS.
2026-04-26 13:30:14,416 [INFO] ProjectBuilder:3463 - Time for Copy CMSIS : 0mS.
2026-04-26 13:42:20,279 [INFO] UtilMem:75 - End SaveConfig() Used Memory: 838336512 Bytes (1073741824)
2026-04-26 13:42:20,500 [INFO] BlockDiagram:2775 - set Specific Code input for plugin: ADC
2026-04-26 13:42:20,500 [INFO] BlockDiagram:2775 - set Specific Code input for plugin: RTC
2026-04-26 13:42:20,500 [INFO] BlockDiagram:2775 - set Specific Code input for plugin: SPI
2026-04-26 13:42:20,500 [INFO] BlockDiagram:2775 - set Specific Code input for plugin: NVIC
2026-04-26 13:42:20,500 [INFO] BlockDiagram:2775 - set Specific Code input for plugin: SYS
2026-04-26 13:42:20,501 [INFO] BlockDiagram:2775 - set Specific Code input for plugin: GPIO
2026-04-26 13:42:20,501 [INFO] BlockDiagram:2775 - set Specific Code input for plugin: USART
2026-04-26 13:42:20,501 [INFO] BlockDiagram:2775 - set Specific Code input for plugin: RCC
2026-04-26 13:42:20,501 [INFO] CodeGenerator:892 - code generatio: config db path: /Applications/STM32CubeIDE.app/Contents/Eclipse/plugins/com.st.stm32cube.common.mx_6.15.0.202507011659//db/
2026-04-26 13:42:20,638 [INFO] CodeEngine:265 - oldGeneratedFile, /Users/admin/Desktop/My Projects/Bike4u/Programing/Bike4u/MXTmpFiles/license.tmp_save
2026-04-26 13:42:20,820 [INFO] CodeEngine:289 - Generated code: /Users/admin/Desktop/My Projects/Bike4u/Programing/Bike4u/MXTmpFiles/license.tmp
2026-04-26 13:42:20,932 [INFO] CodeEngine:265 - oldGeneratedFile, /Users/admin/Desktop/My Projects/Bike4u/Programing/Bike4u/MXTmpFiles/gpio.tmp_save
2026-04-26 13:42:21,087 [INFO] CodeEngine:289 - Generated code: /Users/admin/Desktop/My Projects/Bike4u/Programing/Bike4u/MXTmpFiles/gpio.tmp
2026-04-26 13:42:21,622 [INFO] CodeEngine:265 - oldGeneratedFile, /Users/admin/Desktop/My Projects/Bike4u/Programing/Bike4u/Core/Src/stm32l0xx_it.c_save
2026-04-26 13:42:21,962 [INFO] CodeEngine:289 - Generated code: /Users/admin/Desktop/My Projects/Bike4u/Programing/Bike4u/Core/Src/stm32l0xx_it.c
2026-04-26 13:42:21,968 [INFO] CodeEngine:265 - oldGeneratedFile, /Users/admin/Desktop/My Projects/Bike4u/Programing/Bike4u/Core/Inc/stm32l0xx_it.h_save
2026-04-26 13:42:22,075 [INFO] CodeEngine:289 - Generated code: /Users/admin/Desktop/My Projects/Bike4u/Programing/Bike4u/Core/Inc/stm32l0xx_it.h
2026-04-26 13:42:22,091 [INFO] CodeEngine:265 - oldGeneratedFile, /Users/admin/Desktop/My Projects/Bike4u/Programing/Bike4u/Core/Src/stm32l0xx_hal_msp.c_save
2026-04-26 13:42:22,263 [INFO] CodeEngine:289 - Generated code: /Users/admin/Desktop/My Projects/Bike4u/Programing/Bike4u/Core/Src/stm32l0xx_hal_msp.c
2026-04-26 13:42:22,266 [INFO] CodeEngine:265 - oldGeneratedFile, /Users/admin/Desktop/My Projects/Bike4u/Programing/Bike4u/MXTmpFiles/system.tmp_save
2026-04-26 13:42:22,335 [INFO] CodeEngine:289 - Generated code: /Users/admin/Desktop/My Projects/Bike4u/Programing/Bike4u/MXTmpFiles/system.tmp
2026-04-26 13:42:22,343 [INFO] CodeEngine:321 - oldGeneratedFile, /Users/admin/Desktop/My Projects/Bike4u/Programing/Bike4u/Core/Inc/stm32l0xx_hal_conf.h_save
2026-04-26 13:42:22,420 [INFO] CodeEngine:345 - Generated code: /Users/admin/Desktop/My Projects/Bike4u/Programing/Bike4u/Core/Inc/stm32l0xx_hal_conf.h
2026-04-26 13:42:22,440 [INFO] CodeEngine:265 - oldGeneratedFile, /Users/admin/Desktop/My Projects/Bike4u/Programing/Bike4u/Core/Inc/main.h_save
2026-04-26 13:42:22,559 [INFO] CodeEngine:289 - Generated code: /Users/admin/Desktop/My Projects/Bike4u/Programing/Bike4u/Core/Inc/main.h
2026-04-26 13:42:22,564 [INFO] CodeEngine:265 - oldGeneratedFile, /Users/admin/Desktop/My Projects/Bike4u/Programing/Bike4u/Core/Src/main.c_save
2026-04-26 13:42:22,670 [INFO] CodeEngine:289 - Generated code: /Users/admin/Desktop/My Projects/Bike4u/Programing/Bike4u/Core/Src/main.c
2026-04-26 13:42:23,036 [INFO] ProjectBuilder:3606 - Time for Copy HAL[1] : 175mS.
2026-04-26 13:42:23,038 [INFO] ProjectBuilder:5216 - Project Generator version: 4.7.0-B52
2026-04-26 13:42:23,164 [INFO] ConfigFileManager:1595 - The Die is : DIE417
2026-04-26 13:42:24,085 [INFO] ProjectBuilder:5496 - Time for Generating toolchain IDE Files: 1047mS.
2026-04-26 13:42:24,086 [INFO] ProjectBuilder:3463 - Time for Copy CMSIS : 0mS.
2026-04-26 13:42:24,088 [INFO] ProjectBuilder:3463 - Time for Copy CMSIS : 0mS.
2026-04-26 13:47:17,712 [INFO] UtilMem:75 - End SaveConfig() Used Memory: 814728224 Bytes (1073741824)
2026-04-26 13:47:17,917 [INFO] BlockDiagram:2775 - set Specific Code input for plugin: ADC
2026-04-26 13:47:17,917 [INFO] BlockDiagram:2775 - set Specific Code input for plugin: RTC
2026-04-26 13:47:17,918 [INFO] BlockDiagram:2775 - set Specific Code input for plugin: SPI
2026-04-26 13:47:17,918 [INFO] BlockDiagram:2775 - set Specific Code input for plugin: NVIC
2026-04-26 13:47:17,918 [INFO] BlockDiagram:2775 - set Specific Code input for plugin: SYS
2026-04-26 13:47:17,918 [INFO] BlockDiagram:2775 - set Specific Code input for plugin: GPIO
2026-04-26 13:47:17,919 [INFO] BlockDiagram:2775 - set Specific Code input for plugin: USART
2026-04-26 13:47:17,919 [INFO] BlockDiagram:2775 - set Specific Code input for plugin: RCC
2026-04-26 13:47:17,920 [INFO] CodeGenerator:892 - code generatio: config db path: /Applications/STM32CubeIDE.app/Contents/Eclipse/plugins/com.st.stm32cube.common.mx_6.15.0.202507011659//db/
2026-04-26 13:47:18,062 [INFO] CodeEngine:265 - oldGeneratedFile, /Users/admin/Desktop/My Projects/Bike4u/Programing/Bike4u/MXTmpFiles/license.tmp_save
2026-04-26 13:47:18,137 [INFO] CodeEngine:289 - Generated code: /Users/admin/Desktop/My Projects/Bike4u/Programing/Bike4u/MXTmpFiles/license.tmp
2026-04-26 13:47:18,213 [INFO] CodeEngine:265 - oldGeneratedFile, /Users/admin/Desktop/My Projects/Bike4u/Programing/Bike4u/MXTmpFiles/gpio.tmp_save
2026-04-26 13:47:18,292 [INFO] CodeEngine:289 - Generated code: /Users/admin/Desktop/My Projects/Bike4u/Programing/Bike4u/MXTmpFiles/gpio.tmp
2026-04-26 13:47:18,722 [INFO] CodeEngine:265 - oldGeneratedFile, /Users/admin/Desktop/My Projects/Bike4u/Programing/Bike4u/Core/Src/stm32l0xx_it.c_save
2026-04-26 13:47:18,840 [INFO] CodeEngine:289 - Generated code: /Users/admin/Desktop/My Projects/Bike4u/Programing/Bike4u/Core/Src/stm32l0xx_it.c
2026-04-26 13:47:18,844 [INFO] CodeEngine:265 - oldGeneratedFile, /Users/admin/Desktop/My Projects/Bike4u/Programing/Bike4u/Core/Inc/stm32l0xx_it.h_save
2026-04-26 13:47:18,934 [INFO] CodeEngine:289 - Generated code: /Users/admin/Desktop/My Projects/Bike4u/Programing/Bike4u/Core/Inc/stm32l0xx_it.h
2026-04-26 13:47:18,944 [INFO] CodeEngine:265 - oldGeneratedFile, /Users/admin/Desktop/My Projects/Bike4u/Programing/Bike4u/Core/Src/stm32l0xx_hal_msp.c_save
2026-04-26 13:47:19,076 [INFO] CodeEngine:289 - Generated code: /Users/admin/Desktop/My Projects/Bike4u/Programing/Bike4u/Core/Src/stm32l0xx_hal_msp.c
2026-04-26 13:47:19,079 [INFO] CodeEngine:265 - oldGeneratedFile, /Users/admin/Desktop/My Projects/Bike4u/Programing/Bike4u/MXTmpFiles/system.tmp_save
2026-04-26 13:47:19,163 [INFO] CodeEngine:289 - Generated code: /Users/admin/Desktop/My Projects/Bike4u/Programing/Bike4u/MXTmpFiles/system.tmp
2026-04-26 13:47:19,172 [INFO] CodeEngine:321 - oldGeneratedFile, /Users/admin/Desktop/My Projects/Bike4u/Programing/Bike4u/Core/Inc/stm32l0xx_hal_conf.h_save
2026-04-26 13:47:19,256 [INFO] CodeEngine:345 - Generated code: /Users/admin/Desktop/My Projects/Bike4u/Programing/Bike4u/Core/Inc/stm32l0xx_hal_conf.h
2026-04-26 13:47:19,279 [INFO] CodeEngine:265 - oldGeneratedFile, /Users/admin/Desktop/My Projects/Bike4u/Programing/Bike4u/Core/Inc/main.h_save
2026-04-26 13:47:19,342 [INFO] CodeEngine:289 - Generated code: /Users/admin/Desktop/My Projects/Bike4u/Programing/Bike4u/Core/Inc/main.h
2026-04-26 13:47:19,345 [INFO] CodeEngine:265 - oldGeneratedFile, /Users/admin/Desktop/My Projects/Bike4u/Programing/Bike4u/Core/Src/main.c_save
2026-04-26 13:47:19,484 [INFO] CodeEngine:289 - Generated code: /Users/admin/Desktop/My Projects/Bike4u/Programing/Bike4u/Core/Src/main.c
2026-04-26 13:47:19,919 [INFO] ProjectBuilder:3606 - Time for Copy HAL[1] : 183mS.
2026-04-26 13:47:19,921 [INFO] ProjectBuilder:5216 - Project Generator version: 4.7.0-B52
2026-04-26 13:47:20,070 [INFO] ConfigFileManager:1595 - The Die is : DIE417
2026-04-26 13:47:21,074 [INFO] ProjectBuilder:5496 - Time for Generating toolchain IDE Files: 1153mS.
2026-04-26 13:47:21,075 [INFO] ProjectBuilder:3463 - Time for Copy CMSIS : 0mS.
2026-04-26 13:47:21,077 [INFO] ProjectBuilder:3463 - Time for Copy CMSIS : 0mS.
2026-04-26 13:49:30,538 [INFO] UtilMem:75 - End SaveConfig() Used Memory: 988506248 Bytes (1073741824)
2026-04-26 13:49:30,723 [INFO] BlockDiagram:2775 - set Specific Code input for plugin: ADC
2026-04-26 13:49:30,724 [INFO] BlockDiagram:2775 - set Specific Code input for plugin: RTC
2026-04-26 13:49:30,724 [INFO] BlockDiagram:2775 - set Specific Code input for plugin: SPI
2026-04-26 13:49:30,724 [INFO] BlockDiagram:2775 - set Specific Code input for plugin: NVIC
2026-04-26 13:49:30,724 [INFO] BlockDiagram:2775 - set Specific Code input for plugin: SYS
2026-04-26 13:49:30,724 [INFO] BlockDiagram:2775 - set Specific Code input for plugin: GPIO
2026-04-26 13:49:30,724 [INFO] BlockDiagram:2775 - set Specific Code input for plugin: USART
2026-04-26 13:49:30,724 [INFO] BlockDiagram:2775 - set Specific Code input for plugin: RCC
2026-04-26 13:49:30,725 [INFO] CodeGenerator:892 - code generatio: config db path: /Applications/STM32CubeIDE.app/Contents/Eclipse/plugins/com.st.stm32cube.common.mx_6.15.0.202507011659//db/
2026-04-26 13:49:30,821 [INFO] CodeEngine:265 - oldGeneratedFile, /Users/admin/Desktop/My Projects/Bike4u/Programing/Bike4u/MXTmpFiles/license.tmp_save
2026-04-26 13:49:30,885 [INFO] CodeEngine:289 - Generated code: /Users/admin/Desktop/My Projects/Bike4u/Programing/Bike4u/MXTmpFiles/license.tmp
2026-04-26 13:49:30,944 [INFO] CodeEngine:265 - oldGeneratedFile, /Users/admin/Desktop/My Projects/Bike4u/Programing/Bike4u/MXTmpFiles/gpio.tmp_save
2026-04-26 13:49:31,009 [INFO] CodeEngine:289 - Generated code: /Users/admin/Desktop/My Projects/Bike4u/Programing/Bike4u/MXTmpFiles/gpio.tmp
2026-04-26 13:49:31,370 [INFO] CodeEngine:265 - oldGeneratedFile, /Users/admin/Desktop/My Projects/Bike4u/Programing/Bike4u/Core/Src/stm32l0xx_it.c_save
2026-04-26 13:49:31,443 [INFO] CodeEngine:289 - Generated code: /Users/admin/Desktop/My Projects/Bike4u/Programing/Bike4u/Core/Src/stm32l0xx_it.c
2026-04-26 13:49:31,447 [INFO] CodeEngine:265 - oldGeneratedFile, /Users/admin/Desktop/My Projects/Bike4u/Programing/Bike4u/Core/Inc/stm32l0xx_it.h_save
2026-04-26 13:49:31,512 [INFO] CodeEngine:289 - Generated code: /Users/admin/Desktop/My Projects/Bike4u/Programing/Bike4u/Core/Inc/stm32l0xx_it.h
2026-04-26 13:49:31,520 [INFO] CodeEngine:265 - oldGeneratedFile, /Users/admin/Desktop/My Projects/Bike4u/Programing/Bike4u/Core/Src/stm32l0xx_hal_msp.c_save
2026-04-26 13:49:31,628 [INFO] CodeEngine:289 - Generated code: /Users/admin/Desktop/My Projects/Bike4u/Programing/Bike4u/Core/Src/stm32l0xx_hal_msp.c
2026-04-26 13:49:31,632 [INFO] CodeEngine:265 - oldGeneratedFile, /Users/admin/Desktop/My Projects/Bike4u/Programing/Bike4u/MXTmpFiles/system.tmp_save
2026-04-26 13:49:31,698 [INFO] CodeEngine:289 - Generated code: /Users/admin/Desktop/My Projects/Bike4u/Programing/Bike4u/MXTmpFiles/system.tmp
2026-04-26 13:49:31,707 [INFO] CodeEngine:321 - oldGeneratedFile, /Users/admin/Desktop/My Projects/Bike4u/Programing/Bike4u/Core/Inc/stm32l0xx_hal_conf.h_save
2026-04-26 13:49:31,772 [INFO] CodeEngine:345 - Generated code: /Users/admin/Desktop/My Projects/Bike4u/Programing/Bike4u/Core/Inc/stm32l0xx_hal_conf.h
2026-04-26 13:49:31,789 [INFO] CodeEngine:265 - oldGeneratedFile, /Users/admin/Desktop/My Projects/Bike4u/Programing/Bike4u/Core/Inc/main.h_save
2026-04-26 13:49:31,847 [INFO] CodeEngine:289 - Generated code: /Users/admin/Desktop/My Projects/Bike4u/Programing/Bike4u/Core/Inc/main.h
2026-04-26 13:49:31,850 [INFO] CodeEngine:265 - oldGeneratedFile, /Users/admin/Desktop/My Projects/Bike4u/Programing/Bike4u/Core/Src/main.c_save
2026-04-26 13:49:31,983 [INFO] CodeEngine:289 - Generated code: /Users/admin/Desktop/My Projects/Bike4u/Programing/Bike4u/Core/Src/main.c
2026-04-26 13:49:32,514 [INFO] ProjectBuilder:3606 - Time for Copy HAL[1] : 207mS.
2026-04-26 13:49:32,518 [INFO] ProjectBuilder:5216 - Project Generator version: 4.7.0-B52
2026-04-26 13:49:32,717 [INFO] ConfigFileManager:1595 - The Die is : DIE417
2026-04-26 13:49:33,791 [INFO] ProjectBuilder:5496 - Time for Generating toolchain IDE Files: 1260mS.
2026-04-26 13:49:33,792 [INFO] ProjectBuilder:3463 - Time for Copy CMSIS : 1mS.
2026-04-26 13:49:33,794 [INFO] ProjectBuilder:3463 - Time for Copy CMSIS : 0mS.
2026-04-26 13:51:46,023 [INFO] WebApp:194 - Connection lost
2026-04-26 13:51:46,745 [INFO] WebApp:191 - Connection restablished
2026-04-26 15:21:01,012 [INFO] WebApp:194 - Connection lost
2026-04-26 15:21:13,536 [INFO] WebApp:191 - Connection restablished
2026-04-26 15:32:15,921 [INFO] WebApp:194 - Connection lost
2026-04-26 15:32:20,047 [INFO] WebApp:191 - Connection restablished
2026-04-26 16:30:34,986 [INFO] NvicIntPanel:101 - NVIC parent = com.st.microxplorer.plugins.ip.nvic.MultiNvicIntPanel[,2,25,504x274,layout=javax.swing.BoxLayout,alignmentX=0.0,alignmentY=0.0,border=,flags=9,maximumSize=,minimumSize=,preferredSize=]
2026-04-26 16:30:49,528 [INFO] Gpio:278 - dependency for GPIO [ADC, RCC, SPI1, SYS, USART2]
2026-04-26 16:30:49,649 [INFO] NvicIntPanel:101 - NVIC parent = com.st.microxplorer.plugins.ip.nvic.MultiNvicIntPanel[,0,0,0x0,invalid,layout=javax.swing.BoxLayout,alignmentX=0.0,alignmentY=0.0,border=,flags=9,maximumSize=,minimumSize=,preferredSize=]
2026-04-26 16:34:10,776 [INFO] WebApp:194 - Connection lost
2026-04-26 16:34:16,622 [INFO] WebApp:191 - Connection restablished
2026-04-26 16:46:46,236 [INFO] WebApp:194 - Connection lost
2026-04-26 16:46:52,220 [INFO] WebApp:191 - Connection restablished
2026-04-26 16:47:54,978 [ERROR] LogOutputStream:75 - [STDERR_REDIRECT] 
