2026-05-16 02:11:20,554 [INFO] Activator:176 - 


2026-05-16 02:11:20,561 [INFO] Activator:177 - !SESSION log4j initialized
2026-05-16 02:11:24,307 [INFO] LogOutputStream:77 - [STDOUT_REDIRECT] 
2026-05-16 02:11:27,967 [INFO] LogOutputStream:77 - [STDOUT_REDIRECT] 
2026-05-16 02:11:28,495 [ERROR] LogOutputStream:75 - [STDERR_REDIRECT] 
2026-05-16 02:11:28,708 [ERROR] LogOutputStream:75 - [STDERR_REDIRECT] java.net.URISyntaxException: Illegal character in path at index 28: file:/Users/admin/Desktop/My Projects/Bike4u/Programing/.metadata/.log4j2.xml
2026-05-16 02:11:28,709 [ERROR] LogOutputStream:75 - [STDERR_REDIRECT] 	at java.base/java.net.URI$Parser.fail(URI.java:2995)
2026-05-16 02:11:28,709 [ERROR] LogOutputStream:75 - [STDERR_REDIRECT] 	at java.base/java.net.URI$Parser.checkChars(URI.java:3166)
2026-05-16 02:11:28,709 [ERROR] LogOutputStream:75 - [STDERR_REDIRECT] 	at java.base/java.net.URI$Parser.parseHierarchical(URI.java:3248)
2026-05-16 02:11:28,709 [ERROR] LogOutputStream:75 - [STDERR_REDIRECT] 	at java.base/java.net.URI$Parser.parse(URI.java:3196)
2026-05-16 02:11:28,710 [ERROR] LogOutputStream:75 - [STDERR_REDIRECT] 	at java.base/java.net.URI.<init>(URI.java:645)
2026-05-16 02:11:28,710 [ERROR] LogOutputStream:75 - [STDERR_REDIRECT] 	at java.base/java.net.URL.toURI(URL.java:1220)
2026-05-16 02:11:28,710 [ERROR] LogOutputStream:75 - [STDERR_REDIRECT] 	at com.st.stm32cube.common.mx.core.CubeMxInstance.getInstance(CubeMxInstance.java:81)
2026-05-16 02:11:28,710 [ERROR] LogOutputStream:75 - [STDERR_REDIRECT] 	at com.st.stm32cube.common.mx.userauth.UserAuthAdapter.<init>(UserAuthAdapter.java:25)
2026-05-16 02:11:28,710 [ERROR] LogOutputStream:75 - [STDERR_REDIRECT] 	at com.st.stm32cube.common.mx.userauth.UserAuthProvider.getUserAuthAdapter(UserAuthProvider.java:16)
2026-05-16 02:11:28,711 [ERROR] LogOutputStream:75 - [STDERR_REDIRECT] 	at com.st.stm32cube.common.ecosystemintegration.ui.core.MCUEcoSystemIntegrationUiHelper.getUserAuth(MCUEcoSystemIntegrationUiHelper.java:100)
2026-05-16 02:11:28,711 [ERROR] LogOutputStream:75 - [STDERR_REDIRECT] 	at com.st.stm32cube.ide.mcu.userauth.UserAuthStartup.earlyStartup(UserAuthStartup.java:32)
2026-05-16 02:11:28,711 [ERROR] LogOutputStream:75 - [STDERR_REDIRECT] 	at org.eclipse.ui.internal.EarlyStartupRunnable.runEarlyStartup(EarlyStartupRunnable.java:79)
2026-05-16 02:11:28,711 [ERROR] LogOutputStream:75 - [STDERR_REDIRECT] 	at org.eclipse.ui.internal.EarlyStartupRunnable.run(EarlyStartupRunnable.java:55)
2026-05-16 02:11:28,711 [ERROR] LogOutputStream:75 - [STDERR_REDIRECT] 	at org.eclipse.core.runtime.SafeRunner.run(SafeRunner.java:47)
2026-05-16 02:11:28,711 [ERROR] LogOutputStream:75 - [STDERR_REDIRECT] 	at org.eclipse.ui.internal.Workbench$39.run(Workbench.java:2733)
2026-05-16 02:11:28,712 [ERROR] LogOutputStream:75 - [STDERR_REDIRECT] 	at org.eclipse.core.internal.jobs.Worker.run(Worker.java:63)
2026-05-16 02:11:28,907 [INFO] ApplicationProperties:184 - Using Application install path: /Applications/STM32CubeIDE.app/Contents/Eclipse/plugins/com.st.stm32cube.common.mx_6.15.0.202507011659
2026-05-16 02:11:28,925 [INFO] DbMcusXml:78 - Set database path to: /Applications/STM32CubeIDE.app/Contents/Eclipse/plugins/com.st.stm32cube.common.mx_6.15.0.202507011659//db//mcu/
2026-05-16 02:11:28,925 [INFO] ApiDb:274 - Set plugin database path to: /Applications/STM32CubeIDE.app/Contents/Eclipse/plugins/com.st.stm32cube.common.mx_6.15.0.202507011659//db//plugins/boardmanager/
2026-05-16 02:11:28,925 [WARN] ApiDb:259 - Overriding images path with different value:  => /Applications/STM32CubeIDE.app/Contents/Eclipse/plugins/com.st.stm32cube.common.mx_6.15.0.202507011659//db//plugins/mcufinder/images/
2026-05-16 02:11:28,932 [INFO] ApiDb:250 - Set database path to: /Users/admin/.stmcufinder/plugins/mcufinder//mcu/
2026-05-16 02:11:28,933 [INFO] DbMcusAds:125 - Set database path to: /Users/admin/.stmcufinder/plugins/mcufinder//mcu/
2026-05-16 02:11:28,936 [INFO] CrossReferenceDbSqlite:203 - Set database path to: /Users/admin/.stmcufinder/plugins/mcufinder//mcu/cs/
2026-05-16 02:11:29,060 [INFO] RulesReader:64 - Compatibility file has been processed (317 Rules)
2026-05-16 02:11:29,113 [INFO] DbMcusXml:78 - Set database path to: /Applications/STM32CubeIDE.app/Contents/Eclipse/plugins/com.st.stm32cube.common.mx_6.15.0.202507011659//db//mcu/
2026-05-16 02:11:29,113 [INFO] ApiDb:274 - Set plugin database path to: /Applications/STM32CubeIDE.app/Contents/Eclipse/plugins/com.st.stm32cube.common.mx_6.15.0.202507011659//db//plugins/boardmanager/
2026-05-16 02:11:29,113 [INFO] ApiDb:261 - Set plugin images path to: /Applications/STM32CubeIDE.app/Contents/Eclipse/plugins/com.st.stm32cube.common.mx_6.15.0.202507011659//db//plugins/mcufinder/images/
2026-05-16 02:11:29,113 [WARN] DbFile:41 - Overriding database path with different value: /Users/admin/.stmcufinder/plugins/mcufinder/ => /Users/admin/.stmcufinder/plugins/mcufinder
2026-05-16 02:11:29,113 [INFO] ApiDb:250 - Set database path to: /Users/admin/.stmcufinder/plugins/mcufinder//mcu/
2026-05-16 02:11:29,113 [WARN] DbFile:41 - Overriding database path with different value: /Users/admin/.stmcufinder/plugins/mcufinder/ => /Users/admin/.stmcufinder/plugins/mcufinder
2026-05-16 02:11:29,114 [INFO] DbMcusAds:125 - Set database path to: /Users/admin/.stmcufinder/plugins/mcufinder//mcu/
2026-05-16 02:11:29,114 [WARN] DbFile:41 - Overriding database path with different value: /Users/admin/.stmcufinder/plugins/mcufinder/ => /Users/admin/.stmcufinder/plugins/mcufinder
2026-05-16 02:11:29,114 [WARN] DbFile:41 - Overriding database path with different value: /Users/admin/.stmcufinder/plugins/mcufinder/ => /Users/admin/.stmcufinder/plugins/mcufinder
2026-05-16 02:11:29,114 [INFO] CrossReferenceDbSqlite:203 - Set database path to: /Users/admin/.stmcufinder/plugins/mcufinder//mcu/cs/
2026-05-16 02:11:29,187 [INFO] MainPanel:274 - HeapMemory: 268435456
2026-05-16 02:11:29,905 [INFO] DbMcusXml:78 - Set database path to: /Applications/STM32CubeIDE.app/Contents/Eclipse/plugins/com.st.stm32cube.common.mx_6.15.0.202507011659//db//mcu/
2026-05-16 02:11:29,906 [INFO] ApiDb:274 - Set plugin database path to: /Applications/STM32CubeIDE.app/Contents/Eclipse/plugins/com.st.stm32cube.common.mx_6.15.0.202507011659//db//plugins/boardmanager/
2026-05-16 02:11:29,906 [INFO] ApiDb:261 - Set plugin images path to: /Applications/STM32CubeIDE.app/Contents/Eclipse/plugins/com.st.stm32cube.common.mx_6.15.0.202507011659//db//plugins/mcufinder/images/
2026-05-16 02:11:29,906 [WARN] DbFile:41 - Overriding database path with different value: /Users/admin/.stmcufinder/plugins/mcufinder/ => /Users/admin/.stmcufinder/plugins/mcufinder
2026-05-16 02:11:29,906 [INFO] ApiDb:250 - Set database path to: /Users/admin/.stmcufinder/plugins/mcufinder//mcu/
2026-05-16 02:11:29,906 [WARN] DbFile:41 - Overriding database path with different value: /Users/admin/.stmcufinder/plugins/mcufinder/ => /Users/admin/.stmcufinder/plugins/mcufinder
2026-05-16 02:11:29,906 [INFO] DbMcusAds:125 - Set database path to: /Users/admin/.stmcufinder/plugins/mcufinder//mcu/
2026-05-16 02:11:29,906 [WARN] DbFile:41 - Overriding database path with different value: /Users/admin/.stmcufinder/plugins/mcufinder/ => /Users/admin/.stmcufinder/plugins/mcufinder
2026-05-16 02:11:29,906 [WARN] DbFile:41 - Overriding database path with different value: /Users/admin/.stmcufinder/plugins/mcufinder/ => /Users/admin/.stmcufinder/plugins/mcufinder
2026-05-16 02:11:29,907 [INFO] CrossReferenceDbSqlite:203 - Set database path to: /Users/admin/.stmcufinder/plugins/mcufinder//mcu/cs/
2026-05-16 02:11:29,925 [INFO] ApplicationProperties:184 - Using Application install path: /Applications/STM32CubeIDE.app/Contents/Eclipse/plugins/com.st.stm32cube.common.mx_6.15.0.202507011659
2026-05-16 02:11:29,927 [INFO] PluginManage:196 - Search for loadable plugins [exclusion list=, ]
2026-05-16 02:11:29,928 [INFO] PluginManage:310 - Check plugin analytics
2026-05-16 02:11:30,143 [INFO] AnalyticsPlugin:253 - Accepted Software Licenses: 
2026-05-16 02:11:30,143 [INFO] AnalyticsPlugin:255 - Accepted CMSIS Pack Licenses: Infineon.AIROC-Wi-Fi-Bluetooth-STM32.1.6.0,STMicroelectronics.X-CUBE-BLE1.7.0.0
2026-05-16 02:11:30,144 [INFO] AnalyticsPlugin:257 - Accepted Firmware Licenses: FW.G0.1.6.0,FW.WB.1.19.0,FW.WB.1.21.0
2026-05-16 02:11:30,147 [INFO] PluginManage:359 - Loaded plugin analytics (category:tool,tabindex:-1)
2026-05-16 02:11:30,147 [INFO] PluginManage:310 - Check plugin cadmodel
2026-05-16 02:11:30,153 [INFO] CADModel:105 - Init CAD model plugin
2026-05-16 02:11:30,154 [INFO] PluginManage:359 - Loaded plugin cadmodel (category:power,tabindex:5)
2026-05-16 02:11:30,154 [INFO] PluginManage:310 - Check plugin clock
2026-05-16 02:11:30,165 [INFO] PluginManage:359 - Loaded plugin clock (category:base,tabindex:2)
2026-05-16 02:11:30,165 [INFO] PluginManage:310 - Check plugin ddr
2026-05-16 02:11:30,168 [INFO] PluginManage:359 - Loaded plugin ddr (category:tool,tabindex:6)
2026-05-16 02:11:30,168 [INFO] PluginManage:310 - Check plugin filemanager
2026-05-16 02:11:30,390 [INFO] PluginManage:359 - Loaded plugin filemanager (category:base,tabindex:10)
2026-05-16 02:11:30,390 [INFO] PluginManage:310 - Check plugin ipmanager
2026-05-16 02:11:30,397 [INFO] PluginManage:359 - Loaded plugin ipmanager (category:base,tabindex:5)
2026-05-16 02:11:30,397 [INFO] PluginManage:310 - Check plugin lpbam
2026-05-16 02:11:30,408 [INFO] PluginManage:359 - Loaded plugin lpbam (category:base,tabindex:0)
2026-05-16 02:11:30,408 [INFO] PluginManage:310 - Check plugin memorymap
2026-05-16 02:11:30,425 [INFO] PluginManage:359 - Loaded plugin memorymap (category:base,tabindex:4)
2026-05-16 02:11:30,425 [INFO] PluginManage:310 - Check plugin pinoutandconfiguration
2026-05-16 02:11:30,435 [INFO] PluginManage:359 - Loaded plugin pinoutandconfiguration (category:base,tabindex:1)
2026-05-16 02:11:30,435 [INFO] PluginManage:310 - Check plugin pinoutconfig
2026-05-16 02:11:30,544 [WARN] SupportedApi:132 - Cannot load RTOS API schema: s4s-elt-must-match.1: The content of 'definitions' must match (annotation?, (simpleType | complexType)?, (unique | key | keyref)*)). A problem was found starting at: attribute.
2026-05-16 02:11:30,706 [INFO] PluginManage:359 - Loaded plugin pinoutconfig (category:base,tabindex:0)
2026-05-16 02:11:30,706 [INFO] PluginManage:310 - Check plugin power
2026-05-16 02:11:30,717 [INFO] PluginManage:359 - Loaded plugin power (category:power,tabindex:4)
2026-05-16 02:11:30,717 [INFO] PluginManage:310 - Check plugin projectmanager
2026-05-16 02:11:30,732 [INFO] PluginManage:359 - Loaded plugin projectmanager (category:projectmanager,tabindex:4)
2026-05-16 02:11:30,732 [INFO] PluginManage:310 - Check plugin rif
2026-05-16 02:11:30,742 [INFO] PluginManage:359 - Loaded plugin rif (category:base,tabindex:3)
2026-05-16 02:11:30,742 [INFO] PluginManage:310 - Check plugin thirdparty
2026-05-16 02:11:30,886 [WARN] IntegrityCheckThread:84 - waiting for thirdparty lock release [integrity check]
2026-05-16 02:11:30,886 [INFO] PluginManage:359 - Loaded plugin thirdparty (category:base,tabindex:-1)
2026-05-16 02:11:30,886 [INFO] IntegrityCheckThread:86 - entering critical section [integrity check]
2026-05-16 02:11:30,886 [INFO] PluginManage:310 - Check plugin tools
2026-05-16 02:11:30,887 [INFO] ThirdPartyUpdaterWithRetryManager:70 - Updater plugin not ready yet. [1/15]
2026-05-16 02:11:30,890 [INFO] PluginManage:359 - Loaded plugin tools (category:base,tabindex:7)
2026-05-16 02:11:30,890 [INFO] PluginManage:310 - Check plugin tutovideos
2026-05-16 02:11:31,212 [INFO] PluginManage:359 - Loaded plugin tutovideos (category:base,tabindex:-1)
2026-05-16 02:11:31,212 [INFO] PluginManage:310 - Check plugin updater
2026-05-16 02:11:31,238 [INFO] PluginManage:359 - Loaded plugin updater (category:base,tabindex:12)
2026-05-16 02:11:31,238 [INFO] PluginManage:310 - Check plugin userauth
2026-05-16 02:11:31,243 [INFO] UserAuth:118 - Init User Auth plugin
2026-05-16 02:11:31,244 [INFO] PluginManage:359 - Loaded plugin userauth (category:base,tabindex:14)
2026-05-16 02:11:31,244 [INFO] PluginManage:283 - PluginManage : Loaded plugins [18]
2026-05-16 02:11:31,482 [INFO] PinOutPanel:1589 - setPackage(No Configuration,No Configuration)
2026-05-16 02:11:31,579 [INFO] CADModel:165 - CPN selected for project level
2026-05-16 02:11:31,579 [INFO] CADModel:114 - Register for checkConnection events
2026-05-16 02:11:31,597 [INFO] IPUIPlugin:80 - create IPUIPlugin
2026-05-16 02:11:31,597 [INFO] PluginManager:220 - loadIPPluginJar : add mdma
2026-05-16 02:11:31,607 [INFO] IPUIPlugin:80 - create IPUIPlugin
2026-05-16 02:11:31,607 [INFO] PluginManager:220 - loadIPPluginJar : add freertos
2026-05-16 02:11:31,616 [INFO] IPUIPlugin:80 - create IPUIPlugin
2026-05-16 02:11:31,616 [INFO] PluginManager:220 - loadIPPluginJar : add gic
2026-05-16 02:11:31,632 [INFO] IPUIPlugin:80 - create IPUIPlugin
2026-05-16 02:11:31,632 [INFO] PluginManager:220 - loadIPPluginJar : add adc
2026-05-16 02:11:31,636 [INFO] IPUIPlugin:80 - create IPUIPlugin
2026-05-16 02:11:31,636 [INFO] PluginManager:220 - loadIPPluginJar : add gtzc
2026-05-16 02:11:31,637 [INFO] IPUIPlugin:80 - create IPUIPlugin
2026-05-16 02:11:31,638 [INFO] PluginManager:220 - loadIPPluginJar : add quadspi
2026-05-16 02:11:31,640 [INFO] IPUIPlugin:80 - create IPUIPlugin
2026-05-16 02:11:31,640 [INFO] PluginManager:220 - loadIPPluginJar : add aes
2026-05-16 02:11:31,643 [INFO] IPUIPlugin:80 - create IPUIPlugin
2026-05-16 02:11:31,643 [INFO] PluginManager:220 - loadIPPluginJar : add pdm2pcm
2026-05-16 02:11:31,646 [INFO] IPUIPlugin:80 - create IPUIPlugin
2026-05-16 02:11:31,646 [INFO] PluginManager:220 - loadIPPluginJar : add hash
2026-05-16 02:11:31,649 [INFO] IPUIPlugin:80 - create IPUIPlugin
2026-05-16 02:11:31,649 [INFO] PluginManager:220 - loadIPPluginJar : add tim
2026-05-16 02:11:31,651 [INFO] IPUIPlugin:80 - create IPUIPlugin
2026-05-16 02:11:31,651 [INFO] PluginManager:220 - loadIPPluginJar : add tsc
2026-05-16 02:11:31,655 [INFO] IPUIPlugin:80 - create IPUIPlugin
2026-05-16 02:11:31,656 [INFO] PluginManager:220 - loadIPPluginJar : add extmemmanager
2026-05-16 02:11:31,658 [INFO] IPUIPlugin:80 - create IPUIPlugin
2026-05-16 02:11:31,658 [INFO] PluginManager:220 - loadIPPluginJar : add ts
2026-05-16 02:11:31,660 [INFO] IPUIPlugin:80 - create IPUIPlugin
2026-05-16 02:11:31,661 [INFO] PluginManager:220 - loadIPPluginJar : add radio
2026-05-16 02:11:31,664 [INFO] IPUIPlugin:80 - create IPUIPlugin
2026-05-16 02:11:31,664 [INFO] PluginManager:220 - loadIPPluginJar : add can
2026-05-16 02:11:31,667 [INFO] IPUIPlugin:80 - create IPUIPlugin
2026-05-16 02:11:31,667 [INFO] PluginManager:220 - loadIPPluginJar : add dma3
2026-05-16 02:11:31,669 [INFO] IPUIPlugin:80 - create IPUIPlugin
2026-05-16 02:11:31,669 [INFO] PluginManager:220 - loadIPPluginJar : add dfsdm
2026-05-16 02:11:31,672 [INFO] IPUIPlugin:80 - create IPUIPlugin
2026-05-16 02:11:31,672 [INFO] PluginManager:220 - loadIPPluginJar : add spi
2026-05-16 02:11:31,674 [INFO] IPUIPlugin:80 - create IPUIPlugin
2026-05-16 02:11:31,674 [INFO] PluginManager:220 - loadIPPluginJar : add gfxmmu
2026-05-16 02:11:31,676 [INFO] IPUIPlugin:80 - create IPUIPlugin
2026-05-16 02:11:31,676 [INFO] PluginManager:220 - loadIPPluginJar : add genericplugin
2026-05-16 02:11:31,679 [INFO] IPUIPlugin:80 - create IPUIPlugin
2026-05-16 02:11:31,679 [INFO] PluginManager:220 - loadIPPluginJar : add cryp
2026-05-16 02:11:31,684 [INFO] IPUIPlugin:80 - create IPUIPlugin
2026-05-16 02:11:31,684 [INFO] PluginManager:220 - loadIPPluginJar : add gpio
2026-05-16 02:11:31,688 [INFO] IPUIPlugin:80 - create IPUIPlugin
2026-05-16 02:11:31,688 [INFO] PluginManager:220 - loadIPPluginJar : add ddr_ctrl_phy
2026-05-16 02:11:31,690 [INFO] IPUIPlugin:80 - create IPUIPlugin
2026-05-16 02:11:31,690 [INFO] PluginManager:220 - loadIPPluginJar : add comp
2026-05-16 02:11:31,692 [INFO] IPUIPlugin:80 - create IPUIPlugin
2026-05-16 02:11:31,692 [INFO] PluginManager:220 - loadIPPluginJar : add tracer_emb
2026-05-16 02:11:31,696 [INFO] IPUIPlugin:80 - create IPUIPlugin
2026-05-16 02:11:31,696 [INFO] PluginManager:220 - loadIPPluginJar : add openamp
2026-05-16 02:11:31,703 [INFO] IPUIPlugin:80 - create IPUIPlugin
2026-05-16 02:11:31,703 [INFO] PluginManager:220 - loadIPPluginJar : add stm32_wpan
2026-05-16 02:11:31,710 [INFO] IPUIPlugin:80 - create IPUIPlugin
2026-05-16 02:11:31,712 [INFO] PluginManager:220 - loadIPPluginJar : add plateformsettings
2026-05-16 02:11:31,716 [INFO] IPUIPlugin:80 - create IPUIPlugin
2026-05-16 02:11:31,716 [INFO] PluginManager:220 - loadIPPluginJar : add ipddr
2026-05-16 02:11:31,719 [INFO] IPUIPlugin:80 - create IPUIPlugin
2026-05-16 02:11:31,719 [INFO] PluginManager:220 - loadIPPluginJar : add usart
2026-05-16 02:11:31,721 [INFO] IPUIPlugin:80 - create IPUIPlugin
2026-05-16 02:11:31,721 [INFO] PluginManager:220 - loadIPPluginJar : add ltdc
2026-05-16 02:11:31,725 [INFO] IPUIPlugin:80 - create IPUIPlugin
2026-05-16 02:11:31,725 [INFO] PluginManager:220 - loadIPPluginJar : add nvic
2026-05-16 02:11:31,726 [INFO] IPUIPlugin:80 - create IPUIPlugin
2026-05-16 02:11:31,727 [INFO] PluginManager:220 - loadIPPluginJar : add fatfs
2026-05-16 02:11:31,735 [INFO] IPUIPlugin:80 - create IPUIPlugin
2026-05-16 02:11:31,735 [INFO] PluginManager:220 - loadIPPluginJar : add linkedlist
2026-05-16 02:11:31,742 [INFO] IPUIPlugin:80 - create IPUIPlugin
2026-05-16 02:11:31,742 [INFO] PluginManager:220 - loadIPPluginJar : add dma
2026-05-16 02:11:31,747 [INFO] IPUIPlugin:80 - create IPUIPlugin
2026-05-16 02:11:31,747 [INFO] PluginManager:220 - loadIPPluginJar : add fmc
2026-05-16 02:11:31,750 [INFO] IPUIPlugin:80 - create IPUIPlugin
2026-05-16 02:11:31,750 [INFO] PluginManager:220 - loadIPPluginJar : add i2s
2026-05-16 02:11:31,752 [INFO] IPUIPlugin:80 - create IPUIPlugin
2026-05-16 02:11:31,752 [INFO] PluginManager:220 - loadIPPluginJar : add ucpd
2026-05-16 02:11:31,755 [INFO] IPUIPlugin:80 - create IPUIPlugin
2026-05-16 02:11:31,755 [INFO] PluginManager:220 - loadIPPluginJar : add lorawan
2026-05-16 02:11:31,758 [INFO] IPUIPlugin:80 - create IPUIPlugin
2026-05-16 02:11:31,758 [INFO] PluginManager:220 - loadIPPluginJar : add opamp
2026-05-16 02:11:31,761 [INFO] IPUIPlugin:80 - create IPUIPlugin
2026-05-16 02:11:31,761 [INFO] PluginManager:220 - loadIPPluginJar : add i3c
2026-05-16 02:11:31,764 [INFO] IPUIPlugin:80 - create IPUIPlugin
2026-05-16 02:11:31,764 [INFO] PluginManager:220 - loadIPPluginJar : add touchsensing
2026-05-16 02:11:31,768 [INFO] IPUIPlugin:80 - create IPUIPlugin
2026-05-16 02:11:31,768 [INFO] PluginManager:220 - loadIPPluginJar : add i2c
2026-05-16 02:11:31,772 [INFO] IPUIPlugin:80 - create IPUIPlugin
2026-05-16 02:11:31,772 [INFO] PluginManager:220 - loadIPPluginJar : add resmgrutility
2026-05-16 02:11:31,776 [INFO] IPUIPlugin:80 - create IPUIPlugin
2026-05-16 02:11:31,776 [INFO] PluginManager:220 - loadIPPluginJar : add sai
2026-05-16 02:11:31,779 [INFO] IPUIPlugin:80 - create IPUIPlugin
2026-05-16 02:11:31,779 [INFO] PluginManager:220 - loadIPPluginJar : add usbx
2026-05-16 02:11:31,887 [FATAL] Updater:351 - Updater called before beeing initialized
2026-05-16 02:11:31,921 [INFO] RulesReader:64 - Compatibility file has been processed (317 Rules)
2026-05-16 02:11:31,932 [INFO] RulesReader:64 - Compatibility file has been processed (317 Rules)
2026-05-16 02:11:31,939 [INFO] CADModel:165 - CPN selected for project level
2026-05-16 02:11:31,939 [INFO] CADModel:114 - Register for checkConnection events
2026-05-16 02:11:31,939 [FATAL] Updater:351 - Updater called before beeing initialized
2026-05-16 02:11:31,939 [ERROR] CADModel:125 - Updater not yet initialized, retry later 
2026-05-16 02:11:32,403 [FATAL] Updater:351 - Updater called before beeing initialized
2026-05-16 02:11:32,405 [INFO] CADModel:165 - CPN selected for project level
2026-05-16 02:11:32,405 [INFO] CADModel:114 - Register for checkConnection events
2026-05-16 02:11:32,405 [FATAL] Updater:351 - Updater called before beeing initialized
2026-05-16 02:11:32,405 [ERROR] CADModel:125 - Updater not yet initialized, retry later 
2026-05-16 02:11:32,409 [FATAL] Updater:351 - Updater called before beeing initialized
2026-05-16 02:11:32,497 [FATAL] Updater:351 - Updater called before beeing initialized
2026-05-16 02:11:32,504 [INFO] DbMcusAds:53 - JSON generation date=Mon Apr 27 11:14:29 EEST 2026 (1777277669683)
2026-05-16 02:11:32,504 [FATAL] Updater:351 - Updater called before beeing initialized
2026-05-16 02:11:32,578 [WARN] DetailPanel:346 - Failed to get advertising image, set to default
2026-05-16 02:11:32,666 [FATAL] Updater:351 - Updater called before beeing initialized
2026-05-16 02:11:32,669 [FATAL] Updater:351 - Updater called before beeing initialized
2026-05-16 02:11:32,669 [FATAL] Updater:351 - Updater called before beeing initialized
2026-05-16 02:11:32,669 [WARN] DetailPanel:346 - Failed to get advertising image, set to default
2026-05-16 02:11:32,670 [FATAL] Updater:351 - Updater called before beeing initialized
2026-05-16 02:11:32,700 [ERROR] Updater:1198 - MainUpdater not yet initialized. External WinMGr cannot be set.
2026-05-16 02:11:32,701 [INFO] Updater:1134 - Updater Version found : 6.15.0
2026-05-16 02:11:32,720 [INFO] ApplicationProperties:184 - Using Application install path: /Applications/STM32CubeIDE.app/Contents/Eclipse/plugins/com.st.stm32cube.common.mx_6.15.0.202507011659
2026-05-16 02:11:33,549 [INFO] MainUpdater:2872 - connection check result : 10
2026-05-16 02:11:33,549 [INFO] MainUpdater:289 - Updater Check For Update Now.
2026-05-16 02:11:33,549 [INFO] MicroXplorer:498 - Change Database Version : DB.6.0.150
2026-05-16 02:11:33,556 [INFO] McuFinderGlobals:63 - Set McuFinder mode to 2 (CubeIDE integrated)
2026-05-16 02:11:33,558 [INFO] UserAuth:487 - Internet connection configuration mode: 1
2026-05-16 02:11:33,582 [INFO] JxBrowserEngine:152 - Initiate JxBrowser Engine with user profile folder
2026-05-16 02:11:33,755 [INFO] CheckServerUpdateThread:120 - End of CheckServer Thread
2026-05-16 02:11:34,242 [WARN] PackLoader:240 - Cannot read IP mode file for STMicroelectronics.X-CUBE-AZRTOS-H7.3.5.0
2026-05-16 02:11:34,256 [WARN] PackLoader:240 - Cannot read IP mode file for STMicroelectronics.FP-SNS-MOTENVWB1.1.4.0
2026-05-16 02:11:34,262 [WARN] PackLoader:240 - Cannot read IP mode file for STMicroelectronics.FP-ATR-ASTRA1.2.0.2
2026-05-16 02:11:34,267 [WARN] PackLoader:240 - Cannot read IP mode file for STMicroelectronics.FP-ATR-ASTRA1.2.0.1
2026-05-16 02:11:34,276 [WARN] PackLoader:240 - Cannot read IP mode file for STMicroelectronics.X-CUBE-SMBUS.2.1.0
2026-05-16 02:11:34,285 [WARN] PackLoader:240 - Cannot read IP mode file for STMicroelectronics.X-CUBE-WB05N.1.1.0
2026-05-16 02:11:34,291 [WARN] PackLoader:240 - Cannot read IP mode file for STMicroelectronics.X-CUBE-ST60.1.0.0
2026-05-16 02:11:34,296 [WARN] PackLoader:240 - Cannot read IP mode file for STMicroelectronics.X-CUBE-TOUCHGFX.4.23.2
2026-05-16 02:11:34,325 [WARN] PackLoader:240 - Cannot read IP mode file for STMicroelectronics.X-CUBE-AZRTOS-F7.1.1.0
2026-05-16 02:11:34,335 [WARN] PackLoader:240 - Cannot read IP mode file for STMicroelectronics.FP-SNS-MOTENV1.4.3.2
2026-05-16 02:11:34,395 [WARN] PackLoader:240 - Cannot read IP mode file for STMicroelectronics.X-CUBE-MEMS1.11.0.0
2026-05-16 02:11:34,611 [WARN] PackLoader:240 - Cannot read IP mode file for STMicroelectronics.FP-SNS-MOTENV1.5.1.0
2026-05-16 02:11:34,619 [WARN] PackLoader:240 - Cannot read IP mode file for STMicroelectronics.FP-SNS-FLIGHT1.5.0.2
2026-05-16 02:11:34,652 [WARN] PackLoader:240 - Cannot read IP mode file for STMicroelectronics.X-CUBE-AZRTOS-H7.3.4.0
2026-05-16 02:11:34,665 [WARN] PackLoader:240 - Cannot read IP mode file for STMicroelectronics.X-CUBE-DISPLAY.3.0.0
2026-05-16 02:11:34,677 [WARN] PackLoader:240 - Cannot read IP mode file for STMicroelectronics.X-CUBE-GNSS1.7.1.1
2026-05-16 02:11:34,682 [WARN] PackLoader:240 - Cannot read IP mode file for STMicroelectronics.FP-SNS-MOTENVWB1.1.5.0
2026-05-16 02:11:34,690 [WARN] PackLoader:240 - Cannot read IP mode file for STMicroelectronics.X-CUBE-BLE1.7.0.0
2026-05-16 02:11:34,815 [WARN] PackLoader:240 - Cannot read IP mode file for STMicroelectronics.X-CUBE-NFC10.1.0.0
2026-05-16 02:11:34,834 [WARN] PackLoader:240 - Cannot read IP mode file for STMicroelectronics.X-CUBE-BLEMGR.4.0.0
2026-05-16 02:11:34,846 [WARN] PackLoader:240 - Cannot read IP mode file for STMicroelectronics.X-CUBE-ST60.1.1.0
2026-05-16 02:11:34,856 [WARN] PackLoader:240 - Cannot read IP mode file for emotas.I-CUBE-CANOPEN.1.3.0
2026-05-16 02:11:34,865 [WARN] PackLoader:240 - Cannot read IP mode file for STMicroelectronics.X-CUBE-GNSS1.7.1.0
2026-05-16 02:11:34,880 [WARN] PackLoader:240 - Cannot read IP mode file for STMicroelectronics.X-CUBE-BLEMGR.3.1.0
2026-05-16 02:11:34,886 [WARN] PackLoader:240 - Cannot read IP mode file for STMicroelectronics.X-CUBE-AI.10.0.0
2026-05-16 02:11:34,894 [WARN] PackLoader:240 - Cannot read IP mode file for STMicroelectronics.FP-SNS-STBOX1.2.1.0
2026-05-16 02:11:34,902 [WARN] PackLoader:240 - Cannot read IP mode file for STMicroelectronics.FP-SNS-SMARTAG2.1.2.0
2026-05-16 02:11:34,906 [WARN] PackLoader:240 - Cannot read IP mode file for STMicroelectronics.FP-SNS-FLIGHT1.5.1.0
2026-05-16 02:11:34,960 [WARN] PackLoader:240 - Cannot read IP mode file for STMicroelectronics.X-CUBE-MEMS1.11.1.0
2026-05-16 02:11:35,088 [INFO] LogOutputStream:77 - [STDOUT_REDIRECT] 1 : Invalid condition id : UX_CORESTACK_Condition cause : null
2026-05-16 02:11:35,088 [INFO] LogOutputStream:77 - [STDOUT_REDIRECT] 1 : Invalid condition id : UX_CORESTACK_Condition cause : null
2026-05-16 02:11:35,089 [INFO] LogOutputStream:77 - [STDOUT_REDIRECT] 1 : Invalid condition id : UX_CORESTACK_Condition cause : null
2026-05-16 02:11:35,089 [INFO] LogOutputStream:77 - [STDOUT_REDIRECT] 1 : Invalid condition id : UX_CORESTACK_Condition cause : null
2026-05-16 02:11:35,089 [INFO] LogOutputStream:77 - [STDOUT_REDIRECT] 1 : Invalid condition id : UX_CORESTACK_Condition cause : null
2026-05-16 02:11:35,092 [WARN] PackLoader:240 - Cannot read IP mode file for STMicroelectronics.X-CUBE-AZRTOS-WL.2.0.0
2026-05-16 02:11:35,097 [WARN] PackLoader:240 - Cannot read IP mode file for STMicroelectronics.FP-SNS-MOTENV1.5.0.0
2026-05-16 02:11:35,126 [WARN] PackLoader:240 - Cannot read IP mode file for STMicroelectronics.X-CUBE-AZRTOS-H7RS.1.2.0
2026-05-16 02:11:35,134 [WARN] PackLoader:240 - Cannot read IP mode file for wolfSSL.I-CUBE-wolfMQTT.1.19.0
2026-05-16 02:11:35,140 [WARN] PackLoader:240 - Cannot read IP mode file for WES.I-CUBE-Cesium.1.3.0
2026-05-16 02:11:35,145 [WARN] PackLoader:240 - Cannot read IP mode file for STMicroelectronics.X-CUBE-BLE2.3.3.0
2026-05-16 02:11:35,162 [WARN] PackLoader:240 - Cannot read IP mode file for STMicroelectronics.X-CUBE-NFC9.1.0.0
2026-05-16 02:11:35,168 [WARN] PackLoader:240 - Cannot read IP mode file for STMicroelectronics.X-CUBE-BLE1.7.1.0
2026-05-16 02:11:35,174 [WARN] PackLoader:240 - Cannot read IP mode file for STMicroelectronics.X-CUBE-TCPP.4.1.0
2026-05-16 02:11:35,180 [WARN] PackLoader:240 - Cannot read IP mode file for STMicroelectronics.X-CUBE-FREERTOS.1.4.0
2026-05-16 02:11:35,186 [WARN] PackLoader:240 - Cannot read IP mode file for STMicroelectronics.X-CUBE-EEPRMA1.5.2.0
2026-05-16 02:11:35,193 [WARN] PackLoader:240 - Cannot read IP mode file for STMicroelectronics.X-CUBE-ST67W61.1.1.0
2026-05-16 02:11:35,197 [WARN] PackLoader:240 - Cannot read IP mode file for STMicroelectronics.X-CUBE-AI.10.1.0
2026-05-16 02:11:35,203 [WARN] PackLoader:240 - Cannot read IP mode file for STMicroelectronics.FP-SNS-STAIOTCFT.1.1.0
2026-05-16 02:11:35,266 [WARN] PackLoader:240 - Cannot read IP mode file for STMicroelectronics.X-CUBE-MEMS1.12.0.0
2026-05-16 02:11:35,407 [WARN] PackLoader:240 - Cannot read IP mode file for STMicroelectronics.X-CUBE-ALGOBUILD.1.3.0
2026-05-16 02:11:35,459 [WARN] PackLoader:240 - Cannot read IP mode file for STMicroelectronics.X-CUBE-MEMS1.11.2.0
2026-05-16 02:11:35,859 [WARN] PackLoader:240 - Cannot read IP mode file for STMicroelectronics.X-CUBE-AZRTOS-G0.1.1.0
2026-05-16 02:11:35,894 [WARN] PackLoader:240 - Cannot read IP mode file for STMicroelectronics.X-CUBE-SAFEA1.1.2.2
2026-05-16 02:11:35,903 [WARN] PackLoader:240 - Cannot read IP mode file for STMicroelectronics.X-CUBE-NFC4.3.0.0
2026-05-16 02:11:35,919 [WARN] PackLoader:240 - Cannot read IP mode file for EmbeddedOffice.I-CUBE-FS-RTOS.1.0.1
2026-05-16 02:11:35,926 [WARN] PackLoader:240 - Cannot read IP mode file for STMicroelectronics.X-CUBE-WB05N.2.0.0
2026-05-16 02:11:35,963 [WARN] PackLoader:240 - Cannot read IP mode file for STMicroelectronics.X-CUBE-TCPP.4.2.0
2026-05-16 02:11:35,977 [WARN] PackLoader:240 - Cannot read IP mode file for RealThread.X-CUBE-RT-Thread_Nano.4.1.1
2026-05-16 02:11:35,984 [WARN] PackLoader:240 - Cannot read IP mode file for wolfSSL.I-CUBE-wolfSSL.5.7.0
2026-05-16 02:11:35,992 [WARN] PackLoader:240 - Cannot read IP mode file for STMicroelectronics.FP-ATR-SIGFOX1.3.2.0
2026-05-16 02:11:35,998 [WARN] ConditionMgr:438 - getConditionDescription Invalid condition id : Cortex-A Device cause : null
2026-05-16 02:11:36,010 [WARN] ConditionMgr:1044 - genDependencies : Invalid condition id : Cortex-A Device cause : null
2026-05-16 02:11:36,010 [WARN] ConditionMgr:1044 - genDependencies : Invalid condition id : Cortex-A Device cause : null
2026-05-16 02:11:36,010 [WARN] ConditionMgr:1044 - genDependencies : Invalid condition id : Cortex-A Device cause : null
2026-05-16 02:11:36,019 [WARN] PackLoader:240 - Cannot read IP mode file for STMicroelectronics.X-CUBE-EEPRMA1.5.1.0
2026-05-16 02:11:36,030 [WARN] PackLoader:240 - Cannot read IP mode file for STMicroelectronics.X-CUBE-FREERTOS.1.5.0
2026-05-16 02:11:36,039 [WARN] PackLoader:240 - Cannot read IP mode file for ITTIA_DB.I-CUBE-ITTIADB.8.9.0
2026-05-16 02:11:36,051 [WARN] PackLoader:240 - Cannot read IP mode file for STMicroelectronics.X-CUBE-NFC6.3.2.0
2026-05-16 02:11:36,067 [WARN] PackLoader:240 - Cannot read IP mode file for STMicroelectronics.X-CUBE-ST67W61.1.0.0
2026-05-16 02:11:36,071 [WARN] PackLoader:240 - Cannot read IP mode file for STMicroelectronics.X-CUBE-AI.10.2.0
2026-05-16 02:11:36,136 [WARN] PackLoader:240 - Cannot read IP mode file for STMicroelectronics.X-CUBE-MEMS1.12.1.0
2026-05-16 02:11:36,137 [INFO] WebApp:169 - Instantiating new browser for Auth
2026-05-16 02:11:36,293 [WARN] PackLoader:240 - Cannot read IP mode file for SEGGER.I-CUBE-embOS.1.3.1
2026-05-16 02:11:36,332 [WARN] PackLoader:240 - Cannot read IP mode file for STMicroelectronics.X-CUBE-ALGOBUILD.1.4.0
2026-05-16 02:11:36,378 [WARN] PackLoader:240 - Cannot read IP mode file for STMicroelectronics.X-CUBE-MEMS1.11.3.0
2026-05-16 02:11:36,525 [WARN] PackLoader:240 - Cannot read IP mode file for STMicroelectronics.X-CUBE-AI.9.1.0
2026-05-16 02:11:36,530 [WARN] PackLoader:240 - Cannot read IP mode file for STMicroelectronics.X-CUBE-PM33A1.1.0.0
2026-05-16 02:11:36,536 [WARN] PackLoader:240 - Cannot read IP mode file for STMicroelectronics.X-CUBE-GNSS1.6.0.0
2026-05-16 02:11:36,559 [WARN] PackLoader:240 - Cannot read IP mode file for STMicroelectronics.X-CUBE-AZRTOS-F4.1.1.0
2026-05-16 02:11:36,567 [WARN] PackLoader:240 - Cannot read IP mode file for Avnet-IotConnect.X-CUBE-IoTC-DA16k-PMOD.1.0.0
2026-05-16 02:11:36,572 [WARN] PackLoader:240 - Cannot read IP mode file for STMicroelectronics.X-CUBE-ISPU.2.1.0
2026-05-16 02:11:36,587 [WARN] PackLoader:240 - Cannot read IP mode file for STMicroelectronics.X-CUBE-IPS.3.2.0
2026-05-16 02:11:36,597 [WARN] PackLoader:240 - Cannot read IP mode file for STMicroelectronics.eDS-WB_DPC_TT-BIDIR.2.1.1
2026-05-16 02:11:36,604 [WARN] PackLoader:240 - Cannot read IP mode file for STMicroelectronics.X-CUBE-FREERTOS.1.2.0
2026-05-16 02:11:36,610 [WARN] PackLoader:240 - Cannot read IP mode file for STMicroelectronics.X-CUBE-NFC12.1.0.0
2026-05-16 02:11:36,623 [WARN] PackLoader:240 - Cannot read IP mode file for STMicroelectronics.X-CUBE-AZRTOS-L5.2.0.0
2026-05-16 02:11:36,631 [WARN] PackLoader:240 - Cannot read IP mode file for STMicroelectronics.X-CUBE-NFC6.3.1.0
2026-05-16 02:11:36,636 [WARN] PackLoader:240 - Cannot read IP mode file for STMicroelectronics.X-CUBE-DPower.1.2.0
2026-05-16 02:11:36,640 [WARN] PackLoader:240 - Cannot read IP mode file for STMicroelectronics.eDS-WB_DPC_VIENNA.1.2.0
2026-05-16 02:11:36,642 [WARN] PackLoader:240 - Cannot read IP mode file for STMicroelectronics.eDS-WB_DPC_3PH2L-BIDIR.1.1.1
2026-05-16 02:11:36,646 [WARN] PackLoader:240 - Cannot read IP mode file for STMicroelectronics.X-CUBE-AI.9.0.0
2026-05-16 02:11:36,650 [ERROR] Engine:466 - /Users/admin/.stm32cubemx/thirdparties/pdsc/STMicroelectronics.X-CUBE-ST67W61.1.3.0.pdsc: PDSC version is not supported
2026-05-16 02:11:36,655 [WARN] PackLoader:240 - Cannot read IP mode file for STMicroelectronics.X-CUBE-FREERTOS.1.3.1
2026-05-16 02:11:36,659 [WARN] PackLoader:240 - Cannot read IP mode file for STMicroelectronics.X-CUBE-FREERTOS.1.3.0
2026-05-16 02:11:36,664 [WARN] PackLoader:240 - Cannot read IP mode file for STMicroelectronics.X-CUBE-NFC7.1.0.1
2026-05-16 02:11:36,667 [WARN] PackLoader:240 - Cannot read IP mode file for wolfSSL.I-CUBE-wolfTPM.3.2.0
2026-05-16 02:11:36,670 [WARN] PackLoader:240 - Cannot read IP mode file for STMicroelectronics.X-CUBE-TOUCHGFX.4.26.0
2026-05-16 02:11:36,673 [WARN] PackLoader:240 - Cannot read IP mode file for STMicroelectronics.X-CUBE-TOUCHGFX.4.26.1
2026-05-16 02:11:36,677 [WARN] PackLoader:240 - Cannot read IP mode file for STMicroelectronics.FP-SNS-STAIOTCFT.1.0.0
2026-05-16 02:11:36,682 [WARN] PackLoader:240 - Cannot read IP mode file for STMicroelectronics.X-CUBE-DPower.1.3.0
2026-05-16 02:11:36,686 [WARN] PackLoader:240 - Cannot read IP mode file for STMicroelectronics.X-CUBE-AI.8.1.0
2026-05-16 02:11:36,702 [WARN] ConditionMgr:438 - getConditionDescription Invalid condition id : LAN8742 Phy interface Condition cause : null
2026-05-16 02:11:36,703 [WARN] PackLoader:240 - Cannot read IP mode file for STMicroelectronics.X-CUBE-AZRTOS-L4.2.0.0
2026-05-16 02:11:36,704 [WARN] ConditionMgr:1044 - genDependencies : Invalid condition id : LAN8742 Phy interface Condition cause : null
2026-05-16 02:11:36,704 [WARN] ConditionMgr:1044 - genDependencies : Invalid condition id : LAN8742 Phy interface Condition cause : null
2026-05-16 02:11:36,705 [WARN] ConditionMgr:1044 - genDependencies : Invalid condition id : LAN8742 Phy interface Condition cause : null
2026-05-16 02:11:36,711 [WARN] PackLoader:240 - Cannot read IP mode file for STMicroelectronics.X-CUBE-SFXS2LP1.4.0.0
2026-05-16 02:11:36,716 [WARN] PackLoader:240 - Cannot read IP mode file for STMicroelectronics.X-CUBE-WB05N.2.1.0
2026-05-16 02:11:36,723 [WARN] PackLoader:240 - Cannot read IP mode file for STMicroelectronics.X-CUBE-ST67W61.1.2.0
2026-05-16 02:11:36,744 [WARN] PackLoader:240 - Cannot read IP mode file for STMicroelectronics.X-CUBE-AZRTOS-H7.3.3.0
2026-05-16 02:11:36,761 [WARN] PackLoader:240 - Cannot read IP mode file for STMicroelectronics.X-CUBE-BLEMGR.4.1.0
2026-05-16 02:11:36,773 [WARN] PackLoader:240 - Cannot read IP mode file for STMicroelectronics.X-CUBE-IPS.3.0.0
2026-05-16 02:11:36,790 [WARN] ConditionMgr:438 - getConditionDescription Invalid condition id : UX DEVICE CLASS RTOS Condition cause : null
2026-05-16 02:11:36,790 [WARN] ConditionMgr:438 - getConditionDescription Invalid condition id : UX DEVICE CLASS RTOS Condition cause : null
2026-05-16 02:11:36,792 [WARN] PackLoader:240 - Cannot read IP mode file for STMicroelectronics.X-CUBE-AZRTOS-WB.2.0.0
2026-05-16 02:11:36,792 [WARN] ConditionMgr:1044 - genDependencies : Invalid condition id : UX DEVICE CLASS RTOS Condition cause : null
2026-05-16 02:11:36,792 [WARN] ConditionMgr:1044 - genDependencies : Invalid condition id : UX DEVICE CLASS RTOS Condition cause : null
2026-05-16 02:11:36,793 [WARN] ConditionMgr:1044 - genDependencies : Invalid condition id : UX DEVICE CLASS RTOS Condition cause : null
2026-05-16 02:11:36,793 [WARN] ConditionMgr:1044 - genDependencies : Invalid condition id : UX DEVICE CLASS RTOS Condition cause : null
2026-05-16 02:11:36,793 [WARN] ConditionMgr:1044 - genDependencies : Invalid condition id : UX DEVICE CLASS RTOS Condition cause : null
2026-05-16 02:11:36,799 [WARN] PackLoader:240 - Cannot read IP mode file for STMicroelectronics.X-CUBE-GNSS1.7.0.0
2026-05-16 02:11:36,814 [WARN] PackLoader:240 - Cannot read IP mode file for STMicroelectronics.X-CUBE-GNSS1.7.0.1
2026-05-16 02:11:36,820 [WARN] PackLoader:240 - Cannot read IP mode file for STMicroelectronics.X-CUBE-TOUCHGFX.4.25.0
2026-05-16 02:11:36,832 [WARN] PackLoader:240 - Cannot read IP mode file for STMicroelectronics.FP-SNS-STBOX1.2.0.0
2026-05-16 02:11:36,845 [WARN] PackLoader:240 - Cannot read IP mode file for STMicroelectronics.X-CUBE-STSE01.2.0.0
2026-05-16 02:11:36,859 [WARN] PackLoader:240 - Cannot read IP mode file for STMicroelectronics.X-CUBE-SUBG2.5.0.0
2026-05-16 02:11:36,889 [WARN] PackLoader:240 - Cannot read IP mode file for STMicroelectronics.X-CUBE-AZRTOS-H7RS.1.1.0
2026-05-16 02:11:36,898 [WARN] PackLoader:240 - Cannot read IP mode file for Cesanta.I-CUBE-Mongoose.7.13.0
2026-05-16 02:11:36,921 [WARN] PackLoader:240 - Cannot read IP mode file for STMicroelectronics.X-CUBE-AZRTOS-G4.2.0.0
2026-05-16 02:11:36,928 [WARN] PackLoader:240 - Cannot read IP mode file for STMicroelectronics.X-CUBE-NFC7.2.0.0
2026-05-16 02:11:36,932 [WARN] PackLoader:240 - Cannot read IP mode file for STMicroelectronics.FP-SNS-MOTENVWB1.1.3.1
2026-05-16 02:11:36,937 [WARN] PackLoader:240 - Cannot read IP mode file for STMicroelectronics.X-CUBE-ISPU.2.0.0
2026-05-16 02:11:36,949 [WARN] PackLoader:240 - Cannot read IP mode file for STMicroelectronics.X-CUBE-IPS.3.1.0
2026-05-16 02:11:36,966 [WARN] PackLoader:240 - Cannot read IP mode file for STMicroelectronics.X-CUBE-ALS.1.0.2
2026-05-16 02:11:37,044 [WARN] PackLoader:240 - Cannot read IP mode file for STMicroelectronics.X-CUBE-MEMS1.10.0.0
2026-05-16 02:11:37,204 [WARN] PackLoader:240 - Cannot read IP mode file for STMicroelectronics.X-CUBE-FREERTOS.1.1.0
2026-05-16 02:11:37,207 [WARN] PackLoader:240 - Cannot read IP mode file for STMicroelectronics.X-CUBE-TOUCHGFX.4.24.0
2026-05-16 02:11:37,210 [WARN] PackLoader:240 - Cannot read IP mode file for STMicroelectronics.X-CUBE-TOUCHGFX.4.24.2
2026-05-16 02:11:37,213 [WARN] PackLoader:240 - Cannot read IP mode file for STMicroelectronics.X-CUBE-TOUCHGFX.4.24.1
2026-05-16 02:11:37,218 [WARN] PackLoader:240 - Cannot read IP mode file for STMicroelectronics.X-CUBE-STSE01.1.0.0
2026-05-16 02:11:37,223 [WARN] PackLoader:240 - Cannot read IP mode file for portGmbH.I-Cube-SoM-uGOAL.1.1.0
2026-05-16 02:11:37,226 [WARN] PackLoader:240 - Cannot read IP mode file for STMicroelectronics.X-CUBE-ALS.1.0.1
2026-05-16 02:11:37,239 [WARN] PackLoader:240 - Cannot read IP mode file for STMicroelectronics.X-CUBE-AZRTOS-H7RS.1.0.0
2026-05-16 02:11:37,243 [WARN] PackLoader:240 - Cannot read IP mode file for STMicroelectronics.FP-ATR-ASTRA1.2.0.0
2026-05-16 02:11:37,252 [WARN] PackLoader:240 - Cannot read IP mode file for STMicroelectronics.X-CUBE-TOF1.3.4.2
2026-05-16 02:11:37,276 [WARN] PackLoader:240 - Cannot read IP mode file for STMicroelectronics.X-CUBE-TOF1.3.4.3
2026-05-16 02:11:37,293 [WARN] PackLoader:240 - Cannot read IP mode file for STMicroelectronics.X-CUBE-TOF1.3.4.1
2026-05-16 02:11:37,319 [WARN] PackLoader:240 - Cannot read IP mode file for STMicroelectronics.X-CUBE-AZRTOS-H7.3.2.0
2026-05-16 02:11:37,333 [WARN] PackLoader:240 - Cannot read IP mode file for Infineon.AIROC-Wi-Fi-Bluetooth-STM32.1.6.0
2026-05-16 02:11:37,585 [WARN] PackLoader:240 - Cannot read IP mode file for wolfSSL.I-CUBE-wolfSSH.1.4.17
2026-05-16 02:11:37,591 [INFO] ThirdParty:978 - Integrity check success = true
2026-05-16 02:11:37,591 [INFO] IntegrityCheckThread:100 - exiting critical section [integrity check]
2026-05-16 02:11:37,592 [INFO] IntegrityCheckThread:103 - End integrity checks thread
2026-05-16 02:11:37,637 [INFO] WebApp:463 - Apply proxy settings
2026-05-16 02:11:37,644 [INFO] WebApp:508 - Chromium authenticates against Manually configured proxy
2026-05-16 02:11:37,667 [INFO] WebApp:516 - Username used for proxy authentication: 
2026-05-16 02:11:37,723 [INFO] WebApp:900 - Register for checkConnection events
2026-05-16 02:11:37,723 [INFO] WebApp:463 - Apply proxy settings
2026-05-16 02:11:37,726 [INFO] WebApp:508 - Chromium authenticates against Manually configured proxy
2026-05-16 02:11:37,726 [INFO] WebApp:516 - Username used for proxy authentication: 
2026-05-16 02:11:37,968 [INFO] WebApp:191 - Connection restablished
2026-05-16 02:11:38,105 [INFO] WebApp:225 - Starting web application
2026-05-16 02:11:38,106 [INFO] WebApp:593 - Web application path used /Applications/STM32CubeIDE.app/Contents/Eclipse/plugins/com.st.stm32cube.common.mx_6.15.0.202507011659/db/plugins/mcufinder/reactClient1/index.html
2026-05-16 02:11:38,305 [INFO] UserAuth:487 - Internet connection configuration mode: 1
2026-05-16 02:13:20,211 [INFO] McuFinderGlobals:63 - Set McuFinder mode to 2 (CubeIDE integrated)
2026-05-16 02:13:20,215 [INFO] MainUpdater:2872 - connection check result : 10
2026-05-16 02:13:20,216 [INFO] MainUpdater:2872 - connection check result : 10
2026-05-16 02:13:20,849 [INFO] MicroXplorer:468 - Change Database Path : 
2026-05-16 02:13:20,849 [INFO] MicroXplorer:498 - Change Database Version : DB.6.0.150
2026-05-16 02:13:20,855 [WARN] ThirdParty:871 - waiting for thirdparty lock release [close project]
2026-05-16 02:13:20,855 [INFO] ThirdParty:873 - entering critical section [close project]
2026-05-16 02:13:20,856 [INFO] ThirdParty:883 - exiting critical section [close project]
2026-05-16 02:13:20,858 [INFO] PinOutPanel:1589 - setPackage(No Configuration,No Configuration)
2026-05-16 02:13:20,860 [INFO] UtilMem:75 - Begin LoadConfig() Used Memory: 883284832 Bytes (1073741824)
2026-05-16 02:13:20,862 [INFO] MicroXplorer:468 - Change Database Path : 
2026-05-16 02:13:20,862 [INFO] MicroXplorer:498 - Change Database Version : DB.6.0.150
2026-05-16 02:13:20,862 [INFO] OpenFileManager:355 - Change cursor
2026-05-16 02:13:20,888 [INFO] Mcu:2029 - Initializing MCU STM32L010K8Tx STM32L010K8Tx STM32L010K8T6
2026-05-16 02:13:21,464 [INFO] Context:786 - Trying to add GPIOservice into a context  which must be forbidden
2026-05-16 02:13:21,684 [INFO] ImportTextPane:234 - (OptionalMessage_ERROR) Pin25 (VP_RIF_VS_RIF1) cannot be retrieved for this MCU
2026-05-16 02:13:21,868 [INFO] RtosManager:558 - Registered RTOS mode: class=CMSIS, group=RTOS, mode=CMSIS_V1, owner=FREERTOS
2026-05-16 02:13:21,869 [INFO] RtosManager:558 - Registered RTOS mode: class=CMSIS, group=RTOS2, mode=CMSIS_V2, owner=FREERTOS
2026-05-16 02:13:21,869 [INFO] RtosManager:558 - Registered RTOS mode: class=RTOS, group=Core, mode=CMSIS_V1, owner=FREERTOS
2026-05-16 02:13:21,869 [INFO] RtosManager:558 - Registered RTOS mode: class=RTOS, group=Core, mode=CMSIS_V2, owner=FREERTOS
2026-05-16 02:13:21,869 [WARN] ModelIntegratedComponent:184 - Missing modes for component STMicroelectronics:FreeRTOS:0.0.1:STMicroelectronics:RTOS:FreeRTOS:Core:::10.2.0:
2026-05-16 02:13:21,876 [WARN] ModelIntegratedComponent:63 - No mode defined for component null
2026-05-16 02:13:21,876 [WARN] ModelIntegratedComponent:63 - No mode defined for component null
2026-05-16 02:13:21,876 [WARN] ModelIntegratedComponent:63 - No mode defined for component null
2026-05-16 02:13:21,876 [WARN] ModelIntegratedComponent:63 - No mode defined for component null
2026-05-16 02:13:21,876 [WARN] ModelIntegratedComponent:63 - No mode defined for component null
2026-05-16 02:13:21,876 [WARN] ModelIntegratedComponent:63 - No mode defined for component null
2026-05-16 02:13:21,876 [WARN] ModelIntegratedComponent:63 - No mode defined for component null
2026-05-16 02:13:21,877 [WARN] ModelIntegratedComponent:63 - No mode defined for component null
2026-05-16 02:13:21,877 [WARN] ModelIntegratedComponent:63 - No mode defined for component null
2026-05-16 02:13:21,877 [WARN] ModelIntegratedComponent:63 - No mode defined for component null
2026-05-16 02:13:21,877 [WARN] ModelIntegratedComponent:63 - No mode defined for component null
2026-05-16 02:13:21,877 [WARN] ModelIntegratedComponent:63 - No mode defined for component null
2026-05-16 02:13:21,877 [WARN] ModelIntegratedComponent:63 - No mode defined for component null
2026-05-16 02:13:21,877 [WARN] ModelIntegratedComponent:63 - No mode defined for component null
2026-05-16 02:13:21,877 [WARN] ModelIntegratedComponent:63 - No mode defined for component null
2026-05-16 02:13:21,877 [WARN] ModelIntegratedComponent:63 - No mode defined for component null
2026-05-16 02:13:21,877 [WARN] ModelIntegratedComponent:63 - No mode defined for component null
2026-05-16 02:13:21,877 [WARN] ModelIntegratedComponent:63 - No mode defined for component null
2026-05-16 02:13:21,877 [WARN] ModelIntegratedComponent:63 - No mode defined for component null
2026-05-16 02:13:21,877 [WARN] ModelIntegratedComponent:63 - No mode defined for component null
2026-05-16 02:13:21,877 [WARN] ModelIntegratedComponent:63 - No mode defined for component null
2026-05-16 02:13:21,877 [WARN] ModelIntegratedComponent:63 - No mode defined for component null
2026-05-16 02:13:21,877 [WARN] ModelIntegratedComponent:63 - No mode defined for component null
2026-05-16 02:13:21,878 [WARN] ModelIntegratedComponent:63 - No mode defined for component null
2026-05-16 02:13:21,878 [WARN] ModelIntegratedComponent:63 - No mode defined for component null
2026-05-16 02:13:21,878 [WARN] ModelIntegratedComponent:63 - No mode defined for component null
2026-05-16 02:13:21,878 [WARN] ModelIntegratedComponent:63 - No mode defined for component null
2026-05-16 02:13:21,878 [WARN] ModelIntegratedComponent:63 - No mode defined for component null
2026-05-16 02:13:21,878 [WARN] ModelIntegratedComponent:63 - No mode defined for component null
2026-05-16 02:13:21,878 [WARN] ModelIntegratedComponent:63 - No mode defined for component null
2026-05-16 02:13:21,878 [WARN] ModelIntegratedComponent:63 - No mode defined for component null
2026-05-16 02:13:21,878 [WARN] ModelIntegratedComponent:63 - No mode defined for component null
2026-05-16 02:13:21,878 [WARN] ModelIntegratedComponent:63 - No mode defined for component null
2026-05-16 02:13:21,879 [WARN] ModelIntegratedComponent:63 - No mode defined for component null
2026-05-16 02:13:21,879 [WARN] ModelIntegratedComponent:63 - No mode defined for component null
2026-05-16 02:13:21,879 [WARN] ModelPack:524 - Component already loaded: STMicroelectronics:HAL Drivers:0.0.0:STMicroelectronics:Device:STMicro_Driver:XSPI:HAL::0.0.1:HAL_XSPI
2026-05-16 02:13:22,343 [INFO] ThirdPartyModel:298 - Start build external matchings
2026-05-16 02:13:26,108 [INFO] ThirdPartyModel:316 - End build external matchings
2026-05-16 02:13:26,189 [INFO] ImportTextPane:234 - (OptionalMessage_ERROR) IP (RCC) : Invalid parameter (FamilyName)
2026-05-16 02:13:26,190 [INFO] ImportTextPane:234 - (OptionalMessage_ERROR) IP (RCC) : Invalid parameter (TIMFreq_Value)
2026-05-16 02:13:26,383 [INFO] ApiDb:581 - Connected to CubeFinder SQLite database (/Users/admin/.stmcufinder/plugins/mcufinder/mcu/cube-finder-db.db)
2026-05-16 02:13:26,480 [INFO] ApiDb:668 - CubeFinder database Data Model version=2.1
2026-05-16 02:13:26,481 [INFO] ApiDb:669 - CubeFinder database Configuration version=3.0.42
2026-05-16 02:13:26,481 [INFO] ApiDb:670 - CubeFinder database generation date=2026-03-11 (1773229989)
2026-05-16 02:13:26,481 [INFO] ApiDb:671 - CubeFinder database FW Pack versions=[FP-ATR-ASTRA1_V2.0.0, FP-SNS-FLIGHT1_V5.1.0, FP-SNS-MOTENV1_V5.1.0, FP-SNS-MOTENVWB1_V1.5.0, FP-SNS-SMARTAG2_V1.2.0, FP-SNS-STBOX1_V2.1.0, STM32Cube_FW_C0_V1.4.0, STM32Cube_FW_F4_V1.28.3, STM32Cube_FW_F7_V1.17.4, STM32Cube_FW_G0_V1.6.3, STM32Cube_FW_G4_V1.6.2, STM32Cube_FW_H5_V1.6.0, STM32Cube_FW_H7RS_V1.3.0, STM32Cube_FW_H7_V1.13.0, STM32Cube_FW_L0_V1.12.2, STM32Cube_FW_L4_V1.18.2, STM32Cube_FW_L5_V1.6.0, STM32Cube_FW_N6_V1.3.0, STM32Cube_FW_U0_V1.3.0, STM32Cube_FW_U3_V1.3.0, STM32Cube_FW_U5_V1.8.0, STM32Cube_FW_WB0_V1.4.0, STM32Cube_FW_WBA_V1.9.0, STM32Cube_FW_WB_V1.24.0, STM32Cube_FW_WL3_V1.4.0, STM32Cube_FW_WL_V1.5.0, X-CUBE-ALGOBUILD_V1.4.0, X-CUBE-ALS_V1.0.2, X-CUBE-AZRTOS-F4_V1.1.0, X-CUBE-AZRTOS-F7_V1.1.0, X-CUBE-AZRTOS-G0_V1.1.0, X-CUBE-AZRTOS-G4_V2.0.0, X-CUBE-AZRTOS-H7RS_V1.1.0, X-CUBE-AZRTOS-H7_V3.4.0, X-CUBE-AZRTOS-L4_V2.0.0, X-CUBE-AZRTOS-L5_V2.0.0, X-CUBE-AZRTOS-WB_V2.0.0, X-CUBE-AZRTOS-WL_V2.0.0, X-CUBE-BLE1_V7.1.0, X-CUBE-BLE2_V3.3.0, X-CUBE-BLEMGR_V4.1.0, X-CUBE-EEPRMA1_V5.2.0, X-CUBE-FREERTOS_V1.5.0, X-CUBE-GNSS1_V6.0.0, X-CUBE-MEMS1_V12.0.0, X-CUBE-NFC4_V3.0.0, X-CUBE-NFC7_V2.0.0, X-CUBE-SFXS2LP1_V4.0.0, X-CUBE-ST67W61_V1.2.0, X-CUBE-SUBG2_V5.0.0, X-CUBE-TOF1_V3.4.3]
2026-05-16 02:13:26,708 [INFO] DbBoardsSqlite:226 - include board P-NUCLEO-WB55-NUCLEO as a kit item of type 'Nucleo-64'
2026-05-16 02:13:26,708 [INFO] DbBoardsSqlite:226 - include board P-NUCLEO-WB55-USBDONGLE as a kit item of type 'Nucleo USB Dongle'
2026-05-16 02:13:26,709 [INFO] DbBoardsSqlite:226 - include board STEVAL-IDP005V1 as a kit item of type 'Evaluation Board'
2026-05-16 02:13:26,710 [INFO] DbBoardsSqlite:226 - include board STEVAL-IDP005V2 as a kit item of type 'Evaluation Board'
2026-05-16 02:13:27,508 [INFO] ApiDb:240 - Found 880 in-development CPN: [B-G473E-ZEST1S, B-WB1M-WPAN1, B-WBA5M-WPAN, B-WL5M-SUBG1, NUCLEO-C031C6, NUCLEO-C051C8, NUCLEO-C071RB, NUCLEO-C092RC, NUCLEO-H503RB, NUCLEO-H533RE, NUCLEO-H563ZI, NUCLEO-H7S3L8, NUCLEO-N657X0-Q, NUCLEO-U031R8, NUCLEO-U083RC, NUCLEO-U385RG-Q, NUCLEO-U545RE-Q, NUCLEO-U5A5ZJ-Q, NUCLEO-WB05KZ, NUCLEO-WB07CC, NUCLEO-WB09KE, NUCLEO-WBA52CG, NUCLEO-WBA55CG, NUCLEO-WL33CC1, NUCLEO-WL33CC2, STEVAL-PROTEUS1, STEVAL-SMARTAG2, STEVAL-STWINBX1, STM320518-EVAL, STM32C0116-DK, STM32C011D6Y3TR, STM32C011D6Y6TR, STM32C011F4P3, STM32C011F4P6, STM32C011F4U3, STM32C011F4U6TR, STM32C011F6P3, STM32C011F6P6, STM32C011F6U3, STM32C011F6U6TR, STM32C011J4M3, STM32C011J4M6, STM32C011J6M3, STM32C011J6M6, STM32C0316-DK, STM32C031C4T3, STM32C031C4T6, STM32C031C4U3, STM32C031C4U6, STM32C031C6T3, STM32C031C6T6, STM32C031C6U3, STM32C031C6U6, STM32C031F4P3, STM32C031F4P6, STM32C031F6P3, STM32C031F6P6, STM32C031G4U3, STM32C031G4U6, STM32C031G6U3, STM32C031G6U6, STM32C031K4T3, STM32C031K4T6, STM32C031K4U3, STM32C031K4U6, STM32C031K6T3, STM32C031K6T6, STM32C031K6U3, STM32C031K6U6, STM32C051C6T6, STM32C051C6U6, STM32C051C8T6, STM32C051C8U6, STM32C051D8Y6TR, STM32C051F6P6, STM32C051F8P6, STM32C051G6U6, STM32C051G8U6, STM32C051K6T6, STM32C051K6U6, STM32C051K8T6, STM32C071C8T6, STM32C071C8T6N, STM32C071C8U6, STM32C071C8U6N, STM32C071CBT6, STM32C071CBT6N, STM32C071CBU6, STM32C071CBU6N, STM32C071F8P6, STM32C071F8P6N, STM32C071FBP6, STM32C071FBP6N, STM32C071FBY6TR, STM32C071G8U6, STM32C071G8U6N, STM32C071GBU6, STM32C071GBU6N, STM32C071K8T6, STM32C071K8T6N, STM32C071K8U6, STM32C071K8U6N, STM32C071KBT6, STM32C071KBT6N, STM32C071KBU6, STM32C071KBU6N, STM32C071R8T6, STM32C071R8T6N, STM32C071RBI6N, STM32C071RBT6, STM32C071RBT6N, STM32C091CBT6, STM32C091CBU6, STM32C091CCT6, STM32C091CCU6, STM32C091ECY6TR, STM32C091FBP6, STM32C091FCP6, STM32C091GBU6, STM32C091GCU6, STM32C091KBT6, STM32C091KBU6, STM32C091KCT6, STM32C091KCU6, STM32C091RBT6, STM32C091RCI6, STM32C091RCT6, STM32C092CBT6, STM32C092CBU6, STM32C092CCT6, STM32C092CCU6, STM32C092ECY6TR, STM32C092FBP6, STM32C092FCP6, STM32C092GBU6, STM32C092GCU6, STM32C092KBT6, STM32C092KBU6, STM32C092KCT6, STM32C092KCU6, STM32C092RBT6, STM32C092RCI6, STM32C092RCT6, STM32G071K8TXN, STM32G071K8UXN, STM32G081GBU6N, STM32G081KBT6N, STM32G081KBUXN, STM32G0B1CCT6N, STM32G0B1KCT6, STM32G0B1NEY6TR, STM32G0B1RCT6N, STM32G0C1CCT6, STM32G0C1CCT6N, STM32G0C1CCU6N, STM32G0C1CET6N, STM32G0C1CEU6N, STM32G0C1KCT6, STM32G0C1NEY6TR, STM32G0C1RCI6N, STM32G0C1RCT6N, STM32G0C1REI6N, STM32G0C1RET6N, STM32G0C1VCI6, STM32G0C1VEI6, STM32G411C6T3, STM32G411C6T6, STM32G411C6U3, STM32G411C6U6, STM32G411C8T3, STM32G411C8T6, STM32G411C8U3, STM32G411C8U6, STM32G411CBT3, STM32G411CBT6, STM32G411CBU3, STM32G411CBU6, STM32G411K6T3, STM32G411K6T6, STM32G411K6U3, STM32G411K6U6, STM32G411K8T3, STM32G411K8T6, STM32G411K8U3, STM32G411K8U6, STM32G411KBT3, STM32G411KBT6, STM32G411KBU3, STM32G411KBU6, STM32G411M6T3, STM32G411M6T6, STM32G411M8T3, STM32G411M8T6, STM32G411MBT3, STM32G411MBT6, STM32G411R6T3, STM32G411R6T6, STM32G411R8T3, STM32G411R8T6, STM32G411RBT3, STM32G411RBT6, STM32G414CBT3, STM32G414CBT6, STM32G414CBU3, STM32G414CBU6, STM32G414CCT3, STM32G414CCT6, STM32G414CCU3, STM32G414CCU6, STM32G414MBT3, STM32G414MBT6, STM32G414MCT3, STM32G414MCT6, STM32G414RBT3, STM32G414RBT6, STM32G414RCT3, STM32G414RCT6, STM32G414VBT3, STM32G414VBT6, STM32G414VCT3, STM32G414VCT6, STM32G431CBT3Z, STM32G431RBT3Z, STM32G471CCT6, STM32G471CCU6, STM32G471CET3, STM32G471CET6, STM32G471CEU3, STM32G471CEU6, STM32G471MCT6, STM32G471MET3, STM32G471MET6, STM32G471MEY6TR, STM32G471QCT6, STM32G471QET3, STM32G471RCT6, STM32G471RET3, STM32G471RET6, STM32G471VCH6, STM32G471VCI6, STM32G471VCT6, STM32G471VEH3, STM32G471VEH6, STM32G471VEI3, STM32G471VEI6, STM32G471VET3, STM32G471VET6, STM32G473QET3Z, STM32G473RET3Z, STM32G474CCT6, STM32G491RET3Z, STM32H503CBT6, STM32H503CBU6, STM32H503EBY6TR, STM32H503KBU6, STM32H503RBT6, STM32H523CCT6, STM32H523CCU6, STM32H523CET6, STM32H523CEU6, STM32H523HEY6TR, STM32H523RCT6, STM32H523RET6, STM32H523VCI6, STM32H523VCT6, STM32H523VEI6, STM32H523VET6, STM32H523ZCJ6, STM32H523ZCT6, STM32H523ZEJ6, STM32H523ZET6, STM32H533CET6, STM32H533CEU6, STM32H533HEY6TR, STM32H533RET6, STM32H533VEI6, STM32H533VET6, STM32H533ZEJ6, STM32H533ZET6, STM32H562AGI6, STM32H562AII6, STM32H562IGK6, STM32H562IGT6, STM32H562IIK6, STM32H562IIT6, STM32H562RGT6, STM32H562RGV6, STM32H562RIT6, STM32H562RIV6, STM32H562VGT6, STM32H562VIT6, STM32H562ZGT6, STM32H562ZIT6, STM32H563AGI6, STM32H563AII3Q, STM32H563AII6, STM32H563IGK6, STM32H563IGT6, STM32H563IIK3Q, STM32H563IIK6, STM32H563IIT3Q, STM32H563IIT6, STM32H563MIY3QTR, STM32H563RGT6, STM32H563RGV6, STM32H563RIT6, STM32H563RIV6, STM32H563VGT6, STM32H563VIT3Q, STM32H563VIT6, STM32H563ZGT6, STM32H563ZIT3Q, STM32H563ZIT6, STM32H573AII3Q, STM32H573AII6, STM32H573I-DK, STM32H573IIK3Q, STM32H573IIK6, STM32H573IIT3Q, STM32H573IIT6, STM32H573MIY3QTR, STM32H573RIT6, STM32H573RIV6, STM32H573VIT3Q, STM32H573VIT6, STM32H573ZIT3Q, STM32H573ZIT6, STM32H7R3A8I6, STM32H7R3I8K6, STM32H7R3I8T6, STM32H7R3L8H6, STM32H7R3L8H6H, STM32H7R3R8V6, STM32H7R3V8H6, STM32H7R3V8T6, STM32H7R3V8Y6TR, STM32H7R3Z8J6, STM32H7R3Z8T6, STM32H7R7A8I6, STM32H7R7I8K6, STM32H7R7I8T6, STM32H7R7L8H6, STM32H7R7L8H6H, STM32H7R7Z8J6, STM32H7S3A8I6, STM32H7S3I8K6, STM32H7S3I8T6, STM32H7S3L8H6, STM32H7S3L8H6H, STM32H7S3R8V6, STM32H7S3V8H6, STM32H7S3V8T6, STM32H7S3V8Y6TR, STM32H7S3Z8J6, STM32H7S3Z8T6, STM32H7S78-DK, STM32H7S7A8I6, STM32H7S7I8K6, STM32H7S7I8T6, STM32H7S7L8H6, STM32H7S7L8H6H, STM32H7S7Z8J6, STM32L4R5QGI6STR, STM32MP131AAE3, STM32MP131AAF3, STM32MP131AAG3, STM32MP131CAE3, STM32MP131CAF3, STM32MP131CAG3, STM32MP131DAE7, STM32MP131DAF7, STM32MP131DAG7, STM32MP131FAE7, STM32MP131FAF7, STM32MP131FAG7, STM32MP133AAE3, STM32MP133AAF3, STM32MP133AAG3, STM32MP133CAE3, STM32MP133CAF3, STM32MP133CAG3, STM32MP133DAE7, STM32MP133DAF7, STM32MP133DAG7, STM32MP133FAE7, STM32MP133FAF7, STM32MP133FAG7, STM32MP135AAE3, STM32MP135AAF3, STM32MP135AAG3, STM32MP135CAE3, STM32MP135CAF3, STM32MP135CAG3, STM32MP135DAE7, STM32MP135DAF7, STM32MP135DAG7, STM32MP135F-DK, STM32MP135FAE7, STM32MP135FAF7, STM32MP135FAF7T, STM32MP135FAF7U, STM32MP135FAG7, STM32MP211AAL3, STM32MP211AAM3, STM32MP211AAN3, STM32MP211AAO3, STM32MP211CAL3, STM32MP211CAM3, STM32MP211CAN3, STM32MP211CAO3, STM32MP211DAL3, STM32MP211DAM3, STM32MP211DAN3, STM32MP211DAO3, STM32MP211FAL3, STM32MP211FAM3, STM32MP211FAN3, STM32MP211FAO3, STM32MP213AAL3, STM32MP213AAM3, STM32MP213AAN3, STM32MP213AAO3, STM32MP213CAL3, STM32MP213CAM3, STM32MP213CAN3, STM32MP213CAO3, STM32MP213DAL3, STM32MP213DAM3, STM32MP213DAN3, STM32MP213DAO3, STM32MP213FAL3, STM32MP213FAM3, STM32MP213FAN3, STM32MP213FAO3, STM32MP215AAL3, STM32MP215AAM3, STM32MP215AAN3, STM32MP215AAO3, STM32MP215CAL3, STM32MP215CAM3, STM32MP215CAN3, STM32MP215CAO3, STM32MP215DAL3, STM32MP215DAM3, STM32MP215DAN3, STM32MP215DAO3, STM32MP215F-DK, STM32MP215FAL3, STM32MP215FAM3, STM32MP215FAN3, STM32MP215FAO3, STM32MP231AAJ3, STM32MP231AAK3, STM32MP231AAL3, STM32MP231CAJ3, STM32MP231CAK3, STM32MP231CAL3, STM32MP231DAJ3, STM32MP231DAK3, STM32MP231DAL3, STM32MP231FAJ3, STM32MP231FAK3, STM32MP231FAL3, STM32MP233AAJ3, STM32MP233AAK3, STM32MP233AAL3, STM32MP233CAJ3, STM32MP233CAK3, STM32MP233CAL3, STM32MP233DAJ3, STM32MP233DAK3, STM32MP233DAL3, STM32MP233FAJ3, STM32MP233FAK3, STM32MP233FAL3, STM32MP235AAJ3, STM32MP235AAK3, STM32MP235AAL3, STM32MP235CAJ3, STM32MP235CAK3, STM32MP235CAL3, STM32MP235DAJ3, STM32MP235DAK3, STM32MP235DAL3, STM32MP235FAJ3, STM32MP235FAK3, STM32MP235FAL3, STM32MP251AAI3, STM32MP251AAK3, STM32MP251AAL3, STM32MP251CAI3, STM32MP251CAK3, STM32MP251CAL3, STM32MP251DAI3, STM32MP251DAK3, STM32MP251DAL3, STM32MP251FAI3, STM32MP251FAK3, STM32MP251FAL3, STM32MP253AAI3, STM32MP253AAK3, STM32MP253AAL3, STM32MP253CAI3, STM32MP253CAK3, STM32MP253CAL3, STM32MP253DAI3, STM32MP253DAK3, STM32MP253DAL3, STM32MP253FAI3, STM32MP253FAK3, STM32MP253FAL3, STM32MP255AAI3, STM32MP255AAK3, STM32MP255AAL3, STM32MP255CAI3, STM32MP255CAK3, STM32MP255CAL3, STM32MP255DAI3, STM32MP255DAK3, STM32MP255DAL3, STM32MP255FAI3, STM32MP255FAK3, STM32MP255FAL3, STM32MP257AAI3, STM32MP257AAK3, STM32MP257AAL3, STM32MP257CAI3, STM32MP257CAK3, STM32MP257CAL3, STM32MP257DAI3, STM32MP257DAK3, STM32MP257DAL3, STM32MP257F-DK, STM32MP257F-EV1, STM32MP257FAI3, STM32MP257FAK3, STM32MP257FAL3, STM32N645A0H3Q, STM32N645B0H3Q, STM32N645I0H3Q, STM32N645L0H3Q, STM32N645X0H3Q, STM32N645Z0H3Q, STM32N647A0H3Q, STM32N647B0H3Q, STM32N647I0H3Q, STM32N647L0H3Q, STM32N647X0H3Q, STM32N647Z0H3Q, STM32N655A0H3Q, STM32N655B0H3Q, STM32N655I0H3Q, STM32N655L0H3Q, STM32N655X0H3Q, STM32N655Z0H3Q, STM32N6570-DK, STM32N657A0H3Q, STM32N657B0H3Q, STM32N657I0H3Q, STM32N657L0H3Q, STM32N657X0H3Q, STM32N657Z0H3Q, STM32U031C6T6, STM32U031C6U6, STM32U031C8T6, STM32U031C8U6, STM32U031F4P6, STM32U031F6P6, STM32U031F8P6, STM32U031G6Y6TR, STM32U031G8Y6TR, STM32U031K4U6, STM32U031K6U6, STM32U031K8U6, STM32U031R6I6, STM32U031R6T6, STM32U031R8I6, STM32U031R8T6, STM32U073C8T6, STM32U073C8U6, STM32U073CBT6, STM32U073CBU6, STM32U073CCT6, STM32U073CCU6, STM32U073H8Y6TR, STM32U073HBY6TR, STM32U073HCY6TR, STM32U073K8U6, STM32U073KBU6, STM32U073KCU6, STM32U073M8I6, STM32U073M8T6, STM32U073MBI6, STM32U073MBT6, STM32U073MCI6, STM32U073MCT6, STM32U073R8I6, STM32U073R8T6, STM32U073RBI6, STM32U073RBT6, STM32U073RCI6, STM32U073RCT6, STM32U083C-DK, STM32U083CCT6, STM32U083CCU6, STM32U083HCY6TR, STM32U083KCU6, STM32U083MCI6, STM32U083MCT6, STM32U083RCI6, STM32U083RCT6, STM32U375CET6, STM32U375CET6Q, STM32U375CEU6, STM32U375CEU6Q, STM32U375CEY6QTR, STM32U375CGT6, STM32U375CGT6Q, STM32U375CGU6, STM32U375CGU6Q, STM32U375CGY6QTR, STM32U375KEU6, STM32U375KGU6, STM32U375REI6, STM32U375REI6Q, STM32U375RET6, STM32U375RET6Q, STM32U375REY6GTR, STM32U375REY6QTR, STM32U375RGI6, STM32U375RGI6Q, STM32U375RGT6, STM32U375RGT6Q, STM32U375RGY6GTR, STM32U375RGY6QTR, STM32U375VEI6, STM32U375VEI6Q, STM32U375VET6, STM32U375VET6Q, STM32U375VGI6, STM32U375VGI6Q, STM32U375VGT6, STM32U375VGT6Q, STM32U385CGT6, STM32U385CGT6Q, STM32U385CGU6, STM32U385CGU6Q, STM32U385CGY6QTR, STM32U385KGU6, STM32U385RGI6, STM32U385RGI6Q, STM32U385RGT6, STM32U385RGT6Q, STM32U385RGY6GTR, STM32U385RGY6QTR, STM32U385VGI6, STM32U385VGI6Q, STM32U385VGT6, STM32U385VGT6Q, STM32U535CBT6, STM32U535CBT6Q, STM32U535CBU6, STM32U535CBU6Q, STM32U535CCT6, STM32U535CCT6Q, STM32U535CCU6, STM32U535CCU6Q, STM32U535CET6, STM32U535CET6Q, STM32U535CEU6, STM32U535CEU6Q, STM32U535JEY6QTR, STM32U535NCY6QTR, STM32U535NEY6QTR, STM32U535RBI6, STM32U535RBI6Q, STM32U535RBT6, STM32U535RBT6Q, STM32U535RCI6, STM32U535RCI6Q, STM32U535RCT6, STM32U535RCT6Q, STM32U535REI6, STM32U535REI6Q, STM32U535RET6, STM32U535RET6Q, STM32U535VCI6, STM32U535VCI6Q, STM32U535VCT6, STM32U535VCT6Q, STM32U535VEI6, STM32U535VEI6Q, STM32U535VET6, STM32U535VET6Q, STM32U545CET6, STM32U545CET6Q, STM32U545CEU6, STM32U545CEU6Q, STM32U545JEY6QTR, STM32U545NEY6QTR, STM32U545REI6, STM32U545REI6Q, STM32U545RET6, STM32U545RET6Q, STM32U545VEI6, STM32U545VEI6Q, STM32U545VET6, STM32U545VET6Q, STM32U595AIH6, STM32U595AIH6Q, STM32U595AJH6, STM32U595AJH6Q, STM32U595QII6, STM32U595QII6Q, STM32U595QJI6, STM32U595QJI6Q, STM32U595RIT6, STM32U595RIT6Q, STM32U595RJT6, STM32U595RJT6Q, STM32U595VIT6, STM32U595VIT6Q, STM32U595VJT6, STM32U595VJT6Q, STM32U595ZIT6, STM32U595ZIT6Q, STM32U595ZIY6QTR, STM32U595ZJT6, STM32U595ZJT6Q, STM32U595ZJY6QTR, STM32U599BJY6QTR, STM32U599NIH6Q, STM32U599NJH6Q, STM32U599VIT6Q, STM32U599VJT6, STM32U599VJT6Q, STM32U599ZIT6Q, STM32U599ZIY6QTR, STM32U599ZJT6Q, STM32U599ZJY6QTR, STM32U5A5AJH6, STM32U5A5AJH6Q, STM32U5A5QII3Q , STM32U5A5QJI6, STM32U5A5QJI6Q, STM32U5A5RJT6, STM32U5A5RJT6Q, STM32U5A5VJT6, STM32U5A5VJT6Q, STM32U5A5ZJT6, STM32U5A5ZJT6Q, STM32U5A5ZJY6QTR, STM32U5A9BJY6QTR, STM32U5A9J-DK, STM32U5A9NJH6Q, STM32U5A9VJT6Q, STM32U5A9ZJT6Q, STM32U5A9ZJY6QTR, STM32U5F7VIT6, STM32U5F7VIT6Q, STM32U5F7VJT6, STM32U5F7VJT6Q, STM32U5F9BJY6QTR, STM32U5F9NJH6Q, STM32U5F9VIT6Q, STM32U5F9VJT6Q, STM32U5F9ZIJ6QTR, STM32U5F9ZIT6Q, STM32U5F9ZJJ6QTR, STM32U5F9ZJT6Q, STM32U5G7VJT6, STM32U5G7VJT6Q, STM32U5G9BJY6QTR, STM32U5G9J-DK1, STM32U5G9J-DK2, STM32U5G9NJH6Q, STM32U5G9VJT6Q, STM32U5G9ZJJ6QTR, STM32U5G9ZJT6Q, STM32WB05KZV6TR, STM32WB05KZV7TR, STM32WB05TZF6TR, STM32WB05TZF7TR, STM32WB06CCF6TR, STM32WB06CCF7TR, STM32WB06CCV6TR, STM32WB06CCV7TR, STM32WB06KCV6TR, STM32WB06KCV7TR, STM32WB07CCF6TR, STM32WB07CCF7TR, STM32WB07CCV6TR, STM32WB07CCV7TR, STM32WB07KCV6TR, STM32WB07KCV7TR, STM32WB09KEV6TR, STM32WB09KEV7TR, STM32WB09TEF6TR, STM32WB09TEF7TR, STM32WB1MMCH6, STM32WBA50KGU6, STM32WBA50KGU6TR, STM32WBA52CEU6, STM32WBA52CEU6TR, STM32WBA52CEU7, STM32WBA52CEU7TR, STM32WBA52CGU6, STM32WBA52CGU6TR, STM32WBA52CGU6U, STM32WBA52CGU7, STM32WBA52CGU7TR, STM32WBA52KEU6, STM32WBA52KEU6TR, STM32WBA52KGU6, STM32WBA52KGU6TR, STM32WBA54CEU6, STM32WBA54CEU6TR, STM32WBA54CEU7, STM32WBA54CEU7TR, STM32WBA54CGU6, STM32WBA54CGU6TR, STM32WBA54CGU7, STM32WBA54CGU7TR, STM32WBA54KEU6, STM32WBA54KEU6TR, STM32WBA54KEU7, STM32WBA54KEU7TR, STM32WBA54KGU6, STM32WBA54KGU6TR, STM32WBA54KGU7, STM32WBA54KGU7TR, STM32WBA55CEU6, STM32WBA55CEU6TR, STM32WBA55CEU7, STM32WBA55CEU7TR, STM32WBA55CGU6, STM32WBA55CGU6TR, STM32WBA55CGU6U, STM32WBA55CGU7, STM32WBA55CGU7TR, STM32WBA55G-DK1, STM32WBA55HEF6, STM32WBA55HEF7, STM32WBA55HGF6, STM32WBA55HGF7, STM32WBA55UEI6, STM32WBA55UEI6TR, STM32WBA55UEI7, STM32WBA55UEI7TR, STM32WBA55UGI6, STM32WBA55UGI6TR, STM32WBA55UGI7, STM32WBA55UGI7TR, STM32WBA5MMGH6TR, STM32WBA62MGF6, STM32WBA62MIF6, STM32WBA65MGF7, STM32WBA65MIF6, STM32WBA65MIF7, STM32WL30K8V6, STM32WL30KBV6, STM32WL31C8V6, STM32WL31CBV6, STM32WL31K8V6, STM32WL31KBV6, STM32WL33C8V6, STM32WL33C8V6X, STM32WL33CBV6, STM32WL33CBV6X, STM32WL33CCV6, STM32WL33CCV6A, STM32WL33CCV6X, STM32WL33K8V7, STM32WL33K8V7X, STM32WL33KBV7 , STM32WL33KBV7X, STM32WL33KCV7, STM32WL33KCV7X, STM32WL5MOCH6, STM32WL5MOCH6TR]
2026-05-16 02:13:27,513 [INFO] ApiDb:668 - CubeFinder database Data Model version=2.1
2026-05-16 02:13:27,513 [INFO] ApiDb:669 - CubeFinder database Configuration version=3.0.42
2026-05-16 02:13:27,513 [INFO] ApiDb:670 - CubeFinder database generation date=2026-03-11 (1773229989)
2026-05-16 02:13:27,513 [INFO] ApiDb:671 - CubeFinder database FW Pack versions=[FP-ATR-ASTRA1_V2.0.0, FP-SNS-FLIGHT1_V5.1.0, FP-SNS-MOTENV1_V5.1.0, FP-SNS-MOTENVWB1_V1.5.0, FP-SNS-SMARTAG2_V1.2.0, FP-SNS-STBOX1_V2.1.0, STM32Cube_FW_C0_V1.4.0, STM32Cube_FW_F4_V1.28.3, STM32Cube_FW_F7_V1.17.4, STM32Cube_FW_G0_V1.6.3, STM32Cube_FW_G4_V1.6.2, STM32Cube_FW_H5_V1.6.0, STM32Cube_FW_H7RS_V1.3.0, STM32Cube_FW_H7_V1.13.0, STM32Cube_FW_L0_V1.12.2, STM32Cube_FW_L4_V1.18.2, STM32Cube_FW_L5_V1.6.0, STM32Cube_FW_N6_V1.3.0, STM32Cube_FW_U0_V1.3.0, STM32Cube_FW_U3_V1.3.0, STM32Cube_FW_U5_V1.8.0, STM32Cube_FW_WB0_V1.4.0, STM32Cube_FW_WBA_V1.9.0, STM32Cube_FW_WB_V1.24.0, STM32Cube_FW_WL3_V1.4.0, STM32Cube_FW_WL_V1.5.0, X-CUBE-ALGOBUILD_V1.4.0, X-CUBE-ALS_V1.0.2, X-CUBE-AZRTOS-F4_V1.1.0, X-CUBE-AZRTOS-F7_V1.1.0, X-CUBE-AZRTOS-G0_V1.1.0, X-CUBE-AZRTOS-G4_V2.0.0, X-CUBE-AZRTOS-H7RS_V1.1.0, X-CUBE-AZRTOS-H7_V3.4.0, X-CUBE-AZRTOS-L4_V2.0.0, X-CUBE-AZRTOS-L5_V2.0.0, X-CUBE-AZRTOS-WB_V2.0.0, X-CUBE-AZRTOS-WL_V2.0.0, X-CUBE-BLE1_V7.1.0, X-CUBE-BLE2_V3.3.0, X-CUBE-BLEMGR_V4.1.0, X-CUBE-EEPRMA1_V5.2.0, X-CUBE-FREERTOS_V1.5.0, X-CUBE-GNSS1_V6.0.0, X-CUBE-MEMS1_V12.0.0, X-CUBE-NFC4_V3.0.0, X-CUBE-NFC7_V2.0.0, X-CUBE-SFXS2LP1_V4.0.0, X-CUBE-ST67W61_V1.2.0, X-CUBE-SUBG2_V5.0.0, X-CUBE-TOF1_V3.4.3]
2026-05-16 02:13:29,986 [INFO] ApiDb:240 - Found 880 in-development CPN: [B-G473E-ZEST1S, B-WB1M-WPAN1, B-WBA5M-WPAN, B-WL5M-SUBG1, NUCLEO-C031C6, NUCLEO-C051C8, NUCLEO-C071RB, NUCLEO-C092RC, NUCLEO-H503RB, NUCLEO-H533RE, NUCLEO-H563ZI, NUCLEO-H7S3L8, NUCLEO-N657X0-Q, NUCLEO-U031R8, NUCLEO-U083RC, NUCLEO-U385RG-Q, NUCLEO-U545RE-Q, NUCLEO-U5A5ZJ-Q, NUCLEO-WB05KZ, NUCLEO-WB07CC, NUCLEO-WB09KE, NUCLEO-WBA52CG, NUCLEO-WBA55CG, NUCLEO-WL33CC1, NUCLEO-WL33CC2, STEVAL-PROTEUS1, STEVAL-SMARTAG2, STEVAL-STWINBX1, STM320518-EVAL, STM32C0116-DK, STM32C011D6Y3TR, STM32C011D6Y6TR, STM32C011F4P3, STM32C011F4P6, STM32C011F4U3, STM32C011F4U6TR, STM32C011F6P3, STM32C011F6P6, STM32C011F6U3, STM32C011F6U6TR, STM32C011J4M3, STM32C011J4M6, STM32C011J6M3, STM32C011J6M6, STM32C0316-DK, STM32C031C4T3, STM32C031C4T6, STM32C031C4U3, STM32C031C4U6, STM32C031C6T3, STM32C031C6T6, STM32C031C6U3, STM32C031C6U6, STM32C031F4P3, STM32C031F4P6, STM32C031F6P3, STM32C031F6P6, STM32C031G4U3, STM32C031G4U6, STM32C031G6U3, STM32C031G6U6, STM32C031K4T3, STM32C031K4T6, STM32C031K4U3, STM32C031K4U6, STM32C031K6T3, STM32C031K6T6, STM32C031K6U3, STM32C031K6U6, STM32C051C6T6, STM32C051C6U6, STM32C051C8T6, STM32C051C8U6, STM32C051D8Y6TR, STM32C051F6P6, STM32C051F8P6, STM32C051G6U6, STM32C051G8U6, STM32C051K6T6, STM32C051K6U6, STM32C051K8T6, STM32C071C8T6, STM32C071C8T6N, STM32C071C8U6, STM32C071C8U6N, STM32C071CBT6, STM32C071CBT6N, STM32C071CBU6, STM32C071CBU6N, STM32C071F8P6, STM32C071F8P6N, STM32C071FBP6, STM32C071FBP6N, STM32C071FBY6TR, STM32C071G8U6, STM32C071G8U6N, STM32C071GBU6, STM32C071GBU6N, STM32C071K8T6, STM32C071K8T6N, STM32C071K8U6, STM32C071K8U6N, STM32C071KBT6, STM32C071KBT6N, STM32C071KBU6, STM32C071KBU6N, STM32C071R8T6, STM32C071R8T6N, STM32C071RBI6N, STM32C071RBT6, STM32C071RBT6N, STM32C091CBT6, STM32C091CBU6, STM32C091CCT6, STM32C091CCU6, STM32C091ECY6TR, STM32C091FBP6, STM32C091FCP6, STM32C091GBU6, STM32C091GCU6, STM32C091KBT6, STM32C091KBU6, STM32C091KCT6, STM32C091KCU6, STM32C091RBT6, STM32C091RCI6, STM32C091RCT6, STM32C092CBT6, STM32C092CBU6, STM32C092CCT6, STM32C092CCU6, STM32C092ECY6TR, STM32C092FBP6, STM32C092FCP6, STM32C092GBU6, STM32C092GCU6, STM32C092KBT6, STM32C092KBU6, STM32C092KCT6, STM32C092KCU6, STM32C092RBT6, STM32C092RCI6, STM32C092RCT6, STM32G071K8TXN, STM32G071K8UXN, STM32G081GBU6N, STM32G081KBT6N, STM32G081KBUXN, STM32G0B1CCT6N, STM32G0B1KCT6, STM32G0B1NEY6TR, STM32G0B1RCT6N, STM32G0C1CCT6, STM32G0C1CCT6N, STM32G0C1CCU6N, STM32G0C1CET6N, STM32G0C1CEU6N, STM32G0C1KCT6, STM32G0C1NEY6TR, STM32G0C1RCI6N, STM32G0C1RCT6N, STM32G0C1REI6N, STM32G0C1RET6N, STM32G0C1VCI6, STM32G0C1VEI6, STM32G411C6T3, STM32G411C6T6, STM32G411C6U3, STM32G411C6U6, STM32G411C8T3, STM32G411C8T6, STM32G411C8U3, STM32G411C8U6, STM32G411CBT3, STM32G411CBT6, STM32G411CBU3, STM32G411CBU6, STM32G411K6T3, STM32G411K6T6, STM32G411K6U3, STM32G411K6U6, STM32G411K8T3, STM32G411K8T6, STM32G411K8U3, STM32G411K8U6, STM32G411KBT3, STM32G411KBT6, STM32G411KBU3, STM32G411KBU6, STM32G411M6T3, STM32G411M6T6, STM32G411M8T3, STM32G411M8T6, STM32G411MBT3, STM32G411MBT6, STM32G411R6T3, STM32G411R6T6, STM32G411R8T3, STM32G411R8T6, STM32G411RBT3, STM32G411RBT6, STM32G414CBT3, STM32G414CBT6, STM32G414CBU3, STM32G414CBU6, STM32G414CCT3, STM32G414CCT6, STM32G414CCU3, STM32G414CCU6, STM32G414MBT3, STM32G414MBT6, STM32G414MCT3, STM32G414MCT6, STM32G414RBT3, STM32G414RBT6, STM32G414RCT3, STM32G414RCT6, STM32G414VBT3, STM32G414VBT6, STM32G414VCT3, STM32G414VCT6, STM32G431CBT3Z, STM32G431RBT3Z, STM32G471CCT6, STM32G471CCU6, STM32G471CET3, STM32G471CET6, STM32G471CEU3, STM32G471CEU6, STM32G471MCT6, STM32G471MET3, STM32G471MET6, STM32G471MEY6TR, STM32G471QCT6, STM32G471QET3, STM32G471RCT6, STM32G471RET3, STM32G471RET6, STM32G471VCH6, STM32G471VCI6, STM32G471VCT6, STM32G471VEH3, STM32G471VEH6, STM32G471VEI3, STM32G471VEI6, STM32G471VET3, STM32G471VET6, STM32G473QET3Z, STM32G473RET3Z, STM32G474CCT6, STM32G491RET3Z, STM32H503CBT6, STM32H503CBU6, STM32H503EBY6TR, STM32H503KBU6, STM32H503RBT6, STM32H523CCT6, STM32H523CCU6, STM32H523CET6, STM32H523CEU6, STM32H523HEY6TR, STM32H523RCT6, STM32H523RET6, STM32H523VCI6, STM32H523VCT6, STM32H523VEI6, STM32H523VET6, STM32H523ZCJ6, STM32H523ZCT6, STM32H523ZEJ6, STM32H523ZET6, STM32H533CET6, STM32H533CEU6, STM32H533HEY6TR, STM32H533RET6, STM32H533VEI6, STM32H533VET6, STM32H533ZEJ6, STM32H533ZET6, STM32H562AGI6, STM32H562AII6, STM32H562IGK6, STM32H562IGT6, STM32H562IIK6, STM32H562IIT6, STM32H562RGT6, STM32H562RGV6, STM32H562RIT6, STM32H562RIV6, STM32H562VGT6, STM32H562VIT6, STM32H562ZGT6, STM32H562ZIT6, STM32H563AGI6, STM32H563AII3Q, STM32H563AII6, STM32H563IGK6, STM32H563IGT6, STM32H563IIK3Q, STM32H563IIK6, STM32H563IIT3Q, STM32H563IIT6, STM32H563MIY3QTR, STM32H563RGT6, STM32H563RGV6, STM32H563RIT6, STM32H563RIV6, STM32H563VGT6, STM32H563VIT3Q, STM32H563VIT6, STM32H563ZGT6, STM32H563ZIT3Q, STM32H563ZIT6, STM32H573AII3Q, STM32H573AII6, STM32H573I-DK, STM32H573IIK3Q, STM32H573IIK6, STM32H573IIT3Q, STM32H573IIT6, STM32H573MIY3QTR, STM32H573RIT6, STM32H573RIV6, STM32H573VIT3Q, STM32H573VIT6, STM32H573ZIT3Q, STM32H573ZIT6, STM32H7R3A8I6, STM32H7R3I8K6, STM32H7R3I8T6, STM32H7R3L8H6, STM32H7R3L8H6H, STM32H7R3R8V6, STM32H7R3V8H6, STM32H7R3V8T6, STM32H7R3V8Y6TR, STM32H7R3Z8J6, STM32H7R3Z8T6, STM32H7R7A8I6, STM32H7R7I8K6, STM32H7R7I8T6, STM32H7R7L8H6, STM32H7R7L8H6H, STM32H7R7Z8J6, STM32H7S3A8I6, STM32H7S3I8K6, STM32H7S3I8T6, STM32H7S3L8H6, STM32H7S3L8H6H, STM32H7S3R8V6, STM32H7S3V8H6, STM32H7S3V8T6, STM32H7S3V8Y6TR, STM32H7S3Z8J6, STM32H7S3Z8T6, STM32H7S78-DK, STM32H7S7A8I6, STM32H7S7I8K6, STM32H7S7I8T6, STM32H7S7L8H6, STM32H7S7L8H6H, STM32H7S7Z8J6, STM32L4R5QGI6STR, STM32MP131AAE3, STM32MP131AAF3, STM32MP131AAG3, STM32MP131CAE3, STM32MP131CAF3, STM32MP131CAG3, STM32MP131DAE7, STM32MP131DAF7, STM32MP131DAG7, STM32MP131FAE7, STM32MP131FAF7, STM32MP131FAG7, STM32MP133AAE3, STM32MP133AAF3, STM32MP133AAG3, STM32MP133CAE3, STM32MP133CAF3, STM32MP133CAG3, STM32MP133DAE7, STM32MP133DAF7, STM32MP133DAG7, STM32MP133FAE7, STM32MP133FAF7, STM32MP133FAG7, STM32MP135AAE3, STM32MP135AAF3, STM32MP135AAG3, STM32MP135CAE3, STM32MP135CAF3, STM32MP135CAG3, STM32MP135DAE7, STM32MP135DAF7, STM32MP135DAG7, STM32MP135F-DK, STM32MP135FAE7, STM32MP135FAF7, STM32MP135FAF7T, STM32MP135FAF7U, STM32MP135FAG7, STM32MP211AAL3, STM32MP211AAM3, STM32MP211AAN3, STM32MP211AAO3, STM32MP211CAL3, STM32MP211CAM3, STM32MP211CAN3, STM32MP211CAO3, STM32MP211DAL3, STM32MP211DAM3, STM32MP211DAN3, STM32MP211DAO3, STM32MP211FAL3, STM32MP211FAM3, STM32MP211FAN3, STM32MP211FAO3, STM32MP213AAL3, STM32MP213AAM3, STM32MP213AAN3, STM32MP213AAO3, STM32MP213CAL3, STM32MP213CAM3, STM32MP213CAN3, STM32MP213CAO3, STM32MP213DAL3, STM32MP213DAM3, STM32MP213DAN3, STM32MP213DAO3, STM32MP213FAL3, STM32MP213FAM3, STM32MP213FAN3, STM32MP213FAO3, STM32MP215AAL3, STM32MP215AAM3, STM32MP215AAN3, STM32MP215AAO3, STM32MP215CAL3, STM32MP215CAM3, STM32MP215CAN3, STM32MP215CAO3, STM32MP215DAL3, STM32MP215DAM3, STM32MP215DAN3, STM32MP215DAO3, STM32MP215F-DK, STM32MP215FAL3, STM32MP215FAM3, STM32MP215FAN3, STM32MP215FAO3, STM32MP231AAJ3, STM32MP231AAK3, STM32MP231AAL3, STM32MP231CAJ3, STM32MP231CAK3, STM32MP231CAL3, STM32MP231DAJ3, STM32MP231DAK3, STM32MP231DAL3, STM32MP231FAJ3, STM32MP231FAK3, STM32MP231FAL3, STM32MP233AAJ3, STM32MP233AAK3, STM32MP233AAL3, STM32MP233CAJ3, STM32MP233CAK3, STM32MP233CAL3, STM32MP233DAJ3, STM32MP233DAK3, STM32MP233DAL3, STM32MP233FAJ3, STM32MP233FAK3, STM32MP233FAL3, STM32MP235AAJ3, STM32MP235AAK3, STM32MP235AAL3, STM32MP235CAJ3, STM32MP235CAK3, STM32MP235CAL3, STM32MP235DAJ3, STM32MP235DAK3, STM32MP235DAL3, STM32MP235FAJ3, STM32MP235FAK3, STM32MP235FAL3, STM32MP251AAI3, STM32MP251AAK3, STM32MP251AAL3, STM32MP251CAI3, STM32MP251CAK3, STM32MP251CAL3, STM32MP251DAI3, STM32MP251DAK3, STM32MP251DAL3, STM32MP251FAI3, STM32MP251FAK3, STM32MP251FAL3, STM32MP253AAI3, STM32MP253AAK3, STM32MP253AAL3, STM32MP253CAI3, STM32MP253CAK3, STM32MP253CAL3, STM32MP253DAI3, STM32MP253DAK3, STM32MP253DAL3, STM32MP253FAI3, STM32MP253FAK3, STM32MP253FAL3, STM32MP255AAI3, STM32MP255AAK3, STM32MP255AAL3, STM32MP255CAI3, STM32MP255CAK3, STM32MP255CAL3, STM32MP255DAI3, STM32MP255DAK3, STM32MP255DAL3, STM32MP255FAI3, STM32MP255FAK3, STM32MP255FAL3, STM32MP257AAI3, STM32MP257AAK3, STM32MP257AAL3, STM32MP257CAI3, STM32MP257CAK3, STM32MP257CAL3, STM32MP257DAI3, STM32MP257DAK3, STM32MP257DAL3, STM32MP257F-DK, STM32MP257F-EV1, STM32MP257FAI3, STM32MP257FAK3, STM32MP257FAL3, STM32N645A0H3Q, STM32N645B0H3Q, STM32N645I0H3Q, STM32N645L0H3Q, STM32N645X0H3Q, STM32N645Z0H3Q, STM32N647A0H3Q, STM32N647B0H3Q, STM32N647I0H3Q, STM32N647L0H3Q, STM32N647X0H3Q, STM32N647Z0H3Q, STM32N655A0H3Q, STM32N655B0H3Q, STM32N655I0H3Q, STM32N655L0H3Q, STM32N655X0H3Q, STM32N655Z0H3Q, STM32N6570-DK, STM32N657A0H3Q, STM32N657B0H3Q, STM32N657I0H3Q, STM32N657L0H3Q, STM32N657X0H3Q, STM32N657Z0H3Q, STM32U031C6T6, STM32U031C6U6, STM32U031C8T6, STM32U031C8U6, STM32U031F4P6, STM32U031F6P6, STM32U031F8P6, STM32U031G6Y6TR, STM32U031G8Y6TR, STM32U031K4U6, STM32U031K6U6, STM32U031K8U6, STM32U031R6I6, STM32U031R6T6, STM32U031R8I6, STM32U031R8T6, STM32U073C8T6, STM32U073C8U6, STM32U073CBT6, STM32U073CBU6, STM32U073CCT6, STM32U073CCU6, STM32U073H8Y6TR, STM32U073HBY6TR, STM32U073HCY6TR, STM32U073K8U6, STM32U073KBU6, STM32U073KCU6, STM32U073M8I6, STM32U073M8T6, STM32U073MBI6, STM32U073MBT6, STM32U073MCI6, STM32U073MCT6, STM32U073R8I6, STM32U073R8T6, STM32U073RBI6, STM32U073RBT6, STM32U073RCI6, STM32U073RCT6, STM32U083C-DK, STM32U083CCT6, STM32U083CCU6, STM32U083HCY6TR, STM32U083KCU6, STM32U083MCI6, STM32U083MCT6, STM32U083RCI6, STM32U083RCT6, STM32U375CET6, STM32U375CET6Q, STM32U375CEU6, STM32U375CEU6Q, STM32U375CEY6QTR, STM32U375CGT6, STM32U375CGT6Q, STM32U375CGU6, STM32U375CGU6Q, STM32U375CGY6QTR, STM32U375KEU6, STM32U375KGU6, STM32U375REI6, STM32U375REI6Q, STM32U375RET6, STM32U375RET6Q, STM32U375REY6GTR, STM32U375REY6QTR, STM32U375RGI6, STM32U375RGI6Q, STM32U375RGT6, STM32U375RGT6Q, STM32U375RGY6GTR, STM32U375RGY6QTR, STM32U375VEI6, STM32U375VEI6Q, STM32U375VET6, STM32U375VET6Q, STM32U375VGI6, STM32U375VGI6Q, STM32U375VGT6, STM32U375VGT6Q, STM32U385CGT6, STM32U385CGT6Q, STM32U385CGU6, STM32U385CGU6Q, STM32U385CGY6QTR, STM32U385KGU6, STM32U385RGI6, STM32U385RGI6Q, STM32U385RGT6, STM32U385RGT6Q, STM32U385RGY6GTR, STM32U385RGY6QTR, STM32U385VGI6, STM32U385VGI6Q, STM32U385VGT6, STM32U385VGT6Q, STM32U535CBT6, STM32U535CBT6Q, STM32U535CBU6, STM32U535CBU6Q, STM32U535CCT6, STM32U535CCT6Q, STM32U535CCU6, STM32U535CCU6Q, STM32U535CET6, STM32U535CET6Q, STM32U535CEU6, STM32U535CEU6Q, STM32U535JEY6QTR, STM32U535NCY6QTR, STM32U535NEY6QTR, STM32U535RBI6, STM32U535RBI6Q, STM32U535RBT6, STM32U535RBT6Q, STM32U535RCI6, STM32U535RCI6Q, STM32U535RCT6, STM32U535RCT6Q, STM32U535REI6, STM32U535REI6Q, STM32U535RET6, STM32U535RET6Q, STM32U535VCI6, STM32U535VCI6Q, STM32U535VCT6, STM32U535VCT6Q, STM32U535VEI6, STM32U535VEI6Q, STM32U535VET6, STM32U535VET6Q, STM32U545CET6, STM32U545CET6Q, STM32U545CEU6, STM32U545CEU6Q, STM32U545JEY6QTR, STM32U545NEY6QTR, STM32U545REI6, STM32U545REI6Q, STM32U545RET6, STM32U545RET6Q, STM32U545VEI6, STM32U545VEI6Q, STM32U545VET6, STM32U545VET6Q, STM32U595AIH6, STM32U595AIH6Q, STM32U595AJH6, STM32U595AJH6Q, STM32U595QII6, STM32U595QII6Q, STM32U595QJI6, STM32U595QJI6Q, STM32U595RIT6, STM32U595RIT6Q, STM32U595RJT6, STM32U595RJT6Q, STM32U595VIT6, STM32U595VIT6Q, STM32U595VJT6, STM32U595VJT6Q, STM32U595ZIT6, STM32U595ZIT6Q, STM32U595ZIY6QTR, STM32U595ZJT6, STM32U595ZJT6Q, STM32U595ZJY6QTR, STM32U599BJY6QTR, STM32U599NIH6Q, STM32U599NJH6Q, STM32U599VIT6Q, STM32U599VJT6, STM32U599VJT6Q, STM32U599ZIT6Q, STM32U599ZIY6QTR, STM32U599ZJT6Q, STM32U599ZJY6QTR, STM32U5A5AJH6, STM32U5A5AJH6Q, STM32U5A5QII3Q , STM32U5A5QJI6, STM32U5A5QJI6Q, STM32U5A5RJT6, STM32U5A5RJT6Q, STM32U5A5VJT6, STM32U5A5VJT6Q, STM32U5A5ZJT6, STM32U5A5ZJT6Q, STM32U5A5ZJY6QTR, STM32U5A9BJY6QTR, STM32U5A9J-DK, STM32U5A9NJH6Q, STM32U5A9VJT6Q, STM32U5A9ZJT6Q, STM32U5A9ZJY6QTR, STM32U5F7VIT6, STM32U5F7VIT6Q, STM32U5F7VJT6, STM32U5F7VJT6Q, STM32U5F9BJY6QTR, STM32U5F9NJH6Q, STM32U5F9VIT6Q, STM32U5F9VJT6Q, STM32U5F9ZIJ6QTR, STM32U5F9ZIT6Q, STM32U5F9ZJJ6QTR, STM32U5F9ZJT6Q, STM32U5G7VJT6, STM32U5G7VJT6Q, STM32U5G9BJY6QTR, STM32U5G9J-DK1, STM32U5G9J-DK2, STM32U5G9NJH6Q, STM32U5G9VJT6Q, STM32U5G9ZJJ6QTR, STM32U5G9ZJT6Q, STM32WB05KZV6TR, STM32WB05KZV7TR, STM32WB05TZF6TR, STM32WB05TZF7TR, STM32WB06CCF6TR, STM32WB06CCF7TR, STM32WB06CCV6TR, STM32WB06CCV7TR, STM32WB06KCV6TR, STM32WB06KCV7TR, STM32WB07CCF6TR, STM32WB07CCF7TR, STM32WB07CCV6TR, STM32WB07CCV7TR, STM32WB07KCV6TR, STM32WB07KCV7TR, STM32WB09KEV6TR, STM32WB09KEV7TR, STM32WB09TEF6TR, STM32WB09TEF7TR, STM32WB1MMCH6, STM32WBA50KGU6, STM32WBA50KGU6TR, STM32WBA52CEU6, STM32WBA52CEU6TR, STM32WBA52CEU7, STM32WBA52CEU7TR, STM32WBA52CGU6, STM32WBA52CGU6TR, STM32WBA52CGU6U, STM32WBA52CGU7, STM32WBA52CGU7TR, STM32WBA52KEU6, STM32WBA52KEU6TR, STM32WBA52KGU6, STM32WBA52KGU6TR, STM32WBA54CEU6, STM32WBA54CEU6TR, STM32WBA54CEU7, STM32WBA54CEU7TR, STM32WBA54CGU6, STM32WBA54CGU6TR, STM32WBA54CGU7, STM32WBA54CGU7TR, STM32WBA54KEU6, STM32WBA54KEU6TR, STM32WBA54KEU7, STM32WBA54KEU7TR, STM32WBA54KGU6, STM32WBA54KGU6TR, STM32WBA54KGU7, STM32WBA54KGU7TR, STM32WBA55CEU6, STM32WBA55CEU6TR, STM32WBA55CEU7, STM32WBA55CEU7TR, STM32WBA55CGU6, STM32WBA55CGU6TR, STM32WBA55CGU6U, STM32WBA55CGU7, STM32WBA55CGU7TR, STM32WBA55G-DK1, STM32WBA55HEF6, STM32WBA55HEF7, STM32WBA55HGF6, STM32WBA55HGF7, STM32WBA55UEI6, STM32WBA55UEI6TR, STM32WBA55UEI7, STM32WBA55UEI7TR, STM32WBA55UGI6, STM32WBA55UGI6TR, STM32WBA55UGI7, STM32WBA55UGI7TR, STM32WBA5MMGH6TR, STM32WBA62MGF6, STM32WBA62MIF6, STM32WBA65MGF7, STM32WBA65MIF6, STM32WBA65MIF7, STM32WL30K8V6, STM32WL30KBV6, STM32WL31C8V6, STM32WL31CBV6, STM32WL31K8V6, STM32WL31KBV6, STM32WL33C8V6, STM32WL33C8V6X, STM32WL33CBV6, STM32WL33CBV6X, STM32WL33CCV6, STM32WL33CCV6A, STM32WL33CCV6X, STM32WL33K8V7, STM32WL33K8V7X, STM32WL33KBV7 , STM32WL33KBV7X, STM32WL33KCV7, STM32WL33KCV7X, STM32WL5MOCH6, STM32WL5MOCH6TR]
2026-05-16 02:13:29,991 [INFO] DbMcus:218 - Found 5055 MCUs, 4968 are supported
2026-05-16 02:13:29,992 [INFO] ApiDb:423 - Load user favorites file /Users/admin/.stm32cubeide/favorites.mcus.txt: 0 item(s)
2026-05-16 02:13:29,992 [INFO] ApiDb:427 - User favorites MCUs=[]
2026-05-16 02:13:29,992 [INFO] DbMcus:224 - Set 0 / 0 favorites MCUs
2026-05-16 02:13:30,904 [INFO] BoardInfo:889 - No configuration file found for board NUCLEO-H5E5ZJ
2026-05-16 02:13:30,905 [INFO] DbBoards:161 - Board is not supported: NUCLEO-H5E5ZJ
2026-05-16 02:13:30,966 [INFO] BoardInfo:889 - No configuration file found for board NUCLEO-U3C5ZI-Q
2026-05-16 02:13:30,967 [INFO] DbBoards:161 - Board is not supported: NUCLEO-U3C5ZI-Q
2026-05-16 02:13:30,984 [INFO] BoardInfo:889 - No configuration file found for board NUCLEO-WBA25CE1
2026-05-16 02:13:30,984 [INFO] DbBoards:161 - Board is not supported: NUCLEO-WBA25CE1
2026-05-16 02:13:30,996 [INFO] BoardInfo:889 - No configuration file found for board NUCLEO-WL3RKB1
2026-05-16 02:13:30,996 [INFO] DbBoards:161 - Board is not supported: NUCLEO-WL3RKB1
2026-05-16 02:13:30,998 [INFO] BoardInfo:889 - No configuration file found for board NUCLEO-WL3RKB2
2026-05-16 02:13:30,999 [INFO] DbBoards:161 - Board is not supported: NUCLEO-WL3RKB2
2026-05-16 02:13:31,011 [INFO] BoardInfo:889 - No configuration file found for board P-NUCLEO-WB55
2026-05-16 02:13:31,012 [INFO] DbBoards:161 - Kit is not supported: P-NUCLEO-WB55
2026-05-16 02:13:31,025 [INFO] BoardInfo:889 - No configuration file found for board STEVAL-BFA001V1B
2026-05-16 02:13:31,026 [INFO] DbBoards:161 - Kit is not supported: STEVAL-BFA001V1B
2026-05-16 02:13:31,028 [INFO] BoardInfo:889 - No configuration file found for board STEVAL-BFA001V2B
2026-05-16 02:13:31,029 [INFO] DbBoards:161 - Kit is not supported: STEVAL-BFA001V2B
2026-05-16 02:13:31,216 [INFO] BoardInfo:889 - No configuration file found for board STM32H5F5J-DK
2026-05-16 02:13:31,216 [INFO] DbBoards:161 - Board is not supported: STM32H5F5J-DK
2026-05-16 02:13:31,305 [INFO] DbBoards:168 - Found 218 boards, 209 are supported
2026-05-16 02:13:31,305 [INFO] DbBoards:169 - Found 218 boards, 43 of them is supported for  Bsp
2026-05-16 02:13:31,311 [INFO] ApiDb:423 - Load user favorites file /Users/admin/.stm32cubeide/favorites.boards.txt: 0 item(s)
2026-05-16 02:13:31,311 [INFO] ApiDb:427 - User favorites Boards=[]
2026-05-16 02:13:31,311 [INFO] DbBoards:198 - Set 0 / 0 favorites Boards
2026-05-16 02:13:31,357 [INFO] UtilMem:75 - End LoadConfig() Used Memory: 867452144 Bytes (1073741824)
2026-05-16 02:13:31,595 [WARN] ThirdParty:833 - waiting for thirdparty lock release [change project]
2026-05-16 02:13:31,595 [INFO] ThirdParty:835 - entering critical section [change project]
2026-05-16 02:13:31,595 [INFO] ThirdParty:1030 - CMSIS Pack Vendor :STMicroelectronics X-CUBE-AZRTOS-H7 3.5.0
2026-05-16 02:13:31,595 [INFO] ThirdParty:1030 - CMSIS Pack Vendor :STMicroelectronics X-CUBE-PM33A1 1.0.0
2026-05-16 02:13:31,595 [INFO] ThirdParty:1030 - CMSIS Pack Vendor :STMicroelectronics USBPD 4.1
2026-05-16 02:13:31,595 [INFO] ThirdParty:1030 - CMSIS Pack Vendor :STMicroelectronics X-CUBE-GNSS1 6.0.0
2026-05-16 02:13:31,595 [INFO] ThirdParty:1030 - CMSIS Pack Vendor :STMicroelectronics USB_HOST 2.0.0
2026-05-16 02:13:31,595 [INFO] ThirdParty:1030 - CMSIS Pack Vendor :STMicroelectronics FP-SNS-MOTENVWB1 1.4.0
2026-05-16 02:13:31,596 [INFO] ThirdParty:1030 - CMSIS Pack Vendor :STMicroelectronics X-CUBE-AZRTOS-F4 1.1.0
2026-05-16 02:13:31,596 [INFO] ThirdParty:1030 - CMSIS Pack Vendor :STMicroelectronics LIBJPEG 8.0.0
2026-05-16 02:13:31,596 [INFO] ThirdParty:1030 - CMSIS Pack Vendor :STMicroelectronics FP-ATR-ASTRA1 2.0.2
2026-05-16 02:13:31,596 [INFO] ThirdParty:1030 - CMSIS Pack Vendor :STMicroelectronics FP-ATR-ASTRA1 2.0.1
2026-05-16 02:13:31,596 [INFO] ThirdParty:1030 - CMSIS Pack Vendor :Avnet-IotConnect X-CUBE-IoTC-DA16k-PMOD 1.0.0
2026-05-16 02:13:31,596 [INFO] ThirdParty:1030 - CMSIS Pack Vendor :STMicroelectronics X-CUBE-SMBUS 2.1.0
2026-05-16 02:13:31,596 [INFO] ThirdParty:1030 - CMSIS Pack Vendor :STMicroelectronics X-CUBE-WB05N 1.1.0
2026-05-16 02:13:31,596 [INFO] ThirdParty:1030 - CMSIS Pack Vendor :STMicroelectronics X-CUBE-ISPU 2.1.0
2026-05-16 02:13:31,596 [INFO] ThirdParty:1030 - CMSIS Pack Vendor :STMicroelectronics X-CUBE-IPS 3.2.0
2026-05-16 02:13:31,596 [INFO] ThirdParty:1030 - CMSIS Pack Vendor :STMicroelectronics eDS-WB_DPC_TT-BIDIR 2.1.1
2026-05-16 02:13:31,596 [INFO] ThirdParty:1030 - CMSIS Pack Vendor :STMicroelectronics X-CUBE-FREERTOS 1.2.0
2026-05-16 02:13:31,596 [INFO] ThirdParty:1030 - CMSIS Pack Vendor :STMicroelectronics X-CUBE-ST60 1.0.0
2026-05-16 02:13:31,597 [INFO] ThirdParty:1030 - CMSIS Pack Vendor :STMicroelectronics X-CUBE-NFC12 1.0.0
2026-05-16 02:13:31,597 [INFO] ThirdParty:1030 - CMSIS Pack Vendor :STMicroelectronics X-CUBE-TOUCHGFX 4.23.2
2026-05-16 02:13:31,597 [INFO] ThirdParty:1030 - CMSIS Pack Vendor :STMicroelectronics X-CUBE-AZRTOS-F7 1.1.0
2026-05-16 02:13:31,597 [INFO] ThirdParty:1030 - CMSIS Pack Vendor :STMicroelectronics X-CUBE-AZRTOS-L5 2.0.0
2026-05-16 02:13:31,597 [INFO] ThirdParty:1030 - CMSIS Pack Vendor :STMicroelectronics USB_DEVICE 2.0.0
2026-05-16 02:13:31,597 [INFO] ThirdParty:1030 - CMSIS Pack Vendor :STMicroelectronics X-CUBE-NFC6 3.1.0
2026-05-16 02:13:31,597 [INFO] ThirdParty:1030 - CMSIS Pack Vendor :STMicroelectronics FP-SNS-MOTENV1 4.3.2
2026-05-16 02:13:31,597 [INFO] ThirdParty:1030 - CMSIS Pack Vendor :STMicroelectronics X-CUBE-MEMS1 11.0.0
2026-05-16 02:13:31,597 [INFO] ThirdParty:1030 - CMSIS Pack Vendor :STMicroelectronics FP-SNS-MOTENV1 5.1.0
2026-05-16 02:13:31,597 [INFO] ThirdParty:1030 - CMSIS Pack Vendor :STMicroelectronics FreeRTOS 0.0.1
2026-05-16 02:13:31,597 [INFO] ThirdParty:1030 - CMSIS Pack Vendor :STMicroelectronics X-CUBE-DPower 1.2.0
2026-05-16 02:13:31,597 [INFO] ThirdParty:1030 - CMSIS Pack Vendor :STMicroelectronics eDS-WB_DPC_VIENNA 1.2.0
2026-05-16 02:13:31,597 [INFO] ThirdParty:1030 - CMSIS Pack Vendor :STMicroelectronics FP-SNS-FLIGHT1 5.0.2
2026-05-16 02:13:31,597 [INFO] ThirdParty:1030 - CMSIS Pack Vendor :STMicroelectronics eDS-WB_DPC_3PH2L-BIDIR 1.1.1
2026-05-16 02:13:31,597 [INFO] ThirdParty:1030 - CMSIS Pack Vendor :STMicroelectronics X-CUBE-AI 9.0.0
2026-05-16 02:13:31,597 [INFO] ThirdParty:1030 - CMSIS Pack Vendor :STMicroelectronics PDM2PCM 3.3.0
2026-05-16 02:13:31,597 [INFO] ThirdParty:1030 - CMSIS Pack Vendor :STMicroelectronics X-CUBE-AZRTOS-H7 3.4.0
2026-05-16 02:13:31,598 [INFO] ThirdParty:1030 - CMSIS Pack Vendor :STMicroelectronics X-CUBE-DISPLAY 3.0.0
2026-05-16 02:13:31,598 [INFO] ThirdParty:1030 - CMSIS Pack Vendor :STMicroelectronics X-CUBE-GNSS1 7.1.1
2026-05-16 02:13:31,598 [INFO] ThirdParty:1030 - CMSIS Pack Vendor :STMicroelectronics FP-SNS-MOTENVWB1 1.5.0
2026-05-16 02:13:31,598 [INFO] ThirdParty:1030 - CMSIS Pack Vendor :STMicroelectronics X-CUBE-BLE1 7.0.0
2026-05-16 02:13:31,598 [INFO] ThirdParty:1030 - CMSIS Pack Vendor :STMicroelectronics X-CUBE-NFC10 1.0.0
2026-05-16 02:13:31,598 [INFO] ThirdParty:1030 - CMSIS Pack Vendor :STMicroelectronics X-CUBE-BLEMGR 4.0.0
2026-05-16 02:13:31,598 [INFO] ThirdParty:1030 - CMSIS Pack Vendor :STMicroelectronics X-CUBE-FREERTOS 1.3.1
2026-05-16 02:13:31,598 [INFO] ThirdParty:1030 - CMSIS Pack Vendor :STMicroelectronics HAL Drivers 0.0.0
2026-05-16 02:13:31,598 [INFO] ThirdParty:1030 - CMSIS Pack Vendor :STMicroelectronics X-CUBE-ST60 1.1.0
2026-05-16 02:13:31,599 [INFO] ThirdParty:1030 - CMSIS Pack Vendor :emotas I-CUBE-CANOPEN 1.3.0
2026-05-16 02:13:31,599 [INFO] ThirdParty:1030 - CMSIS Pack Vendor :STMicroelectronics X-CUBE-FREERTOS 1.3.0
2026-05-16 02:13:31,599 [INFO] ThirdParty:1030 - CMSIS Pack Vendor :STMicroelectronics X-CUBE-NFC7 1.0.1
2026-05-16 02:13:31,599 [INFO] ThirdParty:1030 - CMSIS Pack Vendor :STMicroelectronics MBEDTLS 2.14.1
2026-05-16 02:13:31,599 [INFO] ThirdParty:1030 - CMSIS Pack Vendor :STMicroelectronics X-CUBE-GNSS1 7.1.0
2026-05-16 02:13:31,599 [INFO] ThirdParty:1030 - CMSIS Pack Vendor :wolfSSL I-CUBE-wolfTPM 3.2.0
2026-05-16 02:13:31,599 [INFO] ThirdParty:1030 - CMSIS Pack Vendor :STMicroelectronics X-CUBE-TOUCHGFX 4.26.0
2026-05-16 02:13:31,599 [INFO] ThirdParty:1030 - CMSIS Pack Vendor :STMicroelectronics X-CUBE-TOUCHGFX 4.26.1
2026-05-16 02:13:31,599 [INFO] ThirdParty:1030 - CMSIS Pack Vendor :STMicroelectronics X-CUBE-BLEMGR 3.1.0
2026-05-16 02:13:31,599 [INFO] ThirdParty:1030 - CMSIS Pack Vendor :STMicroelectronics X-CUBE-AI 10.0.0
2026-05-16 02:13:31,599 [INFO] ThirdParty:1030 - CMSIS Pack Vendor :STMicroelectronics FP-SNS-STBOX1 2.1.0
2026-05-16 02:13:31,599 [INFO] ThirdParty:1030 - CMSIS Pack Vendor :STMicroelectronics FP-SNS-STAIOTCFT 1.0.0
2026-05-16 02:13:31,599 [INFO] ThirdParty:1030 - CMSIS Pack Vendor :STMicroelectronics FP-SNS-SMARTAG2 1.2.0
2026-05-16 02:13:31,600 [INFO] ThirdParty:1030 - CMSIS Pack Vendor :STMicroelectronics FP-SNS-FLIGHT1 5.1.0
2026-05-16 02:13:31,600 [INFO] ThirdParty:1030 - CMSIS Pack Vendor :STMicroelectronics X-CUBE-MEMS1 11.1.0
2026-05-16 02:13:31,600 [INFO] ThirdParty:1030 - CMSIS Pack Vendor :STMicroelectronics X-CUBE-AZRTOS-WL 2.0.0
2026-05-16 02:13:31,600 [INFO] ThirdParty:1030 - CMSIS Pack Vendor :STMicroelectronics X-CUBE-DPower 1.3.0
2026-05-16 02:13:31,600 [INFO] ThirdParty:1030 - CMSIS Pack Vendor :STMicroelectronics FP-SNS-MOTENV1 5.0.0
2026-05-16 02:13:31,600 [INFO] ThirdParty:1030 - CMSIS Pack Vendor :STMicroelectronics USB_DEVICE 1.0.0
2026-05-16 02:13:31,600 [INFO] ThirdParty:1030 - CMSIS Pack Vendor :STMicroelectronics X-CUBE-AZRTOS-H7RS 1.2.0
2026-05-16 02:13:31,600 [INFO] ThirdParty:1030 - CMSIS Pack Vendor :STMicroelectronics X-CUBE-AI 8.1.0
2026-05-16 02:13:31,600 [INFO] ThirdParty:1030 - CMSIS Pack Vendor :wolfSSL I-CUBE-wolfMQTT 1.19.0
2026-05-16 02:13:31,600 [INFO] ThirdParty:1030 - CMSIS Pack Vendor :STMicroelectronics X-CUBE-AZRTOS-L4 2.0.0
2026-05-16 02:13:31,600 [INFO] ThirdParty:1030 - CMSIS Pack Vendor :STMicroelectronics ThreadX 0.0.2
2026-05-16 02:13:31,600 [INFO] ThirdParty:1030 - CMSIS Pack Vendor :WES I-CUBE-Cesium 1.3.0
2026-05-16 02:13:31,600 [INFO] ThirdParty:1030 - CMSIS Pack Vendor :STMicroelectronics lwIP 2.1.2
2026-05-16 02:13:31,600 [INFO] ThirdParty:1030 - CMSIS Pack Vendor :STMicroelectronics X-CUBE-SFXS2LP1 4.0.0
2026-05-16 02:13:31,600 [INFO] ThirdParty:1030 - CMSIS Pack Vendor :STMicroelectronics X-CUBE-BLE2 3.3.0
2026-05-16 02:13:31,600 [INFO] ThirdParty:1030 - CMSIS Pack Vendor :Avnet-IOTCONNECT X-CUBE-iotc-st67-sdk 1.0.0
2026-05-16 02:13:31,600 [INFO] ThirdParty:1030 - CMSIS Pack Vendor :STMicroelectronics PDM2PCM 3.2.0
2026-05-16 02:13:31,600 [INFO] ThirdParty:1030 - CMSIS Pack Vendor :STMicroelectronics X-CUBE-WB05N 2.1.0
2026-05-16 02:13:31,600 [INFO] ThirdParty:1030 - CMSIS Pack Vendor :STMicroelectronics X-CUBE-ST67W61 1.2.0
2026-05-16 02:13:31,600 [INFO] ThirdParty:1030 - CMSIS Pack Vendor :STMicroelectronics X-CUBE-AZRTOS-H7 3.3.0
2026-05-16 02:13:31,600 [INFO] ThirdParty:1030 - CMSIS Pack Vendor :STMicroelectronics X-CUBE-NFC9 1.0.0
2026-05-16 02:13:31,601 [INFO] ThirdParty:1030 - CMSIS Pack Vendor :STMicroelectronics X-CUBE-BLE1 7.1.0
2026-05-16 02:13:31,601 [INFO] ThirdParty:1030 - CMSIS Pack Vendor :STMicroelectronics USB_DEVICE 3.0.0
2026-05-16 02:13:31,601 [INFO] ThirdParty:1030 - CMSIS Pack Vendor :STMicroelectronics X-CUBE-TCPP 4.1.0
2026-05-16 02:13:31,601 [INFO] ThirdParty:1030 - CMSIS Pack Vendor :STMicroelectronics X-CUBE-FREERTOS 1.4.0
2026-05-16 02:13:31,601 [INFO] ThirdParty:1030 - CMSIS Pack Vendor :STMicroelectronics X-CUBE-EEPRMA1 5.2.0
2026-05-16 02:13:31,601 [INFO] ThirdParty:1030 - CMSIS Pack Vendor :STMicroelectronics X-CUBE-BLEMGR 4.1.0
2026-05-16 02:13:31,601 [INFO] ThirdParty:1030 - CMSIS Pack Vendor :STMicroelectronics X-CUBE-IPS 3.0.0
2026-05-16 02:13:31,601 [INFO] ThirdParty:1030 - CMSIS Pack Vendor :STMicroelectronics X-CUBE-AZRTOS-WB 2.0.0
2026-05-16 02:13:31,601 [INFO] ThirdParty:1030 - CMSIS Pack Vendor :STMicroelectronics X-CUBE-GNSS1 7.0.0
2026-05-16 02:13:31,601 [INFO] ThirdParty:1030 - CMSIS Pack Vendor :STMicroelectronics X-CUBE-GNSS1 7.0.1
2026-05-16 02:13:31,601 [INFO] ThirdParty:1030 - CMSIS Pack Vendor :STMicroelectronics X-CUBE-TOUCHGFX 4.25.0
2026-05-16 02:13:31,601 [INFO] ThirdParty:1030 - CMSIS Pack Vendor :STMicroelectronics X-CUBE-ST67W61 1.1.0
2026-05-16 02:13:31,601 [INFO] ThirdParty:1030 - CMSIS Pack Vendor :STMicroelectronics X-CUBE-AI 10.1.0
2026-05-16 02:13:31,601 [INFO] ThirdParty:1030 - CMSIS Pack Vendor :STMicroelectronics FP-SNS-STBOX1 2.0.0
2026-05-16 02:13:31,601 [INFO] ThirdParty:1030 - CMSIS Pack Vendor :STMicroelectronics FP-SNS-STAIOTCFT 1.1.0
2026-05-16 02:13:31,601 [INFO] ThirdParty:1030 - CMSIS Pack Vendor :STMicroelectronics X-CUBE-MEMS1 12.0.0
2026-05-16 02:13:31,601 [INFO] ThirdParty:1030 - CMSIS Pack Vendor :STMicroelectronics X-CUBE-ALGOBUILD 1.3.0
2026-05-16 02:13:31,601 [INFO] ThirdParty:1030 - CMSIS Pack Vendor :STMicroelectronics X-CUBE-STSE01 2.0.0
2026-05-16 02:13:31,601 [INFO] ThirdParty:1030 - CMSIS Pack Vendor :STMicroelectronics X-CUBE-MEMS1 11.2.0
2026-05-16 02:13:31,601 [INFO] ThirdParty:1030 - CMSIS Pack Vendor :STMicroelectronics X-CUBE-AZRTOS-G0 1.1.0
2026-05-16 02:13:31,602 [INFO] ThirdParty:1030 - CMSIS Pack Vendor :STMicroelectronics X-CUBE-SAFEA1 1.2.2
2026-05-16 02:13:31,602 [INFO] ThirdParty:1030 - CMSIS Pack Vendor :STMicroelectronics X-CUBE-NFC4 3.0.0
2026-05-16 02:13:31,602 [INFO] ThirdParty:1030 - CMSIS Pack Vendor :STMicroelectronics X-CUBE-SUBG2 5.0.0
2026-05-16 02:13:31,602 [INFO] ThirdParty:1030 - CMSIS Pack Vendor :STMicroelectronics X-CUBE-AZRTOS-H7RS 1.1.0
2026-05-16 02:13:31,602 [INFO] ThirdParty:1030 - CMSIS Pack Vendor :STMicroelectronics STM32_WPAN 1.0.0
2026-05-16 02:13:31,602 [INFO] ThirdParty:1030 - CMSIS Pack Vendor :EmbeddedOffice I-CUBE-FS-RTOS 1.0.1
2026-05-16 02:13:31,602 [INFO] ThirdParty:1030 - CMSIS Pack Vendor :STMicroelectronics lwIP 2.0.3
2026-05-16 02:13:31,602 [INFO] ThirdParty:1030 - CMSIS Pack Vendor :Cesanta I-CUBE-Mongoose 7.13.0
2026-05-16 02:13:31,602 [INFO] ThirdParty:1030 - CMSIS Pack Vendor :STMicroelectronics USB_HOST 1.0.0
2026-05-16 02:13:31,602 [INFO] ThirdParty:1030 - CMSIS Pack Vendor :STMicroelectronics X-CUBE-AZRTOS-G4 2.0.0
2026-05-16 02:13:31,602 [INFO] ThirdParty:1030 - CMSIS Pack Vendor :STMicroelectronics X-CUBE-WB05N 2.0.0
2026-05-16 02:13:31,602 [INFO] ThirdParty:1030 - CMSIS Pack Vendor :STMicroelectronics PDM2PCM 3.1.0
2026-05-16 02:13:31,602 [INFO] ThirdParty:1030 - CMSIS Pack Vendor :STMicroelectronics X-CUBE-NFC7 2.0.0
2026-05-16 02:13:31,602 [INFO] ThirdParty:1030 - CMSIS Pack Vendor :STMicroelectronics X-CUBE-TCPP 4.2.0
2026-05-16 02:13:31,602 [INFO] ThirdParty:1030 - CMSIS Pack Vendor :RealThread X-CUBE-RT-Thread_Nano 4.1.1
2026-05-16 02:13:31,602 [INFO] ThirdParty:1030 - CMSIS Pack Vendor :wolfSSL I-CUBE-wolfSSL 5.7.0
2026-05-16 02:13:31,602 [INFO] ThirdParty:1030 - CMSIS Pack Vendor :STMicroelectronics FP-SNS-MOTENVWB1 1.3.1
2026-05-16 02:13:31,602 [INFO] ThirdParty:1030 - CMSIS Pack Vendor :STMicroelectronics FP-ATR-SIGFOX1 3.2.0
2026-05-16 02:13:31,602 [INFO] ThirdParty:1030 - CMSIS Pack Vendor :quantropi X-CUBE-qispace-sdk-base 1.9.3
2026-05-16 02:13:31,602 [INFO] ThirdParty:1030 - CMSIS Pack Vendor :STMicroelectronics X-CUBE-ISPU 2.0.0
2026-05-16 02:13:31,602 [INFO] ThirdParty:1030 - CMSIS Pack Vendor :STMicroelectronics X-CUBE-EEPRMA1 5.1.0
2026-05-16 02:13:31,602 [INFO] ThirdParty:1030 - CMSIS Pack Vendor :STMicroelectronics X-CUBE-FREERTOS 1.5.0
2026-05-16 02:13:31,603 [INFO] ThirdParty:1030 - CMSIS Pack Vendor :STMicroelectronics MBEDTLS 2.16.2
2026-05-16 02:13:31,603 [INFO] ThirdParty:1030 - CMSIS Pack Vendor :STMicroelectronics X-CUBE-IPS 3.1.0
2026-05-16 02:13:31,603 [INFO] ThirdParty:1030 - CMSIS Pack Vendor :STMicroelectronics X-CUBE-ALS 1.0.2
2026-05-16 02:13:31,603 [INFO] ThirdParty:1030 - CMSIS Pack Vendor :STMicroelectronics X-CUBE-MEMS1 10.0.0
2026-05-16 02:13:31,603 [INFO] ThirdParty:1030 - CMSIS Pack Vendor :STMicroelectronics X-CUBE-FREERTOS 1.1.0
2026-05-16 02:13:31,603 [INFO] ThirdParty:1030 - CMSIS Pack Vendor :STMicroelectronics X-CUBE-TOUCHGFX 4.24.0
2026-05-16 02:13:31,603 [INFO] ThirdParty:1030 - CMSIS Pack Vendor :ITTIA_DB I-CUBE-ITTIADB 8.9.0
2026-05-16 02:13:31,603 [INFO] ThirdParty:1030 - CMSIS Pack Vendor :STMicroelectronics X-CUBE-TOUCHGFX 4.24.2
2026-05-16 02:13:31,603 [INFO] ThirdParty:1030 - CMSIS Pack Vendor :STMicroelectronics X-CUBE-TOUCHGFX 4.24.1
2026-05-16 02:13:31,603 [INFO] ThirdParty:1030 - CMSIS Pack Vendor :STMicroelectronics X-CUBE-STSE01 1.0.0
2026-05-16 02:13:31,603 [INFO] ThirdParty:1030 - CMSIS Pack Vendor :portGmbH I-Cube-SoM-uGOAL 1.1.0
2026-05-16 02:13:31,603 [INFO] ThirdParty:1030 - CMSIS Pack Vendor :STMicroelectronics X-CUBE-ALS 1.0.1
2026-05-16 02:13:31,603 [INFO] ThirdParty:1030 - CMSIS Pack Vendor :STMicroelectronics X-CUBE-NFC6 3.2.0
2026-05-16 02:13:31,603 [INFO] ThirdParty:1030 - CMSIS Pack Vendor :STMicroelectronics X-CUBE-ST67W61 1.0.0
2026-05-16 02:13:31,603 [INFO] ThirdParty:1030 - CMSIS Pack Vendor :STMicroelectronics X-CUBE-AI 10.2.0
2026-05-16 02:13:31,603 [INFO] ThirdParty:1030 - CMSIS Pack Vendor :STMicroelectronics ThreadX 1.0.0
2026-05-16 02:13:31,603 [INFO] ThirdParty:1030 - CMSIS Pack Vendor :STMicroelectronics X-CUBE-MEMS1 12.1.0
2026-05-16 02:13:31,603 [INFO] ThirdParty:1030 - CMSIS Pack Vendor :SEGGER I-CUBE-embOS 1.3.1
2026-05-16 02:13:31,603 [INFO] ThirdParty:1030 - CMSIS Pack Vendor :STMicroelectronics X-CUBE-ALGOBUILD 1.4.0
2026-05-16 02:13:31,603 [INFO] ThirdParty:1030 - CMSIS Pack Vendor :STMicroelectronics X-CUBE-MEMS1 11.3.0
2026-05-16 02:13:31,603 [INFO] ThirdParty:1030 - CMSIS Pack Vendor :STMicroelectronics X-CUBE-AZRTOS-H7RS 1.0.0
2026-05-16 02:13:31,603 [INFO] ThirdParty:1030 - CMSIS Pack Vendor :STMicroelectronics FP-ATR-ASTRA1 2.0.0
2026-05-16 02:13:31,604 [INFO] ThirdParty:1030 - CMSIS Pack Vendor :STMicroelectronics X-CUBE-TOF1 3.4.2
2026-05-16 02:13:31,604 [INFO] ThirdParty:1030 - CMSIS Pack Vendor :STMicroelectronics X-CUBE-TOF1 3.4.3
2026-05-16 02:13:31,604 [INFO] ThirdParty:1030 - CMSIS Pack Vendor :STMicroelectronics X-CUBE-AI 9.1.0
2026-05-16 02:13:31,604 [INFO] ThirdParty:1030 - CMSIS Pack Vendor :STMicroelectronics X-CUBE-TOF1 3.4.1
2026-05-16 02:13:31,604 [INFO] ThirdParty:1030 - CMSIS Pack Vendor :STMicroelectronics X-CUBE-AZRTOS-H7 3.2.0
2026-05-16 02:13:31,604 [INFO] ThirdParty:1030 - CMSIS Pack Vendor :Infineon AIROC-Wi-Fi-Bluetooth-STM32 1.6.0
2026-05-16 02:13:31,604 [INFO] ThirdParty:1030 - CMSIS Pack Vendor :wolfSSL I-CUBE-wolfSSH 1.4.17
2026-05-16 02:13:31,604 [INFO] ThirdParty:841 - exiting critical section [change project]
2026-05-16 02:13:31,906 [INFO] PinOutPanel:1589 - setPackage(No Configuration,No Configuration)
2026-05-16 02:13:31,907 [INFO] PinOutPanel:1589 - setPackage(STM32L010K8Tx,LQFP32)
2026-05-16 02:13:32,808 [INFO] UtilMem:75 - Before build in PCC Used Memory: 852745120 Bytes (1073741824)
2026-05-16 02:13:33,956 [INFO] UtilMem:75 - After build in PCC Used Memory: 744305408 Bytes (1073741824)
2026-05-16 02:13:33,993 [INFO] IPUIPlugin:80 - create IPUIPlugin
2026-05-16 02:13:33,994 [INFO] IPUIPlugin:80 - create IPUIPlugin
2026-05-16 02:13:33,994 [INFO] IPUIPlugin:80 - create IPUIPlugin
2026-05-16 02:13:33,994 [INFO] IPUIPlugin:80 - create IPUIPlugin
2026-05-16 02:13:33,994 [INFO] IPUIPlugin:80 - create IPUIPlugin
2026-05-16 02:13:33,995 [INFO] IPUIPlugin:80 - create IPUIPlugin
2026-05-16 02:13:33,995 [INFO] IPUIPlugin:80 - create IPUIPlugin
2026-05-16 02:13:33,995 [INFO] IPUIPlugin:80 - create IPUIPlugin
2026-05-16 02:13:33,995 [INFO] IPUIPlugin:80 - create IPUIPlugin
2026-05-16 02:13:33,996 [INFO] IPUIPlugin:80 - create IPUIPlugin
2026-05-16 02:13:33,996 [INFO] IPUIPlugin:80 - create IPUIPlugin
2026-05-16 02:13:33,996 [INFO] IPUIPlugin:80 - create IPUIPlugin
2026-05-16 02:13:33,996 [INFO] IPUIPlugin:80 - create IPUIPlugin
2026-05-16 02:13:33,997 [INFO] IPUIPlugin:80 - create IPUIPlugin
2026-05-16 02:13:33,997 [INFO] IPUIPlugin:80 - create IPUIPlugin
2026-05-16 02:13:33,997 [INFO] IPUIPlugin:80 - create IPUIPlugin
2026-05-16 02:13:33,997 [INFO] IPUIPlugin:80 - create IPUIPlugin
2026-05-16 02:13:33,998 [INFO] IPUIPlugin:80 - create IPUIPlugin
2026-05-16 02:13:34,277 [INFO] CADModel:165 - CPN selected for project levelSTM32L010K8T6
2026-05-16 02:13:34,278 [INFO] CADModel:114 - Register for checkConnection events
2026-05-16 02:13:34,317 [INFO] OpenFileManager:386 - Restore cursor
2026-05-16 02:13:38,878 [INFO] UtilMem:75 - End SaveConfig() Used Memory: 920043792 Bytes (1073741824)
2026-05-16 02:13:39,771 [INFO] BlockDiagram:2775 - set Specific Code input for plugin: ADC
2026-05-16 02:13:39,772 [INFO] BlockDiagram:2775 - set Specific Code input for plugin: RTC
2026-05-16 02:13:39,772 [INFO] BlockDiagram:2775 - set Specific Code input for plugin: SPI
2026-05-16 02:13:39,772 [INFO] BlockDiagram:2775 - set Specific Code input for plugin: NVIC
2026-05-16 02:13:39,772 [INFO] BlockDiagram:2775 - set Specific Code input for plugin: SYS
2026-05-16 02:13:39,773 [INFO] BlockDiagram:2775 - set Specific Code input for plugin: GPIO
2026-05-16 02:13:39,773 [INFO] BlockDiagram:2775 - set Specific Code input for plugin: USART
2026-05-16 02:13:39,773 [INFO] BlockDiagram:2775 - set Specific Code input for plugin: RCC
2026-05-16 02:13:39,774 [INFO] CodeGenerator:892 - code generatio: config db path: /Applications/STM32CubeIDE.app/Contents/Eclipse/plugins/com.st.stm32cube.common.mx_6.15.0.202507011659//db/
2026-05-16 02:13:40,063 [INFO] CodeEngine:265 - oldGeneratedFile, /Users/admin/Desktop/My Projects/Bike4u/Programing/Bike4u/MXTmpFiles/license.tmp_save
2026-05-16 02:13:40,643 [INFO] CodeEngine:289 - Generated code: /Users/admin/Desktop/My Projects/Bike4u/Programing/Bike4u/MXTmpFiles/license.tmp
2026-05-16 02:13:40,873 [INFO] CodeEngine:265 - oldGeneratedFile, /Users/admin/Desktop/My Projects/Bike4u/Programing/Bike4u/MXTmpFiles/gpio.tmp_save
2026-05-16 02:13:41,077 [INFO] CodeEngine:289 - Generated code: /Users/admin/Desktop/My Projects/Bike4u/Programing/Bike4u/MXTmpFiles/gpio.tmp
2026-05-16 02:13:41,733 [INFO] CodeEngine:265 - oldGeneratedFile, /Users/admin/Desktop/My Projects/Bike4u/Programing/Bike4u/Core/Src/stm32l0xx_it.c_save
2026-05-16 02:13:41,873 [INFO] CodeEngine:289 - Generated code: /Users/admin/Desktop/My Projects/Bike4u/Programing/Bike4u/Core/Src/stm32l0xx_it.c
2026-05-16 02:13:41,876 [INFO] CodeEngine:265 - oldGeneratedFile, /Users/admin/Desktop/My Projects/Bike4u/Programing/Bike4u/Core/Inc/stm32l0xx_it.h_save
2026-05-16 02:13:41,957 [INFO] CodeEngine:289 - Generated code: /Users/admin/Desktop/My Projects/Bike4u/Programing/Bike4u/Core/Inc/stm32l0xx_it.h
2026-05-16 02:13:41,968 [INFO] CodeEngine:265 - oldGeneratedFile, /Users/admin/Desktop/My Projects/Bike4u/Programing/Bike4u/Core/Src/stm32l0xx_hal_msp.c_save
2026-05-16 02:13:42,113 [INFO] CodeEngine:289 - Generated code: /Users/admin/Desktop/My Projects/Bike4u/Programing/Bike4u/Core/Src/stm32l0xx_hal_msp.c
2026-05-16 02:13:42,116 [INFO] CodeEngine:265 - oldGeneratedFile, /Users/admin/Desktop/My Projects/Bike4u/Programing/Bike4u/MXTmpFiles/system.tmp_save
2026-05-16 02:13:42,192 [INFO] CodeEngine:289 - Generated code: /Users/admin/Desktop/My Projects/Bike4u/Programing/Bike4u/MXTmpFiles/system.tmp
2026-05-16 02:13:42,202 [INFO] CodeEngine:321 - oldGeneratedFile, /Users/admin/Desktop/My Projects/Bike4u/Programing/Bike4u/Core/Inc/stm32l0xx_hal_conf.h_save
2026-05-16 02:13:42,284 [INFO] CodeEngine:345 - Generated code: /Users/admin/Desktop/My Projects/Bike4u/Programing/Bike4u/Core/Inc/stm32l0xx_hal_conf.h
2026-05-16 02:13:42,323 [INFO] ApiDbMcu:532 - Load IP Config File for ADC
2026-05-16 02:13:42,329 [INFO] ApiDbMcu:532 - Load IP Config File for RTC
2026-05-16 02:13:42,332 [INFO] ApiDbMcu:532 - Load IP Config File for SPI1
2026-05-16 02:13:42,338 [INFO] ApiDbMcu:532 - Load IP Config File for USART2
2026-05-16 02:13:42,342 [INFO] ApiDbMcu:532 - Load IP Config File for RCC
2026-05-16 02:13:42,351 [INFO] CodeEngine:265 - oldGeneratedFile, /Users/admin/Desktop/My Projects/Bike4u/Programing/Bike4u/Core/Inc/main.h_save
2026-05-16 02:13:42,461 [INFO] CodeEngine:289 - Generated code: /Users/admin/Desktop/My Projects/Bike4u/Programing/Bike4u/Core/Inc/main.h
2026-05-16 02:13:42,466 [INFO] CodeEngine:265 - oldGeneratedFile, /Users/admin/Desktop/My Projects/Bike4u/Programing/Bike4u/Core/Src/main.c_save
2026-05-16 02:13:42,675 [INFO] CodeEngine:289 - Generated code: /Users/admin/Desktop/My Projects/Bike4u/Programing/Bike4u/Core/Src/main.c
2026-05-16 02:13:43,160 [INFO] ProjectBuilder:3606 - Time for Copy HAL[1] : 193mS.
2026-05-16 02:13:43,164 [INFO] ProjectBuilder:5216 - Project Generator version: 4.7.0-B52
2026-05-16 02:13:43,346 [INFO] ConfigFileManager:1595 - The Die is : DIE417
2026-05-16 02:13:43,353 [INFO] ApiDbMcu:532 - Load IP Config File for FATFS
2026-05-16 02:13:43,362 [INFO] ApiDbMcu:532 - Load IP Config File for FREERTOS
2026-05-16 02:13:44,097 [INFO] LogOutputStream:77 - [STDOUT_REDIRECT] 
2026-05-16 02:13:45,108 [INFO] ProjectBuilder:5496 - Time for Generating toolchain IDE Files: 1944mS.
2026-05-16 02:13:45,109 [INFO] ProjectBuilder:3463 - Time for Copy CMSIS : 0mS.
2026-05-16 02:13:45,111 [INFO] ProjectBuilder:3463 - Time for Copy CMSIS : 0mS.
2026-05-16 02:32:43,439 [INFO] Activator:176 - 


2026-05-16 02:32:43,440 [INFO] Activator:177 - !SESSION log4j initialized
2026-05-16 02:32:50,382 [INFO] LogOutputStream:77 - [STDOUT_REDIRECT] 
2026-05-16 02:32:50,860 [INFO] LogOutputStream:77 - [STDOUT_REDIRECT] 
2026-05-16 02:32:51,424 [ERROR] LogOutputStream:75 - [STDERR_REDIRECT] 
2026-05-16 02:32:51,698 [ERROR] LogOutputStream:75 - [STDERR_REDIRECT] java.net.URISyntaxException: Illegal character in path at index 28: file:/Users/admin/Desktop/My Projects/Bike4u/Programing/.metadata/.log4j2.xml
2026-05-16 02:32:51,698 [ERROR] LogOutputStream:75 - [STDERR_REDIRECT] 	at java.base/java.net.URI$Parser.fail(URI.java:2995)
2026-05-16 02:32:51,699 [ERROR] LogOutputStream:75 - [STDERR_REDIRECT] 	at java.base/java.net.URI$Parser.checkChars(URI.java:3166)
2026-05-16 02:32:51,699 [ERROR] LogOutputStream:75 - [STDERR_REDIRECT] 	at java.base/java.net.URI$Parser.parseHierarchical(URI.java:3248)
2026-05-16 02:32:51,699 [ERROR] LogOutputStream:75 - [STDERR_REDIRECT] 	at java.base/java.net.URI$Parser.parse(URI.java:3196)
2026-05-16 02:32:51,700 [ERROR] LogOutputStream:75 - [STDERR_REDIRECT] 	at java.base/java.net.URI.<init>(URI.java:645)
2026-05-16 02:32:51,700 [ERROR] LogOutputStream:75 - [STDERR_REDIRECT] 	at java.base/java.net.URL.toURI(URL.java:1220)
2026-05-16 02:32:51,701 [ERROR] LogOutputStream:75 - [STDERR_REDIRECT] 	at com.st.stm32cube.common.mx.core.CubeMxInstance.getInstance(CubeMxInstance.java:81)
2026-05-16 02:32:51,701 [ERROR] LogOutputStream:75 - [STDERR_REDIRECT] 	at com.st.stm32cube.common.mx.userauth.UserAuthAdapter.<init>(UserAuthAdapter.java:25)
2026-05-16 02:32:51,702 [ERROR] LogOutputStream:75 - [STDERR_REDIRECT] 	at com.st.stm32cube.common.mx.userauth.UserAuthProvider.getUserAuthAdapter(UserAuthProvider.java:16)
2026-05-16 02:32:51,703 [ERROR] LogOutputStream:75 - [STDERR_REDIRECT] 	at com.st.stm32cube.common.ecosystemintegration.ui.core.MCUEcoSystemIntegrationUiHelper.getUserAuth(MCUEcoSystemIntegrationUiHelper.java:100)
2026-05-16 02:32:51,704 [ERROR] LogOutputStream:75 - [STDERR_REDIRECT] 	at com.st.stm32cube.ide.mcu.userauth.UserAuthStartup.earlyStartup(UserAuthStartup.java:32)
2026-05-16 02:32:51,704 [ERROR] LogOutputStream:75 - [STDERR_REDIRECT] 	at org.eclipse.ui.internal.EarlyStartupRunnable.runEarlyStartup(EarlyStartupRunnable.java:79)
2026-05-16 02:32:51,705 [ERROR] LogOutputStream:75 - [STDERR_REDIRECT] 	at org.eclipse.ui.internal.EarlyStartupRunnable.run(EarlyStartupRunnable.java:55)
2026-05-16 02:32:51,705 [ERROR] LogOutputStream:75 - [STDERR_REDIRECT] 	at org.eclipse.core.runtime.SafeRunner.run(SafeRunner.java:47)
2026-05-16 02:32:51,705 [ERROR] LogOutputStream:75 - [STDERR_REDIRECT] 	at org.eclipse.ui.internal.Workbench$39.run(Workbench.java:2733)
2026-05-16 02:32:51,705 [ERROR] LogOutputStream:75 - [STDERR_REDIRECT] 	at org.eclipse.core.internal.jobs.Worker.run(Worker.java:63)
2026-05-16 02:32:52,014 [INFO] ApplicationProperties:184 - Using Application install path: /Applications/STM32CubeIDE.app/Contents/Eclipse/plugins/com.st.stm32cube.common.mx_6.15.0.202507011659
2026-05-16 02:32:52,046 [INFO] DbMcusXml:78 - Set database path to: /Applications/STM32CubeIDE.app/Contents/Eclipse/plugins/com.st.stm32cube.common.mx_6.15.0.202507011659//db//mcu/
2026-05-16 02:32:52,046 [INFO] ApiDb:274 - Set plugin database path to: /Applications/STM32CubeIDE.app/Contents/Eclipse/plugins/com.st.stm32cube.common.mx_6.15.0.202507011659//db//plugins/boardmanager/
2026-05-16 02:32:52,047 [WARN] ApiDb:259 - Overriding images path with different value:  => /Applications/STM32CubeIDE.app/Contents/Eclipse/plugins/com.st.stm32cube.common.mx_6.15.0.202507011659//db//plugins/mcufinder/images/
2026-05-16 02:32:52,057 [INFO] ApiDb:250 - Set database path to: /Users/admin/.stmcufinder/plugins/mcufinder//mcu/
2026-05-16 02:32:52,059 [INFO] DbMcusAds:125 - Set database path to: /Users/admin/.stmcufinder/plugins/mcufinder//mcu/
2026-05-16 02:32:52,064 [INFO] CrossReferenceDbSqlite:203 - Set database path to: /Users/admin/.stmcufinder/plugins/mcufinder//mcu/cs/
2026-05-16 02:32:52,267 [INFO] RulesReader:64 - Compatibility file has been processed (317 Rules)
2026-05-16 02:32:52,358 [INFO] DbMcusXml:78 - Set database path to: /Applications/STM32CubeIDE.app/Contents/Eclipse/plugins/com.st.stm32cube.common.mx_6.15.0.202507011659//db//mcu/
2026-05-16 02:32:52,358 [INFO] ApiDb:274 - Set plugin database path to: /Applications/STM32CubeIDE.app/Contents/Eclipse/plugins/com.st.stm32cube.common.mx_6.15.0.202507011659//db//plugins/boardmanager/
2026-05-16 02:32:52,358 [INFO] ApiDb:261 - Set plugin images path to: /Applications/STM32CubeIDE.app/Contents/Eclipse/plugins/com.st.stm32cube.common.mx_6.15.0.202507011659//db//plugins/mcufinder/images/
2026-05-16 02:32:52,358 [WARN] DbFile:41 - Overriding database path with different value: /Users/admin/.stmcufinder/plugins/mcufinder/ => /Users/admin/.stmcufinder/plugins/mcufinder
2026-05-16 02:32:52,359 [INFO] ApiDb:250 - Set database path to: /Users/admin/.stmcufinder/plugins/mcufinder//mcu/
2026-05-16 02:32:52,359 [WARN] DbFile:41 - Overriding database path with different value: /Users/admin/.stmcufinder/plugins/mcufinder/ => /Users/admin/.stmcufinder/plugins/mcufinder
2026-05-16 02:32:52,359 [INFO] DbMcusAds:125 - Set database path to: /Users/admin/.stmcufinder/plugins/mcufinder//mcu/
2026-05-16 02:32:52,359 [WARN] DbFile:41 - Overriding database path with different value: /Users/admin/.stmcufinder/plugins/mcufinder/ => /Users/admin/.stmcufinder/plugins/mcufinder
2026-05-16 02:32:52,359 [WARN] DbFile:41 - Overriding database path with different value: /Users/admin/.stmcufinder/plugins/mcufinder/ => /Users/admin/.stmcufinder/plugins/mcufinder
2026-05-16 02:32:52,359 [INFO] CrossReferenceDbSqlite:203 - Set database path to: /Users/admin/.stmcufinder/plugins/mcufinder//mcu/cs/
2026-05-16 02:32:52,473 [INFO] MainPanel:274 - HeapMemory: 268435456
2026-05-16 02:32:53,232 [INFO] DbMcusXml:78 - Set database path to: /Applications/STM32CubeIDE.app/Contents/Eclipse/plugins/com.st.stm32cube.common.mx_6.15.0.202507011659//db//mcu/
2026-05-16 02:32:53,233 [INFO] ApiDb:274 - Set plugin database path to: /Applications/STM32CubeIDE.app/Contents/Eclipse/plugins/com.st.stm32cube.common.mx_6.15.0.202507011659//db//plugins/boardmanager/
2026-05-16 02:32:53,233 [INFO] ApiDb:261 - Set plugin images path to: /Applications/STM32CubeIDE.app/Contents/Eclipse/plugins/com.st.stm32cube.common.mx_6.15.0.202507011659//db//plugins/mcufinder/images/
2026-05-16 02:32:53,233 [WARN] DbFile:41 - Overriding database path with different value: /Users/admin/.stmcufinder/plugins/mcufinder/ => /Users/admin/.stmcufinder/plugins/mcufinder
2026-05-16 02:32:53,233 [INFO] ApiDb:250 - Set database path to: /Users/admin/.stmcufinder/plugins/mcufinder//mcu/
2026-05-16 02:32:53,233 [WARN] DbFile:41 - Overriding database path with different value: /Users/admin/.stmcufinder/plugins/mcufinder/ => /Users/admin/.stmcufinder/plugins/mcufinder
2026-05-16 02:32:53,233 [INFO] DbMcusAds:125 - Set database path to: /Users/admin/.stmcufinder/plugins/mcufinder//mcu/
2026-05-16 02:32:53,233 [WARN] DbFile:41 - Overriding database path with different value: /Users/admin/.stmcufinder/plugins/mcufinder/ => /Users/admin/.stmcufinder/plugins/mcufinder
2026-05-16 02:32:53,233 [WARN] DbFile:41 - Overriding database path with different value: /Users/admin/.stmcufinder/plugins/mcufinder/ => /Users/admin/.stmcufinder/plugins/mcufinder
2026-05-16 02:32:53,234 [INFO] CrossReferenceDbSqlite:203 - Set database path to: /Users/admin/.stmcufinder/plugins/mcufinder//mcu/cs/
2026-05-16 02:32:53,255 [INFO] ApplicationProperties:184 - Using Application install path: /Applications/STM32CubeIDE.app/Contents/Eclipse/plugins/com.st.stm32cube.common.mx_6.15.0.202507011659
2026-05-16 02:32:53,257 [INFO] PluginManage:196 - Search for loadable plugins [exclusion list=, ]
2026-05-16 02:32:53,258 [INFO] PluginManage:310 - Check plugin analytics
2026-05-16 02:32:53,486 [INFO] AnalyticsPlugin:253 - Accepted Software Licenses: 
2026-05-16 02:32:53,486 [INFO] AnalyticsPlugin:255 - Accepted CMSIS Pack Licenses: Infineon.AIROC-Wi-Fi-Bluetooth-STM32.1.6.0,STMicroelectronics.X-CUBE-BLE1.7.0.0
2026-05-16 02:32:53,486 [INFO] AnalyticsPlugin:257 - Accepted Firmware Licenses: FW.G0.1.6.0,FW.WB.1.19.0,FW.WB.1.21.0
2026-05-16 02:32:53,490 [INFO] PluginManage:359 - Loaded plugin analytics (category:tool,tabindex:-1)
2026-05-16 02:32:53,491 [INFO] PluginManage:310 - Check plugin cadmodel
2026-05-16 02:32:53,498 [INFO] CADModel:105 - Init CAD model plugin
2026-05-16 02:32:53,498 [INFO] PluginManage:359 - Loaded plugin cadmodel (category:power,tabindex:5)
2026-05-16 02:32:53,498 [INFO] PluginManage:310 - Check plugin clock
2026-05-16 02:32:53,509 [INFO] PluginManage:359 - Loaded plugin clock (category:base,tabindex:2)
2026-05-16 02:32:53,509 [INFO] PluginManage:310 - Check plugin ddr
2026-05-16 02:32:53,512 [INFO] PluginManage:359 - Loaded plugin ddr (category:tool,tabindex:6)
2026-05-16 02:32:53,512 [INFO] PluginManage:310 - Check plugin filemanager
2026-05-16 02:32:53,692 [INFO] PluginManage:359 - Loaded plugin filemanager (category:base,tabindex:10)
2026-05-16 02:32:53,692 [INFO] PluginManage:310 - Check plugin ipmanager
2026-05-16 02:32:53,699 [INFO] PluginManage:359 - Loaded plugin ipmanager (category:base,tabindex:5)
2026-05-16 02:32:53,699 [INFO] PluginManage:310 - Check plugin lpbam
2026-05-16 02:32:53,712 [INFO] PluginManage:359 - Loaded plugin lpbam (category:base,tabindex:0)
2026-05-16 02:32:53,712 [INFO] PluginManage:310 - Check plugin memorymap
2026-05-16 02:32:53,730 [INFO] PluginManage:359 - Loaded plugin memorymap (category:base,tabindex:4)
2026-05-16 02:32:53,730 [INFO] PluginManage:310 - Check plugin pinoutandconfiguration
2026-05-16 02:32:53,742 [INFO] PluginManage:359 - Loaded plugin pinoutandconfiguration (category:base,tabindex:1)
2026-05-16 02:32:53,742 [INFO] PluginManage:310 - Check plugin pinoutconfig
2026-05-16 02:32:53,864 [WARN] SupportedApi:132 - Cannot load RTOS API schema: s4s-elt-must-match.1: The content of 'definitions' must match (annotation?, (simpleType | complexType)?, (unique | key | keyref)*)). A problem was found starting at: attribute.
2026-05-16 02:32:54,081 [INFO] PluginManage:359 - Loaded plugin pinoutconfig (category:base,tabindex:0)
2026-05-16 02:32:54,081 [INFO] PluginManage:310 - Check plugin power
2026-05-16 02:32:54,092 [INFO] PluginManage:359 - Loaded plugin power (category:power,tabindex:4)
2026-05-16 02:32:54,092 [INFO] PluginManage:310 - Check plugin projectmanager
2026-05-16 02:32:54,107 [INFO] PluginManage:359 - Loaded plugin projectmanager (category:projectmanager,tabindex:4)
2026-05-16 02:32:54,107 [INFO] PluginManage:310 - Check plugin rif
2026-05-16 02:32:54,118 [INFO] PluginManage:359 - Loaded plugin rif (category:base,tabindex:3)
2026-05-16 02:32:54,118 [INFO] PluginManage:310 - Check plugin thirdparty
2026-05-16 02:32:54,294 [INFO] PluginManage:359 - Loaded plugin thirdparty (category:base,tabindex:-1)
2026-05-16 02:32:54,294 [WARN] IntegrityCheckThread:84 - waiting for thirdparty lock release [integrity check]
2026-05-16 02:32:54,294 [INFO] PluginManage:310 - Check plugin tools
2026-05-16 02:32:54,294 [INFO] IntegrityCheckThread:86 - entering critical section [integrity check]
2026-05-16 02:32:54,294 [INFO] ThirdPartyUpdaterWithRetryManager:70 - Updater plugin not ready yet. [1/15]
2026-05-16 02:32:54,296 [INFO] PluginManage:359 - Loaded plugin tools (category:base,tabindex:7)
2026-05-16 02:32:54,297 [INFO] PluginManage:310 - Check plugin tutovideos
2026-05-16 02:32:54,657 [INFO] PluginManage:359 - Loaded plugin tutovideos (category:base,tabindex:-1)
2026-05-16 02:32:54,658 [INFO] PluginManage:310 - Check plugin updater
2026-05-16 02:32:54,677 [INFO] PluginManage:359 - Loaded plugin updater (category:base,tabindex:12)
2026-05-16 02:32:54,678 [INFO] PluginManage:310 - Check plugin userauth
2026-05-16 02:32:54,681 [INFO] UserAuth:118 - Init User Auth plugin
2026-05-16 02:32:54,682 [INFO] PluginManage:359 - Loaded plugin userauth (category:base,tabindex:14)
2026-05-16 02:32:54,682 [INFO] PluginManage:283 - PluginManage : Loaded plugins [18]
2026-05-16 02:32:54,878 [INFO] PinOutPanel:1589 - setPackage(No Configuration,No Configuration)
2026-05-16 02:32:54,963 [INFO] CADModel:165 - CPN selected for project level
2026-05-16 02:32:54,963 [INFO] CADModel:114 - Register for checkConnection events
2026-05-16 02:32:54,979 [INFO] IPUIPlugin:80 - create IPUIPlugin
2026-05-16 02:32:54,979 [INFO] PluginManager:220 - loadIPPluginJar : add mdma
2026-05-16 02:32:54,987 [INFO] IPUIPlugin:80 - create IPUIPlugin
2026-05-16 02:32:54,988 [INFO] PluginManager:220 - loadIPPluginJar : add freertos
2026-05-16 02:32:54,994 [INFO] IPUIPlugin:80 - create IPUIPlugin
2026-05-16 02:32:54,994 [INFO] PluginManager:220 - loadIPPluginJar : add gic
2026-05-16 02:32:55,007 [INFO] IPUIPlugin:80 - create IPUIPlugin
2026-05-16 02:32:55,007 [INFO] PluginManager:220 - loadIPPluginJar : add adc
2026-05-16 02:32:55,010 [INFO] IPUIPlugin:80 - create IPUIPlugin
2026-05-16 02:32:55,011 [INFO] PluginManager:220 - loadIPPluginJar : add gtzc
2026-05-16 02:32:55,012 [INFO] IPUIPlugin:80 - create IPUIPlugin
2026-05-16 02:32:55,012 [INFO] PluginManager:220 - loadIPPluginJar : add quadspi
2026-05-16 02:32:55,015 [INFO] IPUIPlugin:80 - create IPUIPlugin
2026-05-16 02:32:55,015 [INFO] PluginManager:220 - loadIPPluginJar : add aes
2026-05-16 02:32:55,019 [INFO] IPUIPlugin:80 - create IPUIPlugin
2026-05-16 02:32:55,019 [INFO] PluginManager:220 - loadIPPluginJar : add pdm2pcm
2026-05-16 02:32:55,021 [INFO] IPUIPlugin:80 - create IPUIPlugin
2026-05-16 02:32:55,021 [INFO] PluginManager:220 - loadIPPluginJar : add hash
2026-05-16 02:32:55,023 [INFO] IPUIPlugin:80 - create IPUIPlugin
2026-05-16 02:32:55,023 [INFO] PluginManager:220 - loadIPPluginJar : add tim
2026-05-16 02:32:55,025 [INFO] IPUIPlugin:80 - create IPUIPlugin
2026-05-16 02:32:55,025 [INFO] PluginManager:220 - loadIPPluginJar : add tsc
2026-05-16 02:32:55,028 [INFO] IPUIPlugin:80 - create IPUIPlugin
2026-05-16 02:32:55,028 [INFO] PluginManager:220 - loadIPPluginJar : add extmemmanager
2026-05-16 02:32:55,030 [INFO] IPUIPlugin:80 - create IPUIPlugin
2026-05-16 02:32:55,030 [INFO] PluginManager:220 - loadIPPluginJar : add ts
2026-05-16 02:32:55,032 [INFO] IPUIPlugin:80 - create IPUIPlugin
2026-05-16 02:32:55,033 [INFO] PluginManager:220 - loadIPPluginJar : add radio
2026-05-16 02:32:55,036 [INFO] IPUIPlugin:80 - create IPUIPlugin
2026-05-16 02:32:55,036 [INFO] PluginManager:220 - loadIPPluginJar : add can
2026-05-16 02:32:55,038 [INFO] IPUIPlugin:80 - create IPUIPlugin
2026-05-16 02:32:55,038 [INFO] PluginManager:220 - loadIPPluginJar : add dma3
2026-05-16 02:32:55,041 [INFO] IPUIPlugin:80 - create IPUIPlugin
2026-05-16 02:32:55,041 [INFO] PluginManager:220 - loadIPPluginJar : add dfsdm
2026-05-16 02:32:55,043 [INFO] IPUIPlugin:80 - create IPUIPlugin
2026-05-16 02:32:55,043 [INFO] PluginManager:220 - loadIPPluginJar : add spi
2026-05-16 02:32:55,046 [INFO] IPUIPlugin:80 - create IPUIPlugin
2026-05-16 02:32:55,046 [INFO] PluginManager:220 - loadIPPluginJar : add gfxmmu
2026-05-16 02:32:55,047 [INFO] IPUIPlugin:80 - create IPUIPlugin
2026-05-16 02:32:55,047 [INFO] PluginManager:220 - loadIPPluginJar : add genericplugin
2026-05-16 02:32:55,049 [INFO] IPUIPlugin:80 - create IPUIPlugin
2026-05-16 02:32:55,050 [INFO] PluginManager:220 - loadIPPluginJar : add cryp
2026-05-16 02:32:55,055 [INFO] IPUIPlugin:80 - create IPUIPlugin
2026-05-16 02:32:55,055 [INFO] PluginManager:220 - loadIPPluginJar : add gpio
2026-05-16 02:32:55,058 [INFO] IPUIPlugin:80 - create IPUIPlugin
2026-05-16 02:32:55,058 [INFO] PluginManager:220 - loadIPPluginJar : add ddr_ctrl_phy
2026-05-16 02:32:55,060 [INFO] IPUIPlugin:80 - create IPUIPlugin
2026-05-16 02:32:55,060 [INFO] PluginManager:220 - loadIPPluginJar : add comp
2026-05-16 02:32:55,062 [INFO] IPUIPlugin:80 - create IPUIPlugin
2026-05-16 02:32:55,062 [INFO] PluginManager:220 - loadIPPluginJar : add tracer_emb
2026-05-16 02:32:55,065 [INFO] IPUIPlugin:80 - create IPUIPlugin
2026-05-16 02:32:55,065 [INFO] PluginManager:220 - loadIPPluginJar : add openamp
2026-05-16 02:32:55,072 [INFO] IPUIPlugin:80 - create IPUIPlugin
2026-05-16 02:32:55,072 [INFO] PluginManager:220 - loadIPPluginJar : add stm32_wpan
2026-05-16 02:32:55,079 [INFO] IPUIPlugin:80 - create IPUIPlugin
2026-05-16 02:32:55,082 [INFO] PluginManager:220 - loadIPPluginJar : add plateformsettings
2026-05-16 02:32:55,086 [INFO] IPUIPlugin:80 - create IPUIPlugin
2026-05-16 02:32:55,086 [INFO] PluginManager:220 - loadIPPluginJar : add ipddr
2026-05-16 02:32:55,089 [INFO] IPUIPlugin:80 - create IPUIPlugin
2026-05-16 02:32:55,089 [INFO] PluginManager:220 - loadIPPluginJar : add usart
2026-05-16 02:32:55,091 [INFO] IPUIPlugin:80 - create IPUIPlugin
2026-05-16 02:32:55,091 [INFO] PluginManager:220 - loadIPPluginJar : add ltdc
2026-05-16 02:32:55,096 [INFO] IPUIPlugin:80 - create IPUIPlugin
2026-05-16 02:32:55,096 [INFO] PluginManager:220 - loadIPPluginJar : add nvic
2026-05-16 02:32:55,098 [INFO] IPUIPlugin:80 - create IPUIPlugin
2026-05-16 02:32:55,098 [INFO] PluginManager:220 - loadIPPluginJar : add fatfs
2026-05-16 02:32:55,106 [INFO] IPUIPlugin:80 - create IPUIPlugin
2026-05-16 02:32:55,107 [INFO] PluginManager:220 - loadIPPluginJar : add linkedlist
2026-05-16 02:32:55,114 [INFO] IPUIPlugin:80 - create IPUIPlugin
2026-05-16 02:32:55,114 [INFO] PluginManager:220 - loadIPPluginJar : add dma
2026-05-16 02:32:55,119 [INFO] IPUIPlugin:80 - create IPUIPlugin
2026-05-16 02:32:55,119 [INFO] PluginManager:220 - loadIPPluginJar : add fmc
2026-05-16 02:32:55,122 [INFO] IPUIPlugin:80 - create IPUIPlugin
2026-05-16 02:32:55,122 [INFO] PluginManager:220 - loadIPPluginJar : add i2s
2026-05-16 02:32:55,124 [INFO] IPUIPlugin:80 - create IPUIPlugin
2026-05-16 02:32:55,124 [INFO] PluginManager:220 - loadIPPluginJar : add ucpd
2026-05-16 02:32:55,126 [INFO] IPUIPlugin:80 - create IPUIPlugin
2026-05-16 02:32:55,126 [INFO] PluginManager:220 - loadIPPluginJar : add lorawan
2026-05-16 02:32:55,129 [INFO] IPUIPlugin:80 - create IPUIPlugin
2026-05-16 02:32:55,129 [INFO] PluginManager:220 - loadIPPluginJar : add opamp
2026-05-16 02:32:55,133 [INFO] IPUIPlugin:80 - create IPUIPlugin
2026-05-16 02:32:55,133 [INFO] PluginManager:220 - loadIPPluginJar : add i3c
2026-05-16 02:32:55,137 [INFO] IPUIPlugin:80 - create IPUIPlugin
2026-05-16 02:32:55,137 [INFO] PluginManager:220 - loadIPPluginJar : add touchsensing
2026-05-16 02:32:55,140 [INFO] IPUIPlugin:80 - create IPUIPlugin
2026-05-16 02:32:55,140 [INFO] PluginManager:220 - loadIPPluginJar : add i2c
2026-05-16 02:32:55,144 [INFO] IPUIPlugin:80 - create IPUIPlugin
2026-05-16 02:32:55,144 [INFO] PluginManager:220 - loadIPPluginJar : add resmgrutility
2026-05-16 02:32:55,148 [INFO] IPUIPlugin:80 - create IPUIPlugin
2026-05-16 02:32:55,148 [INFO] PluginManager:220 - loadIPPluginJar : add sai
2026-05-16 02:32:55,151 [INFO] IPUIPlugin:80 - create IPUIPlugin
2026-05-16 02:32:55,151 [INFO] PluginManager:220 - loadIPPluginJar : add usbx
2026-05-16 02:32:55,255 [FATAL] Updater:351 - Updater called before beeing initialized
2026-05-16 02:32:55,290 [INFO] RulesReader:64 - Compatibility file has been processed (317 Rules)
2026-05-16 02:32:55,298 [INFO] RulesReader:64 - Compatibility file has been processed (317 Rules)
2026-05-16 02:32:55,305 [INFO] CADModel:165 - CPN selected for project level
2026-05-16 02:32:55,305 [INFO] CADModel:114 - Register for checkConnection events
2026-05-16 02:32:55,305 [FATAL] Updater:351 - Updater called before beeing initialized
2026-05-16 02:32:55,306 [ERROR] CADModel:125 - Updater not yet initialized, retry later 
2026-05-16 02:32:55,495 [FATAL] Updater:351 - Updater called before beeing initialized
2026-05-16 02:32:55,497 [INFO] CADModel:165 - CPN selected for project level
2026-05-16 02:32:55,497 [INFO] CADModel:114 - Register for checkConnection events
2026-05-16 02:32:55,497 [FATAL] Updater:351 - Updater called before beeing initialized
2026-05-16 02:32:55,498 [ERROR] CADModel:125 - Updater not yet initialized, retry later 
2026-05-16 02:32:55,502 [FATAL] Updater:351 - Updater called before beeing initialized
2026-05-16 02:32:55,589 [FATAL] Updater:351 - Updater called before beeing initialized
2026-05-16 02:32:55,594 [INFO] DbMcusAds:53 - JSON generation date=Mon Apr 27 11:14:29 EEST 2026 (1777277669683)
2026-05-16 02:32:55,594 [FATAL] Updater:351 - Updater called before beeing initialized
2026-05-16 02:32:55,673 [WARN] DetailPanel:346 - Failed to get advertising image, set to default
2026-05-16 02:32:55,759 [FATAL] Updater:351 - Updater called before beeing initialized
2026-05-16 02:32:55,761 [FATAL] Updater:351 - Updater called before beeing initialized
2026-05-16 02:32:55,761 [FATAL] Updater:351 - Updater called before beeing initialized
2026-05-16 02:32:55,762 [WARN] DetailPanel:346 - Failed to get advertising image, set to default
2026-05-16 02:32:55,762 [FATAL] Updater:351 - Updater called before beeing initialized
2026-05-16 02:32:55,795 [ERROR] Updater:1198 - MainUpdater not yet initialized. External WinMGr cannot be set.
2026-05-16 02:32:55,821 [INFO] Updater:1134 - Updater Version found : 6.15.0
2026-05-16 02:32:55,846 [INFO] ApplicationProperties:184 - Using Application install path: /Applications/STM32CubeIDE.app/Contents/Eclipse/plugins/com.st.stm32cube.common.mx_6.15.0.202507011659
2026-05-16 02:32:56,445 [INFO] MainUpdater:2872 - connection check result : 10
2026-05-16 02:32:56,445 [INFO] MainUpdater:289 - Updater Check For Update Now.
2026-05-16 02:32:56,445 [INFO] MicroXplorer:498 - Change Database Version : DB.6.0.150
2026-05-16 02:32:56,452 [INFO] McuFinderGlobals:63 - Set McuFinder mode to 2 (CubeIDE integrated)
2026-05-16 02:32:56,454 [INFO] UserAuth:487 - Internet connection configuration mode: 1
2026-05-16 02:32:56,482 [INFO] JxBrowserEngine:152 - Initiate JxBrowser Engine with user profile folder
2026-05-16 02:32:56,682 [INFO] CheckServerUpdateThread:120 - End of CheckServer Thread
2026-05-16 02:32:57,589 [WARN] PackLoader:240 - Cannot read IP mode file for STMicroelectronics.X-CUBE-AZRTOS-H7.3.5.0
2026-05-16 02:32:57,602 [WARN] PackLoader:240 - Cannot read IP mode file for STMicroelectronics.FP-SNS-MOTENVWB1.1.4.0
2026-05-16 02:32:57,608 [WARN] PackLoader:240 - Cannot read IP mode file for STMicroelectronics.FP-ATR-ASTRA1.2.0.2
2026-05-16 02:32:57,612 [WARN] PackLoader:240 - Cannot read IP mode file for STMicroelectronics.FP-ATR-ASTRA1.2.0.1
2026-05-16 02:32:57,621 [WARN] PackLoader:240 - Cannot read IP mode file for STMicroelectronics.X-CUBE-SMBUS.2.1.0
2026-05-16 02:32:57,630 [WARN] PackLoader:240 - Cannot read IP mode file for STMicroelectronics.X-CUBE-WB05N.1.1.0
2026-05-16 02:32:57,638 [WARN] PackLoader:240 - Cannot read IP mode file for STMicroelectronics.X-CUBE-ST60.1.0.0
2026-05-16 02:32:57,643 [WARN] PackLoader:240 - Cannot read IP mode file for STMicroelectronics.X-CUBE-TOUCHGFX.4.23.2
2026-05-16 02:32:57,672 [WARN] PackLoader:240 - Cannot read IP mode file for STMicroelectronics.X-CUBE-AZRTOS-F7.1.1.0
2026-05-16 02:32:57,682 [WARN] PackLoader:240 - Cannot read IP mode file for STMicroelectronics.FP-SNS-MOTENV1.4.3.2
2026-05-16 02:32:57,742 [WARN] PackLoader:240 - Cannot read IP mode file for STMicroelectronics.X-CUBE-MEMS1.11.0.0
2026-05-16 02:32:57,983 [WARN] PackLoader:240 - Cannot read IP mode file for STMicroelectronics.FP-SNS-MOTENV1.5.1.0
2026-05-16 02:32:57,989 [WARN] PackLoader:240 - Cannot read IP mode file for STMicroelectronics.FP-SNS-FLIGHT1.5.0.2
2026-05-16 02:32:58,022 [WARN] PackLoader:240 - Cannot read IP mode file for STMicroelectronics.X-CUBE-AZRTOS-H7.3.4.0
2026-05-16 02:32:58,035 [WARN] PackLoader:240 - Cannot read IP mode file for STMicroelectronics.X-CUBE-DISPLAY.3.0.0
2026-05-16 02:32:58,049 [WARN] PackLoader:240 - Cannot read IP mode file for STMicroelectronics.X-CUBE-GNSS1.7.1.1
2026-05-16 02:32:58,057 [WARN] PackLoader:240 - Cannot read IP mode file for STMicroelectronics.FP-SNS-MOTENVWB1.1.5.0
2026-05-16 02:32:58,069 [WARN] PackLoader:240 - Cannot read IP mode file for STMicroelectronics.X-CUBE-BLE1.7.0.0
2026-05-16 02:32:58,302 [WARN] PackLoader:240 - Cannot read IP mode file for STMicroelectronics.X-CUBE-NFC10.1.0.0
2026-05-16 02:32:58,340 [WARN] PackLoader:240 - Cannot read IP mode file for STMicroelectronics.X-CUBE-BLEMGR.4.0.0
2026-05-16 02:32:58,359 [WARN] PackLoader:240 - Cannot read IP mode file for STMicroelectronics.X-CUBE-ST60.1.1.0
2026-05-16 02:32:58,374 [WARN] PackLoader:240 - Cannot read IP mode file for emotas.I-CUBE-CANOPEN.1.3.0
2026-05-16 02:32:58,384 [WARN] PackLoader:240 - Cannot read IP mode file for STMicroelectronics.X-CUBE-GNSS1.7.1.0
2026-05-16 02:32:58,406 [WARN] PackLoader:240 - Cannot read IP mode file for STMicroelectronics.X-CUBE-BLEMGR.3.1.0
2026-05-16 02:32:58,428 [WARN] PackLoader:240 - Cannot read IP mode file for STMicroelectronics.X-CUBE-AI.10.0.0
2026-05-16 02:32:58,439 [WARN] PackLoader:240 - Cannot read IP mode file for STMicroelectronics.FP-SNS-STBOX1.2.1.0
2026-05-16 02:32:58,452 [WARN] PackLoader:240 - Cannot read IP mode file for STMicroelectronics.FP-SNS-SMARTAG2.1.2.0
2026-05-16 02:32:58,463 [WARN] PackLoader:240 - Cannot read IP mode file for STMicroelectronics.FP-SNS-FLIGHT1.5.1.0
2026-05-16 02:32:58,538 [WARN] PackLoader:240 - Cannot read IP mode file for STMicroelectronics.X-CUBE-MEMS1.11.1.0
2026-05-16 02:32:58,691 [INFO] LogOutputStream:77 - [STDOUT_REDIRECT] 1 : Invalid condition id : UX_CORESTACK_Condition cause : null
2026-05-16 02:32:58,692 [INFO] LogOutputStream:77 - [STDOUT_REDIRECT] 1 : Invalid condition id : UX_CORESTACK_Condition cause : null
2026-05-16 02:32:58,692 [INFO] LogOutputStream:77 - [STDOUT_REDIRECT] 1 : Invalid condition id : UX_CORESTACK_Condition cause : null
2026-05-16 02:32:58,693 [INFO] LogOutputStream:77 - [STDOUT_REDIRECT] 1 : Invalid condition id : UX_CORESTACK_Condition cause : null
2026-05-16 02:32:58,693 [INFO] LogOutputStream:77 - [STDOUT_REDIRECT] 1 : Invalid condition id : UX_CORESTACK_Condition cause : null
2026-05-16 02:32:58,696 [WARN] PackLoader:240 - Cannot read IP mode file for STMicroelectronics.X-CUBE-AZRTOS-WL.2.0.0
2026-05-16 02:32:58,701 [WARN] PackLoader:240 - Cannot read IP mode file for STMicroelectronics.FP-SNS-MOTENV1.5.0.0
2026-05-16 02:32:58,712 [INFO] WebApp:169 - Instantiating new browser for Auth
2026-05-16 02:32:58,720 [WARN] PackLoader:240 - Cannot read IP mode file for STMicroelectronics.X-CUBE-AZRTOS-H7RS.1.2.0
2026-05-16 02:32:58,728 [WARN] PackLoader:240 - Cannot read IP mode file for wolfSSL.I-CUBE-wolfMQTT.1.19.0
2026-05-16 02:32:58,756 [WARN] PackLoader:240 - Cannot read IP mode file for WES.I-CUBE-Cesium.1.3.0
2026-05-16 02:32:58,777 [WARN] PackLoader:240 - Cannot read IP mode file for STMicroelectronics.X-CUBE-BLE2.3.3.0
2026-05-16 02:32:58,833 [WARN] PackLoader:240 - Cannot read IP mode file for STMicroelectronics.X-CUBE-NFC9.1.0.0
2026-05-16 02:32:58,845 [WARN] PackLoader:240 - Cannot read IP mode file for STMicroelectronics.X-CUBE-BLE1.7.1.0
2026-05-16 02:32:58,857 [WARN] PackLoader:240 - Cannot read IP mode file for STMicroelectronics.X-CUBE-TCPP.4.1.0
2026-05-16 02:32:58,875 [WARN] PackLoader:240 - Cannot read IP mode file for STMicroelectronics.X-CUBE-FREERTOS.1.4.0
2026-05-16 02:32:58,884 [WARN] PackLoader:240 - Cannot read IP mode file for STMicroelectronics.X-CUBE-EEPRMA1.5.2.0
2026-05-16 02:32:58,894 [WARN] PackLoader:240 - Cannot read IP mode file for STMicroelectronics.X-CUBE-ST67W61.1.1.0
2026-05-16 02:32:58,901 [WARN] PackLoader:240 - Cannot read IP mode file for STMicroelectronics.X-CUBE-AI.10.1.0
2026-05-16 02:32:58,915 [WARN] PackLoader:240 - Cannot read IP mode file for STMicroelectronics.FP-SNS-STAIOTCFT.1.1.0
2026-05-16 02:32:58,968 [WARN] PackLoader:240 - Cannot read IP mode file for STMicroelectronics.X-CUBE-MEMS1.12.0.0
2026-05-16 02:32:59,073 [WARN] PackLoader:240 - Cannot read IP mode file for STMicroelectronics.X-CUBE-ALGOBUILD.1.3.0
2026-05-16 02:32:59,122 [WARN] PackLoader:240 - Cannot read IP mode file for STMicroelectronics.X-CUBE-MEMS1.11.2.0
2026-05-16 02:32:59,273 [WARN] PackLoader:240 - Cannot read IP mode file for STMicroelectronics.X-CUBE-AZRTOS-G0.1.1.0
2026-05-16 02:32:59,279 [WARN] PackLoader:240 - Cannot read IP mode file for STMicroelectronics.X-CUBE-SAFEA1.1.2.2
2026-05-16 02:32:59,293 [WARN] PackLoader:240 - Cannot read IP mode file for STMicroelectronics.X-CUBE-NFC4.3.0.0
2026-05-16 02:32:59,304 [WARN] PackLoader:240 - Cannot read IP mode file for EmbeddedOffice.I-CUBE-FS-RTOS.1.0.1
2026-05-16 02:32:59,309 [WARN] PackLoader:240 - Cannot read IP mode file for STMicroelectronics.X-CUBE-WB05N.2.0.0
2026-05-16 02:32:59,315 [WARN] PackLoader:240 - Cannot read IP mode file for STMicroelectronics.X-CUBE-TCPP.4.2.0
2026-05-16 02:32:59,322 [WARN] PackLoader:240 - Cannot read IP mode file for RealThread.X-CUBE-RT-Thread_Nano.4.1.1
2026-05-16 02:32:59,326 [WARN] PackLoader:240 - Cannot read IP mode file for wolfSSL.I-CUBE-wolfSSL.5.7.0
2026-05-16 02:32:59,330 [WARN] PackLoader:240 - Cannot read IP mode file for STMicroelectronics.FP-ATR-SIGFOX1.3.2.0
2026-05-16 02:32:59,334 [WARN] ConditionMgr:438 - getConditionDescription Invalid condition id : Cortex-A Device cause : null
2026-05-16 02:32:59,342 [WARN] ConditionMgr:1044 - genDependencies : Invalid condition id : Cortex-A Device cause : null
2026-05-16 02:32:59,343 [WARN] ConditionMgr:1044 - genDependencies : Invalid condition id : Cortex-A Device cause : null
2026-05-16 02:32:59,343 [WARN] ConditionMgr:1044 - genDependencies : Invalid condition id : Cortex-A Device cause : null
2026-05-16 02:32:59,349 [WARN] PackLoader:240 - Cannot read IP mode file for STMicroelectronics.X-CUBE-EEPRMA1.5.1.0
2026-05-16 02:32:59,355 [WARN] PackLoader:240 - Cannot read IP mode file for STMicroelectronics.X-CUBE-FREERTOS.1.5.0
2026-05-16 02:32:59,362 [WARN] PackLoader:240 - Cannot read IP mode file for ITTIA_DB.I-CUBE-ITTIADB.8.9.0
2026-05-16 02:32:59,369 [WARN] PackLoader:240 - Cannot read IP mode file for STMicroelectronics.X-CUBE-NFC6.3.2.0
2026-05-16 02:32:59,378 [WARN] PackLoader:240 - Cannot read IP mode file for STMicroelectronics.X-CUBE-ST67W61.1.0.0
2026-05-16 02:32:59,383 [WARN] PackLoader:240 - Cannot read IP mode file for STMicroelectronics.X-CUBE-AI.10.2.0
2026-05-16 02:32:59,460 [WARN] PackLoader:240 - Cannot read IP mode file for STMicroelectronics.X-CUBE-MEMS1.12.1.0
2026-05-16 02:32:59,590 [WARN] PackLoader:240 - Cannot read IP mode file for SEGGER.I-CUBE-embOS.1.3.1
2026-05-16 02:32:59,644 [WARN] PackLoader:240 - Cannot read IP mode file for STMicroelectronics.X-CUBE-ALGOBUILD.1.4.0
2026-05-16 02:32:59,733 [WARN] PackLoader:240 - Cannot read IP mode file for STMicroelectronics.X-CUBE-MEMS1.11.3.0
2026-05-16 02:32:59,869 [WARN] PackLoader:240 - Cannot read IP mode file for STMicroelectronics.X-CUBE-AI.9.1.0
2026-05-16 02:32:59,873 [WARN] PackLoader:240 - Cannot read IP mode file for STMicroelectronics.X-CUBE-PM33A1.1.0.0
2026-05-16 02:32:59,878 [WARN] PackLoader:240 - Cannot read IP mode file for STMicroelectronics.X-CUBE-GNSS1.6.0.0
2026-05-16 02:32:59,895 [WARN] PackLoader:240 - Cannot read IP mode file for STMicroelectronics.X-CUBE-AZRTOS-F4.1.1.0
2026-05-16 02:32:59,900 [WARN] PackLoader:240 - Cannot read IP mode file for Avnet-IotConnect.X-CUBE-IoTC-DA16k-PMOD.1.0.0
2026-05-16 02:32:59,903 [WARN] PackLoader:240 - Cannot read IP mode file for STMicroelectronics.X-CUBE-ISPU.2.1.0
2026-05-16 02:32:59,912 [WARN] PackLoader:240 - Cannot read IP mode file for STMicroelectronics.X-CUBE-IPS.3.2.0
2026-05-16 02:32:59,920 [WARN] PackLoader:240 - Cannot read IP mode file for STMicroelectronics.eDS-WB_DPC_TT-BIDIR.2.1.1
2026-05-16 02:32:59,924 [WARN] PackLoader:240 - Cannot read IP mode file for STMicroelectronics.X-CUBE-FREERTOS.1.2.0
2026-05-16 02:32:59,932 [WARN] PackLoader:240 - Cannot read IP mode file for STMicroelectronics.X-CUBE-NFC12.1.0.0
2026-05-16 02:32:59,968 [WARN] PackLoader:240 - Cannot read IP mode file for STMicroelectronics.X-CUBE-AZRTOS-L5.2.0.0
2026-05-16 02:32:59,992 [WARN] PackLoader:240 - Cannot read IP mode file for STMicroelectronics.X-CUBE-NFC6.3.1.0
2026-05-16 02:33:00,019 [WARN] PackLoader:240 - Cannot read IP mode file for STMicroelectronics.X-CUBE-DPower.1.2.0
2026-05-16 02:33:00,038 [WARN] PackLoader:240 - Cannot read IP mode file for STMicroelectronics.eDS-WB_DPC_VIENNA.1.2.0
2026-05-16 02:33:00,054 [WARN] PackLoader:240 - Cannot read IP mode file for STMicroelectronics.eDS-WB_DPC_3PH2L-BIDIR.1.1.1
2026-05-16 02:33:00,070 [WARN] PackLoader:240 - Cannot read IP mode file for STMicroelectronics.X-CUBE-AI.9.0.0
2026-05-16 02:33:00,080 [ERROR] Engine:466 - /Users/admin/.stm32cubemx/thirdparties/pdsc/STMicroelectronics.X-CUBE-ST67W61.1.3.0.pdsc: PDSC version is not supported
2026-05-16 02:33:00,089 [WARN] PackLoader:240 - Cannot read IP mode file for STMicroelectronics.X-CUBE-FREERTOS.1.3.1
2026-05-16 02:33:00,104 [WARN] PackLoader:240 - Cannot read IP mode file for STMicroelectronics.X-CUBE-FREERTOS.1.3.0
2026-05-16 02:33:00,121 [WARN] PackLoader:240 - Cannot read IP mode file for STMicroelectronics.X-CUBE-NFC7.1.0.1
2026-05-16 02:33:00,126 [WARN] PackLoader:240 - Cannot read IP mode file for wolfSSL.I-CUBE-wolfTPM.3.2.0
2026-05-16 02:33:00,140 [WARN] PackLoader:240 - Cannot read IP mode file for STMicroelectronics.X-CUBE-TOUCHGFX.4.26.0
2026-05-16 02:33:00,143 [INFO] WebApp:463 - Apply proxy settings
2026-05-16 02:33:00,151 [INFO] WebApp:508 - Chromium authenticates against Manually configured proxy
2026-05-16 02:33:00,151 [WARN] PackLoader:240 - Cannot read IP mode file for STMicroelectronics.X-CUBE-TOUCHGFX.4.26.1
2026-05-16 02:33:00,156 [WARN] PackLoader:240 - Cannot read IP mode file for STMicroelectronics.FP-SNS-STAIOTCFT.1.0.0
2026-05-16 02:33:00,164 [WARN] PackLoader:240 - Cannot read IP mode file for STMicroelectronics.X-CUBE-DPower.1.3.0
2026-05-16 02:33:00,173 [WARN] PackLoader:240 - Cannot read IP mode file for STMicroelectronics.X-CUBE-AI.8.1.0
2026-05-16 02:33:00,173 [INFO] WebApp:516 - Username used for proxy authentication: 
2026-05-16 02:33:00,190 [WARN] ConditionMgr:438 - getConditionDescription Invalid condition id : LAN8742 Phy interface Condition cause : null
2026-05-16 02:33:00,191 [WARN] PackLoader:240 - Cannot read IP mode file for STMicroelectronics.X-CUBE-AZRTOS-L4.2.0.0
2026-05-16 02:33:00,192 [WARN] ConditionMgr:1044 - genDependencies : Invalid condition id : LAN8742 Phy interface Condition cause : null
2026-05-16 02:33:00,192 [WARN] ConditionMgr:1044 - genDependencies : Invalid condition id : LAN8742 Phy interface Condition cause : null
2026-05-16 02:33:00,192 [WARN] ConditionMgr:1044 - genDependencies : Invalid condition id : LAN8742 Phy interface Condition cause : null
2026-05-16 02:33:00,201 [WARN] PackLoader:240 - Cannot read IP mode file for STMicroelectronics.X-CUBE-SFXS2LP1.4.0.0
2026-05-16 02:33:00,210 [WARN] PackLoader:240 - Cannot read IP mode file for STMicroelectronics.X-CUBE-WB05N.2.1.0
2026-05-16 02:33:00,223 [WARN] PackLoader:240 - Cannot read IP mode file for STMicroelectronics.X-CUBE-ST67W61.1.2.0
2026-05-16 02:33:00,243 [INFO] WebApp:900 - Register for checkConnection events
2026-05-16 02:33:00,243 [INFO] WebApp:463 - Apply proxy settings
2026-05-16 02:33:00,245 [WARN] PackLoader:240 - Cannot read IP mode file for STMicroelectronics.X-CUBE-AZRTOS-H7.3.3.0
2026-05-16 02:33:00,246 [INFO] WebApp:508 - Chromium authenticates against Manually configured proxy
2026-05-16 02:33:00,246 [INFO] WebApp:516 - Username used for proxy authentication: 
2026-05-16 02:33:00,270 [WARN] PackLoader:240 - Cannot read IP mode file for STMicroelectronics.X-CUBE-BLEMGR.4.1.0
2026-05-16 02:33:00,285 [WARN] PackLoader:240 - Cannot read IP mode file for STMicroelectronics.X-CUBE-IPS.3.0.0
2026-05-16 02:33:00,304 [WARN] ConditionMgr:438 - getConditionDescription Invalid condition id : UX DEVICE CLASS RTOS Condition cause : null
2026-05-16 02:33:00,304 [WARN] ConditionMgr:438 - getConditionDescription Invalid condition id : UX DEVICE CLASS RTOS Condition cause : null
2026-05-16 02:33:00,306 [WARN] PackLoader:240 - Cannot read IP mode file for STMicroelectronics.X-CUBE-AZRTOS-WB.2.0.0
2026-05-16 02:33:00,307 [WARN] ConditionMgr:1044 - genDependencies : Invalid condition id : UX DEVICE CLASS RTOS Condition cause : null
2026-05-16 02:33:00,307 [WARN] ConditionMgr:1044 - genDependencies : Invalid condition id : UX DEVICE CLASS RTOS Condition cause : null
2026-05-16 02:33:00,307 [WARN] ConditionMgr:1044 - genDependencies : Invalid condition id : UX DEVICE CLASS RTOS Condition cause : null
2026-05-16 02:33:00,308 [WARN] ConditionMgr:1044 - genDependencies : Invalid condition id : UX DEVICE CLASS RTOS Condition cause : null
2026-05-16 02:33:00,308 [WARN] ConditionMgr:1044 - genDependencies : Invalid condition id : UX DEVICE CLASS RTOS Condition cause : null
2026-05-16 02:33:00,316 [WARN] PackLoader:240 - Cannot read IP mode file for STMicroelectronics.X-CUBE-GNSS1.7.0.0
2026-05-16 02:33:00,323 [WARN] PackLoader:240 - Cannot read IP mode file for STMicroelectronics.X-CUBE-GNSS1.7.0.1
2026-05-16 02:33:00,329 [WARN] PackLoader:240 - Cannot read IP mode file for STMicroelectronics.X-CUBE-TOUCHGFX.4.25.0
2026-05-16 02:33:00,336 [WARN] PackLoader:240 - Cannot read IP mode file for STMicroelectronics.FP-SNS-STBOX1.2.0.0
2026-05-16 02:33:00,344 [WARN] PackLoader:240 - Cannot read IP mode file for STMicroelectronics.X-CUBE-STSE01.2.0.0
2026-05-16 02:33:00,354 [WARN] PackLoader:240 - Cannot read IP mode file for STMicroelectronics.X-CUBE-SUBG2.5.0.0
2026-05-16 02:33:00,371 [WARN] PackLoader:240 - Cannot read IP mode file for STMicroelectronics.X-CUBE-AZRTOS-H7RS.1.1.0
2026-05-16 02:33:00,376 [WARN] PackLoader:240 - Cannot read IP mode file for Cesanta.I-CUBE-Mongoose.7.13.0
2026-05-16 02:33:00,390 [WARN] PackLoader:240 - Cannot read IP mode file for STMicroelectronics.X-CUBE-AZRTOS-G4.2.0.0
2026-05-16 02:33:00,395 [WARN] PackLoader:240 - Cannot read IP mode file for STMicroelectronics.X-CUBE-NFC7.2.0.0
2026-05-16 02:33:00,398 [WARN] PackLoader:240 - Cannot read IP mode file for STMicroelectronics.FP-SNS-MOTENVWB1.1.3.1
2026-05-16 02:33:00,402 [WARN] PackLoader:240 - Cannot read IP mode file for STMicroelectronics.X-CUBE-ISPU.2.0.0
2026-05-16 02:33:00,411 [WARN] PackLoader:240 - Cannot read IP mode file for STMicroelectronics.X-CUBE-IPS.3.1.0
2026-05-16 02:33:00,418 [WARN] PackLoader:240 - Cannot read IP mode file for STMicroelectronics.X-CUBE-ALS.1.0.2
2026-05-16 02:33:00,446 [WARN] PackLoader:240 - Cannot read IP mode file for STMicroelectronics.X-CUBE-MEMS1.10.0.0
2026-05-16 02:33:00,516 [INFO] WebApp:191 - Connection restablished
2026-05-16 02:33:00,611 [WARN] PackLoader:240 - Cannot read IP mode file for STMicroelectronics.X-CUBE-FREERTOS.1.1.0
2026-05-16 02:33:00,615 [WARN] PackLoader:240 - Cannot read IP mode file for STMicroelectronics.X-CUBE-TOUCHGFX.4.24.0
2026-05-16 02:33:00,619 [WARN] PackLoader:240 - Cannot read IP mode file for STMicroelectronics.X-CUBE-TOUCHGFX.4.24.2
2026-05-16 02:33:00,622 [WARN] PackLoader:240 - Cannot read IP mode file for STMicroelectronics.X-CUBE-TOUCHGFX.4.24.1
2026-05-16 02:33:00,629 [WARN] PackLoader:240 - Cannot read IP mode file for STMicroelectronics.X-CUBE-STSE01.1.0.0
2026-05-16 02:33:00,637 [WARN] PackLoader:240 - Cannot read IP mode file for portGmbH.I-Cube-SoM-uGOAL.1.1.0
2026-05-16 02:33:00,642 [WARN] PackLoader:240 - Cannot read IP mode file for STMicroelectronics.X-CUBE-ALS.1.0.1
2026-05-16 02:33:00,664 [WARN] PackLoader:240 - Cannot read IP mode file for STMicroelectronics.X-CUBE-AZRTOS-H7RS.1.0.0
2026-05-16 02:33:00,669 [WARN] PackLoader:240 - Cannot read IP mode file for STMicroelectronics.FP-ATR-ASTRA1.2.0.0
2026-05-16 02:33:00,680 [WARN] PackLoader:240 - Cannot read IP mode file for STMicroelectronics.X-CUBE-TOF1.3.4.2
2026-05-16 02:33:00,739 [WARN] PackLoader:240 - Cannot read IP mode file for STMicroelectronics.X-CUBE-TOF1.3.4.3
2026-05-16 02:33:00,763 [INFO] WebApp:225 - Starting web application
2026-05-16 02:33:00,764 [INFO] WebApp:593 - Web application path used /Applications/STM32CubeIDE.app/Contents/Eclipse/plugins/com.st.stm32cube.common.mx_6.15.0.202507011659/db/plugins/mcufinder/reactClient1/index.html
2026-05-16 02:33:00,817 [WARN] PackLoader:240 - Cannot read IP mode file for STMicroelectronics.X-CUBE-TOF1.3.4.1
2026-05-16 02:33:00,892 [INFO] UserAuth:487 - Internet connection configuration mode: 1
2026-05-16 02:33:00,918 [WARN] PackLoader:240 - Cannot read IP mode file for STMicroelectronics.X-CUBE-AZRTOS-H7.3.2.0
2026-05-16 02:33:00,948 [WARN] PackLoader:240 - Cannot read IP mode file for Infineon.AIROC-Wi-Fi-Bluetooth-STM32.1.6.0
2026-05-16 02:33:01,099 [WARN] PackLoader:240 - Cannot read IP mode file for wolfSSL.I-CUBE-wolfSSH.1.4.17
2026-05-16 02:33:01,101 [INFO] ThirdParty:978 - Integrity check success = true
2026-05-16 02:33:01,101 [INFO] IntegrityCheckThread:100 - exiting critical section [integrity check]
2026-05-16 02:33:01,102 [INFO] IntegrityCheckThread:103 - End integrity checks thread
2026-05-16 02:40:59,255 [INFO] McuFinderGlobals:63 - Set McuFinder mode to 2 (CubeIDE integrated)
2026-05-16 02:40:59,262 [INFO] MainUpdater:2872 - connection check result : 10
2026-05-16 02:40:59,263 [INFO] MainUpdater:2872 - connection check result : 10
2026-05-16 02:41:00,321 [INFO] MicroXplorer:468 - Change Database Path : 
2026-05-16 02:41:00,321 [INFO] MicroXplorer:498 - Change Database Version : DB.6.0.150
2026-05-16 02:41:00,331 [WARN] ThirdParty:871 - waiting for thirdparty lock release [close project]
2026-05-16 02:41:00,331 [INFO] ThirdParty:873 - entering critical section [close project]
2026-05-16 02:41:00,333 [INFO] ThirdParty:883 - exiting critical section [close project]
2026-05-16 02:41:00,337 [INFO] PinOutPanel:1589 - setPackage(No Configuration,No Configuration)
2026-05-16 02:41:00,341 [INFO] UtilMem:75 - Begin LoadConfig() Used Memory: 993519208 Bytes (1073741824)
2026-05-16 02:41:00,344 [INFO] MicroXplorer:468 - Change Database Path : 
2026-05-16 02:41:00,344 [INFO] MicroXplorer:498 - Change Database Version : DB.6.0.150
2026-05-16 02:41:00,344 [INFO] OpenFileManager:355 - Change cursor
2026-05-16 02:41:00,394 [INFO] Mcu:2029 - Initializing MCU STM32L010K8Tx STM32L010K8Tx STM32L010K8T6
2026-05-16 02:41:01,228 [INFO] Context:786 - Trying to add GPIOservice into a context  which must be forbidden
2026-05-16 02:41:01,502 [INFO] ImportTextPane:234 - (OptionalMessage_ERROR) Pin25 (VP_RIF_VS_RIF1) cannot be retrieved for this MCU
2026-05-16 02:41:01,776 [INFO] RtosManager:558 - Registered RTOS mode: class=CMSIS, group=RTOS, mode=CMSIS_V1, owner=FREERTOS
2026-05-16 02:41:01,776 [INFO] RtosManager:558 - Registered RTOS mode: class=CMSIS, group=RTOS2, mode=CMSIS_V2, owner=FREERTOS
2026-05-16 02:41:01,777 [INFO] RtosManager:558 - Registered RTOS mode: class=RTOS, group=Core, mode=CMSIS_V1, owner=FREERTOS
2026-05-16 02:41:01,777 [INFO] RtosManager:558 - Registered RTOS mode: class=RTOS, group=Core, mode=CMSIS_V2, owner=FREERTOS
2026-05-16 02:41:01,778 [WARN] ModelIntegratedComponent:184 - Missing modes for component STMicroelectronics:FreeRTOS:0.0.1:STMicroelectronics:RTOS:FreeRTOS:Core:::10.2.0:
2026-05-16 02:41:01,787 [WARN] ModelIntegratedComponent:63 - No mode defined for component null
2026-05-16 02:41:01,788 [WARN] ModelIntegratedComponent:63 - No mode defined for component null
2026-05-16 02:41:01,788 [WARN] ModelIntegratedComponent:63 - No mode defined for component null
2026-05-16 02:41:01,788 [WARN] ModelIntegratedComponent:63 - No mode defined for component null
2026-05-16 02:41:01,788 [WARN] ModelIntegratedComponent:63 - No mode defined for component null
2026-05-16 02:41:01,788 [WARN] ModelIntegratedComponent:63 - No mode defined for component null
2026-05-16 02:41:01,788 [WARN] ModelIntegratedComponent:63 - No mode defined for component null
2026-05-16 02:41:01,788 [WARN] ModelIntegratedComponent:63 - No mode defined for component null
2026-05-16 02:41:01,788 [WARN] ModelIntegratedComponent:63 - No mode defined for component null
2026-05-16 02:41:01,788 [WARN] ModelIntegratedComponent:63 - No mode defined for component null
2026-05-16 02:41:01,788 [WARN] ModelIntegratedComponent:63 - No mode defined for component null
2026-05-16 02:41:01,789 [WARN] ModelIntegratedComponent:63 - No mode defined for component null
2026-05-16 02:41:01,789 [WARN] ModelIntegratedComponent:63 - No mode defined for component null
2026-05-16 02:41:01,789 [WARN] ModelIntegratedComponent:63 - No mode defined for component null
2026-05-16 02:41:01,789 [WARN] ModelIntegratedComponent:63 - No mode defined for component null
2026-05-16 02:41:01,789 [WARN] ModelIntegratedComponent:63 - No mode defined for component null
2026-05-16 02:41:01,789 [WARN] ModelIntegratedComponent:63 - No mode defined for component null
2026-05-16 02:41:01,789 [WARN] ModelIntegratedComponent:63 - No mode defined for component null
2026-05-16 02:41:01,790 [WARN] ModelIntegratedComponent:63 - No mode defined for component null
2026-05-16 02:41:01,790 [WARN] ModelIntegratedComponent:63 - No mode defined for component null
2026-05-16 02:41:01,790 [WARN] ModelIntegratedComponent:63 - No mode defined for component null
2026-05-16 02:41:01,790 [WARN] ModelIntegratedComponent:63 - No mode defined for component null
2026-05-16 02:41:01,790 [WARN] ModelIntegratedComponent:63 - No mode defined for component null
2026-05-16 02:41:01,790 [WARN] ModelIntegratedComponent:63 - No mode defined for component null
2026-05-16 02:41:01,790 [WARN] ModelIntegratedComponent:63 - No mode defined for component null
2026-05-16 02:41:01,790 [WARN] ModelIntegratedComponent:63 - No mode defined for component null
2026-05-16 02:41:01,791 [WARN] ModelIntegratedComponent:63 - No mode defined for component null
2026-05-16 02:41:01,791 [WARN] ModelIntegratedComponent:63 - No mode defined for component null
2026-05-16 02:41:01,791 [WARN] ModelIntegratedComponent:63 - No mode defined for component null
2026-05-16 02:41:01,791 [WARN] ModelIntegratedComponent:63 - No mode defined for component null
2026-05-16 02:41:01,791 [WARN] ModelIntegratedComponent:63 - No mode defined for component null
2026-05-16 02:41:01,791 [WARN] ModelIntegratedComponent:63 - No mode defined for component null
2026-05-16 02:41:01,791 [WARN] ModelIntegratedComponent:63 - No mode defined for component null
2026-05-16 02:41:01,791 [WARN] ModelIntegratedComponent:63 - No mode defined for component null
2026-05-16 02:41:01,792 [WARN] ModelIntegratedComponent:63 - No mode defined for component null
2026-05-16 02:41:01,792 [WARN] ModelPack:524 - Component already loaded: STMicroelectronics:HAL Drivers:0.0.0:STMicroelectronics:Device:STMicro_Driver:XSPI:HAL::0.0.1:HAL_XSPI
2026-05-16 02:41:02,363 [INFO] ThirdPartyModel:298 - Start build external matchings
2026-05-16 02:41:06,655 [INFO] ThirdPartyModel:316 - End build external matchings
2026-05-16 02:41:06,796 [INFO] ImportTextPane:234 - (OptionalMessage_ERROR) IP (RCC) : Invalid parameter (FamilyName)
2026-05-16 02:41:06,798 [INFO] ImportTextPane:234 - (OptionalMessage_ERROR) IP (RCC) : Invalid parameter (TIMFreq_Value)
2026-05-16 02:41:07,191 [INFO] ApiDb:581 - Connected to CubeFinder SQLite database (/Users/admin/.stmcufinder/plugins/mcufinder/mcu/cube-finder-db.db)
2026-05-16 02:41:07,307 [INFO] ApiDb:668 - CubeFinder database Data Model version=2.1
2026-05-16 02:41:07,307 [INFO] ApiDb:669 - CubeFinder database Configuration version=3.0.42
2026-05-16 02:41:07,307 [INFO] ApiDb:670 - CubeFinder database generation date=2026-03-11 (1773229989)
2026-05-16 02:41:07,307 [INFO] ApiDb:671 - CubeFinder database FW Pack versions=[FP-ATR-ASTRA1_V2.0.0, FP-SNS-FLIGHT1_V5.1.0, FP-SNS-MOTENV1_V5.1.0, FP-SNS-MOTENVWB1_V1.5.0, FP-SNS-SMARTAG2_V1.2.0, FP-SNS-STBOX1_V2.1.0, STM32Cube_FW_C0_V1.4.0, STM32Cube_FW_F4_V1.28.3, STM32Cube_FW_F7_V1.17.4, STM32Cube_FW_G0_V1.6.3, STM32Cube_FW_G4_V1.6.2, STM32Cube_FW_H5_V1.6.0, STM32Cube_FW_H7RS_V1.3.0, STM32Cube_FW_H7_V1.13.0, STM32Cube_FW_L0_V1.12.2, STM32Cube_FW_L4_V1.18.2, STM32Cube_FW_L5_V1.6.0, STM32Cube_FW_N6_V1.3.0, STM32Cube_FW_U0_V1.3.0, STM32Cube_FW_U3_V1.3.0, STM32Cube_FW_U5_V1.8.0, STM32Cube_FW_WB0_V1.4.0, STM32Cube_FW_WBA_V1.9.0, STM32Cube_FW_WB_V1.24.0, STM32Cube_FW_WL3_V1.4.0, STM32Cube_FW_WL_V1.5.0, X-CUBE-ALGOBUILD_V1.4.0, X-CUBE-ALS_V1.0.2, X-CUBE-AZRTOS-F4_V1.1.0, X-CUBE-AZRTOS-F7_V1.1.0, X-CUBE-AZRTOS-G0_V1.1.0, X-CUBE-AZRTOS-G4_V2.0.0, X-CUBE-AZRTOS-H7RS_V1.1.0, X-CUBE-AZRTOS-H7_V3.4.0, X-CUBE-AZRTOS-L4_V2.0.0, X-CUBE-AZRTOS-L5_V2.0.0, X-CUBE-AZRTOS-WB_V2.0.0, X-CUBE-AZRTOS-WL_V2.0.0, X-CUBE-BLE1_V7.1.0, X-CUBE-BLE2_V3.3.0, X-CUBE-BLEMGR_V4.1.0, X-CUBE-EEPRMA1_V5.2.0, X-CUBE-FREERTOS_V1.5.0, X-CUBE-GNSS1_V6.0.0, X-CUBE-MEMS1_V12.0.0, X-CUBE-NFC4_V3.0.0, X-CUBE-NFC7_V2.0.0, X-CUBE-SFXS2LP1_V4.0.0, X-CUBE-ST67W61_V1.2.0, X-CUBE-SUBG2_V5.0.0, X-CUBE-TOF1_V3.4.3]
2026-05-16 02:41:07,599 [INFO] DbBoardsSqlite:226 - include board P-NUCLEO-WB55-NUCLEO as a kit item of type 'Nucleo-64'
2026-05-16 02:41:07,600 [INFO] DbBoardsSqlite:226 - include board P-NUCLEO-WB55-USBDONGLE as a kit item of type 'Nucleo USB Dongle'
2026-05-16 02:41:07,603 [INFO] DbBoardsSqlite:226 - include board STEVAL-IDP005V1 as a kit item of type 'Evaluation Board'
2026-05-16 02:41:07,604 [INFO] DbBoardsSqlite:226 - include board STEVAL-IDP005V2 as a kit item of type 'Evaluation Board'
2026-05-16 02:41:08,458 [INFO] ApiDb:240 - Found 880 in-development CPN: [B-G473E-ZEST1S, B-WB1M-WPAN1, B-WBA5M-WPAN, B-WL5M-SUBG1, NUCLEO-C031C6, NUCLEO-C051C8, NUCLEO-C071RB, NUCLEO-C092RC, NUCLEO-H503RB, NUCLEO-H533RE, NUCLEO-H563ZI, NUCLEO-H7S3L8, NUCLEO-N657X0-Q, NUCLEO-U031R8, NUCLEO-U083RC, NUCLEO-U385RG-Q, NUCLEO-U545RE-Q, NUCLEO-U5A5ZJ-Q, NUCLEO-WB05KZ, NUCLEO-WB07CC, NUCLEO-WB09KE, NUCLEO-WBA52CG, NUCLEO-WBA55CG, NUCLEO-WL33CC1, NUCLEO-WL33CC2, STEVAL-PROTEUS1, STEVAL-SMARTAG2, STEVAL-STWINBX1, STM320518-EVAL, STM32C0116-DK, STM32C011D6Y3TR, STM32C011D6Y6TR, STM32C011F4P3, STM32C011F4P6, STM32C011F4U3, STM32C011F4U6TR, STM32C011F6P3, STM32C011F6P6, STM32C011F6U3, STM32C011F6U6TR, STM32C011J4M3, STM32C011J4M6, STM32C011J6M3, STM32C011J6M6, STM32C0316-DK, STM32C031C4T3, STM32C031C4T6, STM32C031C4U3, STM32C031C4U6, STM32C031C6T3, STM32C031C6T6, STM32C031C6U3, STM32C031C6U6, STM32C031F4P3, STM32C031F4P6, STM32C031F6P3, STM32C031F6P6, STM32C031G4U3, STM32C031G4U6, STM32C031G6U3, STM32C031G6U6, STM32C031K4T3, STM32C031K4T6, STM32C031K4U3, STM32C031K4U6, STM32C031K6T3, STM32C031K6T6, STM32C031K6U3, STM32C031K6U6, STM32C051C6T6, STM32C051C6U6, STM32C051C8T6, STM32C051C8U6, STM32C051D8Y6TR, STM32C051F6P6, STM32C051F8P6, STM32C051G6U6, STM32C051G8U6, STM32C051K6T6, STM32C051K6U6, STM32C051K8T6, STM32C071C8T6, STM32C071C8T6N, STM32C071C8U6, STM32C071C8U6N, STM32C071CBT6, STM32C071CBT6N, STM32C071CBU6, STM32C071CBU6N, STM32C071F8P6, STM32C071F8P6N, STM32C071FBP6, STM32C071FBP6N, STM32C071FBY6TR, STM32C071G8U6, STM32C071G8U6N, STM32C071GBU6, STM32C071GBU6N, STM32C071K8T6, STM32C071K8T6N, STM32C071K8U6, STM32C071K8U6N, STM32C071KBT6, STM32C071KBT6N, STM32C071KBU6, STM32C071KBU6N, STM32C071R8T6, STM32C071R8T6N, STM32C071RBI6N, STM32C071RBT6, STM32C071RBT6N, STM32C091CBT6, STM32C091CBU6, STM32C091CCT6, STM32C091CCU6, STM32C091ECY6TR, STM32C091FBP6, STM32C091FCP6, STM32C091GBU6, STM32C091GCU6, STM32C091KBT6, STM32C091KBU6, STM32C091KCT6, STM32C091KCU6, STM32C091RBT6, STM32C091RCI6, STM32C091RCT6, STM32C092CBT6, STM32C092CBU6, STM32C092CCT6, STM32C092CCU6, STM32C092ECY6TR, STM32C092FBP6, STM32C092FCP6, STM32C092GBU6, STM32C092GCU6, STM32C092KBT6, STM32C092KBU6, STM32C092KCT6, STM32C092KCU6, STM32C092RBT6, STM32C092RCI6, STM32C092RCT6, STM32G071K8TXN, STM32G071K8UXN, STM32G081GBU6N, STM32G081KBT6N, STM32G081KBUXN, STM32G0B1CCT6N, STM32G0B1KCT6, STM32G0B1NEY6TR, STM32G0B1RCT6N, STM32G0C1CCT6, STM32G0C1CCT6N, STM32G0C1CCU6N, STM32G0C1CET6N, STM32G0C1CEU6N, STM32G0C1KCT6, STM32G0C1NEY6TR, STM32G0C1RCI6N, STM32G0C1RCT6N, STM32G0C1REI6N, STM32G0C1RET6N, STM32G0C1VCI6, STM32G0C1VEI6, STM32G411C6T3, STM32G411C6T6, STM32G411C6U3, STM32G411C6U6, STM32G411C8T3, STM32G411C8T6, STM32G411C8U3, STM32G411C8U6, STM32G411CBT3, STM32G411CBT6, STM32G411CBU3, STM32G411CBU6, STM32G411K6T3, STM32G411K6T6, STM32G411K6U3, STM32G411K6U6, STM32G411K8T3, STM32G411K8T6, STM32G411K8U3, STM32G411K8U6, STM32G411KBT3, STM32G411KBT6, STM32G411KBU3, STM32G411KBU6, STM32G411M6T3, STM32G411M6T6, STM32G411M8T3, STM32G411M8T6, STM32G411MBT3, STM32G411MBT6, STM32G411R6T3, STM32G411R6T6, STM32G411R8T3, STM32G411R8T6, STM32G411RBT3, STM32G411RBT6, STM32G414CBT3, STM32G414CBT6, STM32G414CBU3, STM32G414CBU6, STM32G414CCT3, STM32G414CCT6, STM32G414CCU3, STM32G414CCU6, STM32G414MBT3, STM32G414MBT6, STM32G414MCT3, STM32G414MCT6, STM32G414RBT3, STM32G414RBT6, STM32G414RCT3, STM32G414RCT6, STM32G414VBT3, STM32G414VBT6, STM32G414VCT3, STM32G414VCT6, STM32G431CBT3Z, STM32G431RBT3Z, STM32G471CCT6, STM32G471CCU6, STM32G471CET3, STM32G471CET6, STM32G471CEU3, STM32G471CEU6, STM32G471MCT6, STM32G471MET3, STM32G471MET6, STM32G471MEY6TR, STM32G471QCT6, STM32G471QET3, STM32G471RCT6, STM32G471RET3, STM32G471RET6, STM32G471VCH6, STM32G471VCI6, STM32G471VCT6, STM32G471VEH3, STM32G471VEH6, STM32G471VEI3, STM32G471VEI6, STM32G471VET3, STM32G471VET6, STM32G473QET3Z, STM32G473RET3Z, STM32G474CCT6, STM32G491RET3Z, STM32H503CBT6, STM32H503CBU6, STM32H503EBY6TR, STM32H503KBU6, STM32H503RBT6, STM32H523CCT6, STM32H523CCU6, STM32H523CET6, STM32H523CEU6, STM32H523HEY6TR, STM32H523RCT6, STM32H523RET6, STM32H523VCI6, STM32H523VCT6, STM32H523VEI6, STM32H523VET6, STM32H523ZCJ6, STM32H523ZCT6, STM32H523ZEJ6, STM32H523ZET6, STM32H533CET6, STM32H533CEU6, STM32H533HEY6TR, STM32H533RET6, STM32H533VEI6, STM32H533VET6, STM32H533ZEJ6, STM32H533ZET6, STM32H562AGI6, STM32H562AII6, STM32H562IGK6, STM32H562IGT6, STM32H562IIK6, STM32H562IIT6, STM32H562RGT6, STM32H562RGV6, STM32H562RIT6, STM32H562RIV6, STM32H562VGT6, STM32H562VIT6, STM32H562ZGT6, STM32H562ZIT6, STM32H563AGI6, STM32H563AII3Q, STM32H563AII6, STM32H563IGK6, STM32H563IGT6, STM32H563IIK3Q, STM32H563IIK6, STM32H563IIT3Q, STM32H563IIT6, STM32H563MIY3QTR, STM32H563RGT6, STM32H563RGV6, STM32H563RIT6, STM32H563RIV6, STM32H563VGT6, STM32H563VIT3Q, STM32H563VIT6, STM32H563ZGT6, STM32H563ZIT3Q, STM32H563ZIT6, STM32H573AII3Q, STM32H573AII6, STM32H573I-DK, STM32H573IIK3Q, STM32H573IIK6, STM32H573IIT3Q, STM32H573IIT6, STM32H573MIY3QTR, STM32H573RIT6, STM32H573RIV6, STM32H573VIT3Q, STM32H573VIT6, STM32H573ZIT3Q, STM32H573ZIT6, STM32H7R3A8I6, STM32H7R3I8K6, STM32H7R3I8T6, STM32H7R3L8H6, STM32H7R3L8H6H, STM32H7R3R8V6, STM32H7R3V8H6, STM32H7R3V8T6, STM32H7R3V8Y6TR, STM32H7R3Z8J6, STM32H7R3Z8T6, STM32H7R7A8I6, STM32H7R7I8K6, STM32H7R7I8T6, STM32H7R7L8H6, STM32H7R7L8H6H, STM32H7R7Z8J6, STM32H7S3A8I6, STM32H7S3I8K6, STM32H7S3I8T6, STM32H7S3L8H6, STM32H7S3L8H6H, STM32H7S3R8V6, STM32H7S3V8H6, STM32H7S3V8T6, STM32H7S3V8Y6TR, STM32H7S3Z8J6, STM32H7S3Z8T6, STM32H7S78-DK, STM32H7S7A8I6, STM32H7S7I8K6, STM32H7S7I8T6, STM32H7S7L8H6, STM32H7S7L8H6H, STM32H7S7Z8J6, STM32L4R5QGI6STR, STM32MP131AAE3, STM32MP131AAF3, STM32MP131AAG3, STM32MP131CAE3, STM32MP131CAF3, STM32MP131CAG3, STM32MP131DAE7, STM32MP131DAF7, STM32MP131DAG7, STM32MP131FAE7, STM32MP131FAF7, STM32MP131FAG7, STM32MP133AAE3, STM32MP133AAF3, STM32MP133AAG3, STM32MP133CAE3, STM32MP133CAF3, STM32MP133CAG3, STM32MP133DAE7, STM32MP133DAF7, STM32MP133DAG7, STM32MP133FAE7, STM32MP133FAF7, STM32MP133FAG7, STM32MP135AAE3, STM32MP135AAF3, STM32MP135AAG3, STM32MP135CAE3, STM32MP135CAF3, STM32MP135CAG3, STM32MP135DAE7, STM32MP135DAF7, STM32MP135DAG7, STM32MP135F-DK, STM32MP135FAE7, STM32MP135FAF7, STM32MP135FAF7T, STM32MP135FAF7U, STM32MP135FAG7, STM32MP211AAL3, STM32MP211AAM3, STM32MP211AAN3, STM32MP211AAO3, STM32MP211CAL3, STM32MP211CAM3, STM32MP211CAN3, STM32MP211CAO3, STM32MP211DAL3, STM32MP211DAM3, STM32MP211DAN3, STM32MP211DAO3, STM32MP211FAL3, STM32MP211FAM3, STM32MP211FAN3, STM32MP211FAO3, STM32MP213AAL3, STM32MP213AAM3, STM32MP213AAN3, STM32MP213AAO3, STM32MP213CAL3, STM32MP213CAM3, STM32MP213CAN3, STM32MP213CAO3, STM32MP213DAL3, STM32MP213DAM3, STM32MP213DAN3, STM32MP213DAO3, STM32MP213FAL3, STM32MP213FAM3, STM32MP213FAN3, STM32MP213FAO3, STM32MP215AAL3, STM32MP215AAM3, STM32MP215AAN3, STM32MP215AAO3, STM32MP215CAL3, STM32MP215CAM3, STM32MP215CAN3, STM32MP215CAO3, STM32MP215DAL3, STM32MP215DAM3, STM32MP215DAN3, STM32MP215DAO3, STM32MP215F-DK, STM32MP215FAL3, STM32MP215FAM3, STM32MP215FAN3, STM32MP215FAO3, STM32MP231AAJ3, STM32MP231AAK3, STM32MP231AAL3, STM32MP231CAJ3, STM32MP231CAK3, STM32MP231CAL3, STM32MP231DAJ3, STM32MP231DAK3, STM32MP231DAL3, STM32MP231FAJ3, STM32MP231FAK3, STM32MP231FAL3, STM32MP233AAJ3, STM32MP233AAK3, STM32MP233AAL3, STM32MP233CAJ3, STM32MP233CAK3, STM32MP233CAL3, STM32MP233DAJ3, STM32MP233DAK3, STM32MP233DAL3, STM32MP233FAJ3, STM32MP233FAK3, STM32MP233FAL3, STM32MP235AAJ3, STM32MP235AAK3, STM32MP235AAL3, STM32MP235CAJ3, STM32MP235CAK3, STM32MP235CAL3, STM32MP235DAJ3, STM32MP235DAK3, STM32MP235DAL3, STM32MP235FAJ3, STM32MP235FAK3, STM32MP235FAL3, STM32MP251AAI3, STM32MP251AAK3, STM32MP251AAL3, STM32MP251CAI3, STM32MP251CAK3, STM32MP251CAL3, STM32MP251DAI3, STM32MP251DAK3, STM32MP251DAL3, STM32MP251FAI3, STM32MP251FAK3, STM32MP251FAL3, STM32MP253AAI3, STM32MP253AAK3, STM32MP253AAL3, STM32MP253CAI3, STM32MP253CAK3, STM32MP253CAL3, STM32MP253DAI3, STM32MP253DAK3, STM32MP253DAL3, STM32MP253FAI3, STM32MP253FAK3, STM32MP253FAL3, STM32MP255AAI3, STM32MP255AAK3, STM32MP255AAL3, STM32MP255CAI3, STM32MP255CAK3, STM32MP255CAL3, STM32MP255DAI3, STM32MP255DAK3, STM32MP255DAL3, STM32MP255FAI3, STM32MP255FAK3, STM32MP255FAL3, STM32MP257AAI3, STM32MP257AAK3, STM32MP257AAL3, STM32MP257CAI3, STM32MP257CAK3, STM32MP257CAL3, STM32MP257DAI3, STM32MP257DAK3, STM32MP257DAL3, STM32MP257F-DK, STM32MP257F-EV1, STM32MP257FAI3, STM32MP257FAK3, STM32MP257FAL3, STM32N645A0H3Q, STM32N645B0H3Q, STM32N645I0H3Q, STM32N645L0H3Q, STM32N645X0H3Q, STM32N645Z0H3Q, STM32N647A0H3Q, STM32N647B0H3Q, STM32N647I0H3Q, STM32N647L0H3Q, STM32N647X0H3Q, STM32N647Z0H3Q, STM32N655A0H3Q, STM32N655B0H3Q, STM32N655I0H3Q, STM32N655L0H3Q, STM32N655X0H3Q, STM32N655Z0H3Q, STM32N6570-DK, STM32N657A0H3Q, STM32N657B0H3Q, STM32N657I0H3Q, STM32N657L0H3Q, STM32N657X0H3Q, STM32N657Z0H3Q, STM32U031C6T6, STM32U031C6U6, STM32U031C8T6, STM32U031C8U6, STM32U031F4P6, STM32U031F6P6, STM32U031F8P6, STM32U031G6Y6TR, STM32U031G8Y6TR, STM32U031K4U6, STM32U031K6U6, STM32U031K8U6, STM32U031R6I6, STM32U031R6T6, STM32U031R8I6, STM32U031R8T6, STM32U073C8T6, STM32U073C8U6, STM32U073CBT6, STM32U073CBU6, STM32U073CCT6, STM32U073CCU6, STM32U073H8Y6TR, STM32U073HBY6TR, STM32U073HCY6TR, STM32U073K8U6, STM32U073KBU6, STM32U073KCU6, STM32U073M8I6, STM32U073M8T6, STM32U073MBI6, STM32U073MBT6, STM32U073MCI6, STM32U073MCT6, STM32U073R8I6, STM32U073R8T6, STM32U073RBI6, STM32U073RBT6, STM32U073RCI6, STM32U073RCT6, STM32U083C-DK, STM32U083CCT6, STM32U083CCU6, STM32U083HCY6TR, STM32U083KCU6, STM32U083MCI6, STM32U083MCT6, STM32U083RCI6, STM32U083RCT6, STM32U375CET6, STM32U375CET6Q, STM32U375CEU6, STM32U375CEU6Q, STM32U375CEY6QTR, STM32U375CGT6, STM32U375CGT6Q, STM32U375CGU6, STM32U375CGU6Q, STM32U375CGY6QTR, STM32U375KEU6, STM32U375KGU6, STM32U375REI6, STM32U375REI6Q, STM32U375RET6, STM32U375RET6Q, STM32U375REY6GTR, STM32U375REY6QTR, STM32U375RGI6, STM32U375RGI6Q, STM32U375RGT6, STM32U375RGT6Q, STM32U375RGY6GTR, STM32U375RGY6QTR, STM32U375VEI6, STM32U375VEI6Q, STM32U375VET6, STM32U375VET6Q, STM32U375VGI6, STM32U375VGI6Q, STM32U375VGT6, STM32U375VGT6Q, STM32U385CGT6, STM32U385CGT6Q, STM32U385CGU6, STM32U385CGU6Q, STM32U385CGY6QTR, STM32U385KGU6, STM32U385RGI6, STM32U385RGI6Q, STM32U385RGT6, STM32U385RGT6Q, STM32U385RGY6GTR, STM32U385RGY6QTR, STM32U385VGI6, STM32U385VGI6Q, STM32U385VGT6, STM32U385VGT6Q, STM32U535CBT6, STM32U535CBT6Q, STM32U535CBU6, STM32U535CBU6Q, STM32U535CCT6, STM32U535CCT6Q, STM32U535CCU6, STM32U535CCU6Q, STM32U535CET6, STM32U535CET6Q, STM32U535CEU6, STM32U535CEU6Q, STM32U535JEY6QTR, STM32U535NCY6QTR, STM32U535NEY6QTR, STM32U535RBI6, STM32U535RBI6Q, STM32U535RBT6, STM32U535RBT6Q, STM32U535RCI6, STM32U535RCI6Q, STM32U535RCT6, STM32U535RCT6Q, STM32U535REI6, STM32U535REI6Q, STM32U535RET6, STM32U535RET6Q, STM32U535VCI6, STM32U535VCI6Q, STM32U535VCT6, STM32U535VCT6Q, STM32U535VEI6, STM32U535VEI6Q, STM32U535VET6, STM32U535VET6Q, STM32U545CET6, STM32U545CET6Q, STM32U545CEU6, STM32U545CEU6Q, STM32U545JEY6QTR, STM32U545NEY6QTR, STM32U545REI6, STM32U545REI6Q, STM32U545RET6, STM32U545RET6Q, STM32U545VEI6, STM32U545VEI6Q, STM32U545VET6, STM32U545VET6Q, STM32U595AIH6, STM32U595AIH6Q, STM32U595AJH6, STM32U595AJH6Q, STM32U595QII6, STM32U595QII6Q, STM32U595QJI6, STM32U595QJI6Q, STM32U595RIT6, STM32U595RIT6Q, STM32U595RJT6, STM32U595RJT6Q, STM32U595VIT6, STM32U595VIT6Q, STM32U595VJT6, STM32U595VJT6Q, STM32U595ZIT6, STM32U595ZIT6Q, STM32U595ZIY6QTR, STM32U595ZJT6, STM32U595ZJT6Q, STM32U595ZJY6QTR, STM32U599BJY6QTR, STM32U599NIH6Q, STM32U599NJH6Q, STM32U599VIT6Q, STM32U599VJT6, STM32U599VJT6Q, STM32U599ZIT6Q, STM32U599ZIY6QTR, STM32U599ZJT6Q, STM32U599ZJY6QTR, STM32U5A5AJH6, STM32U5A5AJH6Q, STM32U5A5QII3Q , STM32U5A5QJI6, STM32U5A5QJI6Q, STM32U5A5RJT6, STM32U5A5RJT6Q, STM32U5A5VJT6, STM32U5A5VJT6Q, STM32U5A5ZJT6, STM32U5A5ZJT6Q, STM32U5A5ZJY6QTR, STM32U5A9BJY6QTR, STM32U5A9J-DK, STM32U5A9NJH6Q, STM32U5A9VJT6Q, STM32U5A9ZJT6Q, STM32U5A9ZJY6QTR, STM32U5F7VIT6, STM32U5F7VIT6Q, STM32U5F7VJT6, STM32U5F7VJT6Q, STM32U5F9BJY6QTR, STM32U5F9NJH6Q, STM32U5F9VIT6Q, STM32U5F9VJT6Q, STM32U5F9ZIJ6QTR, STM32U5F9ZIT6Q, STM32U5F9ZJJ6QTR, STM32U5F9ZJT6Q, STM32U5G7VJT6, STM32U5G7VJT6Q, STM32U5G9BJY6QTR, STM32U5G9J-DK1, STM32U5G9J-DK2, STM32U5G9NJH6Q, STM32U5G9VJT6Q, STM32U5G9ZJJ6QTR, STM32U5G9ZJT6Q, STM32WB05KZV6TR, STM32WB05KZV7TR, STM32WB05TZF6TR, STM32WB05TZF7TR, STM32WB06CCF6TR, STM32WB06CCF7TR, STM32WB06CCV6TR, STM32WB06CCV7TR, STM32WB06KCV6TR, STM32WB06KCV7TR, STM32WB07CCF6TR, STM32WB07CCF7TR, STM32WB07CCV6TR, STM32WB07CCV7TR, STM32WB07KCV6TR, STM32WB07KCV7TR, STM32WB09KEV6TR, STM32WB09KEV7TR, STM32WB09TEF6TR, STM32WB09TEF7TR, STM32WB1MMCH6, STM32WBA50KGU6, STM32WBA50KGU6TR, STM32WBA52CEU6, STM32WBA52CEU6TR, STM32WBA52CEU7, STM32WBA52CEU7TR, STM32WBA52CGU6, STM32WBA52CGU6TR, STM32WBA52CGU6U, STM32WBA52CGU7, STM32WBA52CGU7TR, STM32WBA52KEU6, STM32WBA52KEU6TR, STM32WBA52KGU6, STM32WBA52KGU6TR, STM32WBA54CEU6, STM32WBA54CEU6TR, STM32WBA54CEU7, STM32WBA54CEU7TR, STM32WBA54CGU6, STM32WBA54CGU6TR, STM32WBA54CGU7, STM32WBA54CGU7TR, STM32WBA54KEU6, STM32WBA54KEU6TR, STM32WBA54KEU7, STM32WBA54KEU7TR, STM32WBA54KGU6, STM32WBA54KGU6TR, STM32WBA54KGU7, STM32WBA54KGU7TR, STM32WBA55CEU6, STM32WBA55CEU6TR, STM32WBA55CEU7, STM32WBA55CEU7TR, STM32WBA55CGU6, STM32WBA55CGU6TR, STM32WBA55CGU6U, STM32WBA55CGU7, STM32WBA55CGU7TR, STM32WBA55G-DK1, STM32WBA55HEF6, STM32WBA55HEF7, STM32WBA55HGF6, STM32WBA55HGF7, STM32WBA55UEI6, STM32WBA55UEI6TR, STM32WBA55UEI7, STM32WBA55UEI7TR, STM32WBA55UGI6, STM32WBA55UGI6TR, STM32WBA55UGI7, STM32WBA55UGI7TR, STM32WBA5MMGH6TR, STM32WBA62MGF6, STM32WBA62MIF6, STM32WBA65MGF7, STM32WBA65MIF6, STM32WBA65MIF7, STM32WL30K8V6, STM32WL30KBV6, STM32WL31C8V6, STM32WL31CBV6, STM32WL31K8V6, STM32WL31KBV6, STM32WL33C8V6, STM32WL33C8V6X, STM32WL33CBV6, STM32WL33CBV6X, STM32WL33CCV6, STM32WL33CCV6A, STM32WL33CCV6X, STM32WL33K8V7, STM32WL33K8V7X, STM32WL33KBV7 , STM32WL33KBV7X, STM32WL33KCV7, STM32WL33KCV7X, STM32WL5MOCH6, STM32WL5MOCH6TR]
2026-05-16 02:41:08,462 [INFO] ApiDb:668 - CubeFinder database Data Model version=2.1
2026-05-16 02:41:08,462 [INFO] ApiDb:669 - CubeFinder database Configuration version=3.0.42
2026-05-16 02:41:08,462 [INFO] ApiDb:670 - CubeFinder database generation date=2026-03-11 (1773229989)
2026-05-16 02:41:08,462 [INFO] ApiDb:671 - CubeFinder database FW Pack versions=[FP-ATR-ASTRA1_V2.0.0, FP-SNS-FLIGHT1_V5.1.0, FP-SNS-MOTENV1_V5.1.0, FP-SNS-MOTENVWB1_V1.5.0, FP-SNS-SMARTAG2_V1.2.0, FP-SNS-STBOX1_V2.1.0, STM32Cube_FW_C0_V1.4.0, STM32Cube_FW_F4_V1.28.3, STM32Cube_FW_F7_V1.17.4, STM32Cube_FW_G0_V1.6.3, STM32Cube_FW_G4_V1.6.2, STM32Cube_FW_H5_V1.6.0, STM32Cube_FW_H7RS_V1.3.0, STM32Cube_FW_H7_V1.13.0, STM32Cube_FW_L0_V1.12.2, STM32Cube_FW_L4_V1.18.2, STM32Cube_FW_L5_V1.6.0, STM32Cube_FW_N6_V1.3.0, STM32Cube_FW_U0_V1.3.0, STM32Cube_FW_U3_V1.3.0, STM32Cube_FW_U5_V1.8.0, STM32Cube_FW_WB0_V1.4.0, STM32Cube_FW_WBA_V1.9.0, STM32Cube_FW_WB_V1.24.0, STM32Cube_FW_WL3_V1.4.0, STM32Cube_FW_WL_V1.5.0, X-CUBE-ALGOBUILD_V1.4.0, X-CUBE-ALS_V1.0.2, X-CUBE-AZRTOS-F4_V1.1.0, X-CUBE-AZRTOS-F7_V1.1.0, X-CUBE-AZRTOS-G0_V1.1.0, X-CUBE-AZRTOS-G4_V2.0.0, X-CUBE-AZRTOS-H7RS_V1.1.0, X-CUBE-AZRTOS-H7_V3.4.0, X-CUBE-AZRTOS-L4_V2.0.0, X-CUBE-AZRTOS-L5_V2.0.0, X-CUBE-AZRTOS-WB_V2.0.0, X-CUBE-AZRTOS-WL_V2.0.0, X-CUBE-BLE1_V7.1.0, X-CUBE-BLE2_V3.3.0, X-CUBE-BLEMGR_V4.1.0, X-CUBE-EEPRMA1_V5.2.0, X-CUBE-FREERTOS_V1.5.0, X-CUBE-GNSS1_V6.0.0, X-CUBE-MEMS1_V12.0.0, X-CUBE-NFC4_V3.0.0, X-CUBE-NFC7_V2.0.0, X-CUBE-SFXS2LP1_V4.0.0, X-CUBE-ST67W61_V1.2.0, X-CUBE-SUBG2_V5.0.0, X-CUBE-TOF1_V3.4.3]
2026-05-16 02:41:11,239 [INFO] ApiDb:240 - Found 880 in-development CPN: [B-G473E-ZEST1S, B-WB1M-WPAN1, B-WBA5M-WPAN, B-WL5M-SUBG1, NUCLEO-C031C6, NUCLEO-C051C8, NUCLEO-C071RB, NUCLEO-C092RC, NUCLEO-H503RB, NUCLEO-H533RE, NUCLEO-H563ZI, NUCLEO-H7S3L8, NUCLEO-N657X0-Q, NUCLEO-U031R8, NUCLEO-U083RC, NUCLEO-U385RG-Q, NUCLEO-U545RE-Q, NUCLEO-U5A5ZJ-Q, NUCLEO-WB05KZ, NUCLEO-WB07CC, NUCLEO-WB09KE, NUCLEO-WBA52CG, NUCLEO-WBA55CG, NUCLEO-WL33CC1, NUCLEO-WL33CC2, STEVAL-PROTEUS1, STEVAL-SMARTAG2, STEVAL-STWINBX1, STM320518-EVAL, STM32C0116-DK, STM32C011D6Y3TR, STM32C011D6Y6TR, STM32C011F4P3, STM32C011F4P6, STM32C011F4U3, STM32C011F4U6TR, STM32C011F6P3, STM32C011F6P6, STM32C011F6U3, STM32C011F6U6TR, STM32C011J4M3, STM32C011J4M6, STM32C011J6M3, STM32C011J6M6, STM32C0316-DK, STM32C031C4T3, STM32C031C4T6, STM32C031C4U3, STM32C031C4U6, STM32C031C6T3, STM32C031C6T6, STM32C031C6U3, STM32C031C6U6, STM32C031F4P3, STM32C031F4P6, STM32C031F6P3, STM32C031F6P6, STM32C031G4U3, STM32C031G4U6, STM32C031G6U3, STM32C031G6U6, STM32C031K4T3, STM32C031K4T6, STM32C031K4U3, STM32C031K4U6, STM32C031K6T3, STM32C031K6T6, STM32C031K6U3, STM32C031K6U6, STM32C051C6T6, STM32C051C6U6, STM32C051C8T6, STM32C051C8U6, STM32C051D8Y6TR, STM32C051F6P6, STM32C051F8P6, STM32C051G6U6, STM32C051G8U6, STM32C051K6T6, STM32C051K6U6, STM32C051K8T6, STM32C071C8T6, STM32C071C8T6N, STM32C071C8U6, STM32C071C8U6N, STM32C071CBT6, STM32C071CBT6N, STM32C071CBU6, STM32C071CBU6N, STM32C071F8P6, STM32C071F8P6N, STM32C071FBP6, STM32C071FBP6N, STM32C071FBY6TR, STM32C071G8U6, STM32C071G8U6N, STM32C071GBU6, STM32C071GBU6N, STM32C071K8T6, STM32C071K8T6N, STM32C071K8U6, STM32C071K8U6N, STM32C071KBT6, STM32C071KBT6N, STM32C071KBU6, STM32C071KBU6N, STM32C071R8T6, STM32C071R8T6N, STM32C071RBI6N, STM32C071RBT6, STM32C071RBT6N, STM32C091CBT6, STM32C091CBU6, STM32C091CCT6, STM32C091CCU6, STM32C091ECY6TR, STM32C091FBP6, STM32C091FCP6, STM32C091GBU6, STM32C091GCU6, STM32C091KBT6, STM32C091KBU6, STM32C091KCT6, STM32C091KCU6, STM32C091RBT6, STM32C091RCI6, STM32C091RCT6, STM32C092CBT6, STM32C092CBU6, STM32C092CCT6, STM32C092CCU6, STM32C092ECY6TR, STM32C092FBP6, STM32C092FCP6, STM32C092GBU6, STM32C092GCU6, STM32C092KBT6, STM32C092KBU6, STM32C092KCT6, STM32C092KCU6, STM32C092RBT6, STM32C092RCI6, STM32C092RCT6, STM32G071K8TXN, STM32G071K8UXN, STM32G081GBU6N, STM32G081KBT6N, STM32G081KBUXN, STM32G0B1CCT6N, STM32G0B1KCT6, STM32G0B1NEY6TR, STM32G0B1RCT6N, STM32G0C1CCT6, STM32G0C1CCT6N, STM32G0C1CCU6N, STM32G0C1CET6N, STM32G0C1CEU6N, STM32G0C1KCT6, STM32G0C1NEY6TR, STM32G0C1RCI6N, STM32G0C1RCT6N, STM32G0C1REI6N, STM32G0C1RET6N, STM32G0C1VCI6, STM32G0C1VEI6, STM32G411C6T3, STM32G411C6T6, STM32G411C6U3, STM32G411C6U6, STM32G411C8T3, STM32G411C8T6, STM32G411C8U3, STM32G411C8U6, STM32G411CBT3, STM32G411CBT6, STM32G411CBU3, STM32G411CBU6, STM32G411K6T3, STM32G411K6T6, STM32G411K6U3, STM32G411K6U6, STM32G411K8T3, STM32G411K8T6, STM32G411K8U3, STM32G411K8U6, STM32G411KBT3, STM32G411KBT6, STM32G411KBU3, STM32G411KBU6, STM32G411M6T3, STM32G411M6T6, STM32G411M8T3, STM32G411M8T6, STM32G411MBT3, STM32G411MBT6, STM32G411R6T3, STM32G411R6T6, STM32G411R8T3, STM32G411R8T6, STM32G411RBT3, STM32G411RBT6, STM32G414CBT3, STM32G414CBT6, STM32G414CBU3, STM32G414CBU6, STM32G414CCT3, STM32G414CCT6, STM32G414CCU3, STM32G414CCU6, STM32G414MBT3, STM32G414MBT6, STM32G414MCT3, STM32G414MCT6, STM32G414RBT3, STM32G414RBT6, STM32G414RCT3, STM32G414RCT6, STM32G414VBT3, STM32G414VBT6, STM32G414VCT3, STM32G414VCT6, STM32G431CBT3Z, STM32G431RBT3Z, STM32G471CCT6, STM32G471CCU6, STM32G471CET3, STM32G471CET6, STM32G471CEU3, STM32G471CEU6, STM32G471MCT6, STM32G471MET3, STM32G471MET6, STM32G471MEY6TR, STM32G471QCT6, STM32G471QET3, STM32G471RCT6, STM32G471RET3, STM32G471RET6, STM32G471VCH6, STM32G471VCI6, STM32G471VCT6, STM32G471VEH3, STM32G471VEH6, STM32G471VEI3, STM32G471VEI6, STM32G471VET3, STM32G471VET6, STM32G473QET3Z, STM32G473RET3Z, STM32G474CCT6, STM32G491RET3Z, STM32H503CBT6, STM32H503CBU6, STM32H503EBY6TR, STM32H503KBU6, STM32H503RBT6, STM32H523CCT6, STM32H523CCU6, STM32H523CET6, STM32H523CEU6, STM32H523HEY6TR, STM32H523RCT6, STM32H523RET6, STM32H523VCI6, STM32H523VCT6, STM32H523VEI6, STM32H523VET6, STM32H523ZCJ6, STM32H523ZCT6, STM32H523ZEJ6, STM32H523ZET6, STM32H533CET6, STM32H533CEU6, STM32H533HEY6TR, STM32H533RET6, STM32H533VEI6, STM32H533VET6, STM32H533ZEJ6, STM32H533ZET6, STM32H562AGI6, STM32H562AII6, STM32H562IGK6, STM32H562IGT6, STM32H562IIK6, STM32H562IIT6, STM32H562RGT6, STM32H562RGV6, STM32H562RIT6, STM32H562RIV6, STM32H562VGT6, STM32H562VIT6, STM32H562ZGT6, STM32H562ZIT6, STM32H563AGI6, STM32H563AII3Q, STM32H563AII6, STM32H563IGK6, STM32H563IGT6, STM32H563IIK3Q, STM32H563IIK6, STM32H563IIT3Q, STM32H563IIT6, STM32H563MIY3QTR, STM32H563RGT6, STM32H563RGV6, STM32H563RIT6, STM32H563RIV6, STM32H563VGT6, STM32H563VIT3Q, STM32H563VIT6, STM32H563ZGT6, STM32H563ZIT3Q, STM32H563ZIT6, STM32H573AII3Q, STM32H573AII6, STM32H573I-DK, STM32H573IIK3Q, STM32H573IIK6, STM32H573IIT3Q, STM32H573IIT6, STM32H573MIY3QTR, STM32H573RIT6, STM32H573RIV6, STM32H573VIT3Q, STM32H573VIT6, STM32H573ZIT3Q, STM32H573ZIT6, STM32H7R3A8I6, STM32H7R3I8K6, STM32H7R3I8T6, STM32H7R3L8H6, STM32H7R3L8H6H, STM32H7R3R8V6, STM32H7R3V8H6, STM32H7R3V8T6, STM32H7R3V8Y6TR, STM32H7R3Z8J6, STM32H7R3Z8T6, STM32H7R7A8I6, STM32H7R7I8K6, STM32H7R7I8T6, STM32H7R7L8H6, STM32H7R7L8H6H, STM32H7R7Z8J6, STM32H7S3A8I6, STM32H7S3I8K6, STM32H7S3I8T6, STM32H7S3L8H6, STM32H7S3L8H6H, STM32H7S3R8V6, STM32H7S3V8H6, STM32H7S3V8T6, STM32H7S3V8Y6TR, STM32H7S3Z8J6, STM32H7S3Z8T6, STM32H7S78-DK, STM32H7S7A8I6, STM32H7S7I8K6, STM32H7S7I8T6, STM32H7S7L8H6, STM32H7S7L8H6H, STM32H7S7Z8J6, STM32L4R5QGI6STR, STM32MP131AAE3, STM32MP131AAF3, STM32MP131AAG3, STM32MP131CAE3, STM32MP131CAF3, STM32MP131CAG3, STM32MP131DAE7, STM32MP131DAF7, STM32MP131DAG7, STM32MP131FAE7, STM32MP131FAF7, STM32MP131FAG7, STM32MP133AAE3, STM32MP133AAF3, STM32MP133AAG3, STM32MP133CAE3, STM32MP133CAF3, STM32MP133CAG3, STM32MP133DAE7, STM32MP133DAF7, STM32MP133DAG7, STM32MP133FAE7, STM32MP133FAF7, STM32MP133FAG7, STM32MP135AAE3, STM32MP135AAF3, STM32MP135AAG3, STM32MP135CAE3, STM32MP135CAF3, STM32MP135CAG3, STM32MP135DAE7, STM32MP135DAF7, STM32MP135DAG7, STM32MP135F-DK, STM32MP135FAE7, STM32MP135FAF7, STM32MP135FAF7T, STM32MP135FAF7U, STM32MP135FAG7, STM32MP211AAL3, STM32MP211AAM3, STM32MP211AAN3, STM32MP211AAO3, STM32MP211CAL3, STM32MP211CAM3, STM32MP211CAN3, STM32MP211CAO3, STM32MP211DAL3, STM32MP211DAM3, STM32MP211DAN3, STM32MP211DAO3, STM32MP211FAL3, STM32MP211FAM3, STM32MP211FAN3, STM32MP211FAO3, STM32MP213AAL3, STM32MP213AAM3, STM32MP213AAN3, STM32MP213AAO3, STM32MP213CAL3, STM32MP213CAM3, STM32MP213CAN3, STM32MP213CAO3, STM32MP213DAL3, STM32MP213DAM3, STM32MP213DAN3, STM32MP213DAO3, STM32MP213FAL3, STM32MP213FAM3, STM32MP213FAN3, STM32MP213FAO3, STM32MP215AAL3, STM32MP215AAM3, STM32MP215AAN3, STM32MP215AAO3, STM32MP215CAL3, STM32MP215CAM3, STM32MP215CAN3, STM32MP215CAO3, STM32MP215DAL3, STM32MP215DAM3, STM32MP215DAN3, STM32MP215DAO3, STM32MP215F-DK, STM32MP215FAL3, STM32MP215FAM3, STM32MP215FAN3, STM32MP215FAO3, STM32MP231AAJ3, STM32MP231AAK3, STM32MP231AAL3, STM32MP231CAJ3, STM32MP231CAK3, STM32MP231CAL3, STM32MP231DAJ3, STM32MP231DAK3, STM32MP231DAL3, STM32MP231FAJ3, STM32MP231FAK3, STM32MP231FAL3, STM32MP233AAJ3, STM32MP233AAK3, STM32MP233AAL3, STM32MP233CAJ3, STM32MP233CAK3, STM32MP233CAL3, STM32MP233DAJ3, STM32MP233DAK3, STM32MP233DAL3, STM32MP233FAJ3, STM32MP233FAK3, STM32MP233FAL3, STM32MP235AAJ3, STM32MP235AAK3, STM32MP235AAL3, STM32MP235CAJ3, STM32MP235CAK3, STM32MP235CAL3, STM32MP235DAJ3, STM32MP235DAK3, STM32MP235DAL3, STM32MP235FAJ3, STM32MP235FAK3, STM32MP235FAL3, STM32MP251AAI3, STM32MP251AAK3, STM32MP251AAL3, STM32MP251CAI3, STM32MP251CAK3, STM32MP251CAL3, STM32MP251DAI3, STM32MP251DAK3, STM32MP251DAL3, STM32MP251FAI3, STM32MP251FAK3, STM32MP251FAL3, STM32MP253AAI3, STM32MP253AAK3, STM32MP253AAL3, STM32MP253CAI3, STM32MP253CAK3, STM32MP253CAL3, STM32MP253DAI3, STM32MP253DAK3, STM32MP253DAL3, STM32MP253FAI3, STM32MP253FAK3, STM32MP253FAL3, STM32MP255AAI3, STM32MP255AAK3, STM32MP255AAL3, STM32MP255CAI3, STM32MP255CAK3, STM32MP255CAL3, STM32MP255DAI3, STM32MP255DAK3, STM32MP255DAL3, STM32MP255FAI3, STM32MP255FAK3, STM32MP255FAL3, STM32MP257AAI3, STM32MP257AAK3, STM32MP257AAL3, STM32MP257CAI3, STM32MP257CAK3, STM32MP257CAL3, STM32MP257DAI3, STM32MP257DAK3, STM32MP257DAL3, STM32MP257F-DK, STM32MP257F-EV1, STM32MP257FAI3, STM32MP257FAK3, STM32MP257FAL3, STM32N645A0H3Q, STM32N645B0H3Q, STM32N645I0H3Q, STM32N645L0H3Q, STM32N645X0H3Q, STM32N645Z0H3Q, STM32N647A0H3Q, STM32N647B0H3Q, STM32N647I0H3Q, STM32N647L0H3Q, STM32N647X0H3Q, STM32N647Z0H3Q, STM32N655A0H3Q, STM32N655B0H3Q, STM32N655I0H3Q, STM32N655L0H3Q, STM32N655X0H3Q, STM32N655Z0H3Q, STM32N6570-DK, STM32N657A0H3Q, STM32N657B0H3Q, STM32N657I0H3Q, STM32N657L0H3Q, STM32N657X0H3Q, STM32N657Z0H3Q, STM32U031C6T6, STM32U031C6U6, STM32U031C8T6, STM32U031C8U6, STM32U031F4P6, STM32U031F6P6, STM32U031F8P6, STM32U031G6Y6TR, STM32U031G8Y6TR, STM32U031K4U6, STM32U031K6U6, STM32U031K8U6, STM32U031R6I6, STM32U031R6T6, STM32U031R8I6, STM32U031R8T6, STM32U073C8T6, STM32U073C8U6, STM32U073CBT6, STM32U073CBU6, STM32U073CCT6, STM32U073CCU6, STM32U073H8Y6TR, STM32U073HBY6TR, STM32U073HCY6TR, STM32U073K8U6, STM32U073KBU6, STM32U073KCU6, STM32U073M8I6, STM32U073M8T6, STM32U073MBI6, STM32U073MBT6, STM32U073MCI6, STM32U073MCT6, STM32U073R8I6, STM32U073R8T6, STM32U073RBI6, STM32U073RBT6, STM32U073RCI6, STM32U073RCT6, STM32U083C-DK, STM32U083CCT6, STM32U083CCU6, STM32U083HCY6TR, STM32U083KCU6, STM32U083MCI6, STM32U083MCT6, STM32U083RCI6, STM32U083RCT6, STM32U375CET6, STM32U375CET6Q, STM32U375CEU6, STM32U375CEU6Q, STM32U375CEY6QTR, STM32U375CGT6, STM32U375CGT6Q, STM32U375CGU6, STM32U375CGU6Q, STM32U375CGY6QTR, STM32U375KEU6, STM32U375KGU6, STM32U375REI6, STM32U375REI6Q, STM32U375RET6, STM32U375RET6Q, STM32U375REY6GTR, STM32U375REY6QTR, STM32U375RGI6, STM32U375RGI6Q, STM32U375RGT6, STM32U375RGT6Q, STM32U375RGY6GTR, STM32U375RGY6QTR, STM32U375VEI6, STM32U375VEI6Q, STM32U375VET6, STM32U375VET6Q, STM32U375VGI6, STM32U375VGI6Q, STM32U375VGT6, STM32U375VGT6Q, STM32U385CGT6, STM32U385CGT6Q, STM32U385CGU6, STM32U385CGU6Q, STM32U385CGY6QTR, STM32U385KGU6, STM32U385RGI6, STM32U385RGI6Q, STM32U385RGT6, STM32U385RGT6Q, STM32U385RGY6GTR, STM32U385RGY6QTR, STM32U385VGI6, STM32U385VGI6Q, STM32U385VGT6, STM32U385VGT6Q, STM32U535CBT6, STM32U535CBT6Q, STM32U535CBU6, STM32U535CBU6Q, STM32U535CCT6, STM32U535CCT6Q, STM32U535CCU6, STM32U535CCU6Q, STM32U535CET6, STM32U535CET6Q, STM32U535CEU6, STM32U535CEU6Q, STM32U535JEY6QTR, STM32U535NCY6QTR, STM32U535NEY6QTR, STM32U535RBI6, STM32U535RBI6Q, STM32U535RBT6, STM32U535RBT6Q, STM32U535RCI6, STM32U535RCI6Q, STM32U535RCT6, STM32U535RCT6Q, STM32U535REI6, STM32U535REI6Q, STM32U535RET6, STM32U535RET6Q, STM32U535VCI6, STM32U535VCI6Q, STM32U535VCT6, STM32U535VCT6Q, STM32U535VEI6, STM32U535VEI6Q, STM32U535VET6, STM32U535VET6Q, STM32U545CET6, STM32U545CET6Q, STM32U545CEU6, STM32U545CEU6Q, STM32U545JEY6QTR, STM32U545NEY6QTR, STM32U545REI6, STM32U545REI6Q, STM32U545RET6, STM32U545RET6Q, STM32U545VEI6, STM32U545VEI6Q, STM32U545VET6, STM32U545VET6Q, STM32U595AIH6, STM32U595AIH6Q, STM32U595AJH6, STM32U595AJH6Q, STM32U595QII6, STM32U595QII6Q, STM32U595QJI6, STM32U595QJI6Q, STM32U595RIT6, STM32U595RIT6Q, STM32U595RJT6, STM32U595RJT6Q, STM32U595VIT6, STM32U595VIT6Q, STM32U595VJT6, STM32U595VJT6Q, STM32U595ZIT6, STM32U595ZIT6Q, STM32U595ZIY6QTR, STM32U595ZJT6, STM32U595ZJT6Q, STM32U595ZJY6QTR, STM32U599BJY6QTR, STM32U599NIH6Q, STM32U599NJH6Q, STM32U599VIT6Q, STM32U599VJT6, STM32U599VJT6Q, STM32U599ZIT6Q, STM32U599ZIY6QTR, STM32U599ZJT6Q, STM32U599ZJY6QTR, STM32U5A5AJH6, STM32U5A5AJH6Q, STM32U5A5QII3Q , STM32U5A5QJI6, STM32U5A5QJI6Q, STM32U5A5RJT6, STM32U5A5RJT6Q, STM32U5A5VJT6, STM32U5A5VJT6Q, STM32U5A5ZJT6, STM32U5A5ZJT6Q, STM32U5A5ZJY6QTR, STM32U5A9BJY6QTR, STM32U5A9J-DK, STM32U5A9NJH6Q, STM32U5A9VJT6Q, STM32U5A9ZJT6Q, STM32U5A9ZJY6QTR, STM32U5F7VIT6, STM32U5F7VIT6Q, STM32U5F7VJT6, STM32U5F7VJT6Q, STM32U5F9BJY6QTR, STM32U5F9NJH6Q, STM32U5F9VIT6Q, STM32U5F9VJT6Q, STM32U5F9ZIJ6QTR, STM32U5F9ZIT6Q, STM32U5F9ZJJ6QTR, STM32U5F9ZJT6Q, STM32U5G7VJT6, STM32U5G7VJT6Q, STM32U5G9BJY6QTR, STM32U5G9J-DK1, STM32U5G9J-DK2, STM32U5G9NJH6Q, STM32U5G9VJT6Q, STM32U5G9ZJJ6QTR, STM32U5G9ZJT6Q, STM32WB05KZV6TR, STM32WB05KZV7TR, STM32WB05TZF6TR, STM32WB05TZF7TR, STM32WB06CCF6TR, STM32WB06CCF7TR, STM32WB06CCV6TR, STM32WB06CCV7TR, STM32WB06KCV6TR, STM32WB06KCV7TR, STM32WB07CCF6TR, STM32WB07CCF7TR, STM32WB07CCV6TR, STM32WB07CCV7TR, STM32WB07KCV6TR, STM32WB07KCV7TR, STM32WB09KEV6TR, STM32WB09KEV7TR, STM32WB09TEF6TR, STM32WB09TEF7TR, STM32WB1MMCH6, STM32WBA50KGU6, STM32WBA50KGU6TR, STM32WBA52CEU6, STM32WBA52CEU6TR, STM32WBA52CEU7, STM32WBA52CEU7TR, STM32WBA52CGU6, STM32WBA52CGU6TR, STM32WBA52CGU6U, STM32WBA52CGU7, STM32WBA52CGU7TR, STM32WBA52KEU6, STM32WBA52KEU6TR, STM32WBA52KGU6, STM32WBA52KGU6TR, STM32WBA54CEU6, STM32WBA54CEU6TR, STM32WBA54CEU7, STM32WBA54CEU7TR, STM32WBA54CGU6, STM32WBA54CGU6TR, STM32WBA54CGU7, STM32WBA54CGU7TR, STM32WBA54KEU6, STM32WBA54KEU6TR, STM32WBA54KEU7, STM32WBA54KEU7TR, STM32WBA54KGU6, STM32WBA54KGU6TR, STM32WBA54KGU7, STM32WBA54KGU7TR, STM32WBA55CEU6, STM32WBA55CEU6TR, STM32WBA55CEU7, STM32WBA55CEU7TR, STM32WBA55CGU6, STM32WBA55CGU6TR, STM32WBA55CGU6U, STM32WBA55CGU7, STM32WBA55CGU7TR, STM32WBA55G-DK1, STM32WBA55HEF6, STM32WBA55HEF7, STM32WBA55HGF6, STM32WBA55HGF7, STM32WBA55UEI6, STM32WBA55UEI6TR, STM32WBA55UEI7, STM32WBA55UEI7TR, STM32WBA55UGI6, STM32WBA55UGI6TR, STM32WBA55UGI7, STM32WBA55UGI7TR, STM32WBA5MMGH6TR, STM32WBA62MGF6, STM32WBA62MIF6, STM32WBA65MGF7, STM32WBA65MIF6, STM32WBA65MIF7, STM32WL30K8V6, STM32WL30KBV6, STM32WL31C8V6, STM32WL31CBV6, STM32WL31K8V6, STM32WL31KBV6, STM32WL33C8V6, STM32WL33C8V6X, STM32WL33CBV6, STM32WL33CBV6X, STM32WL33CCV6, STM32WL33CCV6A, STM32WL33CCV6X, STM32WL33K8V7, STM32WL33K8V7X, STM32WL33KBV7 , STM32WL33KBV7X, STM32WL33KCV7, STM32WL33KCV7X, STM32WL5MOCH6, STM32WL5MOCH6TR]
2026-05-16 02:41:11,244 [INFO] DbMcus:218 - Found 5055 MCUs, 4968 are supported
2026-05-16 02:41:11,246 [INFO] ApiDb:423 - Load user favorites file /Users/admin/.stm32cubeide/favorites.mcus.txt: 0 item(s)
2026-05-16 02:41:11,246 [INFO] ApiDb:427 - User favorites MCUs=[]
2026-05-16 02:41:11,246 [INFO] DbMcus:224 - Set 0 / 0 favorites MCUs
2026-05-16 02:41:12,168 [INFO] BoardInfo:889 - No configuration file found for board NUCLEO-H5E5ZJ
2026-05-16 02:41:12,169 [INFO] DbBoards:161 - Board is not supported: NUCLEO-H5E5ZJ
2026-05-16 02:41:12,268 [INFO] BoardInfo:889 - No configuration file found for board NUCLEO-U3C5ZI-Q
2026-05-16 02:41:12,268 [INFO] DbBoards:161 - Board is not supported: NUCLEO-U3C5ZI-Q
2026-05-16 02:41:12,300 [INFO] BoardInfo:889 - No configuration file found for board NUCLEO-WBA25CE1
2026-05-16 02:41:12,301 [INFO] DbBoards:161 - Board is not supported: NUCLEO-WBA25CE1
2026-05-16 02:41:12,318 [INFO] BoardInfo:889 - No configuration file found for board NUCLEO-WL3RKB1
2026-05-16 02:41:12,319 [INFO] DbBoards:161 - Board is not supported: NUCLEO-WL3RKB1
2026-05-16 02:41:12,321 [INFO] BoardInfo:889 - No configuration file found for board NUCLEO-WL3RKB2
2026-05-16 02:41:12,322 [INFO] DbBoards:161 - Board is not supported: NUCLEO-WL3RKB2
2026-05-16 02:41:12,337 [INFO] BoardInfo:889 - No configuration file found for board P-NUCLEO-WB55
2026-05-16 02:41:12,338 [INFO] DbBoards:161 - Kit is not supported: P-NUCLEO-WB55
2026-05-16 02:41:12,347 [INFO] BoardInfo:889 - No configuration file found for board STEVAL-BFA001V1B
2026-05-16 02:41:12,348 [INFO] DbBoards:161 - Kit is not supported: STEVAL-BFA001V1B
2026-05-16 02:41:12,349 [INFO] BoardInfo:889 - No configuration file found for board STEVAL-BFA001V2B
2026-05-16 02:41:12,350 [INFO] DbBoards:161 - Kit is not supported: STEVAL-BFA001V2B
2026-05-16 02:41:12,513 [INFO] BoardInfo:889 - No configuration file found for board STM32H5F5J-DK
2026-05-16 02:41:12,513 [INFO] DbBoards:161 - Board is not supported: STM32H5F5J-DK
2026-05-16 02:41:12,595 [INFO] DbBoards:168 - Found 218 boards, 209 are supported
2026-05-16 02:41:12,595 [INFO] DbBoards:169 - Found 218 boards, 43 of them is supported for  Bsp
2026-05-16 02:41:12,601 [INFO] ApiDb:423 - Load user favorites file /Users/admin/.stm32cubeide/favorites.boards.txt: 0 item(s)
2026-05-16 02:41:12,601 [INFO] ApiDb:427 - User favorites Boards=[]
2026-05-16 02:41:12,601 [INFO] DbBoards:198 - Set 0 / 0 favorites Boards
2026-05-16 02:41:12,658 [INFO] UtilMem:75 - End LoadConfig() Used Memory: 768283736 Bytes (1073741824)
2026-05-16 02:41:12,923 [WARN] ThirdParty:833 - waiting for thirdparty lock release [change project]
2026-05-16 02:41:12,923 [INFO] ThirdParty:835 - entering critical section [change project]
2026-05-16 02:41:12,923 [INFO] ThirdParty:1030 - CMSIS Pack Vendor :STMicroelectronics X-CUBE-AZRTOS-H7 3.5.0
2026-05-16 02:41:12,923 [INFO] ThirdParty:1030 - CMSIS Pack Vendor :STMicroelectronics X-CUBE-PM33A1 1.0.0
2026-05-16 02:41:12,923 [INFO] ThirdParty:1030 - CMSIS Pack Vendor :STMicroelectronics USBPD 4.1
2026-05-16 02:41:12,923 [INFO] ThirdParty:1030 - CMSIS Pack Vendor :STMicroelectronics X-CUBE-GNSS1 6.0.0
2026-05-16 02:41:12,923 [INFO] ThirdParty:1030 - CMSIS Pack Vendor :STMicroelectronics USB_HOST 2.0.0
2026-05-16 02:41:12,923 [INFO] ThirdParty:1030 - CMSIS Pack Vendor :STMicroelectronics FP-SNS-MOTENVWB1 1.4.0
2026-05-16 02:41:12,923 [INFO] ThirdParty:1030 - CMSIS Pack Vendor :STMicroelectronics X-CUBE-AZRTOS-F4 1.1.0
2026-05-16 02:41:12,924 [INFO] ThirdParty:1030 - CMSIS Pack Vendor :STMicroelectronics LIBJPEG 8.0.0
2026-05-16 02:41:12,924 [INFO] ThirdParty:1030 - CMSIS Pack Vendor :STMicroelectronics FP-ATR-ASTRA1 2.0.2
2026-05-16 02:41:12,924 [INFO] ThirdParty:1030 - CMSIS Pack Vendor :STMicroelectronics FP-ATR-ASTRA1 2.0.1
2026-05-16 02:41:12,924 [INFO] ThirdParty:1030 - CMSIS Pack Vendor :Avnet-IotConnect X-CUBE-IoTC-DA16k-PMOD 1.0.0
2026-05-16 02:41:12,924 [INFO] ThirdParty:1030 - CMSIS Pack Vendor :STMicroelectronics X-CUBE-SMBUS 2.1.0
2026-05-16 02:41:12,924 [INFO] ThirdParty:1030 - CMSIS Pack Vendor :STMicroelectronics X-CUBE-WB05N 1.1.0
2026-05-16 02:41:12,924 [INFO] ThirdParty:1030 - CMSIS Pack Vendor :STMicroelectronics X-CUBE-ISPU 2.1.0
2026-05-16 02:41:12,924 [INFO] ThirdParty:1030 - CMSIS Pack Vendor :STMicroelectronics X-CUBE-IPS 3.2.0
2026-05-16 02:41:12,924 [INFO] ThirdParty:1030 - CMSIS Pack Vendor :STMicroelectronics eDS-WB_DPC_TT-BIDIR 2.1.1
2026-05-16 02:41:12,924 [INFO] ThirdParty:1030 - CMSIS Pack Vendor :STMicroelectronics X-CUBE-FREERTOS 1.2.0
2026-05-16 02:41:12,924 [INFO] ThirdParty:1030 - CMSIS Pack Vendor :STMicroelectronics X-CUBE-ST60 1.0.0
2026-05-16 02:41:12,924 [INFO] ThirdParty:1030 - CMSIS Pack Vendor :STMicroelectronics X-CUBE-NFC12 1.0.0
2026-05-16 02:41:12,924 [INFO] ThirdParty:1030 - CMSIS Pack Vendor :STMicroelectronics X-CUBE-TOUCHGFX 4.23.2
2026-05-16 02:41:12,924 [INFO] ThirdParty:1030 - CMSIS Pack Vendor :STMicroelectronics X-CUBE-AZRTOS-F7 1.1.0
2026-05-16 02:41:12,924 [INFO] ThirdParty:1030 - CMSIS Pack Vendor :STMicroelectronics X-CUBE-AZRTOS-L5 2.0.0
2026-05-16 02:41:12,925 [INFO] ThirdParty:1030 - CMSIS Pack Vendor :STMicroelectronics USB_DEVICE 2.0.0
2026-05-16 02:41:12,925 [INFO] ThirdParty:1030 - CMSIS Pack Vendor :STMicroelectronics X-CUBE-NFC6 3.1.0
2026-05-16 02:41:12,925 [INFO] ThirdParty:1030 - CMSIS Pack Vendor :STMicroelectronics FP-SNS-MOTENV1 4.3.2
2026-05-16 02:41:12,925 [INFO] ThirdParty:1030 - CMSIS Pack Vendor :STMicroelectronics X-CUBE-MEMS1 11.0.0
2026-05-16 02:41:12,925 [INFO] ThirdParty:1030 - CMSIS Pack Vendor :STMicroelectronics FP-SNS-MOTENV1 5.1.0
2026-05-16 02:41:12,925 [INFO] ThirdParty:1030 - CMSIS Pack Vendor :STMicroelectronics FreeRTOS 0.0.1
2026-05-16 02:41:12,925 [INFO] ThirdParty:1030 - CMSIS Pack Vendor :STMicroelectronics X-CUBE-DPower 1.2.0
2026-05-16 02:41:12,925 [INFO] ThirdParty:1030 - CMSIS Pack Vendor :STMicroelectronics eDS-WB_DPC_VIENNA 1.2.0
2026-05-16 02:41:12,925 [INFO] ThirdParty:1030 - CMSIS Pack Vendor :STMicroelectronics FP-SNS-FLIGHT1 5.0.2
2026-05-16 02:41:12,925 [INFO] ThirdParty:1030 - CMSIS Pack Vendor :STMicroelectronics eDS-WB_DPC_3PH2L-BIDIR 1.1.1
2026-05-16 02:41:12,925 [INFO] ThirdParty:1030 - CMSIS Pack Vendor :STMicroelectronics X-CUBE-AI 9.0.0
2026-05-16 02:41:12,925 [INFO] ThirdParty:1030 - CMSIS Pack Vendor :STMicroelectronics PDM2PCM 3.3.0
2026-05-16 02:41:12,925 [INFO] ThirdParty:1030 - CMSIS Pack Vendor :STMicroelectronics X-CUBE-AZRTOS-H7 3.4.0
2026-05-16 02:41:12,925 [INFO] ThirdParty:1030 - CMSIS Pack Vendor :STMicroelectronics X-CUBE-DISPLAY 3.0.0
2026-05-16 02:41:12,925 [INFO] ThirdParty:1030 - CMSIS Pack Vendor :STMicroelectronics X-CUBE-GNSS1 7.1.1
2026-05-16 02:41:12,925 [INFO] ThirdParty:1030 - CMSIS Pack Vendor :STMicroelectronics FP-SNS-MOTENVWB1 1.5.0
2026-05-16 02:41:12,925 [INFO] ThirdParty:1030 - CMSIS Pack Vendor :STMicroelectronics X-CUBE-BLE1 7.0.0
2026-05-16 02:41:12,925 [INFO] ThirdParty:1030 - CMSIS Pack Vendor :STMicroelectronics X-CUBE-NFC10 1.0.0
2026-05-16 02:41:12,925 [INFO] ThirdParty:1030 - CMSIS Pack Vendor :STMicroelectronics X-CUBE-BLEMGR 4.0.0
2026-05-16 02:41:12,926 [INFO] ThirdParty:1030 - CMSIS Pack Vendor :STMicroelectronics X-CUBE-FREERTOS 1.3.1
2026-05-16 02:41:12,926 [INFO] ThirdParty:1030 - CMSIS Pack Vendor :STMicroelectronics HAL Drivers 0.0.0
2026-05-16 02:41:12,926 [INFO] ThirdParty:1030 - CMSIS Pack Vendor :STMicroelectronics X-CUBE-ST60 1.1.0
2026-05-16 02:41:12,926 [INFO] ThirdParty:1030 - CMSIS Pack Vendor :emotas I-CUBE-CANOPEN 1.3.0
2026-05-16 02:41:12,926 [INFO] ThirdParty:1030 - CMSIS Pack Vendor :STMicroelectronics X-CUBE-FREERTOS 1.3.0
2026-05-16 02:41:12,927 [INFO] ThirdParty:1030 - CMSIS Pack Vendor :STMicroelectronics X-CUBE-NFC7 1.0.1
2026-05-16 02:41:12,927 [INFO] ThirdParty:1030 - CMSIS Pack Vendor :STMicroelectronics MBEDTLS 2.14.1
2026-05-16 02:41:12,927 [INFO] ThirdParty:1030 - CMSIS Pack Vendor :STMicroelectronics X-CUBE-GNSS1 7.1.0
2026-05-16 02:41:12,927 [INFO] ThirdParty:1030 - CMSIS Pack Vendor :wolfSSL I-CUBE-wolfTPM 3.2.0
2026-05-16 02:41:12,927 [INFO] ThirdParty:1030 - CMSIS Pack Vendor :STMicroelectronics X-CUBE-TOUCHGFX 4.26.0
2026-05-16 02:41:12,927 [INFO] ThirdParty:1030 - CMSIS Pack Vendor :STMicroelectronics X-CUBE-TOUCHGFX 4.26.1
2026-05-16 02:41:12,927 [INFO] ThirdParty:1030 - CMSIS Pack Vendor :STMicroelectronics X-CUBE-BLEMGR 3.1.0
2026-05-16 02:41:12,927 [INFO] ThirdParty:1030 - CMSIS Pack Vendor :STMicroelectronics X-CUBE-AI 10.0.0
2026-05-16 02:41:12,927 [INFO] ThirdParty:1030 - CMSIS Pack Vendor :STMicroelectronics FP-SNS-STBOX1 2.1.0
2026-05-16 02:41:12,927 [INFO] ThirdParty:1030 - CMSIS Pack Vendor :STMicroelectronics FP-SNS-STAIOTCFT 1.0.0
2026-05-16 02:41:12,927 [INFO] ThirdParty:1030 - CMSIS Pack Vendor :STMicroelectronics FP-SNS-SMARTAG2 1.2.0
2026-05-16 02:41:12,927 [INFO] ThirdParty:1030 - CMSIS Pack Vendor :STMicroelectronics FP-SNS-FLIGHT1 5.1.0
2026-05-16 02:41:12,927 [INFO] ThirdParty:1030 - CMSIS Pack Vendor :STMicroelectronics X-CUBE-MEMS1 11.1.0
2026-05-16 02:41:12,927 [INFO] ThirdParty:1030 - CMSIS Pack Vendor :STMicroelectronics X-CUBE-AZRTOS-WL 2.0.0
2026-05-16 02:41:12,927 [INFO] ThirdParty:1030 - CMSIS Pack Vendor :STMicroelectronics X-CUBE-DPower 1.3.0
2026-05-16 02:41:12,927 [INFO] ThirdParty:1030 - CMSIS Pack Vendor :STMicroelectronics FP-SNS-MOTENV1 5.0.0
2026-05-16 02:41:12,927 [INFO] ThirdParty:1030 - CMSIS Pack Vendor :STMicroelectronics USB_DEVICE 1.0.0
2026-05-16 02:41:12,927 [INFO] ThirdParty:1030 - CMSIS Pack Vendor :STMicroelectronics X-CUBE-AZRTOS-H7RS 1.2.0
2026-05-16 02:41:12,927 [INFO] ThirdParty:1030 - CMSIS Pack Vendor :STMicroelectronics X-CUBE-AI 8.1.0
2026-05-16 02:41:12,928 [INFO] ThirdParty:1030 - CMSIS Pack Vendor :wolfSSL I-CUBE-wolfMQTT 1.19.0
2026-05-16 02:41:12,928 [INFO] ThirdParty:1030 - CMSIS Pack Vendor :STMicroelectronics X-CUBE-AZRTOS-L4 2.0.0
2026-05-16 02:41:12,928 [INFO] ThirdParty:1030 - CMSIS Pack Vendor :STMicroelectronics ThreadX 0.0.2
2026-05-16 02:41:12,928 [INFO] ThirdParty:1030 - CMSIS Pack Vendor :WES I-CUBE-Cesium 1.3.0
2026-05-16 02:41:12,928 [INFO] ThirdParty:1030 - CMSIS Pack Vendor :STMicroelectronics lwIP 2.1.2
2026-05-16 02:41:12,928 [INFO] ThirdParty:1030 - CMSIS Pack Vendor :STMicroelectronics X-CUBE-SFXS2LP1 4.0.0
2026-05-16 02:41:12,928 [INFO] ThirdParty:1030 - CMSIS Pack Vendor :STMicroelectronics X-CUBE-BLE2 3.3.0
2026-05-16 02:41:12,928 [INFO] ThirdParty:1030 - CMSIS Pack Vendor :Avnet-IOTCONNECT X-CUBE-iotc-st67-sdk 1.0.0
2026-05-16 02:41:12,928 [INFO] ThirdParty:1030 - CMSIS Pack Vendor :STMicroelectronics PDM2PCM 3.2.0
2026-05-16 02:41:12,928 [INFO] ThirdParty:1030 - CMSIS Pack Vendor :STMicroelectronics X-CUBE-WB05N 2.1.0
2026-05-16 02:41:12,928 [INFO] ThirdParty:1030 - CMSIS Pack Vendor :STMicroelectronics X-CUBE-ST67W61 1.2.0
2026-05-16 02:41:12,928 [INFO] ThirdParty:1030 - CMSIS Pack Vendor :STMicroelectronics X-CUBE-AZRTOS-H7 3.3.0
2026-05-16 02:41:12,928 [INFO] ThirdParty:1030 - CMSIS Pack Vendor :STMicroelectronics X-CUBE-NFC9 1.0.0
2026-05-16 02:41:12,928 [INFO] ThirdParty:1030 - CMSIS Pack Vendor :STMicroelectronics X-CUBE-BLE1 7.1.0
2026-05-16 02:41:12,928 [INFO] ThirdParty:1030 - CMSIS Pack Vendor :STMicroelectronics USB_DEVICE 3.0.0
2026-05-16 02:41:12,928 [INFO] ThirdParty:1030 - CMSIS Pack Vendor :STMicroelectronics X-CUBE-TCPP 4.1.0
2026-05-16 02:41:12,928 [INFO] ThirdParty:1030 - CMSIS Pack Vendor :STMicroelectronics X-CUBE-FREERTOS 1.4.0
2026-05-16 02:41:12,928 [INFO] ThirdParty:1030 - CMSIS Pack Vendor :STMicroelectronics X-CUBE-EEPRMA1 5.2.0
2026-05-16 02:41:12,928 [INFO] ThirdParty:1030 - CMSIS Pack Vendor :STMicroelectronics X-CUBE-BLEMGR 4.1.0
2026-05-16 02:41:12,929 [INFO] ThirdParty:1030 - CMSIS Pack Vendor :STMicroelectronics X-CUBE-IPS 3.0.0
2026-05-16 02:41:12,929 [INFO] ThirdParty:1030 - CMSIS Pack Vendor :STMicroelectronics X-CUBE-AZRTOS-WB 2.0.0
2026-05-16 02:41:12,929 [INFO] ThirdParty:1030 - CMSIS Pack Vendor :STMicroelectronics X-CUBE-GNSS1 7.0.0
2026-05-16 02:41:12,929 [INFO] ThirdParty:1030 - CMSIS Pack Vendor :STMicroelectronics X-CUBE-GNSS1 7.0.1
2026-05-16 02:41:12,929 [INFO] ThirdParty:1030 - CMSIS Pack Vendor :STMicroelectronics X-CUBE-TOUCHGFX 4.25.0
2026-05-16 02:41:12,929 [INFO] ThirdParty:1030 - CMSIS Pack Vendor :STMicroelectronics X-CUBE-ST67W61 1.1.0
2026-05-16 02:41:12,929 [INFO] ThirdParty:1030 - CMSIS Pack Vendor :STMicroelectronics X-CUBE-AI 10.1.0
2026-05-16 02:41:12,929 [INFO] ThirdParty:1030 - CMSIS Pack Vendor :STMicroelectronics FP-SNS-STBOX1 2.0.0
2026-05-16 02:41:12,929 [INFO] ThirdParty:1030 - CMSIS Pack Vendor :STMicroelectronics FP-SNS-STAIOTCFT 1.1.0
2026-05-16 02:41:12,929 [INFO] ThirdParty:1030 - CMSIS Pack Vendor :STMicroelectronics X-CUBE-MEMS1 12.0.0
2026-05-16 02:41:12,929 [INFO] ThirdParty:1030 - CMSIS Pack Vendor :STMicroelectronics X-CUBE-ALGOBUILD 1.3.0
2026-05-16 02:41:12,929 [INFO] ThirdParty:1030 - CMSIS Pack Vendor :STMicroelectronics X-CUBE-STSE01 2.0.0
2026-05-16 02:41:12,929 [INFO] ThirdParty:1030 - CMSIS Pack Vendor :STMicroelectronics X-CUBE-MEMS1 11.2.0
2026-05-16 02:41:12,929 [INFO] ThirdParty:1030 - CMSIS Pack Vendor :STMicroelectronics X-CUBE-AZRTOS-G0 1.1.0
2026-05-16 02:41:12,929 [INFO] ThirdParty:1030 - CMSIS Pack Vendor :STMicroelectronics X-CUBE-SAFEA1 1.2.2
2026-05-16 02:41:12,929 [INFO] ThirdParty:1030 - CMSIS Pack Vendor :STMicroelectronics X-CUBE-NFC4 3.0.0
2026-05-16 02:41:12,929 [INFO] ThirdParty:1030 - CMSIS Pack Vendor :STMicroelectronics X-CUBE-SUBG2 5.0.0
2026-05-16 02:41:12,929 [INFO] ThirdParty:1030 - CMSIS Pack Vendor :STMicroelectronics X-CUBE-AZRTOS-H7RS 1.1.0
2026-05-16 02:41:12,929 [INFO] ThirdParty:1030 - CMSIS Pack Vendor :STMicroelectronics STM32_WPAN 1.0.0
2026-05-16 02:41:12,929 [INFO] ThirdParty:1030 - CMSIS Pack Vendor :EmbeddedOffice I-CUBE-FS-RTOS 1.0.1
2026-05-16 02:41:12,930 [INFO] ThirdParty:1030 - CMSIS Pack Vendor :STMicroelectronics lwIP 2.0.3
2026-05-16 02:41:12,930 [INFO] ThirdParty:1030 - CMSIS Pack Vendor :Cesanta I-CUBE-Mongoose 7.13.0
2026-05-16 02:41:12,930 [INFO] ThirdParty:1030 - CMSIS Pack Vendor :STMicroelectronics USB_HOST 1.0.0
2026-05-16 02:41:12,930 [INFO] ThirdParty:1030 - CMSIS Pack Vendor :STMicroelectronics X-CUBE-AZRTOS-G4 2.0.0
2026-05-16 02:41:12,930 [INFO] ThirdParty:1030 - CMSIS Pack Vendor :STMicroelectronics X-CUBE-WB05N 2.0.0
2026-05-16 02:41:12,930 [INFO] ThirdParty:1030 - CMSIS Pack Vendor :STMicroelectronics PDM2PCM 3.1.0
2026-05-16 02:41:12,930 [INFO] ThirdParty:1030 - CMSIS Pack Vendor :STMicroelectronics X-CUBE-NFC7 2.0.0
2026-05-16 02:41:12,930 [INFO] ThirdParty:1030 - CMSIS Pack Vendor :STMicroelectronics X-CUBE-TCPP 4.2.0
2026-05-16 02:41:12,930 [INFO] ThirdParty:1030 - CMSIS Pack Vendor :RealThread X-CUBE-RT-Thread_Nano 4.1.1
2026-05-16 02:41:12,930 [INFO] ThirdParty:1030 - CMSIS Pack Vendor :wolfSSL I-CUBE-wolfSSL 5.7.0
2026-05-16 02:41:12,930 [INFO] ThirdParty:1030 - CMSIS Pack Vendor :STMicroelectronics FP-SNS-MOTENVWB1 1.3.1
2026-05-16 02:41:12,930 [INFO] ThirdParty:1030 - CMSIS Pack Vendor :STMicroelectronics FP-ATR-SIGFOX1 3.2.0
2026-05-16 02:41:12,930 [INFO] ThirdParty:1030 - CMSIS Pack Vendor :quantropi X-CUBE-qispace-sdk-base 1.9.3
2026-05-16 02:41:12,930 [INFO] ThirdParty:1030 - CMSIS Pack Vendor :STMicroelectronics X-CUBE-ISPU 2.0.0
2026-05-16 02:41:12,930 [INFO] ThirdParty:1030 - CMSIS Pack Vendor :STMicroelectronics X-CUBE-EEPRMA1 5.1.0
2026-05-16 02:41:12,930 [INFO] ThirdParty:1030 - CMSIS Pack Vendor :STMicroelectronics X-CUBE-FREERTOS 1.5.0
2026-05-16 02:41:12,930 [INFO] ThirdParty:1030 - CMSIS Pack Vendor :STMicroelectronics MBEDTLS 2.16.2
2026-05-16 02:41:12,930 [INFO] ThirdParty:1030 - CMSIS Pack Vendor :STMicroelectronics X-CUBE-IPS 3.1.0
2026-05-16 02:41:12,930 [INFO] ThirdParty:1030 - CMSIS Pack Vendor :STMicroelectronics X-CUBE-ALS 1.0.2
2026-05-16 02:41:12,930 [INFO] ThirdParty:1030 - CMSIS Pack Vendor :STMicroelectronics X-CUBE-MEMS1 10.0.0
2026-05-16 02:41:12,930 [INFO] ThirdParty:1030 - CMSIS Pack Vendor :STMicroelectronics X-CUBE-FREERTOS 1.1.0
2026-05-16 02:41:12,931 [INFO] ThirdParty:1030 - CMSIS Pack Vendor :STMicroelectronics X-CUBE-TOUCHGFX 4.24.0
2026-05-16 02:41:12,931 [INFO] ThirdParty:1030 - CMSIS Pack Vendor :ITTIA_DB I-CUBE-ITTIADB 8.9.0
2026-05-16 02:41:12,931 [INFO] ThirdParty:1030 - CMSIS Pack Vendor :STMicroelectronics X-CUBE-TOUCHGFX 4.24.2
2026-05-16 02:41:12,931 [INFO] ThirdParty:1030 - CMSIS Pack Vendor :STMicroelectronics X-CUBE-TOUCHGFX 4.24.1
2026-05-16 02:41:12,931 [INFO] ThirdParty:1030 - CMSIS Pack Vendor :STMicroelectronics X-CUBE-STSE01 1.0.0
2026-05-16 02:41:12,931 [INFO] ThirdParty:1030 - CMSIS Pack Vendor :portGmbH I-Cube-SoM-uGOAL 1.1.0
2026-05-16 02:41:12,931 [INFO] ThirdParty:1030 - CMSIS Pack Vendor :STMicroelectronics X-CUBE-ALS 1.0.1
2026-05-16 02:41:12,931 [INFO] ThirdParty:1030 - CMSIS Pack Vendor :STMicroelectronics X-CUBE-NFC6 3.2.0
2026-05-16 02:41:12,931 [INFO] ThirdParty:1030 - CMSIS Pack Vendor :STMicroelectronics X-CUBE-ST67W61 1.0.0
2026-05-16 02:41:12,931 [INFO] ThirdParty:1030 - CMSIS Pack Vendor :STMicroelectronics X-CUBE-AI 10.2.0
2026-05-16 02:41:12,931 [INFO] ThirdParty:1030 - CMSIS Pack Vendor :STMicroelectronics ThreadX 1.0.0
2026-05-16 02:41:12,931 [INFO] ThirdParty:1030 - CMSIS Pack Vendor :STMicroelectronics X-CUBE-MEMS1 12.1.0
2026-05-16 02:41:12,931 [INFO] ThirdParty:1030 - CMSIS Pack Vendor :SEGGER I-CUBE-embOS 1.3.1
2026-05-16 02:41:12,931 [INFO] ThirdParty:1030 - CMSIS Pack Vendor :STMicroelectronics X-CUBE-ALGOBUILD 1.4.0
2026-05-16 02:41:12,931 [INFO] ThirdParty:1030 - CMSIS Pack Vendor :STMicroelectronics X-CUBE-MEMS1 11.3.0
2026-05-16 02:41:12,931 [INFO] ThirdParty:1030 - CMSIS Pack Vendor :STMicroelectronics X-CUBE-AZRTOS-H7RS 1.0.0
2026-05-16 02:41:12,931 [INFO] ThirdParty:1030 - CMSIS Pack Vendor :STMicroelectronics FP-ATR-ASTRA1 2.0.0
2026-05-16 02:41:12,931 [INFO] ThirdParty:1030 - CMSIS Pack Vendor :STMicroelectronics X-CUBE-TOF1 3.4.2
2026-05-16 02:41:12,931 [INFO] ThirdParty:1030 - CMSIS Pack Vendor :STMicroelectronics X-CUBE-TOF1 3.4.3
2026-05-16 02:41:12,931 [INFO] ThirdParty:1030 - CMSIS Pack Vendor :STMicroelectronics X-CUBE-AI 9.1.0
2026-05-16 02:41:12,932 [INFO] ThirdParty:1030 - CMSIS Pack Vendor :STMicroelectronics X-CUBE-TOF1 3.4.1
2026-05-16 02:41:12,932 [INFO] ThirdParty:1030 - CMSIS Pack Vendor :STMicroelectronics X-CUBE-AZRTOS-H7 3.2.0
2026-05-16 02:41:12,932 [INFO] ThirdParty:1030 - CMSIS Pack Vendor :Infineon AIROC-Wi-Fi-Bluetooth-STM32 1.6.0
2026-05-16 02:41:12,932 [INFO] ThirdParty:1030 - CMSIS Pack Vendor :wolfSSL I-CUBE-wolfSSH 1.4.17
2026-05-16 02:41:12,932 [INFO] ThirdParty:841 - exiting critical section [change project]
2026-05-16 02:41:13,275 [INFO] PinOutPanel:1589 - setPackage(No Configuration,No Configuration)
2026-05-16 02:41:13,277 [INFO] PinOutPanel:1589 - setPackage(STM32L010K8Tx,LQFP32)
2026-05-16 02:41:14,332 [INFO] UtilMem:75 - Before build in PCC Used Memory: 957765304 Bytes (1073741824)
2026-05-16 02:41:15,190 [INFO] UtilMem:75 - After build in PCC Used Memory: 797968384 Bytes (1073741824)
2026-05-16 02:41:15,226 [INFO] IPUIPlugin:80 - create IPUIPlugin
2026-05-16 02:41:15,226 [INFO] IPUIPlugin:80 - create IPUIPlugin
2026-05-16 02:41:15,226 [INFO] IPUIPlugin:80 - create IPUIPlugin
2026-05-16 02:41:15,226 [INFO] IPUIPlugin:80 - create IPUIPlugin
2026-05-16 02:41:15,227 [INFO] IPUIPlugin:80 - create IPUIPlugin
2026-05-16 02:41:15,227 [INFO] IPUIPlugin:80 - create IPUIPlugin
2026-05-16 02:41:15,227 [INFO] IPUIPlugin:80 - create IPUIPlugin
2026-05-16 02:41:15,227 [INFO] IPUIPlugin:80 - create IPUIPlugin
2026-05-16 02:41:15,227 [INFO] IPUIPlugin:80 - create IPUIPlugin
2026-05-16 02:41:15,228 [INFO] IPUIPlugin:80 - create IPUIPlugin
2026-05-16 02:41:15,228 [INFO] IPUIPlugin:80 - create IPUIPlugin
2026-05-16 02:41:15,228 [INFO] IPUIPlugin:80 - create IPUIPlugin
2026-05-16 02:41:15,228 [INFO] IPUIPlugin:80 - create IPUIPlugin
2026-05-16 02:41:15,228 [INFO] IPUIPlugin:80 - create IPUIPlugin
2026-05-16 02:41:15,229 [INFO] IPUIPlugin:80 - create IPUIPlugin
2026-05-16 02:41:15,229 [INFO] IPUIPlugin:80 - create IPUIPlugin
2026-05-16 02:41:15,229 [INFO] IPUIPlugin:80 - create IPUIPlugin
2026-05-16 02:41:15,229 [INFO] IPUIPlugin:80 - create IPUIPlugin
2026-05-16 02:41:15,513 [INFO] CADModel:165 - CPN selected for project levelSTM32L010K8T6
2026-05-16 02:41:15,513 [INFO] CADModel:114 - Register for checkConnection events
2026-05-16 02:41:15,551 [INFO] OpenFileManager:386 - Restore cursor
2026-05-16 02:41:20,260 [INFO] UtilMem:75 - End SaveConfig() Used Memory: 981469184 Bytes (1073741824)
2026-05-16 02:41:21,297 [INFO] BlockDiagram:2775 - set Specific Code input for plugin: ADC
2026-05-16 02:41:21,298 [INFO] BlockDiagram:2775 - set Specific Code input for plugin: RTC
2026-05-16 02:41:21,298 [INFO] BlockDiagram:2775 - set Specific Code input for plugin: SPI
2026-05-16 02:41:21,298 [INFO] BlockDiagram:2775 - set Specific Code input for plugin: NVIC
2026-05-16 02:41:21,298 [INFO] BlockDiagram:2775 - set Specific Code input for plugin: SYS
2026-05-16 02:41:21,298 [INFO] BlockDiagram:2775 - set Specific Code input for plugin: GPIO
2026-05-16 02:41:21,299 [INFO] BlockDiagram:2775 - set Specific Code input for plugin: USART
2026-05-16 02:41:21,299 [INFO] BlockDiagram:2775 - set Specific Code input for plugin: RCC
2026-05-16 02:41:21,300 [INFO] CodeGenerator:892 - code generatio: config db path: /Applications/STM32CubeIDE.app/Contents/Eclipse/plugins/com.st.stm32cube.common.mx_6.15.0.202507011659//db/
2026-05-16 02:41:21,646 [INFO] CodeEngine:265 - oldGeneratedFile, /Users/admin/Desktop/My Projects/Bike4u/Programing/Bike4u/MXTmpFiles/license.tmp_save
2026-05-16 02:41:22,316 [INFO] CodeEngine:289 - Generated code: /Users/admin/Desktop/My Projects/Bike4u/Programing/Bike4u/MXTmpFiles/license.tmp
2026-05-16 02:41:22,543 [INFO] CodeEngine:265 - oldGeneratedFile, /Users/admin/Desktop/My Projects/Bike4u/Programing/Bike4u/MXTmpFiles/gpio.tmp_save
2026-05-16 02:41:22,724 [INFO] CodeEngine:289 - Generated code: /Users/admin/Desktop/My Projects/Bike4u/Programing/Bike4u/MXTmpFiles/gpio.tmp
2026-05-16 02:41:23,309 [INFO] CodeEngine:265 - oldGeneratedFile, /Users/admin/Desktop/My Projects/Bike4u/Programing/Bike4u/Core/Src/stm32l0xx_it.c_save
2026-05-16 02:41:23,473 [INFO] CodeEngine:289 - Generated code: /Users/admin/Desktop/My Projects/Bike4u/Programing/Bike4u/Core/Src/stm32l0xx_it.c
2026-05-16 02:41:23,478 [INFO] CodeEngine:265 - oldGeneratedFile, /Users/admin/Desktop/My Projects/Bike4u/Programing/Bike4u/Core/Inc/stm32l0xx_it.h_save
2026-05-16 02:41:23,566 [INFO] CodeEngine:289 - Generated code: /Users/admin/Desktop/My Projects/Bike4u/Programing/Bike4u/Core/Inc/stm32l0xx_it.h
2026-05-16 02:41:23,576 [INFO] CodeEngine:265 - oldGeneratedFile, /Users/admin/Desktop/My Projects/Bike4u/Programing/Bike4u/Core/Src/stm32l0xx_hal_msp.c_save
2026-05-16 02:41:23,734 [INFO] CodeEngine:289 - Generated code: /Users/admin/Desktop/My Projects/Bike4u/Programing/Bike4u/Core/Src/stm32l0xx_hal_msp.c
2026-05-16 02:41:23,737 [INFO] CodeEngine:265 - oldGeneratedFile, /Users/admin/Desktop/My Projects/Bike4u/Programing/Bike4u/MXTmpFiles/system.tmp_save
2026-05-16 02:41:23,823 [INFO] CodeEngine:289 - Generated code: /Users/admin/Desktop/My Projects/Bike4u/Programing/Bike4u/MXTmpFiles/system.tmp
2026-05-16 02:41:23,833 [INFO] CodeEngine:321 - oldGeneratedFile, /Users/admin/Desktop/My Projects/Bike4u/Programing/Bike4u/Core/Inc/stm32l0xx_hal_conf.h_save
2026-05-16 02:41:23,923 [INFO] CodeEngine:345 - Generated code: /Users/admin/Desktop/My Projects/Bike4u/Programing/Bike4u/Core/Inc/stm32l0xx_hal_conf.h
2026-05-16 02:41:23,960 [INFO] ApiDbMcu:532 - Load IP Config File for ADC
2026-05-16 02:41:23,969 [INFO] ApiDbMcu:532 - Load IP Config File for RTC
2026-05-16 02:41:23,972 [INFO] ApiDbMcu:532 - Load IP Config File for SPI1
2026-05-16 02:41:23,980 [INFO] ApiDbMcu:532 - Load IP Config File for USART2
2026-05-16 02:41:23,984 [INFO] ApiDbMcu:532 - Load IP Config File for RCC
2026-05-16 02:41:23,993 [INFO] CodeEngine:265 - oldGeneratedFile, /Users/admin/Desktop/My Projects/Bike4u/Programing/Bike4u/Core/Inc/main.h_save
2026-05-16 02:41:24,110 [INFO] CodeEngine:289 - Generated code: /Users/admin/Desktop/My Projects/Bike4u/Programing/Bike4u/Core/Inc/main.h
2026-05-16 02:41:24,115 [INFO] CodeEngine:265 - oldGeneratedFile, /Users/admin/Desktop/My Projects/Bike4u/Programing/Bike4u/Core/Src/main.c_save
2026-05-16 02:41:24,365 [INFO] CodeEngine:289 - Generated code: /Users/admin/Desktop/My Projects/Bike4u/Programing/Bike4u/Core/Src/main.c
2026-05-16 02:41:24,793 [INFO] ProjectBuilder:3606 - Time for Copy HAL[1] : 159mS.
2026-05-16 02:41:24,798 [INFO] ProjectBuilder:5216 - Project Generator version: 4.7.0-B52
2026-05-16 02:41:24,934 [INFO] ConfigFileManager:1595 - The Die is : DIE417
2026-05-16 02:41:24,943 [INFO] ApiDbMcu:532 - Load IP Config File for FATFS
2026-05-16 02:41:24,949 [INFO] ApiDbMcu:532 - Load IP Config File for FREERTOS
2026-05-16 02:41:25,679 [INFO] LogOutputStream:77 - [STDOUT_REDIRECT] 
2026-05-16 02:41:26,777 [INFO] ProjectBuilder:5496 - Time for Generating toolchain IDE Files: 1977mS.
2026-05-16 02:41:26,778 [INFO] ProjectBuilder:3463 - Time for Copy CMSIS : 0mS.
2026-05-16 02:41:26,779 [INFO] ProjectBuilder:3463 - Time for Copy CMSIS : 0mS.
2026-05-16 04:19:29,296 [INFO] WebApp:194 - Connection lost
2026-05-16 11:02:29,898 [INFO] WebApp:191 - Connection restablished
2026-05-16 11:02:34,022 [ERROR] LogOutputStream:75 - [STDERR_REDIRECT] 
