2026-05-19 00:48:41,227 [INFO] LogOutputStream:77 - [STDOUT_REDIRECT] 
2026-05-19 13:24:27,688 [ERROR] LogOutputStream:75 - [STDERR_REDIRECT] 
2026-05-19 13:27:15,579 [INFO] Activator:176 - 


2026-05-19 13:27:15,582 [INFO] Activator:177 - !SESSION log4j initialized
2026-05-19 13:27:19,331 [INFO] LogOutputStream:77 - [STDOUT_REDIRECT] 
2026-05-19 13:27:23,932 [INFO] LogOutputStream:77 - [STDOUT_REDIRECT] 
2026-05-19 13:27:24,350 [ERROR] LogOutputStream:75 - [STDERR_REDIRECT] 
2026-05-19 13:27:24,561 [ERROR] LogOutputStream:75 - [STDERR_REDIRECT] java.net.URISyntaxException: Illegal character in path at index 28: file:/Users/admin/Desktop/My Projects/Bike4u/Programing/.metadata/.log4j2.xml
2026-05-19 13:27:24,561 [ERROR] LogOutputStream:75 - [STDERR_REDIRECT] 	at java.base/java.net.URI$Parser.fail(URI.java:2995)
2026-05-19 13:27:24,562 [ERROR] LogOutputStream:75 - [STDERR_REDIRECT] 	at java.base/java.net.URI$Parser.checkChars(URI.java:3166)
2026-05-19 13:27:24,562 [ERROR] LogOutputStream:75 - [STDERR_REDIRECT] 	at java.base/java.net.URI$Parser.parseHierarchical(URI.java:3248)
2026-05-19 13:27:24,563 [ERROR] LogOutputStream:75 - [STDERR_REDIRECT] 	at java.base/java.net.URI$Parser.parse(URI.java:3196)
2026-05-19 13:27:24,563 [ERROR] LogOutputStream:75 - [STDERR_REDIRECT] 	at java.base/java.net.URI.<init>(URI.java:645)
2026-05-19 13:27:24,563 [ERROR] LogOutputStream:75 - [STDERR_REDIRECT] 	at java.base/java.net.URL.toURI(URL.java:1220)
2026-05-19 13:27:24,564 [ERROR] LogOutputStream:75 - [STDERR_REDIRECT] 	at com.st.stm32cube.common.mx.core.CubeMxInstance.getInstance(CubeMxInstance.java:81)
2026-05-19 13:27:24,564 [ERROR] LogOutputStream:75 - [STDERR_REDIRECT] 	at com.st.stm32cube.common.mx.userauth.UserAuthAdapter.<init>(UserAuthAdapter.java:25)
2026-05-19 13:27:24,564 [ERROR] LogOutputStream:75 - [STDERR_REDIRECT] 	at com.st.stm32cube.common.mx.userauth.UserAuthProvider.getUserAuthAdapter(UserAuthProvider.java:16)
2026-05-19 13:27:24,564 [ERROR] LogOutputStream:75 - [STDERR_REDIRECT] 	at com.st.stm32cube.common.ecosystemintegration.ui.core.MCUEcoSystemIntegrationUiHelper.getUserAuth(MCUEcoSystemIntegrationUiHelper.java:100)
2026-05-19 13:27:24,565 [ERROR] LogOutputStream:75 - [STDERR_REDIRECT] 	at com.st.stm32cube.ide.mcu.userauth.UserAuthStartup.earlyStartup(UserAuthStartup.java:32)
2026-05-19 13:27:24,565 [ERROR] LogOutputStream:75 - [STDERR_REDIRECT] 	at org.eclipse.ui.internal.EarlyStartupRunnable.runEarlyStartup(EarlyStartupRunnable.java:79)
2026-05-19 13:27:24,566 [ERROR] LogOutputStream:75 - [STDERR_REDIRECT] 	at org.eclipse.ui.internal.EarlyStartupRunnable.run(EarlyStartupRunnable.java:55)
2026-05-19 13:27:24,566 [ERROR] LogOutputStream:75 - [STDERR_REDIRECT] 	at org.eclipse.core.runtime.SafeRunner.run(SafeRunner.java:47)
2026-05-19 13:27:24,566 [ERROR] LogOutputStream:75 - [STDERR_REDIRECT] 	at org.eclipse.ui.internal.Workbench$39.run(Workbench.java:2733)
2026-05-19 13:27:24,566 [ERROR] LogOutputStream:75 - [STDERR_REDIRECT] 	at org.eclipse.core.internal.jobs.Worker.run(Worker.java:63)
2026-05-19 13:27:24,802 [INFO] ApplicationProperties:184 - Using Application install path: /Applications/STM32CubeIDE.app/Contents/Eclipse/plugins/com.st.stm32cube.common.mx_6.15.0.202507011659
2026-05-19 13:27:24,821 [INFO] DbMcusXml:78 - Set database path to: /Applications/STM32CubeIDE.app/Contents/Eclipse/plugins/com.st.stm32cube.common.mx_6.15.0.202507011659//db//mcu/
2026-05-19 13:27:24,821 [INFO] ApiDb:274 - Set plugin database path to: /Applications/STM32CubeIDE.app/Contents/Eclipse/plugins/com.st.stm32cube.common.mx_6.15.0.202507011659//db//plugins/boardmanager/
2026-05-19 13:27:24,821 [WARN] ApiDb:259 - Overriding images path with different value:  => /Applications/STM32CubeIDE.app/Contents/Eclipse/plugins/com.st.stm32cube.common.mx_6.15.0.202507011659//db//plugins/mcufinder/images/
2026-05-19 13:27:24,827 [INFO] ApiDb:250 - Set database path to: /Users/admin/.stmcufinder/plugins/mcufinder//mcu/
2026-05-19 13:27:24,829 [INFO] DbMcusAds:125 - Set database path to: /Users/admin/.stmcufinder/plugins/mcufinder//mcu/
2026-05-19 13:27:24,832 [INFO] CrossReferenceDbSqlite:203 - Set database path to: /Users/admin/.stmcufinder/plugins/mcufinder//mcu/cs/
2026-05-19 13:27:24,966 [INFO] RulesReader:64 - Compatibility file has been processed (317 Rules)
2026-05-19 13:27:25,024 [INFO] DbMcusXml:78 - Set database path to: /Applications/STM32CubeIDE.app/Contents/Eclipse/plugins/com.st.stm32cube.common.mx_6.15.0.202507011659//db//mcu/
2026-05-19 13:27:25,024 [INFO] ApiDb:274 - Set plugin database path to: /Applications/STM32CubeIDE.app/Contents/Eclipse/plugins/com.st.stm32cube.common.mx_6.15.0.202507011659//db//plugins/boardmanager/
2026-05-19 13:27:25,024 [INFO] ApiDb:261 - Set plugin images path to: /Applications/STM32CubeIDE.app/Contents/Eclipse/plugins/com.st.stm32cube.common.mx_6.15.0.202507011659//db//plugins/mcufinder/images/
2026-05-19 13:27:25,025 [WARN] DbFile:41 - Overriding database path with different value: /Users/admin/.stmcufinder/plugins/mcufinder/ => /Users/admin/.stmcufinder/plugins/mcufinder
2026-05-19 13:27:25,025 [INFO] ApiDb:250 - Set database path to: /Users/admin/.stmcufinder/plugins/mcufinder//mcu/
2026-05-19 13:27:25,025 [WARN] DbFile:41 - Overriding database path with different value: /Users/admin/.stmcufinder/plugins/mcufinder/ => /Users/admin/.stmcufinder/plugins/mcufinder
2026-05-19 13:27:25,025 [INFO] DbMcusAds:125 - Set database path to: /Users/admin/.stmcufinder/plugins/mcufinder//mcu/
2026-05-19 13:27:25,025 [WARN] DbFile:41 - Overriding database path with different value: /Users/admin/.stmcufinder/plugins/mcufinder/ => /Users/admin/.stmcufinder/plugins/mcufinder
2026-05-19 13:27:25,025 [WARN] DbFile:41 - Overriding database path with different value: /Users/admin/.stmcufinder/plugins/mcufinder/ => /Users/admin/.stmcufinder/plugins/mcufinder
2026-05-19 13:27:25,025 [INFO] CrossReferenceDbSqlite:203 - Set database path to: /Users/admin/.stmcufinder/plugins/mcufinder//mcu/cs/
2026-05-19 13:27:25,113 [INFO] MainPanel:274 - HeapMemory: 268435456
2026-05-19 13:27:26,023 [INFO] DbMcusXml:78 - Set database path to: /Applications/STM32CubeIDE.app/Contents/Eclipse/plugins/com.st.stm32cube.common.mx_6.15.0.202507011659//db//mcu/
2026-05-19 13:27:26,023 [INFO] ApiDb:274 - Set plugin database path to: /Applications/STM32CubeIDE.app/Contents/Eclipse/plugins/com.st.stm32cube.common.mx_6.15.0.202507011659//db//plugins/boardmanager/
2026-05-19 13:27:26,023 [INFO] ApiDb:261 - Set plugin images path to: /Applications/STM32CubeIDE.app/Contents/Eclipse/plugins/com.st.stm32cube.common.mx_6.15.0.202507011659//db//plugins/mcufinder/images/
2026-05-19 13:27:26,023 [WARN] DbFile:41 - Overriding database path with different value: /Users/admin/.stmcufinder/plugins/mcufinder/ => /Users/admin/.stmcufinder/plugins/mcufinder
2026-05-19 13:27:26,024 [INFO] ApiDb:250 - Set database path to: /Users/admin/.stmcufinder/plugins/mcufinder//mcu/
2026-05-19 13:27:26,024 [WARN] DbFile:41 - Overriding database path with different value: /Users/admin/.stmcufinder/plugins/mcufinder/ => /Users/admin/.stmcufinder/plugins/mcufinder
2026-05-19 13:27:26,024 [INFO] DbMcusAds:125 - Set database path to: /Users/admin/.stmcufinder/plugins/mcufinder//mcu/
2026-05-19 13:27:26,024 [WARN] DbFile:41 - Overriding database path with different value: /Users/admin/.stmcufinder/plugins/mcufinder/ => /Users/admin/.stmcufinder/plugins/mcufinder
2026-05-19 13:27:26,024 [WARN] DbFile:41 - Overriding database path with different value: /Users/admin/.stmcufinder/plugins/mcufinder/ => /Users/admin/.stmcufinder/plugins/mcufinder
2026-05-19 13:27:26,024 [INFO] CrossReferenceDbSqlite:203 - Set database path to: /Users/admin/.stmcufinder/plugins/mcufinder//mcu/cs/
2026-05-19 13:27:26,041 [INFO] ApplicationProperties:184 - Using Application install path: /Applications/STM32CubeIDE.app/Contents/Eclipse/plugins/com.st.stm32cube.common.mx_6.15.0.202507011659
2026-05-19 13:27:26,043 [INFO] PluginManage:196 - Search for loadable plugins [exclusion list=, ]
2026-05-19 13:27:26,044 [INFO] PluginManage:310 - Check plugin analytics
2026-05-19 13:27:26,239 [INFO] AnalyticsPlugin:253 - Accepted Software Licenses: 
2026-05-19 13:27:26,239 [INFO] AnalyticsPlugin:255 - Accepted CMSIS Pack Licenses: Infineon.AIROC-Wi-Fi-Bluetooth-STM32.1.6.0,STMicroelectronics.X-CUBE-BLE1.7.0.0
2026-05-19 13:27:26,240 [INFO] AnalyticsPlugin:257 - Accepted Firmware Licenses: FW.G0.1.6.0,FW.WB.1.19.0,FW.WB.1.21.0
2026-05-19 13:27:26,242 [INFO] PluginManage:359 - Loaded plugin analytics (category:tool,tabindex:-1)
2026-05-19 13:27:26,243 [INFO] PluginManage:310 - Check plugin cadmodel
2026-05-19 13:27:26,248 [INFO] CADModel:105 - Init CAD model plugin
2026-05-19 13:27:26,248 [INFO] PluginManage:359 - Loaded plugin cadmodel (category:power,tabindex:5)
2026-05-19 13:27:26,248 [INFO] PluginManage:310 - Check plugin clock
2026-05-19 13:27:26,257 [INFO] PluginManage:359 - Loaded plugin clock (category:base,tabindex:2)
2026-05-19 13:27:26,258 [INFO] PluginManage:310 - Check plugin ddr
2026-05-19 13:27:26,260 [INFO] PluginManage:359 - Loaded plugin ddr (category:tool,tabindex:6)
2026-05-19 13:27:26,261 [INFO] PluginManage:310 - Check plugin filemanager
2026-05-19 13:27:26,429 [INFO] PluginManage:359 - Loaded plugin filemanager (category:base,tabindex:10)
2026-05-19 13:27:26,429 [INFO] PluginManage:310 - Check plugin ipmanager
2026-05-19 13:27:26,435 [INFO] PluginManage:359 - Loaded plugin ipmanager (category:base,tabindex:5)
2026-05-19 13:27:26,436 [INFO] PluginManage:310 - Check plugin lpbam
2026-05-19 13:27:26,446 [INFO] PluginManage:359 - Loaded plugin lpbam (category:base,tabindex:0)
2026-05-19 13:27:26,446 [INFO] PluginManage:310 - Check plugin memorymap
2026-05-19 13:27:26,465 [INFO] PluginManage:359 - Loaded plugin memorymap (category:base,tabindex:4)
2026-05-19 13:27:26,465 [INFO] PluginManage:310 - Check plugin pinoutandconfiguration
2026-05-19 13:27:26,477 [INFO] PluginManage:359 - Loaded plugin pinoutandconfiguration (category:base,tabindex:1)
2026-05-19 13:27:26,477 [INFO] PluginManage:310 - Check plugin pinoutconfig
2026-05-19 13:27:26,592 [WARN] SupportedApi:132 - Cannot load RTOS API schema: s4s-elt-must-match.1: The content of 'definitions' must match (annotation?, (simpleType | complexType)?, (unique | key | keyref)*)). A problem was found starting at: attribute.
2026-05-19 13:27:26,765 [INFO] PluginManage:359 - Loaded plugin pinoutconfig (category:base,tabindex:0)
2026-05-19 13:27:26,765 [INFO] PluginManage:310 - Check plugin power
2026-05-19 13:27:26,776 [INFO] PluginManage:359 - Loaded plugin power (category:power,tabindex:4)
2026-05-19 13:27:26,777 [INFO] PluginManage:310 - Check plugin projectmanager
2026-05-19 13:27:26,794 [INFO] PluginManage:359 - Loaded plugin projectmanager (category:projectmanager,tabindex:4)
2026-05-19 13:27:26,794 [INFO] PluginManage:310 - Check plugin rif
2026-05-19 13:27:26,806 [INFO] PluginManage:359 - Loaded plugin rif (category:base,tabindex:3)
2026-05-19 13:27:26,806 [INFO] PluginManage:310 - Check plugin thirdparty
2026-05-19 13:27:26,960 [INFO] PluginManage:359 - Loaded plugin thirdparty (category:base,tabindex:-1)
2026-05-19 13:27:26,960 [WARN] IntegrityCheckThread:84 - waiting for thirdparty lock release [integrity check]
2026-05-19 13:27:26,960 [INFO] PluginManage:310 - Check plugin tools
2026-05-19 13:27:26,960 [INFO] IntegrityCheckThread:86 - entering critical section [integrity check]
2026-05-19 13:27:26,961 [INFO] ThirdPartyUpdaterWithRetryManager:70 - Updater plugin not ready yet. [1/15]
2026-05-19 13:27:26,962 [INFO] PluginManage:359 - Loaded plugin tools (category:base,tabindex:7)
2026-05-19 13:27:26,963 [INFO] PluginManage:310 - Check plugin tutovideos
2026-05-19 13:27:27,295 [INFO] PluginManage:359 - Loaded plugin tutovideos (category:base,tabindex:-1)
2026-05-19 13:27:27,296 [INFO] PluginManage:310 - Check plugin updater
2026-05-19 13:27:27,317 [INFO] PluginManage:359 - Loaded plugin updater (category:base,tabindex:12)
2026-05-19 13:27:27,317 [INFO] PluginManage:310 - Check plugin userauth
2026-05-19 13:27:27,321 [INFO] UserAuth:118 - Init User Auth plugin
2026-05-19 13:27:27,322 [INFO] PluginManage:359 - Loaded plugin userauth (category:base,tabindex:14)
2026-05-19 13:27:27,322 [INFO] PluginManage:283 - PluginManage : Loaded plugins [18]
2026-05-19 13:27:27,510 [INFO] PinOutPanel:1589 - setPackage(No Configuration,No Configuration)
2026-05-19 13:27:27,586 [INFO] CADModel:165 - CPN selected for project level
2026-05-19 13:27:27,586 [INFO] CADModel:114 - Register for checkConnection events
2026-05-19 13:27:27,599 [INFO] IPUIPlugin:80 - create IPUIPlugin
2026-05-19 13:27:27,600 [INFO] PluginManager:220 - loadIPPluginJar : add mdma
2026-05-19 13:27:27,607 [INFO] IPUIPlugin:80 - create IPUIPlugin
2026-05-19 13:27:27,607 [INFO] PluginManager:220 - loadIPPluginJar : add freertos
2026-05-19 13:27:27,613 [INFO] IPUIPlugin:80 - create IPUIPlugin
2026-05-19 13:27:27,613 [INFO] PluginManager:220 - loadIPPluginJar : add gic
2026-05-19 13:27:27,634 [INFO] IPUIPlugin:80 - create IPUIPlugin
2026-05-19 13:27:27,635 [INFO] PluginManager:220 - loadIPPluginJar : add adc
2026-05-19 13:27:27,638 [INFO] IPUIPlugin:80 - create IPUIPlugin
2026-05-19 13:27:27,638 [INFO] PluginManager:220 - loadIPPluginJar : add gtzc
2026-05-19 13:27:27,639 [INFO] IPUIPlugin:80 - create IPUIPlugin
2026-05-19 13:27:27,640 [INFO] PluginManager:220 - loadIPPluginJar : add quadspi
2026-05-19 13:27:27,642 [INFO] IPUIPlugin:80 - create IPUIPlugin
2026-05-19 13:27:27,642 [INFO] PluginManager:220 - loadIPPluginJar : add aes
2026-05-19 13:27:27,646 [INFO] IPUIPlugin:80 - create IPUIPlugin
2026-05-19 13:27:27,646 [INFO] PluginManager:220 - loadIPPluginJar : add pdm2pcm
2026-05-19 13:27:27,648 [INFO] IPUIPlugin:80 - create IPUIPlugin
2026-05-19 13:27:27,648 [INFO] PluginManager:220 - loadIPPluginJar : add hash
2026-05-19 13:27:27,649 [INFO] IPUIPlugin:80 - create IPUIPlugin
2026-05-19 13:27:27,650 [INFO] PluginManager:220 - loadIPPluginJar : add tim
2026-05-19 13:27:27,651 [INFO] IPUIPlugin:80 - create IPUIPlugin
2026-05-19 13:27:27,651 [INFO] PluginManager:220 - loadIPPluginJar : add tsc
2026-05-19 13:27:27,654 [INFO] IPUIPlugin:80 - create IPUIPlugin
2026-05-19 13:27:27,654 [INFO] PluginManager:220 - loadIPPluginJar : add extmemmanager
2026-05-19 13:27:27,656 [INFO] IPUIPlugin:80 - create IPUIPlugin
2026-05-19 13:27:27,656 [INFO] PluginManager:220 - loadIPPluginJar : add ts
2026-05-19 13:27:27,658 [INFO] IPUIPlugin:80 - create IPUIPlugin
2026-05-19 13:27:27,658 [INFO] PluginManager:220 - loadIPPluginJar : add radio
2026-05-19 13:27:27,661 [INFO] IPUIPlugin:80 - create IPUIPlugin
2026-05-19 13:27:27,661 [INFO] PluginManager:220 - loadIPPluginJar : add can
2026-05-19 13:27:27,663 [INFO] IPUIPlugin:80 - create IPUIPlugin
2026-05-19 13:27:27,664 [INFO] PluginManager:220 - loadIPPluginJar : add dma3
2026-05-19 13:27:27,665 [INFO] IPUIPlugin:80 - create IPUIPlugin
2026-05-19 13:27:27,666 [INFO] PluginManager:220 - loadIPPluginJar : add dfsdm
2026-05-19 13:27:27,668 [INFO] IPUIPlugin:80 - create IPUIPlugin
2026-05-19 13:27:27,668 [INFO] PluginManager:220 - loadIPPluginJar : add spi
2026-05-19 13:27:27,670 [INFO] IPUIPlugin:80 - create IPUIPlugin
2026-05-19 13:27:27,670 [INFO] PluginManager:220 - loadIPPluginJar : add gfxmmu
2026-05-19 13:27:27,671 [INFO] IPUIPlugin:80 - create IPUIPlugin
2026-05-19 13:27:27,671 [INFO] PluginManager:220 - loadIPPluginJar : add genericplugin
2026-05-19 13:27:27,673 [INFO] IPUIPlugin:80 - create IPUIPlugin
2026-05-19 13:27:27,673 [INFO] PluginManager:220 - loadIPPluginJar : add cryp
2026-05-19 13:27:27,678 [INFO] IPUIPlugin:80 - create IPUIPlugin
2026-05-19 13:27:27,678 [INFO] PluginManager:220 - loadIPPluginJar : add gpio
2026-05-19 13:27:27,681 [INFO] IPUIPlugin:80 - create IPUIPlugin
2026-05-19 13:27:27,681 [INFO] PluginManager:220 - loadIPPluginJar : add ddr_ctrl_phy
2026-05-19 13:27:27,683 [INFO] IPUIPlugin:80 - create IPUIPlugin
2026-05-19 13:27:27,683 [INFO] PluginManager:220 - loadIPPluginJar : add comp
2026-05-19 13:27:27,685 [INFO] IPUIPlugin:80 - create IPUIPlugin
2026-05-19 13:27:27,685 [INFO] PluginManager:220 - loadIPPluginJar : add tracer_emb
2026-05-19 13:27:27,688 [INFO] IPUIPlugin:80 - create IPUIPlugin
2026-05-19 13:27:27,688 [INFO] PluginManager:220 - loadIPPluginJar : add openamp
2026-05-19 13:27:27,694 [INFO] IPUIPlugin:80 - create IPUIPlugin
2026-05-19 13:27:27,694 [INFO] PluginManager:220 - loadIPPluginJar : add stm32_wpan
2026-05-19 13:27:27,700 [INFO] IPUIPlugin:80 - create IPUIPlugin
2026-05-19 13:27:27,702 [INFO] PluginManager:220 - loadIPPluginJar : add plateformsettings
2026-05-19 13:27:27,706 [INFO] IPUIPlugin:80 - create IPUIPlugin
2026-05-19 13:27:27,706 [INFO] PluginManager:220 - loadIPPluginJar : add ipddr
2026-05-19 13:27:27,709 [INFO] IPUIPlugin:80 - create IPUIPlugin
2026-05-19 13:27:27,709 [INFO] PluginManager:220 - loadIPPluginJar : add usart
2026-05-19 13:27:27,710 [INFO] IPUIPlugin:80 - create IPUIPlugin
2026-05-19 13:27:27,710 [INFO] PluginManager:220 - loadIPPluginJar : add ltdc
2026-05-19 13:27:27,714 [INFO] IPUIPlugin:80 - create IPUIPlugin
2026-05-19 13:27:27,714 [INFO] PluginManager:220 - loadIPPluginJar : add nvic
2026-05-19 13:27:27,716 [INFO] IPUIPlugin:80 - create IPUIPlugin
2026-05-19 13:27:27,716 [INFO] PluginManager:220 - loadIPPluginJar : add fatfs
2026-05-19 13:27:27,723 [INFO] IPUIPlugin:80 - create IPUIPlugin
2026-05-19 13:27:27,723 [INFO] PluginManager:220 - loadIPPluginJar : add linkedlist
2026-05-19 13:27:27,729 [INFO] IPUIPlugin:80 - create IPUIPlugin
2026-05-19 13:27:27,729 [INFO] PluginManager:220 - loadIPPluginJar : add dma
2026-05-19 13:27:27,733 [INFO] IPUIPlugin:80 - create IPUIPlugin
2026-05-19 13:27:27,733 [INFO] PluginManager:220 - loadIPPluginJar : add fmc
2026-05-19 13:27:27,735 [INFO] IPUIPlugin:80 - create IPUIPlugin
2026-05-19 13:27:27,735 [INFO] PluginManager:220 - loadIPPluginJar : add i2s
2026-05-19 13:27:27,737 [INFO] IPUIPlugin:80 - create IPUIPlugin
2026-05-19 13:27:27,737 [INFO] PluginManager:220 - loadIPPluginJar : add ucpd
2026-05-19 13:27:27,739 [INFO] IPUIPlugin:80 - create IPUIPlugin
2026-05-19 13:27:27,740 [INFO] PluginManager:220 - loadIPPluginJar : add lorawan
2026-05-19 13:27:27,742 [INFO] IPUIPlugin:80 - create IPUIPlugin
2026-05-19 13:27:27,742 [INFO] PluginManager:220 - loadIPPluginJar : add opamp
2026-05-19 13:27:27,745 [INFO] IPUIPlugin:80 - create IPUIPlugin
2026-05-19 13:27:27,745 [INFO] PluginManager:220 - loadIPPluginJar : add i3c
2026-05-19 13:27:27,749 [INFO] IPUIPlugin:80 - create IPUIPlugin
2026-05-19 13:27:27,749 [INFO] PluginManager:220 - loadIPPluginJar : add touchsensing
2026-05-19 13:27:27,752 [INFO] IPUIPlugin:80 - create IPUIPlugin
2026-05-19 13:27:27,752 [INFO] PluginManager:220 - loadIPPluginJar : add i2c
2026-05-19 13:27:27,755 [INFO] IPUIPlugin:80 - create IPUIPlugin
2026-05-19 13:27:27,755 [INFO] PluginManager:220 - loadIPPluginJar : add resmgrutility
2026-05-19 13:27:27,758 [INFO] IPUIPlugin:80 - create IPUIPlugin
2026-05-19 13:27:27,759 [INFO] PluginManager:220 - loadIPPluginJar : add sai
2026-05-19 13:27:27,762 [INFO] IPUIPlugin:80 - create IPUIPlugin
2026-05-19 13:27:27,762 [INFO] PluginManager:220 - loadIPPluginJar : add usbx
2026-05-19 13:27:27,865 [FATAL] Updater:351 - Updater called before beeing initialized
2026-05-19 13:27:27,895 [INFO] RulesReader:64 - Compatibility file has been processed (317 Rules)
2026-05-19 13:27:27,906 [INFO] RulesReader:64 - Compatibility file has been processed (317 Rules)
2026-05-19 13:27:27,912 [INFO] CADModel:165 - CPN selected for project level
2026-05-19 13:27:27,912 [INFO] CADModel:114 - Register for checkConnection events
2026-05-19 13:27:27,913 [FATAL] Updater:351 - Updater called before beeing initialized
2026-05-19 13:27:27,913 [ERROR] CADModel:125 - Updater not yet initialized, retry later 
2026-05-19 13:27:28,078 [FATAL] Updater:351 - Updater called before beeing initialized
2026-05-19 13:27:28,080 [INFO] CADModel:165 - CPN selected for project level
2026-05-19 13:27:28,081 [INFO] CADModel:114 - Register for checkConnection events
2026-05-19 13:27:28,081 [FATAL] Updater:351 - Updater called before beeing initialized
2026-05-19 13:27:28,081 [ERROR] CADModel:125 - Updater not yet initialized, retry later 
2026-05-19 13:27:28,084 [FATAL] Updater:351 - Updater called before beeing initialized
2026-05-19 13:27:28,164 [FATAL] Updater:351 - Updater called before beeing initialized
2026-05-19 13:27:28,169 [INFO] DbMcusAds:53 - JSON generation date=Mon Apr 27 11:14:29 EEST 2026 (1777277669683)
2026-05-19 13:27:28,169 [FATAL] Updater:351 - Updater called before beeing initialized
2026-05-19 13:27:28,227 [WARN] DetailPanel:346 - Failed to get advertising image, set to default
2026-05-19 13:27:28,311 [FATAL] Updater:351 - Updater called before beeing initialized
2026-05-19 13:27:28,312 [FATAL] Updater:351 - Updater called before beeing initialized
2026-05-19 13:27:28,312 [FATAL] Updater:351 - Updater called before beeing initialized
2026-05-19 13:27:28,313 [WARN] DetailPanel:346 - Failed to get advertising image, set to default
2026-05-19 13:27:28,313 [FATAL] Updater:351 - Updater called before beeing initialized
2026-05-19 13:27:28,347 [ERROR] Updater:1198 - MainUpdater not yet initialized. External WinMGr cannot be set.
2026-05-19 13:27:28,349 [INFO] Updater:1134 - Updater Version found : 6.15.0
2026-05-19 13:27:28,372 [INFO] ApplicationProperties:184 - Using Application install path: /Applications/STM32CubeIDE.app/Contents/Eclipse/plugins/com.st.stm32cube.common.mx_6.15.0.202507011659
2026-05-19 13:27:28,794 [INFO] MainUpdater:2872 - connection check result : 10
2026-05-19 13:27:28,794 [INFO] MainUpdater:289 - Updater Check For Update Now.
2026-05-19 13:27:28,795 [INFO] MicroXplorer:498 - Change Database Version : DB.6.0.150
2026-05-19 13:27:28,800 [INFO] McuFinderGlobals:63 - Set McuFinder mode to 2 (CubeIDE integrated)
2026-05-19 13:27:28,801 [INFO] UserAuth:487 - Internet connection configuration mode: 1
2026-05-19 13:27:28,827 [INFO] JxBrowserEngine:152 - Initiate JxBrowser Engine with user profile folder
2026-05-19 13:27:29,008 [INFO] CheckServerUpdateThread:120 - End of CheckServer Thread
2026-05-19 13:27:30,330 [INFO] WebApp:169 - Instantiating new browser for Auth
2026-05-19 13:27:30,349 [WARN] PackLoader:240 - Cannot read IP mode file for STMicroelectronics.X-CUBE-AZRTOS-H7.3.5.0
2026-05-19 13:27:30,385 [WARN] PackLoader:240 - Cannot read IP mode file for STMicroelectronics.FP-SNS-MOTENVWB1.1.4.0
2026-05-19 13:27:30,402 [WARN] PackLoader:240 - Cannot read IP mode file for STMicroelectronics.FP-ATR-ASTRA1.2.0.2
2026-05-19 13:27:30,414 [WARN] PackLoader:240 - Cannot read IP mode file for STMicroelectronics.FP-ATR-ASTRA1.2.0.1
2026-05-19 13:27:30,437 [WARN] PackLoader:240 - Cannot read IP mode file for STMicroelectronics.X-CUBE-SMBUS.2.1.0
2026-05-19 13:27:30,478 [WARN] PackLoader:240 - Cannot read IP mode file for STMicroelectronics.X-CUBE-WB05N.1.1.0
2026-05-19 13:27:30,498 [WARN] PackLoader:240 - Cannot read IP mode file for STMicroelectronics.X-CUBE-ST60.1.0.0
2026-05-19 13:27:30,510 [WARN] PackLoader:240 - Cannot read IP mode file for STMicroelectronics.X-CUBE-TOUCHGFX.4.23.2
2026-05-19 13:27:30,532 [WARN] PackLoader:240 - Cannot read IP mode file for STMicroelectronics.X-CUBE-AZRTOS-F7.1.1.0
2026-05-19 13:27:30,546 [WARN] PackLoader:240 - Cannot read IP mode file for STMicroelectronics.FP-SNS-MOTENV1.4.3.2
2026-05-19 13:27:30,604 [WARN] PackLoader:240 - Cannot read IP mode file for STMicroelectronics.X-CUBE-MEMS1.11.0.0
2026-05-19 13:27:30,740 [WARN] PackLoader:240 - Cannot read IP mode file for STMicroelectronics.FP-SNS-MOTENV1.5.1.0
2026-05-19 13:27:30,745 [WARN] PackLoader:240 - Cannot read IP mode file for STMicroelectronics.FP-SNS-FLIGHT1.5.0.2
2026-05-19 13:27:30,778 [WARN] PackLoader:240 - Cannot read IP mode file for STMicroelectronics.X-CUBE-AZRTOS-H7.3.4.0
2026-05-19 13:27:30,790 [WARN] PackLoader:240 - Cannot read IP mode file for STMicroelectronics.X-CUBE-DISPLAY.3.0.0
2026-05-19 13:27:30,803 [WARN] PackLoader:240 - Cannot read IP mode file for STMicroelectronics.X-CUBE-GNSS1.7.1.1
2026-05-19 13:27:30,814 [WARN] PackLoader:240 - Cannot read IP mode file for STMicroelectronics.FP-SNS-MOTENVWB1.1.5.0
2026-05-19 13:27:30,822 [WARN] PackLoader:240 - Cannot read IP mode file for STMicroelectronics.X-CUBE-BLE1.7.0.0
2026-05-19 13:27:30,949 [WARN] PackLoader:240 - Cannot read IP mode file for STMicroelectronics.X-CUBE-NFC10.1.0.0
2026-05-19 13:27:30,962 [WARN] PackLoader:240 - Cannot read IP mode file for STMicroelectronics.X-CUBE-BLEMGR.4.0.0
2026-05-19 13:27:30,968 [WARN] PackLoader:240 - Cannot read IP mode file for STMicroelectronics.X-CUBE-ST60.1.1.0
2026-05-19 13:27:30,973 [WARN] PackLoader:240 - Cannot read IP mode file for emotas.I-CUBE-CANOPEN.1.3.0
2026-05-19 13:27:30,978 [WARN] PackLoader:240 - Cannot read IP mode file for STMicroelectronics.X-CUBE-GNSS1.7.1.0
2026-05-19 13:27:30,987 [WARN] PackLoader:240 - Cannot read IP mode file for STMicroelectronics.X-CUBE-BLEMGR.3.1.0
2026-05-19 13:27:30,991 [WARN] PackLoader:240 - Cannot read IP mode file for STMicroelectronics.X-CUBE-AI.10.0.0
2026-05-19 13:27:30,996 [WARN] PackLoader:240 - Cannot read IP mode file for STMicroelectronics.FP-SNS-STBOX1.2.1.0
2026-05-19 13:27:31,002 [WARN] PackLoader:240 - Cannot read IP mode file for STMicroelectronics.FP-SNS-SMARTAG2.1.2.0
2026-05-19 13:27:31,005 [WARN] PackLoader:240 - Cannot read IP mode file for STMicroelectronics.FP-SNS-FLIGHT1.5.1.0
2026-05-19 13:27:31,055 [WARN] PackLoader:240 - Cannot read IP mode file for STMicroelectronics.X-CUBE-MEMS1.11.1.0
2026-05-19 13:27:31,216 [INFO] LogOutputStream:77 - [STDOUT_REDIRECT] 1 : Invalid condition id : UX_CORESTACK_Condition cause : null
2026-05-19 13:27:31,216 [INFO] LogOutputStream:77 - [STDOUT_REDIRECT] 1 : Invalid condition id : UX_CORESTACK_Condition cause : null
2026-05-19 13:27:31,216 [INFO] LogOutputStream:77 - [STDOUT_REDIRECT] 1 : Invalid condition id : UX_CORESTACK_Condition cause : null
2026-05-19 13:27:31,217 [INFO] LogOutputStream:77 - [STDOUT_REDIRECT] 1 : Invalid condition id : UX_CORESTACK_Condition cause : null
2026-05-19 13:27:31,217 [INFO] LogOutputStream:77 - [STDOUT_REDIRECT] 1 : Invalid condition id : UX_CORESTACK_Condition cause : null
2026-05-19 13:27:31,220 [WARN] PackLoader:240 - Cannot read IP mode file for STMicroelectronics.X-CUBE-AZRTOS-WL.2.0.0
2026-05-19 13:27:31,224 [WARN] PackLoader:240 - Cannot read IP mode file for STMicroelectronics.FP-SNS-MOTENV1.5.0.0
2026-05-19 13:27:31,244 [WARN] PackLoader:240 - Cannot read IP mode file for STMicroelectronics.X-CUBE-AZRTOS-H7RS.1.2.0
2026-05-19 13:27:31,250 [WARN] PackLoader:240 - Cannot read IP mode file for wolfSSL.I-CUBE-wolfMQTT.1.19.0
2026-05-19 13:27:31,255 [WARN] PackLoader:240 - Cannot read IP mode file for WES.I-CUBE-Cesium.1.3.0
2026-05-19 13:27:31,260 [WARN] PackLoader:240 - Cannot read IP mode file for STMicroelectronics.X-CUBE-BLE2.3.3.0
2026-05-19 13:27:31,277 [WARN] PackLoader:240 - Cannot read IP mode file for STMicroelectronics.X-CUBE-NFC9.1.0.0
2026-05-19 13:27:31,284 [WARN] PackLoader:240 - Cannot read IP mode file for STMicroelectronics.X-CUBE-BLE1.7.1.0
2026-05-19 13:27:31,289 [WARN] PackLoader:240 - Cannot read IP mode file for STMicroelectronics.X-CUBE-TCPP.4.1.0
2026-05-19 13:27:31,295 [WARN] PackLoader:240 - Cannot read IP mode file for STMicroelectronics.X-CUBE-FREERTOS.1.4.0
2026-05-19 13:27:31,300 [WARN] PackLoader:240 - Cannot read IP mode file for STMicroelectronics.X-CUBE-EEPRMA1.5.2.0
2026-05-19 13:27:31,308 [WARN] PackLoader:240 - Cannot read IP mode file for STMicroelectronics.X-CUBE-ST67W61.1.1.0
2026-05-19 13:27:31,312 [WARN] PackLoader:240 - Cannot read IP mode file for STMicroelectronics.X-CUBE-AI.10.1.0
2026-05-19 13:27:31,317 [WARN] PackLoader:240 - Cannot read IP mode file for STMicroelectronics.FP-SNS-STAIOTCFT.1.1.0
2026-05-19 13:27:31,386 [WARN] PackLoader:240 - Cannot read IP mode file for STMicroelectronics.X-CUBE-MEMS1.12.0.0
2026-05-19 13:27:31,540 [INFO] WebApp:463 - Apply proxy settings
2026-05-19 13:27:31,551 [INFO] WebApp:508 - Chromium authenticates against Manually configured proxy
2026-05-19 13:27:31,553 [WARN] PackLoader:240 - Cannot read IP mode file for STMicroelectronics.X-CUBE-ALGOBUILD.1.3.0
2026-05-19 13:27:31,575 [INFO] WebApp:516 - Username used for proxy authentication: 
2026-05-19 13:27:31,596 [WARN] PackLoader:240 - Cannot read IP mode file for STMicroelectronics.X-CUBE-MEMS1.11.2.0
2026-05-19 13:27:31,659 [INFO] WebApp:900 - Register for checkConnection events
2026-05-19 13:27:31,659 [INFO] WebApp:463 - Apply proxy settings
2026-05-19 13:27:31,663 [INFO] WebApp:508 - Chromium authenticates against Manually configured proxy
2026-05-19 13:27:31,664 [INFO] WebApp:516 - Username used for proxy authentication: 
2026-05-19 13:27:31,791 [WARN] PackLoader:240 - Cannot read IP mode file for STMicroelectronics.X-CUBE-AZRTOS-G0.1.1.0
2026-05-19 13:27:31,808 [WARN] PackLoader:240 - Cannot read IP mode file for STMicroelectronics.X-CUBE-SAFEA1.1.2.2
2026-05-19 13:27:31,852 [INFO] WebApp:191 - Connection restablished
2026-05-19 13:27:31,859 [WARN] PackLoader:240 - Cannot read IP mode file for STMicroelectronics.X-CUBE-NFC4.3.0.0
2026-05-19 13:27:31,877 [WARN] PackLoader:240 - Cannot read IP mode file for EmbeddedOffice.I-CUBE-FS-RTOS.1.0.1
2026-05-19 13:27:31,885 [WARN] PackLoader:240 - Cannot read IP mode file for STMicroelectronics.X-CUBE-WB05N.2.0.0
2026-05-19 13:27:31,892 [WARN] PackLoader:240 - Cannot read IP mode file for STMicroelectronics.X-CUBE-TCPP.4.2.0
2026-05-19 13:27:31,900 [WARN] PackLoader:240 - Cannot read IP mode file for RealThread.X-CUBE-RT-Thread_Nano.4.1.1
2026-05-19 13:27:31,909 [WARN] PackLoader:240 - Cannot read IP mode file for wolfSSL.I-CUBE-wolfSSL.5.7.0
2026-05-19 13:27:31,914 [WARN] PackLoader:240 - Cannot read IP mode file for STMicroelectronics.FP-ATR-SIGFOX1.3.2.0
2026-05-19 13:27:31,918 [WARN] ConditionMgr:438 - getConditionDescription Invalid condition id : Cortex-A Device cause : null
2026-05-19 13:27:31,926 [WARN] ConditionMgr:1044 - genDependencies : Invalid condition id : Cortex-A Device cause : null
2026-05-19 13:27:31,926 [WARN] ConditionMgr:1044 - genDependencies : Invalid condition id : Cortex-A Device cause : null
2026-05-19 13:27:31,926 [WARN] ConditionMgr:1044 - genDependencies : Invalid condition id : Cortex-A Device cause : null
2026-05-19 13:27:31,932 [WARN] PackLoader:240 - Cannot read IP mode file for STMicroelectronics.X-CUBE-EEPRMA1.5.1.0
2026-05-19 13:27:31,941 [WARN] PackLoader:240 - Cannot read IP mode file for STMicroelectronics.X-CUBE-FREERTOS.1.5.0
2026-05-19 13:27:31,947 [WARN] PackLoader:240 - Cannot read IP mode file for ITTIA_DB.I-CUBE-ITTIADB.8.9.0
2026-05-19 13:27:31,959 [WARN] PackLoader:240 - Cannot read IP mode file for STMicroelectronics.X-CUBE-NFC6.3.2.0
2026-05-19 13:27:31,965 [WARN] PackLoader:240 - Cannot read IP mode file for STMicroelectronics.X-CUBE-ST67W61.1.0.0
2026-05-19 13:27:31,968 [WARN] PackLoader:240 - Cannot read IP mode file for STMicroelectronics.X-CUBE-AI.10.2.0
2026-05-19 13:27:32,012 [WARN] PackLoader:240 - Cannot read IP mode file for STMicroelectronics.X-CUBE-MEMS1.12.1.0
2026-05-19 13:27:32,085 [INFO] WebApp:225 - Starting web application
2026-05-19 13:27:32,085 [INFO] WebApp:593 - Web application path used /Applications/STM32CubeIDE.app/Contents/Eclipse/plugins/com.st.stm32cube.common.mx_6.15.0.202507011659/db/plugins/mcufinder/reactClient1/index.html
2026-05-19 13:27:32,159 [WARN] PackLoader:240 - Cannot read IP mode file for SEGGER.I-CUBE-embOS.1.3.1
2026-05-19 13:27:32,199 [INFO] UserAuth:487 - Internet connection configuration mode: 1
2026-05-19 13:27:32,219 [WARN] PackLoader:240 - Cannot read IP mode file for STMicroelectronics.X-CUBE-ALGOBUILD.1.4.0
2026-05-19 13:27:32,288 [WARN] PackLoader:240 - Cannot read IP mode file for STMicroelectronics.X-CUBE-MEMS1.11.3.0
2026-05-19 13:27:32,508 [WARN] PackLoader:240 - Cannot read IP mode file for STMicroelectronics.X-CUBE-AI.9.1.0
2026-05-19 13:27:32,513 [WARN] PackLoader:240 - Cannot read IP mode file for STMicroelectronics.X-CUBE-PM33A1.1.0.0
2026-05-19 13:27:32,524 [WARN] PackLoader:240 - Cannot read IP mode file for STMicroelectronics.X-CUBE-GNSS1.6.0.0
2026-05-19 13:27:32,549 [WARN] PackLoader:240 - Cannot read IP mode file for STMicroelectronics.X-CUBE-AZRTOS-F4.1.1.0
2026-05-19 13:27:32,559 [WARN] PackLoader:240 - Cannot read IP mode file for Avnet-IotConnect.X-CUBE-IoTC-DA16k-PMOD.1.0.0
2026-05-19 13:27:32,563 [WARN] PackLoader:240 - Cannot read IP mode file for STMicroelectronics.X-CUBE-ISPU.2.1.0
2026-05-19 13:27:32,574 [WARN] PackLoader:240 - Cannot read IP mode file for STMicroelectronics.X-CUBE-IPS.3.2.0
2026-05-19 13:27:32,582 [WARN] PackLoader:240 - Cannot read IP mode file for STMicroelectronics.eDS-WB_DPC_TT-BIDIR.2.1.1
2026-05-19 13:27:32,586 [WARN] PackLoader:240 - Cannot read IP mode file for STMicroelectronics.X-CUBE-FREERTOS.1.2.0
2026-05-19 13:27:32,592 [WARN] PackLoader:240 - Cannot read IP mode file for STMicroelectronics.X-CUBE-NFC12.1.0.0
2026-05-19 13:27:32,612 [WARN] PackLoader:240 - Cannot read IP mode file for STMicroelectronics.X-CUBE-AZRTOS-L5.2.0.0
2026-05-19 13:27:32,619 [WARN] PackLoader:240 - Cannot read IP mode file for STMicroelectronics.X-CUBE-NFC6.3.1.0
2026-05-19 13:27:32,628 [WARN] PackLoader:240 - Cannot read IP mode file for STMicroelectronics.X-CUBE-DPower.1.2.0
2026-05-19 13:27:32,634 [WARN] PackLoader:240 - Cannot read IP mode file for STMicroelectronics.eDS-WB_DPC_VIENNA.1.2.0
2026-05-19 13:27:32,637 [WARN] PackLoader:240 - Cannot read IP mode file for STMicroelectronics.eDS-WB_DPC_3PH2L-BIDIR.1.1.1
2026-05-19 13:27:32,640 [WARN] PackLoader:240 - Cannot read IP mode file for STMicroelectronics.X-CUBE-AI.9.0.0
2026-05-19 13:27:32,646 [ERROR] Engine:466 - /Users/admin/.stm32cubemx/thirdparties/pdsc/STMicroelectronics.X-CUBE-ST67W61.1.3.0.pdsc: PDSC version is not supported
2026-05-19 13:27:32,650 [WARN] PackLoader:240 - Cannot read IP mode file for STMicroelectronics.X-CUBE-FREERTOS.1.3.1
2026-05-19 13:27:32,654 [WARN] PackLoader:240 - Cannot read IP mode file for STMicroelectronics.X-CUBE-FREERTOS.1.3.0
2026-05-19 13:27:32,659 [WARN] PackLoader:240 - Cannot read IP mode file for STMicroelectronics.X-CUBE-NFC7.1.0.1
2026-05-19 13:27:32,663 [WARN] PackLoader:240 - Cannot read IP mode file for wolfSSL.I-CUBE-wolfTPM.3.2.0
2026-05-19 13:27:32,667 [WARN] PackLoader:240 - Cannot read IP mode file for STMicroelectronics.X-CUBE-TOUCHGFX.4.26.0
2026-05-19 13:27:32,670 [WARN] PackLoader:240 - Cannot read IP mode file for STMicroelectronics.X-CUBE-TOUCHGFX.4.26.1
2026-05-19 13:27:32,675 [WARN] PackLoader:240 - Cannot read IP mode file for STMicroelectronics.FP-SNS-STAIOTCFT.1.0.0
2026-05-19 13:27:32,682 [WARN] PackLoader:240 - Cannot read IP mode file for STMicroelectronics.X-CUBE-DPower.1.3.0
2026-05-19 13:27:32,688 [WARN] PackLoader:240 - Cannot read IP mode file for STMicroelectronics.X-CUBE-AI.8.1.0
2026-05-19 13:27:32,715 [WARN] ConditionMgr:438 - getConditionDescription Invalid condition id : LAN8742 Phy interface Condition cause : null
2026-05-19 13:27:32,716 [WARN] PackLoader:240 - Cannot read IP mode file for STMicroelectronics.X-CUBE-AZRTOS-L4.2.0.0
2026-05-19 13:27:32,717 [WARN] ConditionMgr:1044 - genDependencies : Invalid condition id : LAN8742 Phy interface Condition cause : null
2026-05-19 13:27:32,717 [WARN] ConditionMgr:1044 - genDependencies : Invalid condition id : LAN8742 Phy interface Condition cause : null
2026-05-19 13:27:32,718 [WARN] ConditionMgr:1044 - genDependencies : Invalid condition id : LAN8742 Phy interface Condition cause : null
2026-05-19 13:27:32,725 [WARN] PackLoader:240 - Cannot read IP mode file for STMicroelectronics.X-CUBE-SFXS2LP1.4.0.0
2026-05-19 13:27:32,731 [WARN] PackLoader:240 - Cannot read IP mode file for STMicroelectronics.X-CUBE-WB05N.2.1.0
2026-05-19 13:27:32,738 [WARN] PackLoader:240 - Cannot read IP mode file for STMicroelectronics.X-CUBE-ST67W61.1.2.0
2026-05-19 13:27:32,759 [WARN] PackLoader:240 - Cannot read IP mode file for STMicroelectronics.X-CUBE-AZRTOS-H7.3.3.0
2026-05-19 13:27:32,771 [WARN] PackLoader:240 - Cannot read IP mode file for STMicroelectronics.X-CUBE-BLEMGR.4.1.0
2026-05-19 13:27:32,779 [WARN] PackLoader:240 - Cannot read IP mode file for STMicroelectronics.X-CUBE-IPS.3.0.0
2026-05-19 13:27:32,791 [WARN] ConditionMgr:438 - getConditionDescription Invalid condition id : UX DEVICE CLASS RTOS Condition cause : null
2026-05-19 13:27:32,791 [WARN] ConditionMgr:438 - getConditionDescription Invalid condition id : UX DEVICE CLASS RTOS Condition cause : null
2026-05-19 13:27:32,793 [WARN] PackLoader:240 - Cannot read IP mode file for STMicroelectronics.X-CUBE-AZRTOS-WB.2.0.0
2026-05-19 13:27:32,793 [WARN] ConditionMgr:1044 - genDependencies : Invalid condition id : UX DEVICE CLASS RTOS Condition cause : null
2026-05-19 13:27:32,793 [WARN] ConditionMgr:1044 - genDependencies : Invalid condition id : UX DEVICE CLASS RTOS Condition cause : null
2026-05-19 13:27:32,794 [WARN] ConditionMgr:1044 - genDependencies : Invalid condition id : UX DEVICE CLASS RTOS Condition cause : null
2026-05-19 13:27:32,794 [WARN] ConditionMgr:1044 - genDependencies : Invalid condition id : UX DEVICE CLASS RTOS Condition cause : null
2026-05-19 13:27:32,794 [WARN] ConditionMgr:1044 - genDependencies : Invalid condition id : UX DEVICE CLASS RTOS Condition cause : null
2026-05-19 13:27:32,798 [WARN] PackLoader:240 - Cannot read IP mode file for STMicroelectronics.X-CUBE-GNSS1.7.0.0
2026-05-19 13:27:32,802 [WARN] PackLoader:240 - Cannot read IP mode file for STMicroelectronics.X-CUBE-GNSS1.7.0.1
2026-05-19 13:27:32,805 [WARN] PackLoader:240 - Cannot read IP mode file for STMicroelectronics.X-CUBE-TOUCHGFX.4.25.0
2026-05-19 13:27:32,809 [WARN] PackLoader:240 - Cannot read IP mode file for STMicroelectronics.FP-SNS-STBOX1.2.0.0
2026-05-19 13:27:32,816 [WARN] PackLoader:240 - Cannot read IP mode file for STMicroelectronics.X-CUBE-STSE01.2.0.0
2026-05-19 13:27:32,824 [WARN] PackLoader:240 - Cannot read IP mode file for STMicroelectronics.X-CUBE-SUBG2.5.0.0
2026-05-19 13:27:32,863 [WARN] PackLoader:240 - Cannot read IP mode file for STMicroelectronics.X-CUBE-AZRTOS-H7RS.1.1.0
2026-05-19 13:27:32,868 [WARN] PackLoader:240 - Cannot read IP mode file for Cesanta.I-CUBE-Mongoose.7.13.0
2026-05-19 13:27:32,885 [WARN] PackLoader:240 - Cannot read IP mode file for STMicroelectronics.X-CUBE-AZRTOS-G4.2.0.0
2026-05-19 13:27:32,890 [WARN] PackLoader:240 - Cannot read IP mode file for STMicroelectronics.X-CUBE-NFC7.2.0.0
2026-05-19 13:27:32,894 [WARN] PackLoader:240 - Cannot read IP mode file for STMicroelectronics.FP-SNS-MOTENVWB1.1.3.1
2026-05-19 13:27:32,898 [WARN] PackLoader:240 - Cannot read IP mode file for STMicroelectronics.X-CUBE-ISPU.2.0.0
2026-05-19 13:27:32,915 [WARN] PackLoader:240 - Cannot read IP mode file for STMicroelectronics.X-CUBE-IPS.3.1.0
2026-05-19 13:27:32,924 [WARN] PackLoader:240 - Cannot read IP mode file for STMicroelectronics.X-CUBE-ALS.1.0.2
2026-05-19 13:27:32,965 [WARN] PackLoader:240 - Cannot read IP mode file for STMicroelectronics.X-CUBE-MEMS1.10.0.0
2026-05-19 13:27:33,089 [WARN] PackLoader:240 - Cannot read IP mode file for STMicroelectronics.X-CUBE-FREERTOS.1.1.0
2026-05-19 13:27:33,093 [WARN] PackLoader:240 - Cannot read IP mode file for STMicroelectronics.X-CUBE-TOUCHGFX.4.24.0
2026-05-19 13:27:33,096 [WARN] PackLoader:240 - Cannot read IP mode file for STMicroelectronics.X-CUBE-TOUCHGFX.4.24.2
2026-05-19 13:27:33,099 [WARN] PackLoader:240 - Cannot read IP mode file for STMicroelectronics.X-CUBE-TOUCHGFX.4.24.1
2026-05-19 13:27:33,105 [WARN] PackLoader:240 - Cannot read IP mode file for STMicroelectronics.X-CUBE-STSE01.1.0.0
2026-05-19 13:27:33,110 [WARN] PackLoader:240 - Cannot read IP mode file for portGmbH.I-Cube-SoM-uGOAL.1.1.0
2026-05-19 13:27:33,114 [WARN] PackLoader:240 - Cannot read IP mode file for STMicroelectronics.X-CUBE-ALS.1.0.1
2026-05-19 13:27:33,126 [WARN] PackLoader:240 - Cannot read IP mode file for STMicroelectronics.X-CUBE-AZRTOS-H7RS.1.0.0
2026-05-19 13:27:33,130 [WARN] PackLoader:240 - Cannot read IP mode file for STMicroelectronics.FP-ATR-ASTRA1.2.0.0
2026-05-19 13:27:33,138 [WARN] PackLoader:240 - Cannot read IP mode file for STMicroelectronics.X-CUBE-TOF1.3.4.2
2026-05-19 13:27:33,153 [WARN] PackLoader:240 - Cannot read IP mode file for STMicroelectronics.X-CUBE-TOF1.3.4.3
2026-05-19 13:27:33,167 [WARN] PackLoader:240 - Cannot read IP mode file for STMicroelectronics.X-CUBE-TOF1.3.4.1
2026-05-19 13:27:33,185 [WARN] PackLoader:240 - Cannot read IP mode file for STMicroelectronics.X-CUBE-AZRTOS-H7.3.2.0
2026-05-19 13:27:33,204 [WARN] PackLoader:240 - Cannot read IP mode file for Infineon.AIROC-Wi-Fi-Bluetooth-STM32.1.6.0
2026-05-19 13:27:33,266 [WARN] PackLoader:240 - Cannot read IP mode file for wolfSSL.I-CUBE-wolfSSH.1.4.17
2026-05-19 13:27:33,267 [INFO] ThirdParty:978 - Integrity check success = true
2026-05-19 13:27:33,267 [INFO] IntegrityCheckThread:100 - exiting critical section [integrity check]
2026-05-19 13:27:33,267 [INFO] IntegrityCheckThread:103 - End integrity checks thread
2026-05-19 13:30:04,544 [INFO] McuFinderGlobals:63 - Set McuFinder mode to 2 (CubeIDE integrated)
2026-05-19 13:30:04,548 [INFO] MainUpdater:2872 - connection check result : 10
2026-05-19 13:30:04,549 [INFO] MainUpdater:2872 - connection check result : 10
2026-05-19 13:30:05,198 [INFO] MicroXplorer:468 - Change Database Path : 
2026-05-19 13:30:05,198 [INFO] MicroXplorer:498 - Change Database Version : DB.6.0.150
2026-05-19 13:30:05,206 [WARN] ThirdParty:871 - waiting for thirdparty lock release [close project]
2026-05-19 13:30:05,206 [INFO] ThirdParty:873 - entering critical section [close project]
2026-05-19 13:30:05,208 [INFO] ThirdParty:883 - exiting critical section [close project]
2026-05-19 13:30:05,212 [INFO] PinOutPanel:1589 - setPackage(No Configuration,No Configuration)
2026-05-19 13:30:05,215 [INFO] UtilMem:75 - Begin LoadConfig() Used Memory: 669536584 Bytes (1073741824)
2026-05-19 13:30:05,218 [INFO] MicroXplorer:468 - Change Database Path : 
2026-05-19 13:30:05,218 [INFO] MicroXplorer:498 - Change Database Version : DB.6.0.150
2026-05-19 13:30:05,218 [INFO] OpenFileManager:355 - Change cursor
2026-05-19 13:30:05,256 [INFO] Mcu:2029 - Initializing MCU STM32L010K8Tx STM32L010K8Tx STM32L010K8T6
2026-05-19 13:30:05,935 [INFO] Context:786 - Trying to add GPIOservice into a context  which must be forbidden
2026-05-19 13:30:06,156 [INFO] ImportTextPane:234 - (OptionalMessage_ERROR) Pin25 (VP_RIF_VS_RIF1) cannot be retrieved for this MCU
2026-05-19 13:30:06,388 [INFO] RtosManager:558 - Registered RTOS mode: class=CMSIS, group=RTOS, mode=CMSIS_V1, owner=FREERTOS
2026-05-19 13:30:06,388 [INFO] RtosManager:558 - Registered RTOS mode: class=CMSIS, group=RTOS2, mode=CMSIS_V2, owner=FREERTOS
2026-05-19 13:30:06,389 [INFO] RtosManager:558 - Registered RTOS mode: class=RTOS, group=Core, mode=CMSIS_V1, owner=FREERTOS
2026-05-19 13:30:06,389 [INFO] RtosManager:558 - Registered RTOS mode: class=RTOS, group=Core, mode=CMSIS_V2, owner=FREERTOS
2026-05-19 13:30:06,389 [WARN] ModelIntegratedComponent:184 - Missing modes for component STMicroelectronics:FreeRTOS:0.0.1:STMicroelectronics:RTOS:FreeRTOS:Core:::10.2.0:
2026-05-19 13:30:06,397 [WARN] ModelIntegratedComponent:63 - No mode defined for component null
2026-05-19 13:30:06,397 [WARN] ModelIntegratedComponent:63 - No mode defined for component null
2026-05-19 13:30:06,398 [WARN] ModelIntegratedComponent:63 - No mode defined for component null
2026-05-19 13:30:06,398 [WARN] ModelIntegratedComponent:63 - No mode defined for component null
2026-05-19 13:30:06,398 [WARN] ModelIntegratedComponent:63 - No mode defined for component null
2026-05-19 13:30:06,398 [WARN] ModelIntegratedComponent:63 - No mode defined for component null
2026-05-19 13:30:06,398 [WARN] ModelIntegratedComponent:63 - No mode defined for component null
2026-05-19 13:30:06,398 [WARN] ModelIntegratedComponent:63 - No mode defined for component null
2026-05-19 13:30:06,398 [WARN] ModelIntegratedComponent:63 - No mode defined for component null
2026-05-19 13:30:06,398 [WARN] ModelIntegratedComponent:63 - No mode defined for component null
2026-05-19 13:30:06,398 [WARN] ModelIntegratedComponent:63 - No mode defined for component null
2026-05-19 13:30:06,398 [WARN] ModelIntegratedComponent:63 - No mode defined for component null
2026-05-19 13:30:06,399 [WARN] ModelIntegratedComponent:63 - No mode defined for component null
2026-05-19 13:30:06,399 [WARN] ModelIntegratedComponent:63 - No mode defined for component null
2026-05-19 13:30:06,399 [WARN] ModelIntegratedComponent:63 - No mode defined for component null
2026-05-19 13:30:06,399 [WARN] ModelIntegratedComponent:63 - No mode defined for component null
2026-05-19 13:30:06,399 [WARN] ModelIntegratedComponent:63 - No mode defined for component null
2026-05-19 13:30:06,399 [WARN] ModelIntegratedComponent:63 - No mode defined for component null
2026-05-19 13:30:06,399 [WARN] ModelIntegratedComponent:63 - No mode defined for component null
2026-05-19 13:30:06,399 [WARN] ModelIntegratedComponent:63 - No mode defined for component null
2026-05-19 13:30:06,399 [WARN] ModelIntegratedComponent:63 - No mode defined for component null
2026-05-19 13:30:06,399 [WARN] ModelIntegratedComponent:63 - No mode defined for component null
2026-05-19 13:30:06,399 [WARN] ModelIntegratedComponent:63 - No mode defined for component null
2026-05-19 13:30:06,399 [WARN] ModelIntegratedComponent:63 - No mode defined for component null
2026-05-19 13:30:06,399 [WARN] ModelIntegratedComponent:63 - No mode defined for component null
2026-05-19 13:30:06,399 [WARN] ModelIntegratedComponent:63 - No mode defined for component null
2026-05-19 13:30:06,399 [WARN] ModelIntegratedComponent:63 - No mode defined for component null
2026-05-19 13:30:06,399 [WARN] ModelIntegratedComponent:63 - No mode defined for component null
2026-05-19 13:30:06,400 [WARN] ModelIntegratedComponent:63 - No mode defined for component null
2026-05-19 13:30:06,400 [WARN] ModelIntegratedComponent:63 - No mode defined for component null
2026-05-19 13:30:06,400 [WARN] ModelIntegratedComponent:63 - No mode defined for component null
2026-05-19 13:30:06,400 [WARN] ModelIntegratedComponent:63 - No mode defined for component null
2026-05-19 13:30:06,400 [WARN] ModelIntegratedComponent:63 - No mode defined for component null
2026-05-19 13:30:06,400 [WARN] ModelIntegratedComponent:63 - No mode defined for component null
2026-05-19 13:30:06,400 [WARN] ModelIntegratedComponent:63 - No mode defined for component null
2026-05-19 13:30:06,400 [WARN] ModelPack:524 - Component already loaded: STMicroelectronics:HAL Drivers:0.0.0:STMicroelectronics:Device:STMicro_Driver:XSPI:HAL::0.0.1:HAL_XSPI
2026-05-19 13:30:06,808 [INFO] ThirdPartyModel:298 - Start build external matchings
2026-05-19 13:30:10,861 [INFO] ThirdPartyModel:316 - End build external matchings
2026-05-19 13:30:10,985 [INFO] ImportTextPane:234 - (OptionalMessage_ERROR) IP (RCC) : Invalid parameter (FamilyName)
2026-05-19 13:30:10,986 [INFO] ImportTextPane:234 - (OptionalMessage_ERROR) IP (RCC) : Invalid parameter (TIMFreq_Value)
2026-05-19 13:30:11,284 [INFO] ApiDb:581 - Connected to CubeFinder SQLite database (/Users/admin/.stmcufinder/plugins/mcufinder/mcu/cube-finder-db.db)
2026-05-19 13:30:11,372 [INFO] ApiDb:668 - CubeFinder database Data Model version=2.1
2026-05-19 13:30:11,372 [INFO] ApiDb:669 - CubeFinder database Configuration version=3.0.42
2026-05-19 13:30:11,372 [INFO] ApiDb:670 - CubeFinder database generation date=2026-03-11 (1773229989)
2026-05-19 13:30:11,373 [INFO] ApiDb:671 - CubeFinder database FW Pack versions=[FP-ATR-ASTRA1_V2.0.0, FP-SNS-FLIGHT1_V5.1.0, FP-SNS-MOTENV1_V5.1.0, FP-SNS-MOTENVWB1_V1.5.0, FP-SNS-SMARTAG2_V1.2.0, FP-SNS-STBOX1_V2.1.0, STM32Cube_FW_C0_V1.4.0, STM32Cube_FW_F4_V1.28.3, STM32Cube_FW_F7_V1.17.4, STM32Cube_FW_G0_V1.6.3, STM32Cube_FW_G4_V1.6.2, STM32Cube_FW_H5_V1.6.0, STM32Cube_FW_H7RS_V1.3.0, STM32Cube_FW_H7_V1.13.0, STM32Cube_FW_L0_V1.12.2, STM32Cube_FW_L4_V1.18.2, STM32Cube_FW_L5_V1.6.0, STM32Cube_FW_N6_V1.3.0, STM32Cube_FW_U0_V1.3.0, STM32Cube_FW_U3_V1.3.0, STM32Cube_FW_U5_V1.8.0, STM32Cube_FW_WB0_V1.4.0, STM32Cube_FW_WBA_V1.9.0, STM32Cube_FW_WB_V1.24.0, STM32Cube_FW_WL3_V1.4.0, STM32Cube_FW_WL_V1.5.0, X-CUBE-ALGOBUILD_V1.4.0, X-CUBE-ALS_V1.0.2, X-CUBE-AZRTOS-F4_V1.1.0, X-CUBE-AZRTOS-F7_V1.1.0, X-CUBE-AZRTOS-G0_V1.1.0, X-CUBE-AZRTOS-G4_V2.0.0, X-CUBE-AZRTOS-H7RS_V1.1.0, X-CUBE-AZRTOS-H7_V3.4.0, X-CUBE-AZRTOS-L4_V2.0.0, X-CUBE-AZRTOS-L5_V2.0.0, X-CUBE-AZRTOS-WB_V2.0.0, X-CUBE-AZRTOS-WL_V2.0.0, X-CUBE-BLE1_V7.1.0, X-CUBE-BLE2_V3.3.0, X-CUBE-BLEMGR_V4.1.0, X-CUBE-EEPRMA1_V5.2.0, X-CUBE-FREERTOS_V1.5.0, X-CUBE-GNSS1_V6.0.0, X-CUBE-MEMS1_V12.0.0, X-CUBE-NFC4_V3.0.0, X-CUBE-NFC7_V2.0.0, X-CUBE-SFXS2LP1_V4.0.0, X-CUBE-ST67W61_V1.2.0, X-CUBE-SUBG2_V5.0.0, X-CUBE-TOF1_V3.4.3]
2026-05-19 13:30:11,593 [INFO] DbBoardsSqlite:226 - include board P-NUCLEO-WB55-NUCLEO as a kit item of type 'Nucleo-64'
2026-05-19 13:30:11,593 [INFO] DbBoardsSqlite:226 - include board P-NUCLEO-WB55-USBDONGLE as a kit item of type 'Nucleo USB Dongle'
2026-05-19 13:30:11,594 [INFO] DbBoardsSqlite:226 - include board STEVAL-IDP005V1 as a kit item of type 'Evaluation Board'
2026-05-19 13:30:11,595 [INFO] DbBoardsSqlite:226 - include board STEVAL-IDP005V2 as a kit item of type 'Evaluation Board'
2026-05-19 13:30:12,266 [INFO] ApiDb:240 - Found 880 in-development CPN: [B-G473E-ZEST1S, B-WB1M-WPAN1, B-WBA5M-WPAN, B-WL5M-SUBG1, NUCLEO-C031C6, NUCLEO-C051C8, NUCLEO-C071RB, NUCLEO-C092RC, NUCLEO-H503RB, NUCLEO-H533RE, NUCLEO-H563ZI, NUCLEO-H7S3L8, NUCLEO-N657X0-Q, NUCLEO-U031R8, NUCLEO-U083RC, NUCLEO-U385RG-Q, NUCLEO-U545RE-Q, NUCLEO-U5A5ZJ-Q, NUCLEO-WB05KZ, NUCLEO-WB07CC, NUCLEO-WB09KE, NUCLEO-WBA52CG, NUCLEO-WBA55CG, NUCLEO-WL33CC1, NUCLEO-WL33CC2, STEVAL-PROTEUS1, STEVAL-SMARTAG2, STEVAL-STWINBX1, STM320518-EVAL, STM32C0116-DK, STM32C011D6Y3TR, STM32C011D6Y6TR, STM32C011F4P3, STM32C011F4P6, STM32C011F4U3, STM32C011F4U6TR, STM32C011F6P3, STM32C011F6P6, STM32C011F6U3, STM32C011F6U6TR, STM32C011J4M3, STM32C011J4M6, STM32C011J6M3, STM32C011J6M6, STM32C0316-DK, STM32C031C4T3, STM32C031C4T6, STM32C031C4U3, STM32C031C4U6, STM32C031C6T3, STM32C031C6T6, STM32C031C6U3, STM32C031C6U6, STM32C031F4P3, STM32C031F4P6, STM32C031F6P3, STM32C031F6P6, STM32C031G4U3, STM32C031G4U6, STM32C031G6U3, STM32C031G6U6, STM32C031K4T3, STM32C031K4T6, STM32C031K4U3, STM32C031K4U6, STM32C031K6T3, STM32C031K6T6, STM32C031K6U3, STM32C031K6U6, STM32C051C6T6, STM32C051C6U6, STM32C051C8T6, STM32C051C8U6, STM32C051D8Y6TR, STM32C051F6P6, STM32C051F8P6, STM32C051G6U6, STM32C051G8U6, STM32C051K6T6, STM32C051K6U6, STM32C051K8T6, STM32C071C8T6, STM32C071C8T6N, STM32C071C8U6, STM32C071C8U6N, STM32C071CBT6, STM32C071CBT6N, STM32C071CBU6, STM32C071CBU6N, STM32C071F8P6, STM32C071F8P6N, STM32C071FBP6, STM32C071FBP6N, STM32C071FBY6TR, STM32C071G8U6, STM32C071G8U6N, STM32C071GBU6, STM32C071GBU6N, STM32C071K8T6, STM32C071K8T6N, STM32C071K8U6, STM32C071K8U6N, STM32C071KBT6, STM32C071KBT6N, STM32C071KBU6, STM32C071KBU6N, STM32C071R8T6, STM32C071R8T6N, STM32C071RBI6N, STM32C071RBT6, STM32C071RBT6N, STM32C091CBT6, STM32C091CBU6, STM32C091CCT6, STM32C091CCU6, STM32C091ECY6TR, STM32C091FBP6, STM32C091FCP6, STM32C091GBU6, STM32C091GCU6, STM32C091KBT6, STM32C091KBU6, STM32C091KCT6, STM32C091KCU6, STM32C091RBT6, STM32C091RCI6, STM32C091RCT6, STM32C092CBT6, STM32C092CBU6, STM32C092CCT6, STM32C092CCU6, STM32C092ECY6TR, STM32C092FBP6, STM32C092FCP6, STM32C092GBU6, STM32C092GCU6, STM32C092KBT6, STM32C092KBU6, STM32C092KCT6, STM32C092KCU6, STM32C092RBT6, STM32C092RCI6, STM32C092RCT6, STM32G071K8TXN, STM32G071K8UXN, STM32G081GBU6N, STM32G081KBT6N, STM32G081KBUXN, STM32G0B1CCT6N, STM32G0B1KCT6, STM32G0B1NEY6TR, STM32G0B1RCT6N, STM32G0C1CCT6, STM32G0C1CCT6N, STM32G0C1CCU6N, STM32G0C1CET6N, STM32G0C1CEU6N, STM32G0C1KCT6, STM32G0C1NEY6TR, STM32G0C1RCI6N, STM32G0C1RCT6N, STM32G0C1REI6N, STM32G0C1RET6N, STM32G0C1VCI6, STM32G0C1VEI6, STM32G411C6T3, STM32G411C6T6, STM32G411C6U3, STM32G411C6U6, STM32G411C8T3, STM32G411C8T6, STM32G411C8U3, STM32G411C8U6, STM32G411CBT3, STM32G411CBT6, STM32G411CBU3, STM32G411CBU6, STM32G411K6T3, STM32G411K6T6, STM32G411K6U3, STM32G411K6U6, STM32G411K8T3, STM32G411K8T6, STM32G411K8U3, STM32G411K8U6, STM32G411KBT3, STM32G411KBT6, STM32G411KBU3, STM32G411KBU6, STM32G411M6T3, STM32G411M6T6, STM32G411M8T3, STM32G411M8T6, STM32G411MBT3, STM32G411MBT6, STM32G411R6T3, STM32G411R6T6, STM32G411R8T3, STM32G411R8T6, STM32G411RBT3, STM32G411RBT6, STM32G414CBT3, STM32G414CBT6, STM32G414CBU3, STM32G414CBU6, STM32G414CCT3, STM32G414CCT6, STM32G414CCU3, STM32G414CCU6, STM32G414MBT3, STM32G414MBT6, STM32G414MCT3, STM32G414MCT6, STM32G414RBT3, STM32G414RBT6, STM32G414RCT3, STM32G414RCT6, STM32G414VBT3, STM32G414VBT6, STM32G414VCT3, STM32G414VCT6, STM32G431CBT3Z, STM32G431RBT3Z, STM32G471CCT6, STM32G471CCU6, STM32G471CET3, STM32G471CET6, STM32G471CEU3, STM32G471CEU6, STM32G471MCT6, STM32G471MET3, STM32G471MET6, STM32G471MEY6TR, STM32G471QCT6, STM32G471QET3, STM32G471RCT6, STM32G471RET3, STM32G471RET6, STM32G471VCH6, STM32G471VCI6, STM32G471VCT6, STM32G471VEH3, STM32G471VEH6, STM32G471VEI3, STM32G471VEI6, STM32G471VET3, STM32G471VET6, STM32G473QET3Z, STM32G473RET3Z, STM32G474CCT6, STM32G491RET3Z, STM32H503CBT6, STM32H503CBU6, STM32H503EBY6TR, STM32H503KBU6, STM32H503RBT6, STM32H523CCT6, STM32H523CCU6, STM32H523CET6, STM32H523CEU6, STM32H523HEY6TR, STM32H523RCT6, STM32H523RET6, STM32H523VCI6, STM32H523VCT6, STM32H523VEI6, STM32H523VET6, STM32H523ZCJ6, STM32H523ZCT6, STM32H523ZEJ6, STM32H523ZET6, STM32H533CET6, STM32H533CEU6, STM32H533HEY6TR, STM32H533RET6, STM32H533VEI6, STM32H533VET6, STM32H533ZEJ6, STM32H533ZET6, STM32H562AGI6, STM32H562AII6, STM32H562IGK6, STM32H562IGT6, STM32H562IIK6, STM32H562IIT6, STM32H562RGT6, STM32H562RGV6, STM32H562RIT6, STM32H562RIV6, STM32H562VGT6, STM32H562VIT6, STM32H562ZGT6, STM32H562ZIT6, STM32H563AGI6, STM32H563AII3Q, STM32H563AII6, STM32H563IGK6, STM32H563IGT6, STM32H563IIK3Q, STM32H563IIK6, STM32H563IIT3Q, STM32H563IIT6, STM32H563MIY3QTR, STM32H563RGT6, STM32H563RGV6, STM32H563RIT6, STM32H563RIV6, STM32H563VGT6, STM32H563VIT3Q, STM32H563VIT6, STM32H563ZGT6, STM32H563ZIT3Q, STM32H563ZIT6, STM32H573AII3Q, STM32H573AII6, STM32H573I-DK, STM32H573IIK3Q, STM32H573IIK6, STM32H573IIT3Q, STM32H573IIT6, STM32H573MIY3QTR, STM32H573RIT6, STM32H573RIV6, STM32H573VIT3Q, STM32H573VIT6, STM32H573ZIT3Q, STM32H573ZIT6, STM32H7R3A8I6, STM32H7R3I8K6, STM32H7R3I8T6, STM32H7R3L8H6, STM32H7R3L8H6H, STM32H7R3R8V6, STM32H7R3V8H6, STM32H7R3V8T6, STM32H7R3V8Y6TR, STM32H7R3Z8J6, STM32H7R3Z8T6, STM32H7R7A8I6, STM32H7R7I8K6, STM32H7R7I8T6, STM32H7R7L8H6, STM32H7R7L8H6H, STM32H7R7Z8J6, STM32H7S3A8I6, STM32H7S3I8K6, STM32H7S3I8T6, STM32H7S3L8H6, STM32H7S3L8H6H, STM32H7S3R8V6, STM32H7S3V8H6, STM32H7S3V8T6, STM32H7S3V8Y6TR, STM32H7S3Z8J6, STM32H7S3Z8T6, STM32H7S78-DK, STM32H7S7A8I6, STM32H7S7I8K6, STM32H7S7I8T6, STM32H7S7L8H6, STM32H7S7L8H6H, STM32H7S7Z8J6, STM32L4R5QGI6STR, STM32MP131AAE3, STM32MP131AAF3, STM32MP131AAG3, STM32MP131CAE3, STM32MP131CAF3, STM32MP131CAG3, STM32MP131DAE7, STM32MP131DAF7, STM32MP131DAG7, STM32MP131FAE7, STM32MP131FAF7, STM32MP131FAG7, STM32MP133AAE3, STM32MP133AAF3, STM32MP133AAG3, STM32MP133CAE3, STM32MP133CAF3, STM32MP133CAG3, STM32MP133DAE7, STM32MP133DAF7, STM32MP133DAG7, STM32MP133FAE7, STM32MP133FAF7, STM32MP133FAG7, STM32MP135AAE3, STM32MP135AAF3, STM32MP135AAG3, STM32MP135CAE3, STM32MP135CAF3, STM32MP135CAG3, STM32MP135DAE7, STM32MP135DAF7, STM32MP135DAG7, STM32MP135F-DK, STM32MP135FAE7, STM32MP135FAF7, STM32MP135FAF7T, STM32MP135FAF7U, STM32MP135FAG7, STM32MP211AAL3, STM32MP211AAM3, STM32MP211AAN3, STM32MP211AAO3, STM32MP211CAL3, STM32MP211CAM3, STM32MP211CAN3, STM32MP211CAO3, STM32MP211DAL3, STM32MP211DAM3, STM32MP211DAN3, STM32MP211DAO3, STM32MP211FAL3, STM32MP211FAM3, STM32MP211FAN3, STM32MP211FAO3, STM32MP213AAL3, STM32MP213AAM3, STM32MP213AAN3, STM32MP213AAO3, STM32MP213CAL3, STM32MP213CAM3, STM32MP213CAN3, STM32MP213CAO3, STM32MP213DAL3, STM32MP213DAM3, STM32MP213DAN3, STM32MP213DAO3, STM32MP213FAL3, STM32MP213FAM3, STM32MP213FAN3, STM32MP213FAO3, STM32MP215AAL3, STM32MP215AAM3, STM32MP215AAN3, STM32MP215AAO3, STM32MP215CAL3, STM32MP215CAM3, STM32MP215CAN3, STM32MP215CAO3, STM32MP215DAL3, STM32MP215DAM3, STM32MP215DAN3, STM32MP215DAO3, STM32MP215F-DK, STM32MP215FAL3, STM32MP215FAM3, STM32MP215FAN3, STM32MP215FAO3, STM32MP231AAJ3, STM32MP231AAK3, STM32MP231AAL3, STM32MP231CAJ3, STM32MP231CAK3, STM32MP231CAL3, STM32MP231DAJ3, STM32MP231DAK3, STM32MP231DAL3, STM32MP231FAJ3, STM32MP231FAK3, STM32MP231FAL3, STM32MP233AAJ3, STM32MP233AAK3, STM32MP233AAL3, STM32MP233CAJ3, STM32MP233CAK3, STM32MP233CAL3, STM32MP233DAJ3, STM32MP233DAK3, STM32MP233DAL3, STM32MP233FAJ3, STM32MP233FAK3, STM32MP233FAL3, STM32MP235AAJ3, STM32MP235AAK3, STM32MP235AAL3, STM32MP235CAJ3, STM32MP235CAK3, STM32MP235CAL3, STM32MP235DAJ3, STM32MP235DAK3, STM32MP235DAL3, STM32MP235FAJ3, STM32MP235FAK3, STM32MP235FAL3, STM32MP251AAI3, STM32MP251AAK3, STM32MP251AAL3, STM32MP251CAI3, STM32MP251CAK3, STM32MP251CAL3, STM32MP251DAI3, STM32MP251DAK3, STM32MP251DAL3, STM32MP251FAI3, STM32MP251FAK3, STM32MP251FAL3, STM32MP253AAI3, STM32MP253AAK3, STM32MP253AAL3, STM32MP253CAI3, STM32MP253CAK3, STM32MP253CAL3, STM32MP253DAI3, STM32MP253DAK3, STM32MP253DAL3, STM32MP253FAI3, STM32MP253FAK3, STM32MP253FAL3, STM32MP255AAI3, STM32MP255AAK3, STM32MP255AAL3, STM32MP255CAI3, STM32MP255CAK3, STM32MP255CAL3, STM32MP255DAI3, STM32MP255DAK3, STM32MP255DAL3, STM32MP255FAI3, STM32MP255FAK3, STM32MP255FAL3, STM32MP257AAI3, STM32MP257AAK3, STM32MP257AAL3, STM32MP257CAI3, STM32MP257CAK3, STM32MP257CAL3, STM32MP257DAI3, STM32MP257DAK3, STM32MP257DAL3, STM32MP257F-DK, STM32MP257F-EV1, STM32MP257FAI3, STM32MP257FAK3, STM32MP257FAL3, STM32N645A0H3Q, STM32N645B0H3Q, STM32N645I0H3Q, STM32N645L0H3Q, STM32N645X0H3Q, STM32N645Z0H3Q, STM32N647A0H3Q, STM32N647B0H3Q, STM32N647I0H3Q, STM32N647L0H3Q, STM32N647X0H3Q, STM32N647Z0H3Q, STM32N655A0H3Q, STM32N655B0H3Q, STM32N655I0H3Q, STM32N655L0H3Q, STM32N655X0H3Q, STM32N655Z0H3Q, STM32N6570-DK, STM32N657A0H3Q, STM32N657B0H3Q, STM32N657I0H3Q, STM32N657L0H3Q, STM32N657X0H3Q, STM32N657Z0H3Q, STM32U031C6T6, STM32U031C6U6, STM32U031C8T6, STM32U031C8U6, STM32U031F4P6, STM32U031F6P6, STM32U031F8P6, STM32U031G6Y6TR, STM32U031G8Y6TR, STM32U031K4U6, STM32U031K6U6, STM32U031K8U6, STM32U031R6I6, STM32U031R6T6, STM32U031R8I6, STM32U031R8T6, STM32U073C8T6, STM32U073C8U6, STM32U073CBT6, STM32U073CBU6, STM32U073CCT6, STM32U073CCU6, STM32U073H8Y6TR, STM32U073HBY6TR, STM32U073HCY6TR, STM32U073K8U6, STM32U073KBU6, STM32U073KCU6, STM32U073M8I6, STM32U073M8T6, STM32U073MBI6, STM32U073MBT6, STM32U073MCI6, STM32U073MCT6, STM32U073R8I6, STM32U073R8T6, STM32U073RBI6, STM32U073RBT6, STM32U073RCI6, STM32U073RCT6, STM32U083C-DK, STM32U083CCT6, STM32U083CCU6, STM32U083HCY6TR, STM32U083KCU6, STM32U083MCI6, STM32U083MCT6, STM32U083RCI6, STM32U083RCT6, STM32U375CET6, STM32U375CET6Q, STM32U375CEU6, STM32U375CEU6Q, STM32U375CEY6QTR, STM32U375CGT6, STM32U375CGT6Q, STM32U375CGU6, STM32U375CGU6Q, STM32U375CGY6QTR, STM32U375KEU6, STM32U375KGU6, STM32U375REI6, STM32U375REI6Q, STM32U375RET6, STM32U375RET6Q, STM32U375REY6GTR, STM32U375REY6QTR, STM32U375RGI6, STM32U375RGI6Q, STM32U375RGT6, STM32U375RGT6Q, STM32U375RGY6GTR, STM32U375RGY6QTR, STM32U375VEI6, STM32U375VEI6Q, STM32U375VET6, STM32U375VET6Q, STM32U375VGI6, STM32U375VGI6Q, STM32U375VGT6, STM32U375VGT6Q, STM32U385CGT6, STM32U385CGT6Q, STM32U385CGU6, STM32U385CGU6Q, STM32U385CGY6QTR, STM32U385KGU6, STM32U385RGI6, STM32U385RGI6Q, STM32U385RGT6, STM32U385RGT6Q, STM32U385RGY6GTR, STM32U385RGY6QTR, STM32U385VGI6, STM32U385VGI6Q, STM32U385VGT6, STM32U385VGT6Q, STM32U535CBT6, STM32U535CBT6Q, STM32U535CBU6, STM32U535CBU6Q, STM32U535CCT6, STM32U535CCT6Q, STM32U535CCU6, STM32U535CCU6Q, STM32U535CET6, STM32U535CET6Q, STM32U535CEU6, STM32U535CEU6Q, STM32U535JEY6QTR, STM32U535NCY6QTR, STM32U535NEY6QTR, STM32U535RBI6, STM32U535RBI6Q, STM32U535RBT6, STM32U535RBT6Q, STM32U535RCI6, STM32U535RCI6Q, STM32U535RCT6, STM32U535RCT6Q, STM32U535REI6, STM32U535REI6Q, STM32U535RET6, STM32U535RET6Q, STM32U535VCI6, STM32U535VCI6Q, STM32U535VCT6, STM32U535VCT6Q, STM32U535VEI6, STM32U535VEI6Q, STM32U535VET6, STM32U535VET6Q, STM32U545CET6, STM32U545CET6Q, STM32U545CEU6, STM32U545CEU6Q, STM32U545JEY6QTR, STM32U545NEY6QTR, STM32U545REI6, STM32U545REI6Q, STM32U545RET6, STM32U545RET6Q, STM32U545VEI6, STM32U545VEI6Q, STM32U545VET6, STM32U545VET6Q, STM32U595AIH6, STM32U595AIH6Q, STM32U595AJH6, STM32U595AJH6Q, STM32U595QII6, STM32U595QII6Q, STM32U595QJI6, STM32U595QJI6Q, STM32U595RIT6, STM32U595RIT6Q, STM32U595RJT6, STM32U595RJT6Q, STM32U595VIT6, STM32U595VIT6Q, STM32U595VJT6, STM32U595VJT6Q, STM32U595ZIT6, STM32U595ZIT6Q, STM32U595ZIY6QTR, STM32U595ZJT6, STM32U595ZJT6Q, STM32U595ZJY6QTR, STM32U599BJY6QTR, STM32U599NIH6Q, STM32U599NJH6Q, STM32U599VIT6Q, STM32U599VJT6, STM32U599VJT6Q, STM32U599ZIT6Q, STM32U599ZIY6QTR, STM32U599ZJT6Q, STM32U599ZJY6QTR, STM32U5A5AJH6, STM32U5A5AJH6Q, STM32U5A5QII3Q , STM32U5A5QJI6, STM32U5A5QJI6Q, STM32U5A5RJT6, STM32U5A5RJT6Q, STM32U5A5VJT6, STM32U5A5VJT6Q, STM32U5A5ZJT6, STM32U5A5ZJT6Q, STM32U5A5ZJY6QTR, STM32U5A9BJY6QTR, STM32U5A9J-DK, STM32U5A9NJH6Q, STM32U5A9VJT6Q, STM32U5A9ZJT6Q, STM32U5A9ZJY6QTR, STM32U5F7VIT6, STM32U5F7VIT6Q, STM32U5F7VJT6, STM32U5F7VJT6Q, STM32U5F9BJY6QTR, STM32U5F9NJH6Q, STM32U5F9VIT6Q, STM32U5F9VJT6Q, STM32U5F9ZIJ6QTR, STM32U5F9ZIT6Q, STM32U5F9ZJJ6QTR, STM32U5F9ZJT6Q, STM32U5G7VJT6, STM32U5G7VJT6Q, STM32U5G9BJY6QTR, STM32U5G9J-DK1, STM32U5G9J-DK2, STM32U5G9NJH6Q, STM32U5G9VJT6Q, STM32U5G9ZJJ6QTR, STM32U5G9ZJT6Q, STM32WB05KZV6TR, STM32WB05KZV7TR, STM32WB05TZF6TR, STM32WB05TZF7TR, STM32WB06CCF6TR, STM32WB06CCF7TR, STM32WB06CCV6TR, STM32WB06CCV7TR, STM32WB06KCV6TR, STM32WB06KCV7TR, STM32WB07CCF6TR, STM32WB07CCF7TR, STM32WB07CCV6TR, STM32WB07CCV7TR, STM32WB07KCV6TR, STM32WB07KCV7TR, STM32WB09KEV6TR, STM32WB09KEV7TR, STM32WB09TEF6TR, STM32WB09TEF7TR, STM32WB1MMCH6, STM32WBA50KGU6, STM32WBA50KGU6TR, STM32WBA52CEU6, STM32WBA52CEU6TR, STM32WBA52CEU7, STM32WBA52CEU7TR, STM32WBA52CGU6, STM32WBA52CGU6TR, STM32WBA52CGU6U, STM32WBA52CGU7, STM32WBA52CGU7TR, STM32WBA52KEU6, STM32WBA52KEU6TR, STM32WBA52KGU6, STM32WBA52KGU6TR, STM32WBA54CEU6, STM32WBA54CEU6TR, STM32WBA54CEU7, STM32WBA54CEU7TR, STM32WBA54CGU6, STM32WBA54CGU6TR, STM32WBA54CGU7, STM32WBA54CGU7TR, STM32WBA54KEU6, STM32WBA54KEU6TR, STM32WBA54KEU7, STM32WBA54KEU7TR, STM32WBA54KGU6, STM32WBA54KGU6TR, STM32WBA54KGU7, STM32WBA54KGU7TR, STM32WBA55CEU6, STM32WBA55CEU6TR, STM32WBA55CEU7, STM32WBA55CEU7TR, STM32WBA55CGU6, STM32WBA55CGU6TR, STM32WBA55CGU6U, STM32WBA55CGU7, STM32WBA55CGU7TR, STM32WBA55G-DK1, STM32WBA55HEF6, STM32WBA55HEF7, STM32WBA55HGF6, STM32WBA55HGF7, STM32WBA55UEI6, STM32WBA55UEI6TR, STM32WBA55UEI7, STM32WBA55UEI7TR, STM32WBA55UGI6, STM32WBA55UGI6TR, STM32WBA55UGI7, STM32WBA55UGI7TR, STM32WBA5MMGH6TR, STM32WBA62MGF6, STM32WBA62MIF6, STM32WBA65MGF7, STM32WBA65MIF6, STM32WBA65MIF7, STM32WL30K8V6, STM32WL30KBV6, STM32WL31C8V6, STM32WL31CBV6, STM32WL31K8V6, STM32WL31KBV6, STM32WL33C8V6, STM32WL33C8V6X, STM32WL33CBV6, STM32WL33CBV6X, STM32WL33CCV6, STM32WL33CCV6A, STM32WL33CCV6X, STM32WL33K8V7, STM32WL33K8V7X, STM32WL33KBV7 , STM32WL33KBV7X, STM32WL33KCV7, STM32WL33KCV7X, STM32WL5MOCH6, STM32WL5MOCH6TR]
2026-05-19 13:30:12,271 [INFO] ApiDb:668 - CubeFinder database Data Model version=2.1
2026-05-19 13:30:12,271 [INFO] ApiDb:669 - CubeFinder database Configuration version=3.0.42
2026-05-19 13:30:12,271 [INFO] ApiDb:670 - CubeFinder database generation date=2026-03-11 (1773229989)
2026-05-19 13:30:12,271 [INFO] ApiDb:671 - CubeFinder database FW Pack versions=[FP-ATR-ASTRA1_V2.0.0, FP-SNS-FLIGHT1_V5.1.0, FP-SNS-MOTENV1_V5.1.0, FP-SNS-MOTENVWB1_V1.5.0, FP-SNS-SMARTAG2_V1.2.0, FP-SNS-STBOX1_V2.1.0, STM32Cube_FW_C0_V1.4.0, STM32Cube_FW_F4_V1.28.3, STM32Cube_FW_F7_V1.17.4, STM32Cube_FW_G0_V1.6.3, STM32Cube_FW_G4_V1.6.2, STM32Cube_FW_H5_V1.6.0, STM32Cube_FW_H7RS_V1.3.0, STM32Cube_FW_H7_V1.13.0, STM32Cube_FW_L0_V1.12.2, STM32Cube_FW_L4_V1.18.2, STM32Cube_FW_L5_V1.6.0, STM32Cube_FW_N6_V1.3.0, STM32Cube_FW_U0_V1.3.0, STM32Cube_FW_U3_V1.3.0, STM32Cube_FW_U5_V1.8.0, STM32Cube_FW_WB0_V1.4.0, STM32Cube_FW_WBA_V1.9.0, STM32Cube_FW_WB_V1.24.0, STM32Cube_FW_WL3_V1.4.0, STM32Cube_FW_WL_V1.5.0, X-CUBE-ALGOBUILD_V1.4.0, X-CUBE-ALS_V1.0.2, X-CUBE-AZRTOS-F4_V1.1.0, X-CUBE-AZRTOS-F7_V1.1.0, X-CUBE-AZRTOS-G0_V1.1.0, X-CUBE-AZRTOS-G4_V2.0.0, X-CUBE-AZRTOS-H7RS_V1.1.0, X-CUBE-AZRTOS-H7_V3.4.0, X-CUBE-AZRTOS-L4_V2.0.0, X-CUBE-AZRTOS-L5_V2.0.0, X-CUBE-AZRTOS-WB_V2.0.0, X-CUBE-AZRTOS-WL_V2.0.0, X-CUBE-BLE1_V7.1.0, X-CUBE-BLE2_V3.3.0, X-CUBE-BLEMGR_V4.1.0, X-CUBE-EEPRMA1_V5.2.0, X-CUBE-FREERTOS_V1.5.0, X-CUBE-GNSS1_V6.0.0, X-CUBE-MEMS1_V12.0.0, X-CUBE-NFC4_V3.0.0, X-CUBE-NFC7_V2.0.0, X-CUBE-SFXS2LP1_V4.0.0, X-CUBE-ST67W61_V1.2.0, X-CUBE-SUBG2_V5.0.0, X-CUBE-TOF1_V3.4.3]
2026-05-19 13:30:14,925 [INFO] ApiDb:240 - Found 880 in-development CPN: [B-G473E-ZEST1S, B-WB1M-WPAN1, B-WBA5M-WPAN, B-WL5M-SUBG1, NUCLEO-C031C6, NUCLEO-C051C8, NUCLEO-C071RB, NUCLEO-C092RC, NUCLEO-H503RB, NUCLEO-H533RE, NUCLEO-H563ZI, NUCLEO-H7S3L8, NUCLEO-N657X0-Q, NUCLEO-U031R8, NUCLEO-U083RC, NUCLEO-U385RG-Q, NUCLEO-U545RE-Q, NUCLEO-U5A5ZJ-Q, NUCLEO-WB05KZ, NUCLEO-WB07CC, NUCLEO-WB09KE, NUCLEO-WBA52CG, NUCLEO-WBA55CG, NUCLEO-WL33CC1, NUCLEO-WL33CC2, STEVAL-PROTEUS1, STEVAL-SMARTAG2, STEVAL-STWINBX1, STM320518-EVAL, STM32C0116-DK, STM32C011D6Y3TR, STM32C011D6Y6TR, STM32C011F4P3, STM32C011F4P6, STM32C011F4U3, STM32C011F4U6TR, STM32C011F6P3, STM32C011F6P6, STM32C011F6U3, STM32C011F6U6TR, STM32C011J4M3, STM32C011J4M6, STM32C011J6M3, STM32C011J6M6, STM32C0316-DK, STM32C031C4T3, STM32C031C4T6, STM32C031C4U3, STM32C031C4U6, STM32C031C6T3, STM32C031C6T6, STM32C031C6U3, STM32C031C6U6, STM32C031F4P3, STM32C031F4P6, STM32C031F6P3, STM32C031F6P6, STM32C031G4U3, STM32C031G4U6, STM32C031G6U3, STM32C031G6U6, STM32C031K4T3, STM32C031K4T6, STM32C031K4U3, STM32C031K4U6, STM32C031K6T3, STM32C031K6T6, STM32C031K6U3, STM32C031K6U6, STM32C051C6T6, STM32C051C6U6, STM32C051C8T6, STM32C051C8U6, STM32C051D8Y6TR, STM32C051F6P6, STM32C051F8P6, STM32C051G6U6, STM32C051G8U6, STM32C051K6T6, STM32C051K6U6, STM32C051K8T6, STM32C071C8T6, STM32C071C8T6N, STM32C071C8U6, STM32C071C8U6N, STM32C071CBT6, STM32C071CBT6N, STM32C071CBU6, STM32C071CBU6N, STM32C071F8P6, STM32C071F8P6N, STM32C071FBP6, STM32C071FBP6N, STM32C071FBY6TR, STM32C071G8U6, STM32C071G8U6N, STM32C071GBU6, STM32C071GBU6N, STM32C071K8T6, STM32C071K8T6N, STM32C071K8U6, STM32C071K8U6N, STM32C071KBT6, STM32C071KBT6N, STM32C071KBU6, STM32C071KBU6N, STM32C071R8T6, STM32C071R8T6N, STM32C071RBI6N, STM32C071RBT6, STM32C071RBT6N, STM32C091CBT6, STM32C091CBU6, STM32C091CCT6, STM32C091CCU6, STM32C091ECY6TR, STM32C091FBP6, STM32C091FCP6, STM32C091GBU6, STM32C091GCU6, STM32C091KBT6, STM32C091KBU6, STM32C091KCT6, STM32C091KCU6, STM32C091RBT6, STM32C091RCI6, STM32C091RCT6, STM32C092CBT6, STM32C092CBU6, STM32C092CCT6, STM32C092CCU6, STM32C092ECY6TR, STM32C092FBP6, STM32C092FCP6, STM32C092GBU6, STM32C092GCU6, STM32C092KBT6, STM32C092KBU6, STM32C092KCT6, STM32C092KCU6, STM32C092RBT6, STM32C092RCI6, STM32C092RCT6, STM32G071K8TXN, STM32G071K8UXN, STM32G081GBU6N, STM32G081KBT6N, STM32G081KBUXN, STM32G0B1CCT6N, STM32G0B1KCT6, STM32G0B1NEY6TR, STM32G0B1RCT6N, STM32G0C1CCT6, STM32G0C1CCT6N, STM32G0C1CCU6N, STM32G0C1CET6N, STM32G0C1CEU6N, STM32G0C1KCT6, STM32G0C1NEY6TR, STM32G0C1RCI6N, STM32G0C1RCT6N, STM32G0C1REI6N, STM32G0C1RET6N, STM32G0C1VCI6, STM32G0C1VEI6, STM32G411C6T3, STM32G411C6T6, STM32G411C6U3, STM32G411C6U6, STM32G411C8T3, STM32G411C8T6, STM32G411C8U3, STM32G411C8U6, STM32G411CBT3, STM32G411CBT6, STM32G411CBU3, STM32G411CBU6, STM32G411K6T3, STM32G411K6T6, STM32G411K6U3, STM32G411K6U6, STM32G411K8T3, STM32G411K8T6, STM32G411K8U3, STM32G411K8U6, STM32G411KBT3, STM32G411KBT6, STM32G411KBU3, STM32G411KBU6, STM32G411M6T3, STM32G411M6T6, STM32G411M8T3, STM32G411M8T6, STM32G411MBT3, STM32G411MBT6, STM32G411R6T3, STM32G411R6T6, STM32G411R8T3, STM32G411R8T6, STM32G411RBT3, STM32G411RBT6, STM32G414CBT3, STM32G414CBT6, STM32G414CBU3, STM32G414CBU6, STM32G414CCT3, STM32G414CCT6, STM32G414CCU3, STM32G414CCU6, STM32G414MBT3, STM32G414MBT6, STM32G414MCT3, STM32G414MCT6, STM32G414RBT3, STM32G414RBT6, STM32G414RCT3, STM32G414RCT6, STM32G414VBT3, STM32G414VBT6, STM32G414VCT3, STM32G414VCT6, STM32G431CBT3Z, STM32G431RBT3Z, STM32G471CCT6, STM32G471CCU6, STM32G471CET3, STM32G471CET6, STM32G471CEU3, STM32G471CEU6, STM32G471MCT6, STM32G471MET3, STM32G471MET6, STM32G471MEY6TR, STM32G471QCT6, STM32G471QET3, STM32G471RCT6, STM32G471RET3, STM32G471RET6, STM32G471VCH6, STM32G471VCI6, STM32G471VCT6, STM32G471VEH3, STM32G471VEH6, STM32G471VEI3, STM32G471VEI6, STM32G471VET3, STM32G471VET6, STM32G473QET3Z, STM32G473RET3Z, STM32G474CCT6, STM32G491RET3Z, STM32H503CBT6, STM32H503CBU6, STM32H503EBY6TR, STM32H503KBU6, STM32H503RBT6, STM32H523CCT6, STM32H523CCU6, STM32H523CET6, STM32H523CEU6, STM32H523HEY6TR, STM32H523RCT6, STM32H523RET6, STM32H523VCI6, STM32H523VCT6, STM32H523VEI6, STM32H523VET6, STM32H523ZCJ6, STM32H523ZCT6, STM32H523ZEJ6, STM32H523ZET6, STM32H533CET6, STM32H533CEU6, STM32H533HEY6TR, STM32H533RET6, STM32H533VEI6, STM32H533VET6, STM32H533ZEJ6, STM32H533ZET6, STM32H562AGI6, STM32H562AII6, STM32H562IGK6, STM32H562IGT6, STM32H562IIK6, STM32H562IIT6, STM32H562RGT6, STM32H562RGV6, STM32H562RIT6, STM32H562RIV6, STM32H562VGT6, STM32H562VIT6, STM32H562ZGT6, STM32H562ZIT6, STM32H563AGI6, STM32H563AII3Q, STM32H563AII6, STM32H563IGK6, STM32H563IGT6, STM32H563IIK3Q, STM32H563IIK6, STM32H563IIT3Q, STM32H563IIT6, STM32H563MIY3QTR, STM32H563RGT6, STM32H563RGV6, STM32H563RIT6, STM32H563RIV6, STM32H563VGT6, STM32H563VIT3Q, STM32H563VIT6, STM32H563ZGT6, STM32H563ZIT3Q, STM32H563ZIT6, STM32H573AII3Q, STM32H573AII6, STM32H573I-DK, STM32H573IIK3Q, STM32H573IIK6, STM32H573IIT3Q, STM32H573IIT6, STM32H573MIY3QTR, STM32H573RIT6, STM32H573RIV6, STM32H573VIT3Q, STM32H573VIT6, STM32H573ZIT3Q, STM32H573ZIT6, STM32H7R3A8I6, STM32H7R3I8K6, STM32H7R3I8T6, STM32H7R3L8H6, STM32H7R3L8H6H, STM32H7R3R8V6, STM32H7R3V8H6, STM32H7R3V8T6, STM32H7R3V8Y6TR, STM32H7R3Z8J6, STM32H7R3Z8T6, STM32H7R7A8I6, STM32H7R7I8K6, STM32H7R7I8T6, STM32H7R7L8H6, STM32H7R7L8H6H, STM32H7R7Z8J6, STM32H7S3A8I6, STM32H7S3I8K6, STM32H7S3I8T6, STM32H7S3L8H6, STM32H7S3L8H6H, STM32H7S3R8V6, STM32H7S3V8H6, STM32H7S3V8T6, STM32H7S3V8Y6TR, STM32H7S3Z8J6, STM32H7S3Z8T6, STM32H7S78-DK, STM32H7S7A8I6, STM32H7S7I8K6, STM32H7S7I8T6, STM32H7S7L8H6, STM32H7S7L8H6H, STM32H7S7Z8J6, STM32L4R5QGI6STR, STM32MP131AAE3, STM32MP131AAF3, STM32MP131AAG3, STM32MP131CAE3, STM32MP131CAF3, STM32MP131CAG3, STM32MP131DAE7, STM32MP131DAF7, STM32MP131DAG7, STM32MP131FAE7, STM32MP131FAF7, STM32MP131FAG7, STM32MP133AAE3, STM32MP133AAF3, STM32MP133AAG3, STM32MP133CAE3, STM32MP133CAF3, STM32MP133CAG3, STM32MP133DAE7, STM32MP133DAF7, STM32MP133DAG7, STM32MP133FAE7, STM32MP133FAF7, STM32MP133FAG7, STM32MP135AAE3, STM32MP135AAF3, STM32MP135AAG3, STM32MP135CAE3, STM32MP135CAF3, STM32MP135CAG3, STM32MP135DAE7, STM32MP135DAF7, STM32MP135DAG7, STM32MP135F-DK, STM32MP135FAE7, STM32MP135FAF7, STM32MP135FAF7T, STM32MP135FAF7U, STM32MP135FAG7, STM32MP211AAL3, STM32MP211AAM3, STM32MP211AAN3, STM32MP211AAO3, STM32MP211CAL3, STM32MP211CAM3, STM32MP211CAN3, STM32MP211CAO3, STM32MP211DAL3, STM32MP211DAM3, STM32MP211DAN3, STM32MP211DAO3, STM32MP211FAL3, STM32MP211FAM3, STM32MP211FAN3, STM32MP211FAO3, STM32MP213AAL3, STM32MP213AAM3, STM32MP213AAN3, STM32MP213AAO3, STM32MP213CAL3, STM32MP213CAM3, STM32MP213CAN3, STM32MP213CAO3, STM32MP213DAL3, STM32MP213DAM3, STM32MP213DAN3, STM32MP213DAO3, STM32MP213FAL3, STM32MP213FAM3, STM32MP213FAN3, STM32MP213FAO3, STM32MP215AAL3, STM32MP215AAM3, STM32MP215AAN3, STM32MP215AAO3, STM32MP215CAL3, STM32MP215CAM3, STM32MP215CAN3, STM32MP215CAO3, STM32MP215DAL3, STM32MP215DAM3, STM32MP215DAN3, STM32MP215DAO3, STM32MP215F-DK, STM32MP215FAL3, STM32MP215FAM3, STM32MP215FAN3, STM32MP215FAO3, STM32MP231AAJ3, STM32MP231AAK3, STM32MP231AAL3, STM32MP231CAJ3, STM32MP231CAK3, STM32MP231CAL3, STM32MP231DAJ3, STM32MP231DAK3, STM32MP231DAL3, STM32MP231FAJ3, STM32MP231FAK3, STM32MP231FAL3, STM32MP233AAJ3, STM32MP233AAK3, STM32MP233AAL3, STM32MP233CAJ3, STM32MP233CAK3, STM32MP233CAL3, STM32MP233DAJ3, STM32MP233DAK3, STM32MP233DAL3, STM32MP233FAJ3, STM32MP233FAK3, STM32MP233FAL3, STM32MP235AAJ3, STM32MP235AAK3, STM32MP235AAL3, STM32MP235CAJ3, STM32MP235CAK3, STM32MP235CAL3, STM32MP235DAJ3, STM32MP235DAK3, STM32MP235DAL3, STM32MP235FAJ3, STM32MP235FAK3, STM32MP235FAL3, STM32MP251AAI3, STM32MP251AAK3, STM32MP251AAL3, STM32MP251CAI3, STM32MP251CAK3, STM32MP251CAL3, STM32MP251DAI3, STM32MP251DAK3, STM32MP251DAL3, STM32MP251FAI3, STM32MP251FAK3, STM32MP251FAL3, STM32MP253AAI3, STM32MP253AAK3, STM32MP253AAL3, STM32MP253CAI3, STM32MP253CAK3, STM32MP253CAL3, STM32MP253DAI3, STM32MP253DAK3, STM32MP253DAL3, STM32MP253FAI3, STM32MP253FAK3, STM32MP253FAL3, STM32MP255AAI3, STM32MP255AAK3, STM32MP255AAL3, STM32MP255CAI3, STM32MP255CAK3, STM32MP255CAL3, STM32MP255DAI3, STM32MP255DAK3, STM32MP255DAL3, STM32MP255FAI3, STM32MP255FAK3, STM32MP255FAL3, STM32MP257AAI3, STM32MP257AAK3, STM32MP257AAL3, STM32MP257CAI3, STM32MP257CAK3, STM32MP257CAL3, STM32MP257DAI3, STM32MP257DAK3, STM32MP257DAL3, STM32MP257F-DK, STM32MP257F-EV1, STM32MP257FAI3, STM32MP257FAK3, STM32MP257FAL3, STM32N645A0H3Q, STM32N645B0H3Q, STM32N645I0H3Q, STM32N645L0H3Q, STM32N645X0H3Q, STM32N645Z0H3Q, STM32N647A0H3Q, STM32N647B0H3Q, STM32N647I0H3Q, STM32N647L0H3Q, STM32N647X0H3Q, STM32N647Z0H3Q, STM32N655A0H3Q, STM32N655B0H3Q, STM32N655I0H3Q, STM32N655L0H3Q, STM32N655X0H3Q, STM32N655Z0H3Q, STM32N6570-DK, STM32N657A0H3Q, STM32N657B0H3Q, STM32N657I0H3Q, STM32N657L0H3Q, STM32N657X0H3Q, STM32N657Z0H3Q, STM32U031C6T6, STM32U031C6U6, STM32U031C8T6, STM32U031C8U6, STM32U031F4P6, STM32U031F6P6, STM32U031F8P6, STM32U031G6Y6TR, STM32U031G8Y6TR, STM32U031K4U6, STM32U031K6U6, STM32U031K8U6, STM32U031R6I6, STM32U031R6T6, STM32U031R8I6, STM32U031R8T6, STM32U073C8T6, STM32U073C8U6, STM32U073CBT6, STM32U073CBU6, STM32U073CCT6, STM32U073CCU6, STM32U073H8Y6TR, STM32U073HBY6TR, STM32U073HCY6TR, STM32U073K8U6, STM32U073KBU6, STM32U073KCU6, STM32U073M8I6, STM32U073M8T6, STM32U073MBI6, STM32U073MBT6, STM32U073MCI6, STM32U073MCT6, STM32U073R8I6, STM32U073R8T6, STM32U073RBI6, STM32U073RBT6, STM32U073RCI6, STM32U073RCT6, STM32U083C-DK, STM32U083CCT6, STM32U083CCU6, STM32U083HCY6TR, STM32U083KCU6, STM32U083MCI6, STM32U083MCT6, STM32U083RCI6, STM32U083RCT6, STM32U375CET6, STM32U375CET6Q, STM32U375CEU6, STM32U375CEU6Q, STM32U375CEY6QTR, STM32U375CGT6, STM32U375CGT6Q, STM32U375CGU6, STM32U375CGU6Q, STM32U375CGY6QTR, STM32U375KEU6, STM32U375KGU6, STM32U375REI6, STM32U375REI6Q, STM32U375RET6, STM32U375RET6Q, STM32U375REY6GTR, STM32U375REY6QTR, STM32U375RGI6, STM32U375RGI6Q, STM32U375RGT6, STM32U375RGT6Q, STM32U375RGY6GTR, STM32U375RGY6QTR, STM32U375VEI6, STM32U375VEI6Q, STM32U375VET6, STM32U375VET6Q, STM32U375VGI6, STM32U375VGI6Q, STM32U375VGT6, STM32U375VGT6Q, STM32U385CGT6, STM32U385CGT6Q, STM32U385CGU6, STM32U385CGU6Q, STM32U385CGY6QTR, STM32U385KGU6, STM32U385RGI6, STM32U385RGI6Q, STM32U385RGT6, STM32U385RGT6Q, STM32U385RGY6GTR, STM32U385RGY6QTR, STM32U385VGI6, STM32U385VGI6Q, STM32U385VGT6, STM32U385VGT6Q, STM32U535CBT6, STM32U535CBT6Q, STM32U535CBU6, STM32U535CBU6Q, STM32U535CCT6, STM32U535CCT6Q, STM32U535CCU6, STM32U535CCU6Q, STM32U535CET6, STM32U535CET6Q, STM32U535CEU6, STM32U535CEU6Q, STM32U535JEY6QTR, STM32U535NCY6QTR, STM32U535NEY6QTR, STM32U535RBI6, STM32U535RBI6Q, STM32U535RBT6, STM32U535RBT6Q, STM32U535RCI6, STM32U535RCI6Q, STM32U535RCT6, STM32U535RCT6Q, STM32U535REI6, STM32U535REI6Q, STM32U535RET6, STM32U535RET6Q, STM32U535VCI6, STM32U535VCI6Q, STM32U535VCT6, STM32U535VCT6Q, STM32U535VEI6, STM32U535VEI6Q, STM32U535VET6, STM32U535VET6Q, STM32U545CET6, STM32U545CET6Q, STM32U545CEU6, STM32U545CEU6Q, STM32U545JEY6QTR, STM32U545NEY6QTR, STM32U545REI6, STM32U545REI6Q, STM32U545RET6, STM32U545RET6Q, STM32U545VEI6, STM32U545VEI6Q, STM32U545VET6, STM32U545VET6Q, STM32U595AIH6, STM32U595AIH6Q, STM32U595AJH6, STM32U595AJH6Q, STM32U595QII6, STM32U595QII6Q, STM32U595QJI6, STM32U595QJI6Q, STM32U595RIT6, STM32U595RIT6Q, STM32U595RJT6, STM32U595RJT6Q, STM32U595VIT6, STM32U595VIT6Q, STM32U595VJT6, STM32U595VJT6Q, STM32U595ZIT6, STM32U595ZIT6Q, STM32U595ZIY6QTR, STM32U595ZJT6, STM32U595ZJT6Q, STM32U595ZJY6QTR, STM32U599BJY6QTR, STM32U599NIH6Q, STM32U599NJH6Q, STM32U599VIT6Q, STM32U599VJT6, STM32U599VJT6Q, STM32U599ZIT6Q, STM32U599ZIY6QTR, STM32U599ZJT6Q, STM32U599ZJY6QTR, STM32U5A5AJH6, STM32U5A5AJH6Q, STM32U5A5QII3Q , STM32U5A5QJI6, STM32U5A5QJI6Q, STM32U5A5RJT6, STM32U5A5RJT6Q, STM32U5A5VJT6, STM32U5A5VJT6Q, STM32U5A5ZJT6, STM32U5A5ZJT6Q, STM32U5A5ZJY6QTR, STM32U5A9BJY6QTR, STM32U5A9J-DK, STM32U5A9NJH6Q, STM32U5A9VJT6Q, STM32U5A9ZJT6Q, STM32U5A9ZJY6QTR, STM32U5F7VIT6, STM32U5F7VIT6Q, STM32U5F7VJT6, STM32U5F7VJT6Q, STM32U5F9BJY6QTR, STM32U5F9NJH6Q, STM32U5F9VIT6Q, STM32U5F9VJT6Q, STM32U5F9ZIJ6QTR, STM32U5F9ZIT6Q, STM32U5F9ZJJ6QTR, STM32U5F9ZJT6Q, STM32U5G7VJT6, STM32U5G7VJT6Q, STM32U5G9BJY6QTR, STM32U5G9J-DK1, STM32U5G9J-DK2, STM32U5G9NJH6Q, STM32U5G9VJT6Q, STM32U5G9ZJJ6QTR, STM32U5G9ZJT6Q, STM32WB05KZV6TR, STM32WB05KZV7TR, STM32WB05TZF6TR, STM32WB05TZF7TR, STM32WB06CCF6TR, STM32WB06CCF7TR, STM32WB06CCV6TR, STM32WB06CCV7TR, STM32WB06KCV6TR, STM32WB06KCV7TR, STM32WB07CCF6TR, STM32WB07CCF7TR, STM32WB07CCV6TR, STM32WB07CCV7TR, STM32WB07KCV6TR, STM32WB07KCV7TR, STM32WB09KEV6TR, STM32WB09KEV7TR, STM32WB09TEF6TR, STM32WB09TEF7TR, STM32WB1MMCH6, STM32WBA50KGU6, STM32WBA50KGU6TR, STM32WBA52CEU6, STM32WBA52CEU6TR, STM32WBA52CEU7, STM32WBA52CEU7TR, STM32WBA52CGU6, STM32WBA52CGU6TR, STM32WBA52CGU6U, STM32WBA52CGU7, STM32WBA52CGU7TR, STM32WBA52KEU6, STM32WBA52KEU6TR, STM32WBA52KGU6, STM32WBA52KGU6TR, STM32WBA54CEU6, STM32WBA54CEU6TR, STM32WBA54CEU7, STM32WBA54CEU7TR, STM32WBA54CGU6, STM32WBA54CGU6TR, STM32WBA54CGU7, STM32WBA54CGU7TR, STM32WBA54KEU6, STM32WBA54KEU6TR, STM32WBA54KEU7, STM32WBA54KEU7TR, STM32WBA54KGU6, STM32WBA54KGU6TR, STM32WBA54KGU7, STM32WBA54KGU7TR, STM32WBA55CEU6, STM32WBA55CEU6TR, STM32WBA55CEU7, STM32WBA55CEU7TR, STM32WBA55CGU6, STM32WBA55CGU6TR, STM32WBA55CGU6U, STM32WBA55CGU7, STM32WBA55CGU7TR, STM32WBA55G-DK1, STM32WBA55HEF6, STM32WBA55HEF7, STM32WBA55HGF6, STM32WBA55HGF7, STM32WBA55UEI6, STM32WBA55UEI6TR, STM32WBA55UEI7, STM32WBA55UEI7TR, STM32WBA55UGI6, STM32WBA55UGI6TR, STM32WBA55UGI7, STM32WBA55UGI7TR, STM32WBA5MMGH6TR, STM32WBA62MGF6, STM32WBA62MIF6, STM32WBA65MGF7, STM32WBA65MIF6, STM32WBA65MIF7, STM32WL30K8V6, STM32WL30KBV6, STM32WL31C8V6, STM32WL31CBV6, STM32WL31K8V6, STM32WL31KBV6, STM32WL33C8V6, STM32WL33C8V6X, STM32WL33CBV6, STM32WL33CBV6X, STM32WL33CCV6, STM32WL33CCV6A, STM32WL33CCV6X, STM32WL33K8V7, STM32WL33K8V7X, STM32WL33KBV7 , STM32WL33KBV7X, STM32WL33KCV7, STM32WL33KCV7X, STM32WL5MOCH6, STM32WL5MOCH6TR]
2026-05-19 13:30:14,930 [INFO] DbMcus:218 - Found 5055 MCUs, 4968 are supported
2026-05-19 13:30:14,930 [INFO] ApiDb:423 - Load user favorites file /Users/admin/.stm32cubeide/favorites.mcus.txt: 0 item(s)
2026-05-19 13:30:14,931 [INFO] ApiDb:427 - User favorites MCUs=[]
2026-05-19 13:30:14,931 [INFO] DbMcus:224 - Set 0 / 0 favorites MCUs
2026-05-19 13:30:15,647 [INFO] BoardInfo:889 - No configuration file found for board NUCLEO-H5E5ZJ
2026-05-19 13:30:15,647 [INFO] DbBoards:161 - Board is not supported: NUCLEO-H5E5ZJ
2026-05-19 13:30:15,700 [INFO] BoardInfo:889 - No configuration file found for board NUCLEO-U3C5ZI-Q
2026-05-19 13:30:15,701 [INFO] DbBoards:161 - Board is not supported: NUCLEO-U3C5ZI-Q
2026-05-19 13:30:15,716 [INFO] BoardInfo:889 - No configuration file found for board NUCLEO-WBA25CE1
2026-05-19 13:30:15,716 [INFO] DbBoards:161 - Board is not supported: NUCLEO-WBA25CE1
2026-05-19 13:30:15,727 [INFO] BoardInfo:889 - No configuration file found for board NUCLEO-WL3RKB1
2026-05-19 13:30:15,727 [INFO] DbBoards:161 - Board is not supported: NUCLEO-WL3RKB1
2026-05-19 13:30:15,729 [INFO] BoardInfo:889 - No configuration file found for board NUCLEO-WL3RKB2
2026-05-19 13:30:15,729 [INFO] DbBoards:161 - Board is not supported: NUCLEO-WL3RKB2
2026-05-19 13:30:15,737 [INFO] BoardInfo:889 - No configuration file found for board P-NUCLEO-WB55
2026-05-19 13:30:15,737 [INFO] DbBoards:161 - Kit is not supported: P-NUCLEO-WB55
2026-05-19 13:30:15,744 [INFO] BoardInfo:889 - No configuration file found for board STEVAL-BFA001V1B
2026-05-19 13:30:15,745 [INFO] DbBoards:161 - Kit is not supported: STEVAL-BFA001V1B
2026-05-19 13:30:15,746 [INFO] BoardInfo:889 - No configuration file found for board STEVAL-BFA001V2B
2026-05-19 13:30:15,746 [INFO] DbBoards:161 - Kit is not supported: STEVAL-BFA001V2B
2026-05-19 13:30:15,897 [INFO] BoardInfo:889 - No configuration file found for board STM32H5F5J-DK
2026-05-19 13:30:15,897 [INFO] DbBoards:161 - Board is not supported: STM32H5F5J-DK
2026-05-19 13:30:15,979 [INFO] DbBoards:168 - Found 218 boards, 209 are supported
2026-05-19 13:30:15,979 [INFO] DbBoards:169 - Found 218 boards, 43 of them is supported for  Bsp
2026-05-19 13:30:15,983 [INFO] ApiDb:423 - Load user favorites file /Users/admin/.stm32cubeide/favorites.boards.txt: 0 item(s)
2026-05-19 13:30:15,983 [INFO] ApiDb:427 - User favorites Boards=[]
2026-05-19 13:30:15,984 [INFO] DbBoards:198 - Set 0 / 0 favorites Boards
2026-05-19 13:30:16,034 [INFO] UtilMem:75 - End LoadConfig() Used Memory: 806300280 Bytes (1073741824)
2026-05-19 13:30:16,318 [WARN] ThirdParty:833 - waiting for thirdparty lock release [change project]
2026-05-19 13:30:16,318 [INFO] ThirdParty:835 - entering critical section [change project]
2026-05-19 13:30:16,318 [INFO] ThirdParty:1030 - CMSIS Pack Vendor :STMicroelectronics X-CUBE-AZRTOS-H7 3.5.0
2026-05-19 13:30:16,318 [INFO] ThirdParty:1030 - CMSIS Pack Vendor :STMicroelectronics X-CUBE-PM33A1 1.0.0
2026-05-19 13:30:16,318 [INFO] ThirdParty:1030 - CMSIS Pack Vendor :STMicroelectronics USBPD 4.1
2026-05-19 13:30:16,319 [INFO] ThirdParty:1030 - CMSIS Pack Vendor :STMicroelectronics X-CUBE-GNSS1 6.0.0
2026-05-19 13:30:16,319 [INFO] ThirdParty:1030 - CMSIS Pack Vendor :STMicroelectronics USB_HOST 2.0.0
2026-05-19 13:30:16,319 [INFO] ThirdParty:1030 - CMSIS Pack Vendor :STMicroelectronics FP-SNS-MOTENVWB1 1.4.0
2026-05-19 13:30:16,319 [INFO] ThirdParty:1030 - CMSIS Pack Vendor :STMicroelectronics X-CUBE-AZRTOS-F4 1.1.0
2026-05-19 13:30:16,319 [INFO] ThirdParty:1030 - CMSIS Pack Vendor :STMicroelectronics LIBJPEG 8.0.0
2026-05-19 13:30:16,319 [INFO] ThirdParty:1030 - CMSIS Pack Vendor :STMicroelectronics FP-ATR-ASTRA1 2.0.2
2026-05-19 13:30:16,319 [INFO] ThirdParty:1030 - CMSIS Pack Vendor :STMicroelectronics FP-ATR-ASTRA1 2.0.1
2026-05-19 13:30:16,319 [INFO] ThirdParty:1030 - CMSIS Pack Vendor :Avnet-IotConnect X-CUBE-IoTC-DA16k-PMOD 1.0.0
2026-05-19 13:30:16,319 [INFO] ThirdParty:1030 - CMSIS Pack Vendor :STMicroelectronics X-CUBE-SMBUS 2.1.0
2026-05-19 13:30:16,319 [INFO] ThirdParty:1030 - CMSIS Pack Vendor :STMicroelectronics X-CUBE-WB05N 1.1.0
2026-05-19 13:30:16,319 [INFO] ThirdParty:1030 - CMSIS Pack Vendor :STMicroelectronics X-CUBE-ISPU 2.1.0
2026-05-19 13:30:16,319 [INFO] ThirdParty:1030 - CMSIS Pack Vendor :STMicroelectronics X-CUBE-IPS 3.2.0
2026-05-19 13:30:16,319 [INFO] ThirdParty:1030 - CMSIS Pack Vendor :STMicroelectronics eDS-WB_DPC_TT-BIDIR 2.1.1
2026-05-19 13:30:16,320 [INFO] ThirdParty:1030 - CMSIS Pack Vendor :STMicroelectronics X-CUBE-FREERTOS 1.2.0
2026-05-19 13:30:16,320 [INFO] ThirdParty:1030 - CMSIS Pack Vendor :STMicroelectronics X-CUBE-ST60 1.0.0
2026-05-19 13:30:16,320 [INFO] ThirdParty:1030 - CMSIS Pack Vendor :STMicroelectronics X-CUBE-NFC12 1.0.0
2026-05-19 13:30:16,320 [INFO] ThirdParty:1030 - CMSIS Pack Vendor :STMicroelectronics X-CUBE-TOUCHGFX 4.23.2
2026-05-19 13:30:16,320 [INFO] ThirdParty:1030 - CMSIS Pack Vendor :STMicroelectronics X-CUBE-AZRTOS-F7 1.1.0
2026-05-19 13:30:16,320 [INFO] ThirdParty:1030 - CMSIS Pack Vendor :STMicroelectronics X-CUBE-AZRTOS-L5 2.0.0
2026-05-19 13:30:16,320 [INFO] ThirdParty:1030 - CMSIS Pack Vendor :STMicroelectronics USB_DEVICE 2.0.0
2026-05-19 13:30:16,320 [INFO] ThirdParty:1030 - CMSIS Pack Vendor :STMicroelectronics X-CUBE-NFC6 3.1.0
2026-05-19 13:30:16,320 [INFO] ThirdParty:1030 - CMSIS Pack Vendor :STMicroelectronics FP-SNS-MOTENV1 4.3.2
2026-05-19 13:30:16,320 [INFO] ThirdParty:1030 - CMSIS Pack Vendor :STMicroelectronics X-CUBE-MEMS1 11.0.0
2026-05-19 13:30:16,320 [INFO] ThirdParty:1030 - CMSIS Pack Vendor :STMicroelectronics FP-SNS-MOTENV1 5.1.0
2026-05-19 13:30:16,320 [INFO] ThirdParty:1030 - CMSIS Pack Vendor :STMicroelectronics FreeRTOS 0.0.1
2026-05-19 13:30:16,321 [INFO] ThirdParty:1030 - CMSIS Pack Vendor :STMicroelectronics X-CUBE-DPower 1.2.0
2026-05-19 13:30:16,321 [INFO] ThirdParty:1030 - CMSIS Pack Vendor :STMicroelectronics eDS-WB_DPC_VIENNA 1.2.0
2026-05-19 13:30:16,321 [INFO] ThirdParty:1030 - CMSIS Pack Vendor :STMicroelectronics FP-SNS-FLIGHT1 5.0.2
2026-05-19 13:30:16,321 [INFO] ThirdParty:1030 - CMSIS Pack Vendor :STMicroelectronics eDS-WB_DPC_3PH2L-BIDIR 1.1.1
2026-05-19 13:30:16,321 [INFO] ThirdParty:1030 - CMSIS Pack Vendor :STMicroelectronics X-CUBE-AI 9.0.0
2026-05-19 13:30:16,321 [INFO] ThirdParty:1030 - CMSIS Pack Vendor :STMicroelectronics PDM2PCM 3.3.0
2026-05-19 13:30:16,321 [INFO] ThirdParty:1030 - CMSIS Pack Vendor :STMicroelectronics X-CUBE-AZRTOS-H7 3.4.0
2026-05-19 13:30:16,321 [INFO] ThirdParty:1030 - CMSIS Pack Vendor :STMicroelectronics X-CUBE-DISPLAY 3.0.0
2026-05-19 13:30:16,321 [INFO] ThirdParty:1030 - CMSIS Pack Vendor :STMicroelectronics X-CUBE-GNSS1 7.1.1
2026-05-19 13:30:16,321 [INFO] ThirdParty:1030 - CMSIS Pack Vendor :STMicroelectronics FP-SNS-MOTENVWB1 1.5.0
2026-05-19 13:30:16,321 [INFO] ThirdParty:1030 - CMSIS Pack Vendor :STMicroelectronics X-CUBE-BLE1 7.0.0
2026-05-19 13:30:16,321 [INFO] ThirdParty:1030 - CMSIS Pack Vendor :STMicroelectronics X-CUBE-NFC10 1.0.0
2026-05-19 13:30:16,321 [INFO] ThirdParty:1030 - CMSIS Pack Vendor :STMicroelectronics X-CUBE-BLEMGR 4.0.0
2026-05-19 13:30:16,321 [INFO] ThirdParty:1030 - CMSIS Pack Vendor :STMicroelectronics X-CUBE-FREERTOS 1.3.1
2026-05-19 13:30:16,321 [INFO] ThirdParty:1030 - CMSIS Pack Vendor :STMicroelectronics HAL Drivers 0.0.0
2026-05-19 13:30:16,322 [INFO] ThirdParty:1030 - CMSIS Pack Vendor :STMicroelectronics X-CUBE-ST60 1.1.0
2026-05-19 13:30:16,322 [INFO] ThirdParty:1030 - CMSIS Pack Vendor :emotas I-CUBE-CANOPEN 1.3.0
2026-05-19 13:30:16,322 [INFO] ThirdParty:1030 - CMSIS Pack Vendor :STMicroelectronics X-CUBE-FREERTOS 1.3.0
2026-05-19 13:30:16,322 [INFO] ThirdParty:1030 - CMSIS Pack Vendor :STMicroelectronics X-CUBE-NFC7 1.0.1
2026-05-19 13:30:16,322 [INFO] ThirdParty:1030 - CMSIS Pack Vendor :STMicroelectronics MBEDTLS 2.14.1
2026-05-19 13:30:16,322 [INFO] ThirdParty:1030 - CMSIS Pack Vendor :STMicroelectronics X-CUBE-GNSS1 7.1.0
2026-05-19 13:30:16,322 [INFO] ThirdParty:1030 - CMSIS Pack Vendor :wolfSSL I-CUBE-wolfTPM 3.2.0
2026-05-19 13:30:16,322 [INFO] ThirdParty:1030 - CMSIS Pack Vendor :STMicroelectronics X-CUBE-TOUCHGFX 4.26.0
2026-05-19 13:30:16,322 [INFO] ThirdParty:1030 - CMSIS Pack Vendor :STMicroelectronics X-CUBE-TOUCHGFX 4.26.1
2026-05-19 13:30:16,322 [INFO] ThirdParty:1030 - CMSIS Pack Vendor :STMicroelectronics X-CUBE-BLEMGR 3.1.0
2026-05-19 13:30:16,322 [INFO] ThirdParty:1030 - CMSIS Pack Vendor :STMicroelectronics X-CUBE-AI 10.0.0
2026-05-19 13:30:16,322 [INFO] ThirdParty:1030 - CMSIS Pack Vendor :STMicroelectronics FP-SNS-STBOX1 2.1.0
2026-05-19 13:30:16,338 [INFO] ThirdParty:1030 - CMSIS Pack Vendor :STMicroelectronics FP-SNS-STAIOTCFT 1.0.0
2026-05-19 13:30:16,338 [INFO] ThirdParty:1030 - CMSIS Pack Vendor :STMicroelectronics FP-SNS-SMARTAG2 1.2.0
2026-05-19 13:30:16,339 [INFO] ThirdParty:1030 - CMSIS Pack Vendor :STMicroelectronics FP-SNS-FLIGHT1 5.1.0
2026-05-19 13:30:16,339 [INFO] ThirdParty:1030 - CMSIS Pack Vendor :STMicroelectronics X-CUBE-MEMS1 11.1.0
2026-05-19 13:30:16,339 [INFO] ThirdParty:1030 - CMSIS Pack Vendor :STMicroelectronics X-CUBE-AZRTOS-WL 2.0.0
2026-05-19 13:30:16,339 [INFO] ThirdParty:1030 - CMSIS Pack Vendor :STMicroelectronics X-CUBE-DPower 1.3.0
2026-05-19 13:30:16,339 [INFO] ThirdParty:1030 - CMSIS Pack Vendor :STMicroelectronics FP-SNS-MOTENV1 5.0.0
2026-05-19 13:30:16,339 [INFO] ThirdParty:1030 - CMSIS Pack Vendor :STMicroelectronics USB_DEVICE 1.0.0
2026-05-19 13:30:16,339 [INFO] ThirdParty:1030 - CMSIS Pack Vendor :STMicroelectronics X-CUBE-AZRTOS-H7RS 1.2.0
2026-05-19 13:30:16,339 [INFO] ThirdParty:1030 - CMSIS Pack Vendor :STMicroelectronics X-CUBE-AI 8.1.0
2026-05-19 13:30:16,339 [INFO] ThirdParty:1030 - CMSIS Pack Vendor :wolfSSL I-CUBE-wolfMQTT 1.19.0
2026-05-19 13:30:16,339 [INFO] ThirdParty:1030 - CMSIS Pack Vendor :STMicroelectronics X-CUBE-AZRTOS-L4 2.0.0
2026-05-19 13:30:16,339 [INFO] ThirdParty:1030 - CMSIS Pack Vendor :STMicroelectronics ThreadX 0.0.2
2026-05-19 13:30:16,339 [INFO] ThirdParty:1030 - CMSIS Pack Vendor :WES I-CUBE-Cesium 1.3.0
2026-05-19 13:30:16,339 [INFO] ThirdParty:1030 - CMSIS Pack Vendor :STMicroelectronics lwIP 2.1.2
2026-05-19 13:30:16,339 [INFO] ThirdParty:1030 - CMSIS Pack Vendor :STMicroelectronics X-CUBE-SFXS2LP1 4.0.0
2026-05-19 13:30:16,339 [INFO] ThirdParty:1030 - CMSIS Pack Vendor :STMicroelectronics X-CUBE-BLE2 3.3.0
2026-05-19 13:30:16,339 [INFO] ThirdParty:1030 - CMSIS Pack Vendor :Avnet-IOTCONNECT X-CUBE-iotc-st67-sdk 1.0.0
2026-05-19 13:30:16,340 [INFO] ThirdParty:1030 - CMSIS Pack Vendor :STMicroelectronics PDM2PCM 3.2.0
2026-05-19 13:30:16,340 [INFO] ThirdParty:1030 - CMSIS Pack Vendor :STMicroelectronics X-CUBE-WB05N 2.1.0
2026-05-19 13:30:16,340 [INFO] ThirdParty:1030 - CMSIS Pack Vendor :STMicroelectronics X-CUBE-ST67W61 1.2.0
2026-05-19 13:30:16,340 [INFO] ThirdParty:1030 - CMSIS Pack Vendor :STMicroelectronics X-CUBE-AZRTOS-H7 3.3.0
2026-05-19 13:30:16,340 [INFO] ThirdParty:1030 - CMSIS Pack Vendor :STMicroelectronics X-CUBE-NFC9 1.0.0
2026-05-19 13:30:16,340 [INFO] ThirdParty:1030 - CMSIS Pack Vendor :STMicroelectronics X-CUBE-BLE1 7.1.0
2026-05-19 13:30:16,340 [INFO] ThirdParty:1030 - CMSIS Pack Vendor :STMicroelectronics USB_DEVICE 3.0.0
2026-05-19 13:30:16,340 [INFO] ThirdParty:1030 - CMSIS Pack Vendor :STMicroelectronics X-CUBE-TCPP 4.1.0
2026-05-19 13:30:16,340 [INFO] ThirdParty:1030 - CMSIS Pack Vendor :STMicroelectronics X-CUBE-FREERTOS 1.4.0
2026-05-19 13:30:16,340 [INFO] ThirdParty:1030 - CMSIS Pack Vendor :STMicroelectronics X-CUBE-EEPRMA1 5.2.0
2026-05-19 13:30:16,340 [INFO] ThirdParty:1030 - CMSIS Pack Vendor :STMicroelectronics X-CUBE-BLEMGR 4.1.0
2026-05-19 13:30:16,340 [INFO] ThirdParty:1030 - CMSIS Pack Vendor :STMicroelectronics X-CUBE-IPS 3.0.0
2026-05-19 13:30:16,340 [INFO] ThirdParty:1030 - CMSIS Pack Vendor :STMicroelectronics X-CUBE-AZRTOS-WB 2.0.0
2026-05-19 13:30:16,340 [INFO] ThirdParty:1030 - CMSIS Pack Vendor :STMicroelectronics X-CUBE-GNSS1 7.0.0
2026-05-19 13:30:16,340 [INFO] ThirdParty:1030 - CMSIS Pack Vendor :STMicroelectronics X-CUBE-GNSS1 7.0.1
2026-05-19 13:30:16,340 [INFO] ThirdParty:1030 - CMSIS Pack Vendor :STMicroelectronics X-CUBE-TOUCHGFX 4.25.0
2026-05-19 13:30:16,340 [INFO] ThirdParty:1030 - CMSIS Pack Vendor :STMicroelectronics X-CUBE-ST67W61 1.1.0
2026-05-19 13:30:16,340 [INFO] ThirdParty:1030 - CMSIS Pack Vendor :STMicroelectronics X-CUBE-AI 10.1.0
2026-05-19 13:30:16,340 [INFO] ThirdParty:1030 - CMSIS Pack Vendor :STMicroelectronics FP-SNS-STBOX1 2.0.0
2026-05-19 13:30:16,340 [INFO] ThirdParty:1030 - CMSIS Pack Vendor :STMicroelectronics FP-SNS-STAIOTCFT 1.1.0
2026-05-19 13:30:16,340 [INFO] ThirdParty:1030 - CMSIS Pack Vendor :STMicroelectronics X-CUBE-MEMS1 12.0.0
2026-05-19 13:30:16,340 [INFO] ThirdParty:1030 - CMSIS Pack Vendor :STMicroelectronics X-CUBE-ALGOBUILD 1.3.0
2026-05-19 13:30:16,341 [INFO] ThirdParty:1030 - CMSIS Pack Vendor :STMicroelectronics X-CUBE-STSE01 2.0.0
2026-05-19 13:30:16,341 [INFO] ThirdParty:1030 - CMSIS Pack Vendor :STMicroelectronics X-CUBE-MEMS1 11.2.0
2026-05-19 13:30:16,341 [INFO] ThirdParty:1030 - CMSIS Pack Vendor :STMicroelectronics X-CUBE-AZRTOS-G0 1.1.0
2026-05-19 13:30:16,341 [INFO] ThirdParty:1030 - CMSIS Pack Vendor :STMicroelectronics X-CUBE-SAFEA1 1.2.2
2026-05-19 13:30:16,341 [INFO] ThirdParty:1030 - CMSIS Pack Vendor :STMicroelectronics X-CUBE-NFC4 3.0.0
2026-05-19 13:30:16,341 [INFO] ThirdParty:1030 - CMSIS Pack Vendor :STMicroelectronics X-CUBE-SUBG2 5.0.0
2026-05-19 13:30:16,341 [INFO] ThirdParty:1030 - CMSIS Pack Vendor :STMicroelectronics X-CUBE-AZRTOS-H7RS 1.1.0
2026-05-19 13:30:16,341 [INFO] ThirdParty:1030 - CMSIS Pack Vendor :STMicroelectronics STM32_WPAN 1.0.0
2026-05-19 13:30:16,341 [INFO] ThirdParty:1030 - CMSIS Pack Vendor :EmbeddedOffice I-CUBE-FS-RTOS 1.0.1
2026-05-19 13:30:16,341 [INFO] ThirdParty:1030 - CMSIS Pack Vendor :STMicroelectronics lwIP 2.0.3
2026-05-19 13:30:16,341 [INFO] ThirdParty:1030 - CMSIS Pack Vendor :Cesanta I-CUBE-Mongoose 7.13.0
2026-05-19 13:30:16,341 [INFO] ThirdParty:1030 - CMSIS Pack Vendor :STMicroelectronics USB_HOST 1.0.0
2026-05-19 13:30:16,341 [INFO] ThirdParty:1030 - CMSIS Pack Vendor :STMicroelectronics X-CUBE-AZRTOS-G4 2.0.0
2026-05-19 13:30:16,341 [INFO] ThirdParty:1030 - CMSIS Pack Vendor :STMicroelectronics X-CUBE-WB05N 2.0.0
2026-05-19 13:30:16,341 [INFO] ThirdParty:1030 - CMSIS Pack Vendor :STMicroelectronics PDM2PCM 3.1.0
2026-05-19 13:30:16,341 [INFO] ThirdParty:1030 - CMSIS Pack Vendor :STMicroelectronics X-CUBE-NFC7 2.0.0
2026-05-19 13:30:16,341 [INFO] ThirdParty:1030 - CMSIS Pack Vendor :STMicroelectronics X-CUBE-TCPP 4.2.0
2026-05-19 13:30:16,341 [INFO] ThirdParty:1030 - CMSIS Pack Vendor :RealThread X-CUBE-RT-Thread_Nano 4.1.1
2026-05-19 13:30:16,341 [INFO] ThirdParty:1030 - CMSIS Pack Vendor :wolfSSL I-CUBE-wolfSSL 5.7.0
2026-05-19 13:30:16,341 [INFO] ThirdParty:1030 - CMSIS Pack Vendor :STMicroelectronics FP-SNS-MOTENVWB1 1.3.1
2026-05-19 13:30:16,341 [INFO] ThirdParty:1030 - CMSIS Pack Vendor :STMicroelectronics FP-ATR-SIGFOX1 3.2.0
2026-05-19 13:30:16,342 [INFO] ThirdParty:1030 - CMSIS Pack Vendor :quantropi X-CUBE-qispace-sdk-base 1.9.3
2026-05-19 13:30:16,342 [INFO] ThirdParty:1030 - CMSIS Pack Vendor :STMicroelectronics X-CUBE-ISPU 2.0.0
2026-05-19 13:30:16,342 [INFO] ThirdParty:1030 - CMSIS Pack Vendor :STMicroelectronics X-CUBE-EEPRMA1 5.1.0
2026-05-19 13:30:16,342 [INFO] ThirdParty:1030 - CMSIS Pack Vendor :STMicroelectronics X-CUBE-FREERTOS 1.5.0
2026-05-19 13:30:16,342 [INFO] ThirdParty:1030 - CMSIS Pack Vendor :STMicroelectronics MBEDTLS 2.16.2
2026-05-19 13:30:16,342 [INFO] ThirdParty:1030 - CMSIS Pack Vendor :STMicroelectronics X-CUBE-IPS 3.1.0
2026-05-19 13:30:16,342 [INFO] ThirdParty:1030 - CMSIS Pack Vendor :STMicroelectronics X-CUBE-ALS 1.0.2
2026-05-19 13:30:16,342 [INFO] ThirdParty:1030 - CMSIS Pack Vendor :STMicroelectronics X-CUBE-MEMS1 10.0.0
2026-05-19 13:30:16,342 [INFO] ThirdParty:1030 - CMSIS Pack Vendor :STMicroelectronics X-CUBE-FREERTOS 1.1.0
2026-05-19 13:30:16,342 [INFO] ThirdParty:1030 - CMSIS Pack Vendor :STMicroelectronics X-CUBE-TOUCHGFX 4.24.0
2026-05-19 13:30:16,342 [INFO] ThirdParty:1030 - CMSIS Pack Vendor :ITTIA_DB I-CUBE-ITTIADB 8.9.0
2026-05-19 13:30:16,342 [INFO] ThirdParty:1030 - CMSIS Pack Vendor :STMicroelectronics X-CUBE-TOUCHGFX 4.24.2
2026-05-19 13:30:16,342 [INFO] ThirdParty:1030 - CMSIS Pack Vendor :STMicroelectronics X-CUBE-TOUCHGFX 4.24.1
2026-05-19 13:30:16,342 [INFO] ThirdParty:1030 - CMSIS Pack Vendor :STMicroelectronics X-CUBE-STSE01 1.0.0
2026-05-19 13:30:16,342 [INFO] ThirdParty:1030 - CMSIS Pack Vendor :portGmbH I-Cube-SoM-uGOAL 1.1.0
2026-05-19 13:30:16,342 [INFO] ThirdParty:1030 - CMSIS Pack Vendor :STMicroelectronics X-CUBE-ALS 1.0.1
2026-05-19 13:30:16,342 [INFO] ThirdParty:1030 - CMSIS Pack Vendor :STMicroelectronics X-CUBE-NFC6 3.2.0
2026-05-19 13:30:16,342 [INFO] ThirdParty:1030 - CMSIS Pack Vendor :STMicroelectronics X-CUBE-ST67W61 1.0.0
2026-05-19 13:30:16,342 [INFO] ThirdParty:1030 - CMSIS Pack Vendor :STMicroelectronics X-CUBE-AI 10.2.0
2026-05-19 13:30:16,342 [INFO] ThirdParty:1030 - CMSIS Pack Vendor :STMicroelectronics ThreadX 1.0.0
2026-05-19 13:30:16,342 [INFO] ThirdParty:1030 - CMSIS Pack Vendor :STMicroelectronics X-CUBE-MEMS1 12.1.0
2026-05-19 13:30:16,342 [INFO] ThirdParty:1030 - CMSIS Pack Vendor :SEGGER I-CUBE-embOS 1.3.1
2026-05-19 13:30:16,343 [INFO] ThirdParty:1030 - CMSIS Pack Vendor :STMicroelectronics X-CUBE-ALGOBUILD 1.4.0
2026-05-19 13:30:16,343 [INFO] ThirdParty:1030 - CMSIS Pack Vendor :STMicroelectronics X-CUBE-MEMS1 11.3.0
2026-05-19 13:30:16,343 [INFO] ThirdParty:1030 - CMSIS Pack Vendor :STMicroelectronics X-CUBE-AZRTOS-H7RS 1.0.0
2026-05-19 13:30:16,343 [INFO] ThirdParty:1030 - CMSIS Pack Vendor :STMicroelectronics FP-ATR-ASTRA1 2.0.0
2026-05-19 13:30:16,343 [INFO] ThirdParty:1030 - CMSIS Pack Vendor :STMicroelectronics X-CUBE-TOF1 3.4.2
2026-05-19 13:30:16,343 [INFO] ThirdParty:1030 - CMSIS Pack Vendor :STMicroelectronics X-CUBE-TOF1 3.4.3
2026-05-19 13:30:16,343 [INFO] ThirdParty:1030 - CMSIS Pack Vendor :STMicroelectronics X-CUBE-AI 9.1.0
2026-05-19 13:30:16,343 [INFO] ThirdParty:1030 - CMSIS Pack Vendor :STMicroelectronics X-CUBE-TOF1 3.4.1
2026-05-19 13:30:16,343 [INFO] ThirdParty:1030 - CMSIS Pack Vendor :STMicroelectronics X-CUBE-AZRTOS-H7 3.2.0
2026-05-19 13:30:16,343 [INFO] ThirdParty:1030 - CMSIS Pack Vendor :Infineon AIROC-Wi-Fi-Bluetooth-STM32 1.6.0
2026-05-19 13:30:16,343 [INFO] ThirdParty:1030 - CMSIS Pack Vendor :wolfSSL I-CUBE-wolfSSH 1.4.17
2026-05-19 13:30:16,343 [INFO] ThirdParty:841 - exiting critical section [change project]
2026-05-19 13:30:16,653 [INFO] PinOutPanel:1589 - setPackage(No Configuration,No Configuration)
2026-05-19 13:30:16,655 [INFO] PinOutPanel:1589 - setPackage(STM32L010K8Tx,LQFP32)
2026-05-19 13:30:17,518 [INFO] UtilMem:75 - Before build in PCC Used Memory: 728760320 Bytes (1073741824)
2026-05-19 13:30:18,417 [INFO] UtilMem:75 - After build in PCC Used Memory: 862978048 Bytes (1073741824)
2026-05-19 13:30:18,456 [INFO] IPUIPlugin:80 - create IPUIPlugin
2026-05-19 13:30:18,457 [INFO] IPUIPlugin:80 - create IPUIPlugin
2026-05-19 13:30:18,457 [INFO] IPUIPlugin:80 - create IPUIPlugin
2026-05-19 13:30:18,457 [INFO] IPUIPlugin:80 - create IPUIPlugin
2026-05-19 13:30:18,458 [INFO] IPUIPlugin:80 - create IPUIPlugin
2026-05-19 13:30:18,458 [INFO] IPUIPlugin:80 - create IPUIPlugin
2026-05-19 13:30:18,458 [INFO] IPUIPlugin:80 - create IPUIPlugin
2026-05-19 13:30:18,459 [INFO] IPUIPlugin:80 - create IPUIPlugin
2026-05-19 13:30:18,459 [INFO] IPUIPlugin:80 - create IPUIPlugin
2026-05-19 13:30:18,459 [INFO] IPUIPlugin:80 - create IPUIPlugin
2026-05-19 13:30:18,460 [INFO] IPUIPlugin:80 - create IPUIPlugin
2026-05-19 13:30:18,460 [INFO] IPUIPlugin:80 - create IPUIPlugin
2026-05-19 13:30:18,460 [INFO] IPUIPlugin:80 - create IPUIPlugin
2026-05-19 13:30:18,461 [INFO] IPUIPlugin:80 - create IPUIPlugin
2026-05-19 13:30:18,461 [INFO] IPUIPlugin:80 - create IPUIPlugin
2026-05-19 13:30:18,461 [INFO] IPUIPlugin:80 - create IPUIPlugin
2026-05-19 13:30:18,462 [INFO] IPUIPlugin:80 - create IPUIPlugin
2026-05-19 13:30:18,462 [INFO] IPUIPlugin:80 - create IPUIPlugin
2026-05-19 13:30:18,727 [INFO] CADModel:165 - CPN selected for project levelSTM32L010K8T6
2026-05-19 13:30:18,727 [INFO] CADModel:114 - Register for checkConnection events
2026-05-19 13:30:18,765 [INFO] OpenFileManager:386 - Restore cursor
2026-05-19 13:30:23,431 [INFO] UtilMem:75 - End SaveConfig() Used Memory: 758945936 Bytes (1073741824)
2026-05-19 13:30:24,247 [INFO] BlockDiagram:2775 - set Specific Code input for plugin: ADC
2026-05-19 13:30:24,248 [INFO] BlockDiagram:2775 - set Specific Code input for plugin: RTC
2026-05-19 13:30:24,248 [INFO] BlockDiagram:2775 - set Specific Code input for plugin: SPI
2026-05-19 13:30:24,248 [INFO] BlockDiagram:2775 - set Specific Code input for plugin: NVIC
2026-05-19 13:30:24,248 [INFO] BlockDiagram:2775 - set Specific Code input for plugin: SYS
2026-05-19 13:30:24,249 [INFO] BlockDiagram:2775 - set Specific Code input for plugin: GPIO
2026-05-19 13:30:24,249 [INFO] BlockDiagram:2775 - set Specific Code input for plugin: USART
2026-05-19 13:30:24,249 [INFO] BlockDiagram:2775 - set Specific Code input for plugin: RCC
2026-05-19 13:30:24,250 [INFO] CodeGenerator:892 - code generatio: config db path: /Applications/STM32CubeIDE.app/Contents/Eclipse/plugins/com.st.stm32cube.common.mx_6.15.0.202507011659//db/
2026-05-19 13:30:24,693 [INFO] CodeEngine:265 - oldGeneratedFile, /Users/admin/Desktop/My Projects/Bike4u/Programing/Bike4u/MXTmpFiles/license.tmp_save
2026-05-19 13:30:25,315 [INFO] CodeEngine:289 - Generated code: /Users/admin/Desktop/My Projects/Bike4u/Programing/Bike4u/MXTmpFiles/license.tmp
2026-05-19 13:30:25,563 [INFO] CodeEngine:265 - oldGeneratedFile, /Users/admin/Desktop/My Projects/Bike4u/Programing/Bike4u/MXTmpFiles/gpio.tmp_save
2026-05-19 13:30:25,796 [INFO] CodeEngine:289 - Generated code: /Users/admin/Desktop/My Projects/Bike4u/Programing/Bike4u/MXTmpFiles/gpio.tmp
2026-05-19 13:30:26,426 [INFO] CodeEngine:265 - oldGeneratedFile, /Users/admin/Desktop/My Projects/Bike4u/Programing/Bike4u/Core/Src/stm32l0xx_it.c_save
2026-05-19 13:30:26,617 [INFO] CodeEngine:289 - Generated code: /Users/admin/Desktop/My Projects/Bike4u/Programing/Bike4u/Core/Src/stm32l0xx_it.c
2026-05-19 13:30:26,622 [INFO] CodeEngine:265 - oldGeneratedFile, /Users/admin/Desktop/My Projects/Bike4u/Programing/Bike4u/Core/Inc/stm32l0xx_it.h_save
2026-05-19 13:30:26,748 [INFO] CodeEngine:289 - Generated code: /Users/admin/Desktop/My Projects/Bike4u/Programing/Bike4u/Core/Inc/stm32l0xx_it.h
2026-05-19 13:30:26,759 [INFO] CodeEngine:265 - oldGeneratedFile, /Users/admin/Desktop/My Projects/Bike4u/Programing/Bike4u/Core/Src/stm32l0xx_hal_msp.c_save
2026-05-19 13:30:26,974 [INFO] CodeEngine:289 - Generated code: /Users/admin/Desktop/My Projects/Bike4u/Programing/Bike4u/Core/Src/stm32l0xx_hal_msp.c
2026-05-19 13:30:26,980 [INFO] CodeEngine:265 - oldGeneratedFile, /Users/admin/Desktop/My Projects/Bike4u/Programing/Bike4u/MXTmpFiles/system.tmp_save
2026-05-19 13:30:27,105 [INFO] CodeEngine:289 - Generated code: /Users/admin/Desktop/My Projects/Bike4u/Programing/Bike4u/MXTmpFiles/system.tmp
2026-05-19 13:30:27,120 [INFO] CodeEngine:321 - oldGeneratedFile, /Users/admin/Desktop/My Projects/Bike4u/Programing/Bike4u/Core/Inc/stm32l0xx_hal_conf.h_save
2026-05-19 13:30:27,239 [INFO] CodeEngine:345 - Generated code: /Users/admin/Desktop/My Projects/Bike4u/Programing/Bike4u/Core/Inc/stm32l0xx_hal_conf.h
2026-05-19 13:30:27,283 [INFO] ApiDbMcu:532 - Load IP Config File for ADC
2026-05-19 13:30:27,291 [INFO] ApiDbMcu:532 - Load IP Config File for RTC
2026-05-19 13:30:27,295 [INFO] ApiDbMcu:532 - Load IP Config File for SPI1
2026-05-19 13:30:27,304 [INFO] ApiDbMcu:532 - Load IP Config File for USART2
2026-05-19 13:30:27,308 [INFO] ApiDbMcu:532 - Load IP Config File for RCC
2026-05-19 13:30:27,319 [INFO] CodeEngine:265 - oldGeneratedFile, /Users/admin/Desktop/My Projects/Bike4u/Programing/Bike4u/Core/Inc/main.h_save
2026-05-19 13:30:27,454 [INFO] CodeEngine:289 - Generated code: /Users/admin/Desktop/My Projects/Bike4u/Programing/Bike4u/Core/Inc/main.h
2026-05-19 13:30:27,458 [INFO] CodeEngine:265 - oldGeneratedFile, /Users/admin/Desktop/My Projects/Bike4u/Programing/Bike4u/Core/Src/main.c_save
2026-05-19 13:30:27,702 [INFO] CodeEngine:289 - Generated code: /Users/admin/Desktop/My Projects/Bike4u/Programing/Bike4u/Core/Src/main.c
2026-05-19 13:30:28,194 [INFO] ProjectBuilder:3606 - Time for Copy HAL[1] : 163mS.
2026-05-19 13:30:28,198 [INFO] ProjectBuilder:5216 - Project Generator version: 4.7.0-B52
2026-05-19 13:30:28,325 [INFO] ConfigFileManager:1595 - The Die is : DIE417
2026-05-19 13:30:28,331 [INFO] ApiDbMcu:532 - Load IP Config File for FATFS
2026-05-19 13:30:28,338 [INFO] ApiDbMcu:532 - Load IP Config File for FREERTOS
2026-05-19 13:30:29,220 [INFO] LogOutputStream:77 - [STDOUT_REDIRECT] 
2026-05-19 13:30:30,680 [INFO] ProjectBuilder:5496 - Time for Generating toolchain IDE Files: 2482mS.
2026-05-19 13:30:30,681 [INFO] ProjectBuilder:3463 - Time for Copy CMSIS : 1mS.
2026-05-19 13:30:30,683 [INFO] ProjectBuilder:3463 - Time for Copy CMSIS : 0mS.
2026-05-19 14:24:52,498 [ERROR] LogOutputStream:75 - [STDERR_REDIRECT] 
2026-05-19 14:25:27,414 [INFO] Activator:176 - 


2026-05-19 14:25:27,416 [INFO] Activator:177 - !SESSION log4j initialized
2026-05-19 14:25:31,637 [INFO] LogOutputStream:77 - [STDOUT_REDIRECT] 
2026-05-19 14:25:36,566 [INFO] LogOutputStream:77 - [STDOUT_REDIRECT] 
2026-05-19 14:25:37,476 [ERROR] LogOutputStream:75 - [STDERR_REDIRECT] 
2026-05-19 14:25:37,946 [ERROR] LogOutputStream:75 - [STDERR_REDIRECT] java.net.URISyntaxException: Illegal character in path at index 28: file:/Users/admin/Desktop/My Projects/Bike4u/Programing/.metadata/.log4j2.xml
2026-05-19 14:25:37,947 [ERROR] LogOutputStream:75 - [STDERR_REDIRECT] 	at java.base/java.net.URI$Parser.fail(URI.java:2995)
2026-05-19 14:25:37,948 [ERROR] LogOutputStream:75 - [STDERR_REDIRECT] 	at java.base/java.net.URI$Parser.checkChars(URI.java:3166)
2026-05-19 14:25:37,948 [ERROR] LogOutputStream:75 - [STDERR_REDIRECT] 	at java.base/java.net.URI$Parser.parseHierarchical(URI.java:3248)
2026-05-19 14:25:37,948 [ERROR] LogOutputStream:75 - [STDERR_REDIRECT] 	at java.base/java.net.URI$Parser.parse(URI.java:3196)
2026-05-19 14:25:37,949 [ERROR] LogOutputStream:75 - [STDERR_REDIRECT] 	at java.base/java.net.URI.<init>(URI.java:645)
2026-05-19 14:25:37,949 [ERROR] LogOutputStream:75 - [STDERR_REDIRECT] 	at java.base/java.net.URL.toURI(URL.java:1220)
2026-05-19 14:25:37,950 [ERROR] LogOutputStream:75 - [STDERR_REDIRECT] 	at com.st.stm32cube.common.mx.core.CubeMxInstance.getInstance(CubeMxInstance.java:81)
2026-05-19 14:25:37,950 [ERROR] LogOutputStream:75 - [STDERR_REDIRECT] 	at com.st.stm32cube.common.mx.userauth.UserAuthAdapter.<init>(UserAuthAdapter.java:25)
2026-05-19 14:25:37,950 [ERROR] LogOutputStream:75 - [STDERR_REDIRECT] 	at com.st.stm32cube.common.mx.userauth.UserAuthProvider.getUserAuthAdapter(UserAuthProvider.java:16)
2026-05-19 14:25:37,951 [ERROR] LogOutputStream:75 - [STDERR_REDIRECT] 	at com.st.stm32cube.common.ecosystemintegration.ui.core.MCUEcoSystemIntegrationUiHelper.getUserAuth(MCUEcoSystemIntegrationUiHelper.java:100)
2026-05-19 14:25:37,951 [ERROR] LogOutputStream:75 - [STDERR_REDIRECT] 	at com.st.stm32cube.ide.mcu.userauth.UserAuthStartup.earlyStartup(UserAuthStartup.java:32)
2026-05-19 14:25:37,952 [ERROR] LogOutputStream:75 - [STDERR_REDIRECT] 	at org.eclipse.ui.internal.EarlyStartupRunnable.runEarlyStartup(EarlyStartupRunnable.java:79)
2026-05-19 14:25:37,952 [ERROR] LogOutputStream:75 - [STDERR_REDIRECT] 	at org.eclipse.ui.internal.EarlyStartupRunnable.run(EarlyStartupRunnable.java:55)
2026-05-19 14:25:37,953 [ERROR] LogOutputStream:75 - [STDERR_REDIRECT] 	at org.eclipse.core.runtime.SafeRunner.run(SafeRunner.java:47)
2026-05-19 14:25:37,953 [ERROR] LogOutputStream:75 - [STDERR_REDIRECT] 	at org.eclipse.ui.internal.Workbench$39.run(Workbench.java:2733)
2026-05-19 14:25:37,954 [ERROR] LogOutputStream:75 - [STDERR_REDIRECT] 	at org.eclipse.core.internal.jobs.Worker.run(Worker.java:63)
2026-05-19 14:25:38,271 [INFO] ApplicationProperties:184 - Using Application install path: /Applications/STM32CubeIDE.app/Contents/Eclipse/plugins/com.st.stm32cube.common.mx_6.15.0.202507011659
2026-05-19 14:25:38,296 [INFO] DbMcusXml:78 - Set database path to: /Applications/STM32CubeIDE.app/Contents/Eclipse/plugins/com.st.stm32cube.common.mx_6.15.0.202507011659//db//mcu/
2026-05-19 14:25:38,296 [INFO] ApiDb:274 - Set plugin database path to: /Applications/STM32CubeIDE.app/Contents/Eclipse/plugins/com.st.stm32cube.common.mx_6.15.0.202507011659//db//plugins/boardmanager/
2026-05-19 14:25:38,296 [WARN] ApiDb:259 - Overriding images path with different value:  => /Applications/STM32CubeIDE.app/Contents/Eclipse/plugins/com.st.stm32cube.common.mx_6.15.0.202507011659//db//plugins/mcufinder/images/
2026-05-19 14:25:38,306 [INFO] ApiDb:250 - Set database path to: /Users/admin/.stmcufinder/plugins/mcufinder//mcu/
2026-05-19 14:25:38,308 [INFO] DbMcusAds:125 - Set database path to: /Users/admin/.stmcufinder/plugins/mcufinder//mcu/
2026-05-19 14:25:38,311 [INFO] CrossReferenceDbSqlite:203 - Set database path to: /Users/admin/.stmcufinder/plugins/mcufinder//mcu/cs/
2026-05-19 14:25:38,521 [INFO] RulesReader:64 - Compatibility file has been processed (317 Rules)
2026-05-19 14:25:38,659 [INFO] DbMcusXml:78 - Set database path to: /Applications/STM32CubeIDE.app/Contents/Eclipse/plugins/com.st.stm32cube.common.mx_6.15.0.202507011659//db//mcu/
2026-05-19 14:25:38,659 [INFO] ApiDb:274 - Set plugin database path to: /Applications/STM32CubeIDE.app/Contents/Eclipse/plugins/com.st.stm32cube.common.mx_6.15.0.202507011659//db//plugins/boardmanager/
2026-05-19 14:25:38,660 [INFO] ApiDb:261 - Set plugin images path to: /Applications/STM32CubeIDE.app/Contents/Eclipse/plugins/com.st.stm32cube.common.mx_6.15.0.202507011659//db//plugins/mcufinder/images/
2026-05-19 14:25:38,661 [WARN] DbFile:41 - Overriding database path with different value: /Users/admin/.stmcufinder/plugins/mcufinder/ => /Users/admin/.stmcufinder/plugins/mcufinder
2026-05-19 14:25:38,661 [INFO] ApiDb:250 - Set database path to: /Users/admin/.stmcufinder/plugins/mcufinder//mcu/
2026-05-19 14:25:38,661 [WARN] DbFile:41 - Overriding database path with different value: /Users/admin/.stmcufinder/plugins/mcufinder/ => /Users/admin/.stmcufinder/plugins/mcufinder
2026-05-19 14:25:38,662 [INFO] DbMcusAds:125 - Set database path to: /Users/admin/.stmcufinder/plugins/mcufinder//mcu/
2026-05-19 14:25:38,662 [WARN] DbFile:41 - Overriding database path with different value: /Users/admin/.stmcufinder/plugins/mcufinder/ => /Users/admin/.stmcufinder/plugins/mcufinder
2026-05-19 14:25:38,662 [WARN] DbFile:41 - Overriding database path with different value: /Users/admin/.stmcufinder/plugins/mcufinder/ => /Users/admin/.stmcufinder/plugins/mcufinder
2026-05-19 14:25:38,662 [INFO] CrossReferenceDbSqlite:203 - Set database path to: /Users/admin/.stmcufinder/plugins/mcufinder//mcu/cs/
2026-05-19 14:25:38,778 [INFO] MainPanel:274 - HeapMemory: 268435456
2026-05-19 14:25:39,438 [INFO] DbMcusXml:78 - Set database path to: /Applications/STM32CubeIDE.app/Contents/Eclipse/plugins/com.st.stm32cube.common.mx_6.15.0.202507011659//db//mcu/
2026-05-19 14:25:39,439 [INFO] ApiDb:274 - Set plugin database path to: /Applications/STM32CubeIDE.app/Contents/Eclipse/plugins/com.st.stm32cube.common.mx_6.15.0.202507011659//db//plugins/boardmanager/
2026-05-19 14:25:39,439 [INFO] ApiDb:261 - Set plugin images path to: /Applications/STM32CubeIDE.app/Contents/Eclipse/plugins/com.st.stm32cube.common.mx_6.15.0.202507011659//db//plugins/mcufinder/images/
2026-05-19 14:25:39,439 [WARN] DbFile:41 - Overriding database path with different value: /Users/admin/.stmcufinder/plugins/mcufinder/ => /Users/admin/.stmcufinder/plugins/mcufinder
2026-05-19 14:25:39,440 [INFO] ApiDb:250 - Set database path to: /Users/admin/.stmcufinder/plugins/mcufinder//mcu/
2026-05-19 14:25:39,440 [WARN] DbFile:41 - Overriding database path with different value: /Users/admin/.stmcufinder/plugins/mcufinder/ => /Users/admin/.stmcufinder/plugins/mcufinder
2026-05-19 14:25:39,440 [INFO] DbMcusAds:125 - Set database path to: /Users/admin/.stmcufinder/plugins/mcufinder//mcu/
2026-05-19 14:25:39,440 [WARN] DbFile:41 - Overriding database path with different value: /Users/admin/.stmcufinder/plugins/mcufinder/ => /Users/admin/.stmcufinder/plugins/mcufinder
2026-05-19 14:25:39,440 [WARN] DbFile:41 - Overriding database path with different value: /Users/admin/.stmcufinder/plugins/mcufinder/ => /Users/admin/.stmcufinder/plugins/mcufinder
2026-05-19 14:25:39,441 [INFO] CrossReferenceDbSqlite:203 - Set database path to: /Users/admin/.stmcufinder/plugins/mcufinder//mcu/cs/
2026-05-19 14:25:39,485 [INFO] ApplicationProperties:184 - Using Application install path: /Applications/STM32CubeIDE.app/Contents/Eclipse/plugins/com.st.stm32cube.common.mx_6.15.0.202507011659
2026-05-19 14:25:39,492 [INFO] PluginManage:196 - Search for loadable plugins [exclusion list=, ]
2026-05-19 14:25:39,497 [INFO] PluginManage:310 - Check plugin analytics
2026-05-19 14:25:39,811 [INFO] AnalyticsPlugin:253 - Accepted Software Licenses: 
2026-05-19 14:25:39,812 [INFO] AnalyticsPlugin:255 - Accepted CMSIS Pack Licenses: Infineon.AIROC-Wi-Fi-Bluetooth-STM32.1.6.0,STMicroelectronics.X-CUBE-BLE1.7.0.0
2026-05-19 14:25:39,812 [INFO] AnalyticsPlugin:257 - Accepted Firmware Licenses: FW.G0.1.6.0,FW.WB.1.19.0,FW.WB.1.21.0
2026-05-19 14:25:39,818 [INFO] PluginManage:359 - Loaded plugin analytics (category:tool,tabindex:-1)
2026-05-19 14:25:39,819 [INFO] PluginManage:310 - Check plugin cadmodel
2026-05-19 14:25:39,830 [INFO] CADModel:105 - Init CAD model plugin
2026-05-19 14:25:39,831 [INFO] PluginManage:359 - Loaded plugin cadmodel (category:power,tabindex:5)
2026-05-19 14:25:39,831 [INFO] PluginManage:310 - Check plugin clock
2026-05-19 14:25:39,848 [INFO] PluginManage:359 - Loaded plugin clock (category:base,tabindex:2)
2026-05-19 14:25:39,848 [INFO] PluginManage:310 - Check plugin ddr
2026-05-19 14:25:39,851 [INFO] PluginManage:359 - Loaded plugin ddr (category:tool,tabindex:6)
2026-05-19 14:25:39,851 [INFO] PluginManage:310 - Check plugin filemanager
2026-05-19 14:25:40,102 [INFO] PluginManage:359 - Loaded plugin filemanager (category:base,tabindex:10)
2026-05-19 14:25:40,103 [INFO] PluginManage:310 - Check plugin ipmanager
2026-05-19 14:25:40,117 [INFO] PluginManage:359 - Loaded plugin ipmanager (category:base,tabindex:5)
2026-05-19 14:25:40,117 [INFO] PluginManage:310 - Check plugin lpbam
2026-05-19 14:25:40,130 [INFO] PluginManage:359 - Loaded plugin lpbam (category:base,tabindex:0)
2026-05-19 14:25:40,130 [INFO] PluginManage:310 - Check plugin memorymap
2026-05-19 14:25:40,147 [INFO] PluginManage:359 - Loaded plugin memorymap (category:base,tabindex:4)
2026-05-19 14:25:40,147 [INFO] PluginManage:310 - Check plugin pinoutandconfiguration
2026-05-19 14:25:40,158 [INFO] PluginManage:359 - Loaded plugin pinoutandconfiguration (category:base,tabindex:1)
2026-05-19 14:25:40,158 [INFO] PluginManage:310 - Check plugin pinoutconfig
2026-05-19 14:25:40,289 [WARN] SupportedApi:132 - Cannot load RTOS API schema: s4s-elt-must-match.1: The content of 'definitions' must match (annotation?, (simpleType | complexType)?, (unique | key | keyref)*)). A problem was found starting at: attribute.
2026-05-19 14:25:40,586 [INFO] PluginManage:359 - Loaded plugin pinoutconfig (category:base,tabindex:0)
2026-05-19 14:25:40,586 [INFO] PluginManage:310 - Check plugin power
2026-05-19 14:25:40,600 [INFO] PluginManage:359 - Loaded plugin power (category:power,tabindex:4)
2026-05-19 14:25:40,602 [INFO] PluginManage:310 - Check plugin projectmanager
2026-05-19 14:25:40,631 [INFO] PluginManage:359 - Loaded plugin projectmanager (category:projectmanager,tabindex:4)
2026-05-19 14:25:40,632 [INFO] PluginManage:310 - Check plugin rif
2026-05-19 14:25:40,645 [INFO] PluginManage:359 - Loaded plugin rif (category:base,tabindex:3)
2026-05-19 14:25:40,645 [INFO] PluginManage:310 - Check plugin thirdparty
2026-05-19 14:25:40,907 [INFO] PluginManage:359 - Loaded plugin thirdparty (category:base,tabindex:-1)
2026-05-19 14:25:40,907 [WARN] IntegrityCheckThread:84 - waiting for thirdparty lock release [integrity check]
2026-05-19 14:25:40,907 [INFO] PluginManage:310 - Check plugin tools
2026-05-19 14:25:40,907 [INFO] IntegrityCheckThread:86 - entering critical section [integrity check]
2026-05-19 14:25:40,908 [INFO] ThirdPartyUpdaterWithRetryManager:70 - Updater plugin not ready yet. [1/15]
2026-05-19 14:25:40,910 [INFO] PluginManage:359 - Loaded plugin tools (category:base,tabindex:7)
2026-05-19 14:25:40,910 [INFO] PluginManage:310 - Check plugin tutovideos
2026-05-19 14:25:41,137 [INFO] PluginManage:359 - Loaded plugin tutovideos (category:base,tabindex:-1)
2026-05-19 14:25:41,138 [INFO] PluginManage:310 - Check plugin updater
2026-05-19 14:25:41,161 [INFO] PluginManage:359 - Loaded plugin updater (category:base,tabindex:12)
2026-05-19 14:25:41,161 [INFO] PluginManage:310 - Check plugin userauth
2026-05-19 14:25:41,166 [INFO] UserAuth:118 - Init User Auth plugin
2026-05-19 14:25:41,167 [INFO] PluginManage:359 - Loaded plugin userauth (category:base,tabindex:14)
2026-05-19 14:25:41,167 [INFO] PluginManage:283 - PluginManage : Loaded plugins [18]
2026-05-19 14:25:41,367 [INFO] PinOutPanel:1589 - setPackage(No Configuration,No Configuration)
2026-05-19 14:25:41,454 [INFO] CADModel:165 - CPN selected for project level
2026-05-19 14:25:41,454 [INFO] CADModel:114 - Register for checkConnection events
2026-05-19 14:25:41,469 [INFO] IPUIPlugin:80 - create IPUIPlugin
2026-05-19 14:25:41,470 [INFO] PluginManager:220 - loadIPPluginJar : add mdma
2026-05-19 14:25:41,479 [INFO] IPUIPlugin:80 - create IPUIPlugin
2026-05-19 14:25:41,479 [INFO] PluginManager:220 - loadIPPluginJar : add freertos
2026-05-19 14:25:41,484 [INFO] IPUIPlugin:80 - create IPUIPlugin
2026-05-19 14:25:41,485 [INFO] PluginManager:220 - loadIPPluginJar : add gic
2026-05-19 14:25:41,494 [INFO] IPUIPlugin:80 - create IPUIPlugin
2026-05-19 14:25:41,495 [INFO] PluginManager:220 - loadIPPluginJar : add adc
2026-05-19 14:25:41,497 [INFO] IPUIPlugin:80 - create IPUIPlugin
2026-05-19 14:25:41,497 [INFO] PluginManager:220 - loadIPPluginJar : add gtzc
2026-05-19 14:25:41,499 [INFO] IPUIPlugin:80 - create IPUIPlugin
2026-05-19 14:25:41,499 [INFO] PluginManager:220 - loadIPPluginJar : add quadspi
2026-05-19 14:25:41,502 [INFO] IPUIPlugin:80 - create IPUIPlugin
2026-05-19 14:25:41,502 [INFO] PluginManager:220 - loadIPPluginJar : add aes
2026-05-19 14:25:41,504 [INFO] IPUIPlugin:80 - create IPUIPlugin
2026-05-19 14:25:41,504 [INFO] PluginManager:220 - loadIPPluginJar : add pdm2pcm
2026-05-19 14:25:41,506 [INFO] IPUIPlugin:80 - create IPUIPlugin
2026-05-19 14:25:41,507 [INFO] PluginManager:220 - loadIPPluginJar : add hash
2026-05-19 14:25:41,509 [INFO] IPUIPlugin:80 - create IPUIPlugin
2026-05-19 14:25:41,509 [INFO] PluginManager:220 - loadIPPluginJar : add tim
2026-05-19 14:25:41,510 [INFO] IPUIPlugin:80 - create IPUIPlugin
2026-05-19 14:25:41,511 [INFO] PluginManager:220 - loadIPPluginJar : add tsc
2026-05-19 14:25:41,513 [INFO] IPUIPlugin:80 - create IPUIPlugin
2026-05-19 14:25:41,513 [INFO] PluginManager:220 - loadIPPluginJar : add extmemmanager
2026-05-19 14:25:41,515 [INFO] IPUIPlugin:80 - create IPUIPlugin
2026-05-19 14:25:41,515 [INFO] PluginManager:220 - loadIPPluginJar : add ts
2026-05-19 14:25:41,518 [INFO] IPUIPlugin:80 - create IPUIPlugin
2026-05-19 14:25:41,519 [INFO] PluginManager:220 - loadIPPluginJar : add radio
2026-05-19 14:25:41,522 [INFO] IPUIPlugin:80 - create IPUIPlugin
2026-05-19 14:25:41,522 [INFO] PluginManager:220 - loadIPPluginJar : add can
2026-05-19 14:25:41,524 [INFO] IPUIPlugin:80 - create IPUIPlugin
2026-05-19 14:25:41,525 [INFO] PluginManager:220 - loadIPPluginJar : add dma3
2026-05-19 14:25:41,527 [INFO] IPUIPlugin:80 - create IPUIPlugin
2026-05-19 14:25:41,528 [INFO] PluginManager:220 - loadIPPluginJar : add dfsdm
2026-05-19 14:25:41,530 [INFO] IPUIPlugin:80 - create IPUIPlugin
2026-05-19 14:25:41,531 [INFO] PluginManager:220 - loadIPPluginJar : add spi
2026-05-19 14:25:41,533 [INFO] IPUIPlugin:80 - create IPUIPlugin
2026-05-19 14:25:41,533 [INFO] PluginManager:220 - loadIPPluginJar : add gfxmmu
2026-05-19 14:25:41,535 [INFO] IPUIPlugin:80 - create IPUIPlugin
2026-05-19 14:25:41,535 [INFO] PluginManager:220 - loadIPPluginJar : add genericplugin
2026-05-19 14:25:41,537 [INFO] IPUIPlugin:80 - create IPUIPlugin
2026-05-19 14:25:41,538 [INFO] PluginManager:220 - loadIPPluginJar : add cryp
2026-05-19 14:25:41,542 [INFO] IPUIPlugin:80 - create IPUIPlugin
2026-05-19 14:25:41,543 [INFO] PluginManager:220 - loadIPPluginJar : add gpio
2026-05-19 14:25:41,545 [INFO] IPUIPlugin:80 - create IPUIPlugin
2026-05-19 14:25:41,545 [INFO] PluginManager:220 - loadIPPluginJar : add ddr_ctrl_phy
2026-05-19 14:25:41,547 [INFO] IPUIPlugin:80 - create IPUIPlugin
2026-05-19 14:25:41,547 [INFO] PluginManager:220 - loadIPPluginJar : add comp
2026-05-19 14:25:41,549 [INFO] IPUIPlugin:80 - create IPUIPlugin
2026-05-19 14:25:41,550 [INFO] PluginManager:220 - loadIPPluginJar : add tracer_emb
2026-05-19 14:25:41,552 [INFO] IPUIPlugin:80 - create IPUIPlugin
2026-05-19 14:25:41,552 [INFO] PluginManager:220 - loadIPPluginJar : add openamp
2026-05-19 14:25:41,560 [INFO] IPUIPlugin:80 - create IPUIPlugin
2026-05-19 14:25:41,560 [INFO] PluginManager:220 - loadIPPluginJar : add stm32_wpan
2026-05-19 14:25:41,567 [INFO] IPUIPlugin:80 - create IPUIPlugin
2026-05-19 14:25:41,571 [INFO] PluginManager:220 - loadIPPluginJar : add plateformsettings
2026-05-19 14:25:41,576 [INFO] IPUIPlugin:80 - create IPUIPlugin
2026-05-19 14:25:41,576 [INFO] PluginManager:220 - loadIPPluginJar : add ipddr
2026-05-19 14:25:41,579 [INFO] IPUIPlugin:80 - create IPUIPlugin
2026-05-19 14:25:41,579 [INFO] PluginManager:220 - loadIPPluginJar : add usart
2026-05-19 14:25:41,581 [INFO] IPUIPlugin:80 - create IPUIPlugin
2026-05-19 14:25:41,581 [INFO] PluginManager:220 - loadIPPluginJar : add ltdc
2026-05-19 14:25:41,584 [INFO] IPUIPlugin:80 - create IPUIPlugin
2026-05-19 14:25:41,584 [INFO] PluginManager:220 - loadIPPluginJar : add nvic
2026-05-19 14:25:41,586 [INFO] IPUIPlugin:80 - create IPUIPlugin
2026-05-19 14:25:41,586 [INFO] PluginManager:220 - loadIPPluginJar : add fatfs
2026-05-19 14:25:41,593 [INFO] IPUIPlugin:80 - create IPUIPlugin
2026-05-19 14:25:41,594 [INFO] PluginManager:220 - loadIPPluginJar : add linkedlist
2026-05-19 14:25:41,601 [INFO] IPUIPlugin:80 - create IPUIPlugin
2026-05-19 14:25:41,601 [INFO] PluginManager:220 - loadIPPluginJar : add dma
2026-05-19 14:25:41,606 [INFO] IPUIPlugin:80 - create IPUIPlugin
2026-05-19 14:25:41,606 [INFO] PluginManager:220 - loadIPPluginJar : add fmc
2026-05-19 14:25:41,609 [INFO] IPUIPlugin:80 - create IPUIPlugin
2026-05-19 14:25:41,609 [INFO] PluginManager:220 - loadIPPluginJar : add i2s
2026-05-19 14:25:41,611 [INFO] IPUIPlugin:80 - create IPUIPlugin
2026-05-19 14:25:41,611 [INFO] PluginManager:220 - loadIPPluginJar : add ucpd
2026-05-19 14:25:41,614 [INFO] IPUIPlugin:80 - create IPUIPlugin
2026-05-19 14:25:41,614 [INFO] PluginManager:220 - loadIPPluginJar : add lorawan
2026-05-19 14:25:41,616 [INFO] IPUIPlugin:80 - create IPUIPlugin
2026-05-19 14:25:41,616 [INFO] PluginManager:220 - loadIPPluginJar : add opamp
2026-05-19 14:25:41,619 [INFO] IPUIPlugin:80 - create IPUIPlugin
2026-05-19 14:25:41,619 [INFO] PluginManager:220 - loadIPPluginJar : add i3c
2026-05-19 14:25:41,623 [INFO] IPUIPlugin:80 - create IPUIPlugin
2026-05-19 14:25:41,623 [INFO] PluginManager:220 - loadIPPluginJar : add touchsensing
2026-05-19 14:25:41,625 [INFO] IPUIPlugin:80 - create IPUIPlugin
2026-05-19 14:25:41,626 [INFO] PluginManager:220 - loadIPPluginJar : add i2c
2026-05-19 14:25:41,628 [INFO] IPUIPlugin:80 - create IPUIPlugin
2026-05-19 14:25:41,629 [INFO] PluginManager:220 - loadIPPluginJar : add resmgrutility
2026-05-19 14:25:41,632 [INFO] IPUIPlugin:80 - create IPUIPlugin
2026-05-19 14:25:41,633 [INFO] PluginManager:220 - loadIPPluginJar : add sai
2026-05-19 14:25:41,636 [INFO] IPUIPlugin:80 - create IPUIPlugin
2026-05-19 14:25:41,636 [INFO] PluginManager:220 - loadIPPluginJar : add usbx
2026-05-19 14:25:41,751 [FATAL] Updater:351 - Updater called before beeing initialized
2026-05-19 14:25:41,782 [INFO] RulesReader:64 - Compatibility file has been processed (317 Rules)
2026-05-19 14:25:41,804 [INFO] RulesReader:64 - Compatibility file has been processed (317 Rules)
2026-05-19 14:25:41,817 [INFO] CADModel:165 - CPN selected for project level
2026-05-19 14:25:41,817 [INFO] CADModel:114 - Register for checkConnection events
2026-05-19 14:25:41,817 [FATAL] Updater:351 - Updater called before beeing initialized
2026-05-19 14:25:41,817 [ERROR] CADModel:125 - Updater not yet initialized, retry later 
2026-05-19 14:25:42,138 [FATAL] Updater:351 - Updater called before beeing initialized
2026-05-19 14:25:42,141 [INFO] CADModel:165 - CPN selected for project level
2026-05-19 14:25:42,141 [INFO] CADModel:114 - Register for checkConnection events
2026-05-19 14:25:42,141 [FATAL] Updater:351 - Updater called before beeing initialized
2026-05-19 14:25:42,142 [ERROR] CADModel:125 - Updater not yet initialized, retry later 
2026-05-19 14:25:42,145 [FATAL] Updater:351 - Updater called before beeing initialized
2026-05-19 14:25:42,265 [FATAL] Updater:351 - Updater called before beeing initialized
2026-05-19 14:25:42,270 [INFO] DbMcusAds:53 - JSON generation date=Mon Apr 27 11:14:29 EEST 2026 (1777277669683)
2026-05-19 14:25:42,270 [FATAL] Updater:351 - Updater called before beeing initialized
2026-05-19 14:25:42,323 [WARN] DetailPanel:346 - Failed to get advertising image, set to default
2026-05-19 14:25:42,410 [FATAL] Updater:351 - Updater called before beeing initialized
2026-05-19 14:25:42,411 [FATAL] Updater:351 - Updater called before beeing initialized
2026-05-19 14:25:42,412 [FATAL] Updater:351 - Updater called before beeing initialized
2026-05-19 14:25:42,412 [WARN] DetailPanel:346 - Failed to get advertising image, set to default
2026-05-19 14:25:42,413 [FATAL] Updater:351 - Updater called before beeing initialized
2026-05-19 14:25:42,442 [ERROR] Updater:1198 - MainUpdater not yet initialized. External WinMGr cannot be set.
2026-05-19 14:25:42,444 [INFO] Updater:1134 - Updater Version found : 6.15.0
2026-05-19 14:25:42,458 [INFO] ApplicationProperties:184 - Using Application install path: /Applications/STM32CubeIDE.app/Contents/Eclipse/plugins/com.st.stm32cube.common.mx_6.15.0.202507011659
2026-05-19 14:25:42,876 [INFO] MainUpdater:2872 - connection check result : 10
2026-05-19 14:25:42,877 [INFO] MainUpdater:289 - Updater Check For Update Now.
2026-05-19 14:25:42,877 [INFO] MicroXplorer:498 - Change Database Version : DB.6.0.150
2026-05-19 14:25:42,880 [INFO] McuFinderGlobals:63 - Set McuFinder mode to 2 (CubeIDE integrated)
2026-05-19 14:25:42,881 [INFO] UserAuth:487 - Internet connection configuration mode: 1
2026-05-19 14:25:42,895 [INFO] JxBrowserEngine:152 - Initiate JxBrowser Engine with user profile folder
2026-05-19 14:25:43,111 [INFO] CheckServerUpdateThread:120 - End of CheckServer Thread
2026-05-19 14:25:44,368 [INFO] WebApp:169 - Instantiating new browser for Auth
2026-05-19 14:25:44,855 [WARN] PackLoader:240 - Cannot read IP mode file for STMicroelectronics.X-CUBE-AZRTOS-H7.3.5.0
2026-05-19 14:25:44,872 [WARN] PackLoader:240 - Cannot read IP mode file for STMicroelectronics.FP-SNS-MOTENVWB1.1.4.0
2026-05-19 14:25:44,879 [WARN] PackLoader:240 - Cannot read IP mode file for STMicroelectronics.FP-ATR-ASTRA1.2.0.2
2026-05-19 14:25:44,884 [WARN] PackLoader:240 - Cannot read IP mode file for STMicroelectronics.FP-ATR-ASTRA1.2.0.1
2026-05-19 14:25:44,893 [WARN] PackLoader:240 - Cannot read IP mode file for STMicroelectronics.X-CUBE-SMBUS.2.1.0
2026-05-19 14:25:44,904 [WARN] PackLoader:240 - Cannot read IP mode file for STMicroelectronics.X-CUBE-WB05N.1.1.0
2026-05-19 14:25:44,913 [WARN] PackLoader:240 - Cannot read IP mode file for STMicroelectronics.X-CUBE-ST60.1.0.0
2026-05-19 14:25:44,920 [WARN] PackLoader:240 - Cannot read IP mode file for STMicroelectronics.X-CUBE-TOUCHGFX.4.23.2
2026-05-19 14:25:44,961 [WARN] PackLoader:240 - Cannot read IP mode file for STMicroelectronics.X-CUBE-AZRTOS-F7.1.1.0
2026-05-19 14:25:44,977 [WARN] PackLoader:240 - Cannot read IP mode file for STMicroelectronics.FP-SNS-MOTENV1.4.3.2
2026-05-19 14:25:45,107 [WARN] PackLoader:240 - Cannot read IP mode file for STMicroelectronics.X-CUBE-MEMS1.11.0.0
2026-05-19 14:25:45,506 [INFO] WebApp:463 - Apply proxy settings
2026-05-19 14:25:45,516 [INFO] WebApp:508 - Chromium authenticates against Manually configured proxy
2026-05-19 14:25:45,526 [INFO] WebApp:516 - Username used for proxy authentication: 
2026-05-19 14:25:45,565 [INFO] WebApp:900 - Register for checkConnection events
2026-05-19 14:25:45,566 [INFO] WebApp:463 - Apply proxy settings
2026-05-19 14:25:45,571 [INFO] WebApp:508 - Chromium authenticates against Manually configured proxy
2026-05-19 14:25:45,572 [INFO] WebApp:516 - Username used for proxy authentication: 
2026-05-19 14:25:45,658 [WARN] PackLoader:240 - Cannot read IP mode file for STMicroelectronics.FP-SNS-MOTENV1.5.1.0
2026-05-19 14:25:45,664 [WARN] PackLoader:240 - Cannot read IP mode file for STMicroelectronics.FP-SNS-FLIGHT1.5.0.2
2026-05-19 14:25:45,706 [WARN] PackLoader:240 - Cannot read IP mode file for STMicroelectronics.X-CUBE-AZRTOS-H7.3.4.0
2026-05-19 14:25:45,719 [WARN] PackLoader:240 - Cannot read IP mode file for STMicroelectronics.X-CUBE-DISPLAY.3.0.0
2026-05-19 14:25:45,734 [WARN] PackLoader:240 - Cannot read IP mode file for STMicroelectronics.X-CUBE-GNSS1.7.1.1
2026-05-19 14:25:45,740 [WARN] PackLoader:240 - Cannot read IP mode file for STMicroelectronics.FP-SNS-MOTENVWB1.1.5.0
2026-05-19 14:25:45,746 [WARN] PackLoader:240 - Cannot read IP mode file for STMicroelectronics.X-CUBE-BLE1.7.0.0
2026-05-19 14:25:45,867 [WARN] PackLoader:240 - Cannot read IP mode file for STMicroelectronics.X-CUBE-NFC10.1.0.0
2026-05-19 14:25:45,915 [INFO] WebApp:191 - Connection restablished
2026-05-19 14:25:45,919 [INFO] WebApp:225 - Starting web application
2026-05-19 14:25:45,920 [INFO] WebApp:593 - Web application path used /Applications/STM32CubeIDE.app/Contents/Eclipse/plugins/com.st.stm32cube.common.mx_6.15.0.202507011659/db/plugins/mcufinder/reactClient1/index.html
2026-05-19 14:25:46,017 [WARN] PackLoader:240 - Cannot read IP mode file for STMicroelectronics.X-CUBE-BLEMGR.4.0.0
2026-05-19 14:25:46,084 [WARN] PackLoader:240 - Cannot read IP mode file for STMicroelectronics.X-CUBE-ST60.1.1.0
2026-05-19 14:25:46,096 [WARN] PackLoader:240 - Cannot read IP mode file for emotas.I-CUBE-CANOPEN.1.3.0
2026-05-19 14:25:46,126 [INFO] UserAuth:487 - Internet connection configuration mode: 1
2026-05-19 14:25:46,150 [WARN] PackLoader:240 - Cannot read IP mode file for STMicroelectronics.X-CUBE-GNSS1.7.1.0
2026-05-19 14:25:46,203 [WARN] PackLoader:240 - Cannot read IP mode file for STMicroelectronics.X-CUBE-BLEMGR.3.1.0
2026-05-19 14:25:46,217 [WARN] PackLoader:240 - Cannot read IP mode file for STMicroelectronics.X-CUBE-AI.10.0.0
2026-05-19 14:25:46,233 [WARN] PackLoader:240 - Cannot read IP mode file for STMicroelectronics.FP-SNS-STBOX1.2.1.0
2026-05-19 14:25:46,242 [WARN] PackLoader:240 - Cannot read IP mode file for STMicroelectronics.FP-SNS-SMARTAG2.1.2.0
2026-05-19 14:25:46,249 [WARN] PackLoader:240 - Cannot read IP mode file for STMicroelectronics.FP-SNS-FLIGHT1.5.1.0
2026-05-19 14:25:46,326 [WARN] PackLoader:240 - Cannot read IP mode file for STMicroelectronics.X-CUBE-MEMS1.11.1.0
2026-05-19 14:25:46,546 [INFO] LogOutputStream:77 - [STDOUT_REDIRECT] 1 : Invalid condition id : UX_CORESTACK_Condition cause : null
2026-05-19 14:25:46,547 [INFO] LogOutputStream:77 - [STDOUT_REDIRECT] 1 : Invalid condition id : UX_CORESTACK_Condition cause : null
2026-05-19 14:25:46,548 [INFO] LogOutputStream:77 - [STDOUT_REDIRECT] 1 : Invalid condition id : UX_CORESTACK_Condition cause : null
2026-05-19 14:25:46,548 [INFO] LogOutputStream:77 - [STDOUT_REDIRECT] 1 : Invalid condition id : UX_CORESTACK_Condition cause : null
2026-05-19 14:25:46,549 [INFO] LogOutputStream:77 - [STDOUT_REDIRECT] 1 : Invalid condition id : UX_CORESTACK_Condition cause : null
2026-05-19 14:25:46,553 [WARN] PackLoader:240 - Cannot read IP mode file for STMicroelectronics.X-CUBE-AZRTOS-WL.2.0.0
2026-05-19 14:25:46,559 [WARN] PackLoader:240 - Cannot read IP mode file for STMicroelectronics.FP-SNS-MOTENV1.5.0.0
2026-05-19 14:25:46,594 [WARN] PackLoader:240 - Cannot read IP mode file for STMicroelectronics.X-CUBE-AZRTOS-H7RS.1.2.0
2026-05-19 14:25:46,600 [WARN] PackLoader:240 - Cannot read IP mode file for wolfSSL.I-CUBE-wolfMQTT.1.19.0
2026-05-19 14:25:46,608 [WARN] PackLoader:240 - Cannot read IP mode file for WES.I-CUBE-Cesium.1.3.0
2026-05-19 14:25:46,613 [WARN] PackLoader:240 - Cannot read IP mode file for STMicroelectronics.X-CUBE-BLE2.3.3.0
2026-05-19 14:25:46,632 [WARN] PackLoader:240 - Cannot read IP mode file for STMicroelectronics.X-CUBE-NFC9.1.0.0
2026-05-19 14:25:46,639 [WARN] PackLoader:240 - Cannot read IP mode file for STMicroelectronics.X-CUBE-BLE1.7.1.0
2026-05-19 14:25:46,644 [WARN] PackLoader:240 - Cannot read IP mode file for STMicroelectronics.X-CUBE-TCPP.4.1.0
2026-05-19 14:25:46,651 [WARN] PackLoader:240 - Cannot read IP mode file for STMicroelectronics.X-CUBE-FREERTOS.1.4.0
2026-05-19 14:25:46,658 [WARN] PackLoader:240 - Cannot read IP mode file for STMicroelectronics.X-CUBE-EEPRMA1.5.2.0
2026-05-19 14:25:46,666 [WARN] PackLoader:240 - Cannot read IP mode file for STMicroelectronics.X-CUBE-ST67W61.1.1.0
2026-05-19 14:25:46,670 [WARN] PackLoader:240 - Cannot read IP mode file for STMicroelectronics.X-CUBE-AI.10.1.0
2026-05-19 14:25:46,675 [WARN] PackLoader:240 - Cannot read IP mode file for STMicroelectronics.FP-SNS-STAIOTCFT.1.1.0
2026-05-19 14:25:46,766 [WARN] PackLoader:240 - Cannot read IP mode file for STMicroelectronics.X-CUBE-MEMS1.12.0.0
2026-05-19 14:25:46,976 [WARN] PackLoader:240 - Cannot read IP mode file for STMicroelectronics.X-CUBE-ALGOBUILD.1.3.0
2026-05-19 14:25:47,078 [WARN] PackLoader:240 - Cannot read IP mode file for STMicroelectronics.X-CUBE-MEMS1.11.2.0
2026-05-19 14:25:47,274 [WARN] PackLoader:240 - Cannot read IP mode file for STMicroelectronics.X-CUBE-AZRTOS-G0.1.1.0
2026-05-19 14:25:47,283 [WARN] PackLoader:240 - Cannot read IP mode file for STMicroelectronics.X-CUBE-SAFEA1.1.2.2
2026-05-19 14:25:47,289 [WARN] PackLoader:240 - Cannot read IP mode file for STMicroelectronics.X-CUBE-NFC4.3.0.0
2026-05-19 14:25:47,302 [WARN] PackLoader:240 - Cannot read IP mode file for EmbeddedOffice.I-CUBE-FS-RTOS.1.0.1
2026-05-19 14:25:47,309 [WARN] PackLoader:240 - Cannot read IP mode file for STMicroelectronics.X-CUBE-WB05N.2.0.0
2026-05-19 14:25:47,316 [WARN] PackLoader:240 - Cannot read IP mode file for STMicroelectronics.X-CUBE-TCPP.4.2.0
2026-05-19 14:25:47,323 [WARN] PackLoader:240 - Cannot read IP mode file for RealThread.X-CUBE-RT-Thread_Nano.4.1.1
2026-05-19 14:25:47,327 [WARN] PackLoader:240 - Cannot read IP mode file for wolfSSL.I-CUBE-wolfSSL.5.7.0
2026-05-19 14:25:47,332 [WARN] PackLoader:240 - Cannot read IP mode file for STMicroelectronics.FP-ATR-SIGFOX1.3.2.0
2026-05-19 14:25:47,336 [WARN] ConditionMgr:438 - getConditionDescription Invalid condition id : Cortex-A Device cause : null
2026-05-19 14:25:47,346 [WARN] ConditionMgr:1044 - genDependencies : Invalid condition id : Cortex-A Device cause : null
2026-05-19 14:25:47,346 [WARN] ConditionMgr:1044 - genDependencies : Invalid condition id : Cortex-A Device cause : null
2026-05-19 14:25:47,346 [WARN] ConditionMgr:1044 - genDependencies : Invalid condition id : Cortex-A Device cause : null
2026-05-19 14:25:47,352 [WARN] PackLoader:240 - Cannot read IP mode file for STMicroelectronics.X-CUBE-EEPRMA1.5.1.0
2026-05-19 14:25:47,359 [WARN] PackLoader:240 - Cannot read IP mode file for STMicroelectronics.X-CUBE-FREERTOS.1.5.0
2026-05-19 14:25:47,365 [WARN] PackLoader:240 - Cannot read IP mode file for ITTIA_DB.I-CUBE-ITTIADB.8.9.0
2026-05-19 14:25:47,375 [WARN] PackLoader:240 - Cannot read IP mode file for STMicroelectronics.X-CUBE-NFC6.3.2.0
2026-05-19 14:25:47,387 [WARN] PackLoader:240 - Cannot read IP mode file for STMicroelectronics.X-CUBE-ST67W61.1.0.0
2026-05-19 14:25:47,394 [WARN] PackLoader:240 - Cannot read IP mode file for STMicroelectronics.X-CUBE-AI.10.2.0
2026-05-19 14:25:47,472 [WARN] PackLoader:240 - Cannot read IP mode file for STMicroelectronics.X-CUBE-MEMS1.12.1.0
2026-05-19 14:25:47,629 [WARN] PackLoader:240 - Cannot read IP mode file for SEGGER.I-CUBE-embOS.1.3.1
2026-05-19 14:25:47,667 [WARN] PackLoader:240 - Cannot read IP mode file for STMicroelectronics.X-CUBE-ALGOBUILD.1.4.0
2026-05-19 14:25:47,717 [WARN] PackLoader:240 - Cannot read IP mode file for STMicroelectronics.X-CUBE-MEMS1.11.3.0
2026-05-19 14:25:47,914 [WARN] PackLoader:240 - Cannot read IP mode file for STMicroelectronics.X-CUBE-AI.9.1.0
2026-05-19 14:25:47,920 [WARN] PackLoader:240 - Cannot read IP mode file for STMicroelectronics.X-CUBE-PM33A1.1.0.0
2026-05-19 14:25:47,927 [WARN] PackLoader:240 - Cannot read IP mode file for STMicroelectronics.X-CUBE-GNSS1.6.0.0
2026-05-19 14:25:47,948 [WARN] PackLoader:240 - Cannot read IP mode file for STMicroelectronics.X-CUBE-AZRTOS-F4.1.1.0
2026-05-19 14:25:47,953 [WARN] PackLoader:240 - Cannot read IP mode file for Avnet-IotConnect.X-CUBE-IoTC-DA16k-PMOD.1.0.0
2026-05-19 14:25:47,971 [WARN] PackLoader:240 - Cannot read IP mode file for STMicroelectronics.X-CUBE-ISPU.2.1.0
2026-05-19 14:25:47,991 [WARN] PackLoader:240 - Cannot read IP mode file for STMicroelectronics.X-CUBE-IPS.3.2.0
2026-05-19 14:25:48,006 [WARN] PackLoader:240 - Cannot read IP mode file for STMicroelectronics.eDS-WB_DPC_TT-BIDIR.2.1.1
2026-05-19 14:25:48,012 [WARN] PackLoader:240 - Cannot read IP mode file for STMicroelectronics.X-CUBE-FREERTOS.1.2.0
2026-05-19 14:25:48,022 [WARN] PackLoader:240 - Cannot read IP mode file for STMicroelectronics.X-CUBE-NFC12.1.0.0
2026-05-19 14:25:48,055 [WARN] PackLoader:240 - Cannot read IP mode file for STMicroelectronics.X-CUBE-AZRTOS-L5.2.0.0
2026-05-19 14:25:48,071 [WARN] PackLoader:240 - Cannot read IP mode file for STMicroelectronics.X-CUBE-NFC6.3.1.0
2026-05-19 14:25:48,081 [WARN] PackLoader:240 - Cannot read IP mode file for STMicroelectronics.X-CUBE-DPower.1.2.0
2026-05-19 14:25:48,086 [WARN] PackLoader:240 - Cannot read IP mode file for STMicroelectronics.eDS-WB_DPC_VIENNA.1.2.0
2026-05-19 14:25:48,090 [WARN] PackLoader:240 - Cannot read IP mode file for STMicroelectronics.eDS-WB_DPC_3PH2L-BIDIR.1.1.1
2026-05-19 14:25:48,093 [WARN] PackLoader:240 - Cannot read IP mode file for STMicroelectronics.X-CUBE-AI.9.0.0
2026-05-19 14:25:48,102 [ERROR] Engine:466 - /Users/admin/.stm32cubemx/thirdparties/pdsc/STMicroelectronics.X-CUBE-ST67W61.1.3.0.pdsc: PDSC version is not supported
2026-05-19 14:25:48,109 [WARN] PackLoader:240 - Cannot read IP mode file for STMicroelectronics.X-CUBE-FREERTOS.1.3.1
2026-05-19 14:25:48,115 [WARN] PackLoader:240 - Cannot read IP mode file for STMicroelectronics.X-CUBE-FREERTOS.1.3.0
2026-05-19 14:25:48,122 [WARN] PackLoader:240 - Cannot read IP mode file for STMicroelectronics.X-CUBE-NFC7.1.0.1
2026-05-19 14:25:48,127 [WARN] PackLoader:240 - Cannot read IP mode file for wolfSSL.I-CUBE-wolfTPM.3.2.0
2026-05-19 14:25:48,129 [WARN] PackLoader:240 - Cannot read IP mode file for STMicroelectronics.X-CUBE-TOUCHGFX.4.26.0
2026-05-19 14:25:48,133 [WARN] PackLoader:240 - Cannot read IP mode file for STMicroelectronics.X-CUBE-TOUCHGFX.4.26.1
2026-05-19 14:25:48,138 [WARN] PackLoader:240 - Cannot read IP mode file for STMicroelectronics.FP-SNS-STAIOTCFT.1.0.0
2026-05-19 14:25:48,144 [WARN] PackLoader:240 - Cannot read IP mode file for STMicroelectronics.X-CUBE-DPower.1.3.0
2026-05-19 14:25:48,149 [WARN] PackLoader:240 - Cannot read IP mode file for STMicroelectronics.X-CUBE-AI.8.1.0
2026-05-19 14:25:48,174 [WARN] ConditionMgr:438 - getConditionDescription Invalid condition id : LAN8742 Phy interface Condition cause : null
2026-05-19 14:25:48,175 [WARN] PackLoader:240 - Cannot read IP mode file for STMicroelectronics.X-CUBE-AZRTOS-L4.2.0.0
2026-05-19 14:25:48,177 [WARN] ConditionMgr:1044 - genDependencies : Invalid condition id : LAN8742 Phy interface Condition cause : null
2026-05-19 14:25:48,177 [WARN] ConditionMgr:1044 - genDependencies : Invalid condition id : LAN8742 Phy interface Condition cause : null
2026-05-19 14:25:48,178 [WARN] ConditionMgr:1044 - genDependencies : Invalid condition id : LAN8742 Phy interface Condition cause : null
2026-05-19 14:25:48,185 [WARN] PackLoader:240 - Cannot read IP mode file for STMicroelectronics.X-CUBE-SFXS2LP1.4.0.0
2026-05-19 14:25:48,193 [WARN] PackLoader:240 - Cannot read IP mode file for STMicroelectronics.X-CUBE-WB05N.2.1.0
2026-05-19 14:25:48,201 [WARN] PackLoader:240 - Cannot read IP mode file for STMicroelectronics.X-CUBE-ST67W61.1.2.0
2026-05-19 14:25:48,232 [WARN] PackLoader:240 - Cannot read IP mode file for STMicroelectronics.X-CUBE-AZRTOS-H7.3.3.0
2026-05-19 14:25:48,252 [WARN] PackLoader:240 - Cannot read IP mode file for STMicroelectronics.X-CUBE-BLEMGR.4.1.0
2026-05-19 14:25:48,267 [WARN] PackLoader:240 - Cannot read IP mode file for STMicroelectronics.X-CUBE-IPS.3.0.0
2026-05-19 14:25:48,290 [WARN] ConditionMgr:438 - getConditionDescription Invalid condition id : UX DEVICE CLASS RTOS Condition cause : null
2026-05-19 14:25:48,290 [WARN] ConditionMgr:438 - getConditionDescription Invalid condition id : UX DEVICE CLASS RTOS Condition cause : null
2026-05-19 14:25:48,293 [WARN] PackLoader:240 - Cannot read IP mode file for STMicroelectronics.X-CUBE-AZRTOS-WB.2.0.0
2026-05-19 14:25:48,294 [WARN] ConditionMgr:1044 - genDependencies : Invalid condition id : UX DEVICE CLASS RTOS Condition cause : null
2026-05-19 14:25:48,295 [WARN] ConditionMgr:1044 - genDependencies : Invalid condition id : UX DEVICE CLASS RTOS Condition cause : null
2026-05-19 14:25:48,295 [WARN] ConditionMgr:1044 - genDependencies : Invalid condition id : UX DEVICE CLASS RTOS Condition cause : null
2026-05-19 14:25:48,296 [WARN] ConditionMgr:1044 - genDependencies : Invalid condition id : UX DEVICE CLASS RTOS Condition cause : null
2026-05-19 14:25:48,296 [WARN] ConditionMgr:1044 - genDependencies : Invalid condition id : UX DEVICE CLASS RTOS Condition cause : null
2026-05-19 14:25:48,303 [WARN] PackLoader:240 - Cannot read IP mode file for STMicroelectronics.X-CUBE-GNSS1.7.0.0
2026-05-19 14:25:48,312 [WARN] PackLoader:240 - Cannot read IP mode file for STMicroelectronics.X-CUBE-GNSS1.7.0.1
2026-05-19 14:25:48,317 [WARN] PackLoader:240 - Cannot read IP mode file for STMicroelectronics.X-CUBE-TOUCHGFX.4.25.0
2026-05-19 14:25:48,323 [WARN] PackLoader:240 - Cannot read IP mode file for STMicroelectronics.FP-SNS-STBOX1.2.0.0
2026-05-19 14:25:48,333 [WARN] PackLoader:240 - Cannot read IP mode file for STMicroelectronics.X-CUBE-STSE01.2.0.0
2026-05-19 14:25:48,346 [WARN] PackLoader:240 - Cannot read IP mode file for STMicroelectronics.X-CUBE-SUBG2.5.0.0
2026-05-19 14:25:48,374 [WARN] PackLoader:240 - Cannot read IP mode file for STMicroelectronics.X-CUBE-AZRTOS-H7RS.1.1.0
2026-05-19 14:25:48,384 [WARN] PackLoader:240 - Cannot read IP mode file for Cesanta.I-CUBE-Mongoose.7.13.0
2026-05-19 14:25:48,401 [WARN] PackLoader:240 - Cannot read IP mode file for STMicroelectronics.X-CUBE-AZRTOS-G4.2.0.0
2026-05-19 14:25:48,407 [WARN] PackLoader:240 - Cannot read IP mode file for STMicroelectronics.X-CUBE-NFC7.2.0.0
2026-05-19 14:25:48,412 [WARN] PackLoader:240 - Cannot read IP mode file for STMicroelectronics.FP-SNS-MOTENVWB1.1.3.1
2026-05-19 14:25:48,416 [WARN] PackLoader:240 - Cannot read IP mode file for STMicroelectronics.X-CUBE-ISPU.2.0.0
2026-05-19 14:25:48,430 [WARN] PackLoader:240 - Cannot read IP mode file for STMicroelectronics.X-CUBE-IPS.3.1.0
2026-05-19 14:25:48,443 [WARN] PackLoader:240 - Cannot read IP mode file for STMicroelectronics.X-CUBE-ALS.1.0.2
2026-05-19 14:25:48,490 [WARN] PackLoader:240 - Cannot read IP mode file for STMicroelectronics.X-CUBE-MEMS1.10.0.0
2026-05-19 14:25:48,608 [WARN] PackLoader:240 - Cannot read IP mode file for STMicroelectronics.X-CUBE-FREERTOS.1.1.0
2026-05-19 14:25:48,622 [WARN] PackLoader:240 - Cannot read IP mode file for STMicroelectronics.X-CUBE-TOUCHGFX.4.24.0
2026-05-19 14:25:48,627 [WARN] PackLoader:240 - Cannot read IP mode file for STMicroelectronics.X-CUBE-TOUCHGFX.4.24.2
2026-05-19 14:25:48,638 [WARN] PackLoader:240 - Cannot read IP mode file for STMicroelectronics.X-CUBE-TOUCHGFX.4.24.1
2026-05-19 14:25:48,650 [WARN] PackLoader:240 - Cannot read IP mode file for STMicroelectronics.X-CUBE-STSE01.1.0.0
2026-05-19 14:25:48,675 [WARN] PackLoader:240 - Cannot read IP mode file for portGmbH.I-Cube-SoM-uGOAL.1.1.0
2026-05-19 14:25:48,685 [WARN] PackLoader:240 - Cannot read IP mode file for STMicroelectronics.X-CUBE-ALS.1.0.1
2026-05-19 14:25:48,709 [WARN] PackLoader:240 - Cannot read IP mode file for STMicroelectronics.X-CUBE-AZRTOS-H7RS.1.0.0
2026-05-19 14:25:48,717 [WARN] PackLoader:240 - Cannot read IP mode file for STMicroelectronics.FP-ATR-ASTRA1.2.0.0
2026-05-19 14:25:48,732 [WARN] PackLoader:240 - Cannot read IP mode file for STMicroelectronics.X-CUBE-TOF1.3.4.2
2026-05-19 14:25:48,764 [WARN] PackLoader:240 - Cannot read IP mode file for STMicroelectronics.X-CUBE-TOF1.3.4.3
2026-05-19 14:25:48,782 [WARN] PackLoader:240 - Cannot read IP mode file for STMicroelectronics.X-CUBE-TOF1.3.4.1
2026-05-19 14:25:48,807 [WARN] PackLoader:240 - Cannot read IP mode file for STMicroelectronics.X-CUBE-AZRTOS-H7.3.2.0
2026-05-19 14:25:48,821 [WARN] PackLoader:240 - Cannot read IP mode file for Infineon.AIROC-Wi-Fi-Bluetooth-STM32.1.6.0
2026-05-19 14:25:48,919 [WARN] PackLoader:240 - Cannot read IP mode file for wolfSSL.I-CUBE-wolfSSH.1.4.17
2026-05-19 14:25:48,920 [INFO] ThirdParty:978 - Integrity check success = true
2026-05-19 14:25:48,920 [INFO] IntegrityCheckThread:100 - exiting critical section [integrity check]
2026-05-19 14:25:48,920 [INFO] IntegrityCheckThread:103 - End integrity checks thread
2026-05-19 14:27:53,263 [ERROR] LogOutputStream:75 - [STDERR_REDIRECT] 
2026-05-19 14:28:07,984 [INFO] Activator:176 - 


2026-05-19 14:28:07,986 [INFO] Activator:177 - !SESSION log4j initialized
2026-05-19 14:28:11,519 [INFO] LogOutputStream:77 - [STDOUT_REDIRECT] 
2026-05-19 14:28:15,286 [INFO] LogOutputStream:77 - [STDOUT_REDIRECT] 
2026-05-19 14:28:16,045 [ERROR] LogOutputStream:75 - [STDERR_REDIRECT] 
2026-05-19 14:28:16,637 [ERROR] LogOutputStream:75 - [STDERR_REDIRECT] java.net.URISyntaxException: Illegal character in path at index 28: file:/Users/admin/Desktop/My Projects/Bike4u/Programing/.metadata/.log4j2.xml
2026-05-19 14:28:16,637 [ERROR] LogOutputStream:75 - [STDERR_REDIRECT] 	at java.base/java.net.URI$Parser.fail(URI.java:2995)
2026-05-19 14:28:16,638 [ERROR] LogOutputStream:75 - [STDERR_REDIRECT] 	at java.base/java.net.URI$Parser.checkChars(URI.java:3166)
2026-05-19 14:28:16,638 [ERROR] LogOutputStream:75 - [STDERR_REDIRECT] 	at java.base/java.net.URI$Parser.parseHierarchical(URI.java:3248)
2026-05-19 14:28:16,640 [ERROR] LogOutputStream:75 - [STDERR_REDIRECT] 	at java.base/java.net.URI$Parser.parse(URI.java:3196)
2026-05-19 14:28:16,642 [ERROR] LogOutputStream:75 - [STDERR_REDIRECT] 	at java.base/java.net.URI.<init>(URI.java:645)
2026-05-19 14:28:16,643 [ERROR] LogOutputStream:75 - [STDERR_REDIRECT] 	at java.base/java.net.URL.toURI(URL.java:1220)
2026-05-19 14:28:16,644 [ERROR] LogOutputStream:75 - [STDERR_REDIRECT] 	at com.st.stm32cube.common.mx.core.CubeMxInstance.getInstance(CubeMxInstance.java:81)
2026-05-19 14:28:16,644 [ERROR] LogOutputStream:75 - [STDERR_REDIRECT] 	at com.st.stm32cube.common.mx.userauth.UserAuthAdapter.<init>(UserAuthAdapter.java:25)
2026-05-19 14:28:16,645 [ERROR] LogOutputStream:75 - [STDERR_REDIRECT] 	at com.st.stm32cube.common.mx.userauth.UserAuthProvider.getUserAuthAdapter(UserAuthProvider.java:16)
2026-05-19 14:28:16,645 [ERROR] LogOutputStream:75 - [STDERR_REDIRECT] 	at com.st.stm32cube.common.ecosystemintegration.ui.core.MCUEcoSystemIntegrationUiHelper.getUserAuth(MCUEcoSystemIntegrationUiHelper.java:100)
2026-05-19 14:28:16,646 [ERROR] LogOutputStream:75 - [STDERR_REDIRECT] 	at com.st.stm32cube.ide.mcu.userauth.UserAuthStartup.earlyStartup(UserAuthStartup.java:32)
2026-05-19 14:28:16,646 [ERROR] LogOutputStream:75 - [STDERR_REDIRECT] 	at org.eclipse.ui.internal.EarlyStartupRunnable.runEarlyStartup(EarlyStartupRunnable.java:79)
2026-05-19 14:28:16,646 [ERROR] LogOutputStream:75 - [STDERR_REDIRECT] 	at org.eclipse.ui.internal.EarlyStartupRunnable.run(EarlyStartupRunnable.java:55)
2026-05-19 14:28:16,646 [ERROR] LogOutputStream:75 - [STDERR_REDIRECT] 	at org.eclipse.core.runtime.SafeRunner.run(SafeRunner.java:47)
2026-05-19 14:28:16,647 [ERROR] LogOutputStream:75 - [STDERR_REDIRECT] 	at org.eclipse.ui.internal.Workbench$39.run(Workbench.java:2733)
2026-05-19 14:28:16,647 [ERROR] LogOutputStream:75 - [STDERR_REDIRECT] 	at org.eclipse.core.internal.jobs.Worker.run(Worker.java:63)
2026-05-19 14:28:17,244 [INFO] ApplicationProperties:184 - Using Application install path: /Applications/STM32CubeIDE.app/Contents/Eclipse/plugins/com.st.stm32cube.common.mx_6.15.0.202507011659
2026-05-19 14:28:17,283 [INFO] DbMcusXml:78 - Set database path to: /Applications/STM32CubeIDE.app/Contents/Eclipse/plugins/com.st.stm32cube.common.mx_6.15.0.202507011659//db//mcu/
2026-05-19 14:28:17,284 [INFO] ApiDb:274 - Set plugin database path to: /Applications/STM32CubeIDE.app/Contents/Eclipse/plugins/com.st.stm32cube.common.mx_6.15.0.202507011659//db//plugins/boardmanager/
2026-05-19 14:28:17,284 [WARN] ApiDb:259 - Overriding images path with different value:  => /Applications/STM32CubeIDE.app/Contents/Eclipse/plugins/com.st.stm32cube.common.mx_6.15.0.202507011659//db//plugins/mcufinder/images/
2026-05-19 14:28:17,298 [INFO] ApiDb:250 - Set database path to: /Users/admin/.stmcufinder/plugins/mcufinder//mcu/
2026-05-19 14:28:17,302 [INFO] DbMcusAds:125 - Set database path to: /Users/admin/.stmcufinder/plugins/mcufinder//mcu/
2026-05-19 14:28:17,305 [INFO] CrossReferenceDbSqlite:203 - Set database path to: /Users/admin/.stmcufinder/plugins/mcufinder//mcu/cs/
2026-05-19 14:28:17,582 [INFO] RulesReader:64 - Compatibility file has been processed (317 Rules)
2026-05-19 14:28:17,771 [INFO] DbMcusXml:78 - Set database path to: /Applications/STM32CubeIDE.app/Contents/Eclipse/plugins/com.st.stm32cube.common.mx_6.15.0.202507011659//db//mcu/
2026-05-19 14:28:17,771 [INFO] ApiDb:274 - Set plugin database path to: /Applications/STM32CubeIDE.app/Contents/Eclipse/plugins/com.st.stm32cube.common.mx_6.15.0.202507011659//db//plugins/boardmanager/
2026-05-19 14:28:17,771 [INFO] ApiDb:261 - Set plugin images path to: /Applications/STM32CubeIDE.app/Contents/Eclipse/plugins/com.st.stm32cube.common.mx_6.15.0.202507011659//db//plugins/mcufinder/images/
2026-05-19 14:28:17,772 [WARN] DbFile:41 - Overriding database path with different value: /Users/admin/.stmcufinder/plugins/mcufinder/ => /Users/admin/.stmcufinder/plugins/mcufinder
2026-05-19 14:28:17,772 [INFO] ApiDb:250 - Set database path to: /Users/admin/.stmcufinder/plugins/mcufinder//mcu/
2026-05-19 14:28:17,772 [WARN] DbFile:41 - Overriding database path with different value: /Users/admin/.stmcufinder/plugins/mcufinder/ => /Users/admin/.stmcufinder/plugins/mcufinder
2026-05-19 14:28:17,772 [INFO] DbMcusAds:125 - Set database path to: /Users/admin/.stmcufinder/plugins/mcufinder//mcu/
2026-05-19 14:28:17,773 [WARN] DbFile:41 - Overriding database path with different value: /Users/admin/.stmcufinder/plugins/mcufinder/ => /Users/admin/.stmcufinder/plugins/mcufinder
2026-05-19 14:28:17,773 [WARN] DbFile:41 - Overriding database path with different value: /Users/admin/.stmcufinder/plugins/mcufinder/ => /Users/admin/.stmcufinder/plugins/mcufinder
2026-05-19 14:28:17,773 [INFO] CrossReferenceDbSqlite:203 - Set database path to: /Users/admin/.stmcufinder/plugins/mcufinder//mcu/cs/
2026-05-19 14:28:17,896 [INFO] MainPanel:274 - HeapMemory: 268435456
2026-05-19 14:28:18,466 [INFO] DbMcusXml:78 - Set database path to: /Applications/STM32CubeIDE.app/Contents/Eclipse/plugins/com.st.stm32cube.common.mx_6.15.0.202507011659//db//mcu/
2026-05-19 14:28:18,467 [INFO] ApiDb:274 - Set plugin database path to: /Applications/STM32CubeIDE.app/Contents/Eclipse/plugins/com.st.stm32cube.common.mx_6.15.0.202507011659//db//plugins/boardmanager/
2026-05-19 14:28:18,467 [INFO] ApiDb:261 - Set plugin images path to: /Applications/STM32CubeIDE.app/Contents/Eclipse/plugins/com.st.stm32cube.common.mx_6.15.0.202507011659//db//plugins/mcufinder/images/
2026-05-19 14:28:18,468 [WARN] DbFile:41 - Overriding database path with different value: /Users/admin/.stmcufinder/plugins/mcufinder/ => /Users/admin/.stmcufinder/plugins/mcufinder
2026-05-19 14:28:18,468 [INFO] ApiDb:250 - Set database path to: /Users/admin/.stmcufinder/plugins/mcufinder//mcu/
2026-05-19 14:28:18,468 [WARN] DbFile:41 - Overriding database path with different value: /Users/admin/.stmcufinder/plugins/mcufinder/ => /Users/admin/.stmcufinder/plugins/mcufinder
2026-05-19 14:28:18,468 [INFO] DbMcusAds:125 - Set database path to: /Users/admin/.stmcufinder/plugins/mcufinder//mcu/
2026-05-19 14:28:18,468 [WARN] DbFile:41 - Overriding database path with different value: /Users/admin/.stmcufinder/plugins/mcufinder/ => /Users/admin/.stmcufinder/plugins/mcufinder
2026-05-19 14:28:18,469 [WARN] DbFile:41 - Overriding database path with different value: /Users/admin/.stmcufinder/plugins/mcufinder/ => /Users/admin/.stmcufinder/plugins/mcufinder
2026-05-19 14:28:18,469 [INFO] CrossReferenceDbSqlite:203 - Set database path to: /Users/admin/.stmcufinder/plugins/mcufinder//mcu/cs/
2026-05-19 14:28:18,508 [INFO] ApplicationProperties:184 - Using Application install path: /Applications/STM32CubeIDE.app/Contents/Eclipse/plugins/com.st.stm32cube.common.mx_6.15.0.202507011659
2026-05-19 14:28:18,512 [INFO] PluginManage:196 - Search for loadable plugins [exclusion list=, ]
2026-05-19 14:28:18,514 [INFO] PluginManage:310 - Check plugin analytics
2026-05-19 14:28:18,873 [INFO] AnalyticsPlugin:253 - Accepted Software Licenses: 
2026-05-19 14:28:18,874 [INFO] AnalyticsPlugin:255 - Accepted CMSIS Pack Licenses: Infineon.AIROC-Wi-Fi-Bluetooth-STM32.1.6.0,STMicroelectronics.X-CUBE-BLE1.7.0.0
2026-05-19 14:28:18,874 [INFO] AnalyticsPlugin:257 - Accepted Firmware Licenses: FW.G0.1.6.0,FW.WB.1.19.0,FW.WB.1.21.0
2026-05-19 14:28:18,879 [INFO] PluginManage:359 - Loaded plugin analytics (category:tool,tabindex:-1)
2026-05-19 14:28:18,879 [INFO] PluginManage:310 - Check plugin cadmodel
2026-05-19 14:28:18,886 [INFO] CADModel:105 - Init CAD model plugin
2026-05-19 14:28:18,887 [INFO] PluginManage:359 - Loaded plugin cadmodel (category:power,tabindex:5)
2026-05-19 14:28:18,887 [INFO] PluginManage:310 - Check plugin clock
2026-05-19 14:28:18,906 [INFO] PluginManage:359 - Loaded plugin clock (category:base,tabindex:2)
2026-05-19 14:28:18,906 [INFO] PluginManage:310 - Check plugin ddr
2026-05-19 14:28:18,909 [INFO] PluginManage:359 - Loaded plugin ddr (category:tool,tabindex:6)
2026-05-19 14:28:18,909 [INFO] PluginManage:310 - Check plugin filemanager
2026-05-19 14:28:19,541 [INFO] PluginManage:359 - Loaded plugin filemanager (category:base,tabindex:10)
2026-05-19 14:28:19,542 [INFO] PluginManage:310 - Check plugin ipmanager
2026-05-19 14:28:19,560 [INFO] PluginManage:359 - Loaded plugin ipmanager (category:base,tabindex:5)
2026-05-19 14:28:19,561 [INFO] PluginManage:310 - Check plugin lpbam
2026-05-19 14:28:19,617 [INFO] PluginManage:359 - Loaded plugin lpbam (category:base,tabindex:0)
2026-05-19 14:28:19,618 [INFO] PluginManage:310 - Check plugin memorymap
2026-05-19 14:28:19,659 [INFO] PluginManage:359 - Loaded plugin memorymap (category:base,tabindex:4)
2026-05-19 14:28:19,668 [INFO] PluginManage:310 - Check plugin pinoutandconfiguration
2026-05-19 14:28:19,681 [INFO] PluginManage:359 - Loaded plugin pinoutandconfiguration (category:base,tabindex:1)
2026-05-19 14:28:19,682 [INFO] PluginManage:310 - Check plugin pinoutconfig
2026-05-19 14:28:20,053 [WARN] SupportedApi:132 - Cannot load RTOS API schema: s4s-elt-must-match.1: The content of 'definitions' must match (annotation?, (simpleType | complexType)?, (unique | key | keyref)*)). A problem was found starting at: attribute.
2026-05-19 14:28:20,734 [INFO] PluginManage:359 - Loaded plugin pinoutconfig (category:base,tabindex:0)
2026-05-19 14:28:20,735 [INFO] PluginManage:310 - Check plugin power
2026-05-19 14:28:20,787 [INFO] PluginManage:359 - Loaded plugin power (category:power,tabindex:4)
2026-05-19 14:28:20,788 [INFO] PluginManage:310 - Check plugin projectmanager
2026-05-19 14:28:20,842 [INFO] PluginManage:359 - Loaded plugin projectmanager (category:projectmanager,tabindex:4)
2026-05-19 14:28:20,842 [INFO] PluginManage:310 - Check plugin rif
2026-05-19 14:28:20,867 [INFO] PluginManage:359 - Loaded plugin rif (category:base,tabindex:3)
2026-05-19 14:28:20,868 [INFO] PluginManage:310 - Check plugin thirdparty
2026-05-19 14:28:21,272 [WARN] IntegrityCheckThread:84 - waiting for thirdparty lock release [integrity check]
2026-05-19 14:28:21,273 [INFO] PluginManage:359 - Loaded plugin thirdparty (category:base,tabindex:-1)
2026-05-19 14:28:21,273 [INFO] IntegrityCheckThread:86 - entering critical section [integrity check]
2026-05-19 14:28:21,273 [INFO] PluginManage:310 - Check plugin tools
2026-05-19 14:28:21,273 [INFO] ThirdPartyUpdaterWithRetryManager:70 - Updater plugin not ready yet. [1/15]
2026-05-19 14:28:21,276 [INFO] PluginManage:359 - Loaded plugin tools (category:base,tabindex:7)
2026-05-19 14:28:21,276 [INFO] PluginManage:310 - Check plugin tutovideos
2026-05-19 14:28:21,758 [INFO] PluginManage:359 - Loaded plugin tutovideos (category:base,tabindex:-1)
2026-05-19 14:28:21,758 [INFO] PluginManage:310 - Check plugin updater
2026-05-19 14:28:22,079 [INFO] PluginManage:359 - Loaded plugin updater (category:base,tabindex:12)
2026-05-19 14:28:22,079 [INFO] PluginManage:310 - Check plugin userauth
2026-05-19 14:28:22,087 [INFO] UserAuth:118 - Init User Auth plugin
2026-05-19 14:28:22,089 [INFO] PluginManage:359 - Loaded plugin userauth (category:base,tabindex:14)
2026-05-19 14:28:22,090 [INFO] PluginManage:283 - PluginManage : Loaded plugins [18]
2026-05-19 14:28:22,953 [INFO] PinOutPanel:1589 - setPackage(No Configuration,No Configuration)
2026-05-19 14:28:23,084 [INFO] CADModel:165 - CPN selected for project level
2026-05-19 14:28:23,084 [INFO] CADModel:114 - Register for checkConnection events
2026-05-19 14:28:23,103 [INFO] IPUIPlugin:80 - create IPUIPlugin
2026-05-19 14:28:23,104 [INFO] PluginManager:220 - loadIPPluginJar : add mdma
2026-05-19 14:28:23,113 [INFO] IPUIPlugin:80 - create IPUIPlugin
2026-05-19 14:28:23,114 [INFO] PluginManager:220 - loadIPPluginJar : add freertos
2026-05-19 14:28:23,121 [INFO] IPUIPlugin:80 - create IPUIPlugin
2026-05-19 14:28:23,121 [INFO] PluginManager:220 - loadIPPluginJar : add gic
2026-05-19 14:28:23,137 [INFO] IPUIPlugin:80 - create IPUIPlugin
2026-05-19 14:28:23,137 [INFO] PluginManager:220 - loadIPPluginJar : add adc
2026-05-19 14:28:23,141 [INFO] IPUIPlugin:80 - create IPUIPlugin
2026-05-19 14:28:23,141 [INFO] PluginManager:220 - loadIPPluginJar : add gtzc
2026-05-19 14:28:23,143 [INFO] IPUIPlugin:80 - create IPUIPlugin
2026-05-19 14:28:23,143 [INFO] PluginManager:220 - loadIPPluginJar : add quadspi
2026-05-19 14:28:23,147 [INFO] IPUIPlugin:80 - create IPUIPlugin
2026-05-19 14:28:23,147 [INFO] PluginManager:220 - loadIPPluginJar : add aes
2026-05-19 14:28:23,151 [INFO] IPUIPlugin:80 - create IPUIPlugin
2026-05-19 14:28:23,152 [INFO] PluginManager:220 - loadIPPluginJar : add pdm2pcm
2026-05-19 14:28:23,155 [INFO] IPUIPlugin:80 - create IPUIPlugin
2026-05-19 14:28:23,155 [INFO] PluginManager:220 - loadIPPluginJar : add hash
2026-05-19 14:28:23,159 [INFO] IPUIPlugin:80 - create IPUIPlugin
2026-05-19 14:28:23,159 [INFO] PluginManager:220 - loadIPPluginJar : add tim
2026-05-19 14:28:23,162 [INFO] IPUIPlugin:80 - create IPUIPlugin
2026-05-19 14:28:23,162 [INFO] PluginManager:220 - loadIPPluginJar : add tsc
2026-05-19 14:28:23,166 [INFO] IPUIPlugin:80 - create IPUIPlugin
2026-05-19 14:28:23,166 [INFO] PluginManager:220 - loadIPPluginJar : add extmemmanager
2026-05-19 14:28:23,169 [INFO] IPUIPlugin:80 - create IPUIPlugin
2026-05-19 14:28:23,169 [INFO] PluginManager:220 - loadIPPluginJar : add ts
2026-05-19 14:28:23,171 [INFO] IPUIPlugin:80 - create IPUIPlugin
2026-05-19 14:28:23,172 [INFO] PluginManager:220 - loadIPPluginJar : add radio
2026-05-19 14:28:23,176 [INFO] IPUIPlugin:80 - create IPUIPlugin
2026-05-19 14:28:23,177 [INFO] PluginManager:220 - loadIPPluginJar : add can
2026-05-19 14:28:23,180 [INFO] IPUIPlugin:80 - create IPUIPlugin
2026-05-19 14:28:23,181 [INFO] PluginManager:220 - loadIPPluginJar : add dma3
2026-05-19 14:28:23,186 [INFO] IPUIPlugin:80 - create IPUIPlugin
2026-05-19 14:28:23,186 [INFO] PluginManager:220 - loadIPPluginJar : add dfsdm
2026-05-19 14:28:23,189 [INFO] IPUIPlugin:80 - create IPUIPlugin
2026-05-19 14:28:23,189 [INFO] PluginManager:220 - loadIPPluginJar : add spi
2026-05-19 14:28:23,192 [INFO] IPUIPlugin:80 - create IPUIPlugin
2026-05-19 14:28:23,192 [INFO] PluginManager:220 - loadIPPluginJar : add gfxmmu
2026-05-19 14:28:23,194 [INFO] IPUIPlugin:80 - create IPUIPlugin
2026-05-19 14:28:23,194 [INFO] PluginManager:220 - loadIPPluginJar : add genericplugin
2026-05-19 14:28:23,198 [INFO] IPUIPlugin:80 - create IPUIPlugin
2026-05-19 14:28:23,198 [INFO] PluginManager:220 - loadIPPluginJar : add cryp
2026-05-19 14:28:23,204 [INFO] IPUIPlugin:80 - create IPUIPlugin
2026-05-19 14:28:23,204 [INFO] PluginManager:220 - loadIPPluginJar : add gpio
2026-05-19 14:28:23,208 [INFO] IPUIPlugin:80 - create IPUIPlugin
2026-05-19 14:28:23,208 [INFO] PluginManager:220 - loadIPPluginJar : add ddr_ctrl_phy
2026-05-19 14:28:23,210 [INFO] IPUIPlugin:80 - create IPUIPlugin
2026-05-19 14:28:23,211 [INFO] PluginManager:220 - loadIPPluginJar : add comp
2026-05-19 14:28:23,215 [INFO] IPUIPlugin:80 - create IPUIPlugin
2026-05-19 14:28:23,215 [INFO] PluginManager:220 - loadIPPluginJar : add tracer_emb
2026-05-19 14:28:23,219 [INFO] IPUIPlugin:80 - create IPUIPlugin
2026-05-19 14:28:23,219 [INFO] PluginManager:220 - loadIPPluginJar : add openamp
2026-05-19 14:28:23,230 [INFO] IPUIPlugin:80 - create IPUIPlugin
2026-05-19 14:28:23,230 [INFO] PluginManager:220 - loadIPPluginJar : add stm32_wpan
2026-05-19 14:28:23,512 [INFO] IPUIPlugin:80 - create IPUIPlugin
2026-05-19 14:28:23,519 [INFO] PluginManager:220 - loadIPPluginJar : add plateformsettings
2026-05-19 14:28:23,525 [INFO] IPUIPlugin:80 - create IPUIPlugin
2026-05-19 14:28:23,526 [INFO] PluginManager:220 - loadIPPluginJar : add ipddr
2026-05-19 14:28:23,531 [INFO] IPUIPlugin:80 - create IPUIPlugin
2026-05-19 14:28:23,531 [INFO] PluginManager:220 - loadIPPluginJar : add usart
2026-05-19 14:28:23,533 [INFO] IPUIPlugin:80 - create IPUIPlugin
2026-05-19 14:28:23,533 [INFO] PluginManager:220 - loadIPPluginJar : add ltdc
2026-05-19 14:28:23,538 [INFO] IPUIPlugin:80 - create IPUIPlugin
2026-05-19 14:28:23,539 [INFO] PluginManager:220 - loadIPPluginJar : add nvic
2026-05-19 14:28:23,542 [INFO] IPUIPlugin:80 - create IPUIPlugin
2026-05-19 14:28:23,542 [INFO] PluginManager:220 - loadIPPluginJar : add fatfs
2026-05-19 14:28:23,561 [INFO] IPUIPlugin:80 - create IPUIPlugin
2026-05-19 14:28:23,561 [INFO] PluginManager:220 - loadIPPluginJar : add linkedlist
2026-05-19 14:28:23,574 [INFO] IPUIPlugin:80 - create IPUIPlugin
2026-05-19 14:28:23,575 [INFO] PluginManager:220 - loadIPPluginJar : add dma
2026-05-19 14:28:23,582 [INFO] IPUIPlugin:80 - create IPUIPlugin
2026-05-19 14:28:23,582 [INFO] PluginManager:220 - loadIPPluginJar : add fmc
2026-05-19 14:28:23,586 [INFO] IPUIPlugin:80 - create IPUIPlugin
2026-05-19 14:28:23,587 [INFO] PluginManager:220 - loadIPPluginJar : add i2s
2026-05-19 14:28:23,589 [INFO] IPUIPlugin:80 - create IPUIPlugin
2026-05-19 14:28:23,589 [INFO] PluginManager:220 - loadIPPluginJar : add ucpd
2026-05-19 14:28:23,593 [INFO] IPUIPlugin:80 - create IPUIPlugin
2026-05-19 14:28:23,593 [INFO] PluginManager:220 - loadIPPluginJar : add lorawan
2026-05-19 14:28:23,597 [INFO] IPUIPlugin:80 - create IPUIPlugin
2026-05-19 14:28:23,598 [INFO] PluginManager:220 - loadIPPluginJar : add opamp
2026-05-19 14:28:23,601 [INFO] IPUIPlugin:80 - create IPUIPlugin
2026-05-19 14:28:23,601 [INFO] PluginManager:220 - loadIPPluginJar : add i3c
2026-05-19 14:28:23,853 [INFO] IPUIPlugin:80 - create IPUIPlugin
2026-05-19 14:28:23,858 [INFO] PluginManager:220 - loadIPPluginJar : add touchsensing
2026-05-19 14:28:23,908 [INFO] IPUIPlugin:80 - create IPUIPlugin
2026-05-19 14:28:23,908 [INFO] PluginManager:220 - loadIPPluginJar : add i2c
2026-05-19 14:28:23,914 [INFO] IPUIPlugin:80 - create IPUIPlugin
2026-05-19 14:28:23,914 [INFO] PluginManager:220 - loadIPPluginJar : add resmgrutility
2026-05-19 14:28:23,921 [INFO] IPUIPlugin:80 - create IPUIPlugin
2026-05-19 14:28:23,922 [INFO] PluginManager:220 - loadIPPluginJar : add sai
2026-05-19 14:28:23,927 [INFO] IPUIPlugin:80 - create IPUIPlugin
2026-05-19 14:28:23,928 [INFO] PluginManager:220 - loadIPPluginJar : add usbx
2026-05-19 14:28:24,069 [FATAL] Updater:351 - Updater called before beeing initialized
2026-05-19 14:28:24,118 [INFO] RulesReader:64 - Compatibility file has been processed (317 Rules)
2026-05-19 14:28:24,139 [INFO] RulesReader:64 - Compatibility file has been processed (317 Rules)
2026-05-19 14:28:24,152 [INFO] CADModel:165 - CPN selected for project level
2026-05-19 14:28:24,152 [INFO] CADModel:114 - Register for checkConnection events
2026-05-19 14:28:24,153 [FATAL] Updater:351 - Updater called before beeing initialized
2026-05-19 14:28:24,153 [ERROR] CADModel:125 - Updater not yet initialized, retry later 
2026-05-19 14:28:24,276 [INFO] ThirdPartyUpdaterWithRetryManager:70 - Updater plugin not ready yet. [2/15]
2026-05-19 14:28:24,623 [FATAL] Updater:351 - Updater called before beeing initialized
2026-05-19 14:28:24,625 [INFO] CADModel:165 - CPN selected for project level
2026-05-19 14:28:24,626 [INFO] CADModel:114 - Register for checkConnection events
2026-05-19 14:28:24,626 [FATAL] Updater:351 - Updater called before beeing initialized
2026-05-19 14:28:24,626 [ERROR] CADModel:125 - Updater not yet initialized, retry later 
2026-05-19 14:28:24,632 [FATAL] Updater:351 - Updater called before beeing initialized
2026-05-19 14:28:24,810 [FATAL] Updater:351 - Updater called before beeing initialized
2026-05-19 14:28:24,817 [INFO] DbMcusAds:53 - JSON generation date=Mon Apr 27 11:14:29 EEST 2026 (1777277669683)
2026-05-19 14:28:24,818 [FATAL] Updater:351 - Updater called before beeing initialized
2026-05-19 14:28:24,902 [WARN] DetailPanel:346 - Failed to get advertising image, set to default
2026-05-19 14:28:25,048 [FATAL] Updater:351 - Updater called before beeing initialized
2026-05-19 14:28:25,050 [FATAL] Updater:351 - Updater called before beeing initialized
2026-05-19 14:28:25,051 [FATAL] Updater:351 - Updater called before beeing initialized
2026-05-19 14:28:25,051 [WARN] DetailPanel:346 - Failed to get advertising image, set to default
2026-05-19 14:28:25,053 [FATAL] Updater:351 - Updater called before beeing initialized
2026-05-19 14:28:25,103 [ERROR] Updater:1198 - MainUpdater not yet initialized. External WinMGr cannot be set.
2026-05-19 14:28:25,105 [INFO] Updater:1134 - Updater Version found : 6.15.0
2026-05-19 14:28:25,122 [INFO] ApplicationProperties:184 - Using Application install path: /Applications/STM32CubeIDE.app/Contents/Eclipse/plugins/com.st.stm32cube.common.mx_6.15.0.202507011659
2026-05-19 14:28:25,584 [INFO] MainUpdater:2872 - connection check result : 10
2026-05-19 14:28:25,585 [INFO] MainUpdater:289 - Updater Check For Update Now.
2026-05-19 14:28:25,585 [INFO] MicroXplorer:498 - Change Database Version : DB.6.0.150
2026-05-19 14:28:25,593 [INFO] McuFinderGlobals:63 - Set McuFinder mode to 2 (CubeIDE integrated)
2026-05-19 14:28:25,594 [INFO] UserAuth:487 - Internet connection configuration mode: 1
2026-05-19 14:28:25,616 [INFO] JxBrowserEngine:152 - Initiate JxBrowser Engine with user profile folder
2026-05-19 14:28:25,846 [INFO] CheckServerUpdateThread:120 - End of CheckServer Thread
2026-05-19 14:28:26,796 [INFO] WebApp:169 - Instantiating new browser for Auth
2026-05-19 14:28:27,590 [INFO] WebApp:463 - Apply proxy settings
2026-05-19 14:28:27,597 [INFO] WebApp:508 - Chromium authenticates against Manually configured proxy
2026-05-19 14:28:27,606 [INFO] WebApp:516 - Username used for proxy authentication: 
2026-05-19 14:28:27,640 [INFO] WebApp:900 - Register for checkConnection events
2026-05-19 14:28:27,641 [INFO] WebApp:463 - Apply proxy settings
2026-05-19 14:28:27,643 [INFO] WebApp:508 - Chromium authenticates against Manually configured proxy
2026-05-19 14:28:27,644 [INFO] WebApp:516 - Username used for proxy authentication: 
2026-05-19 14:28:27,862 [WARN] PackLoader:240 - Cannot read IP mode file for STMicroelectronics.X-CUBE-AZRTOS-H7.3.5.0
2026-05-19 14:28:27,892 [WARN] PackLoader:240 - Cannot read IP mode file for STMicroelectronics.FP-SNS-MOTENVWB1.1.4.0
2026-05-19 14:28:27,898 [INFO] WebApp:191 - Connection restablished
2026-05-19 14:28:27,997 [WARN] PackLoader:240 - Cannot read IP mode file for STMicroelectronics.FP-ATR-ASTRA1.2.0.2
2026-05-19 14:28:28,002 [WARN] PackLoader:240 - Cannot read IP mode file for STMicroelectronics.FP-ATR-ASTRA1.2.0.1
2026-05-19 14:28:28,030 [INFO] WebApp:225 - Starting web application
2026-05-19 14:28:28,031 [INFO] WebApp:593 - Web application path used /Applications/STM32CubeIDE.app/Contents/Eclipse/plugins/com.st.stm32cube.common.mx_6.15.0.202507011659/db/plugins/mcufinder/reactClient1/index.html
2026-05-19 14:28:28,036 [WARN] PackLoader:240 - Cannot read IP mode file for STMicroelectronics.X-CUBE-SMBUS.2.1.0
2026-05-19 14:28:28,057 [WARN] PackLoader:240 - Cannot read IP mode file for STMicroelectronics.X-CUBE-WB05N.1.1.0
2026-05-19 14:28:28,069 [WARN] PackLoader:240 - Cannot read IP mode file for STMicroelectronics.X-CUBE-ST60.1.0.0
2026-05-19 14:28:28,085 [WARN] PackLoader:240 - Cannot read IP mode file for STMicroelectronics.X-CUBE-TOUCHGFX.4.23.2
2026-05-19 14:28:28,131 [WARN] PackLoader:240 - Cannot read IP mode file for STMicroelectronics.X-CUBE-AZRTOS-F7.1.1.0
2026-05-19 14:28:28,145 [WARN] PackLoader:240 - Cannot read IP mode file for STMicroelectronics.FP-SNS-MOTENV1.4.3.2
2026-05-19 14:28:28,201 [INFO] UserAuth:487 - Internet connection configuration mode: 1
2026-05-19 14:28:28,271 [WARN] PackLoader:240 - Cannot read IP mode file for STMicroelectronics.X-CUBE-MEMS1.11.0.0
2026-05-19 14:28:28,623 [WARN] PackLoader:240 - Cannot read IP mode file for STMicroelectronics.FP-SNS-MOTENV1.5.1.0
2026-05-19 14:28:28,629 [WARN] PackLoader:240 - Cannot read IP mode file for STMicroelectronics.FP-SNS-FLIGHT1.5.0.2
2026-05-19 14:28:28,670 [WARN] PackLoader:240 - Cannot read IP mode file for STMicroelectronics.X-CUBE-AZRTOS-H7.3.4.0
2026-05-19 14:28:28,683 [WARN] PackLoader:240 - Cannot read IP mode file for STMicroelectronics.X-CUBE-DISPLAY.3.0.0
2026-05-19 14:28:28,695 [WARN] PackLoader:240 - Cannot read IP mode file for STMicroelectronics.X-CUBE-GNSS1.7.1.1
2026-05-19 14:28:28,701 [WARN] PackLoader:240 - Cannot read IP mode file for STMicroelectronics.FP-SNS-MOTENVWB1.1.5.0
2026-05-19 14:28:28,708 [WARN] PackLoader:240 - Cannot read IP mode file for STMicroelectronics.X-CUBE-BLE1.7.0.0
2026-05-19 14:28:28,813 [WARN] PackLoader:240 - Cannot read IP mode file for STMicroelectronics.X-CUBE-NFC10.1.0.0
2026-05-19 14:28:28,827 [WARN] PackLoader:240 - Cannot read IP mode file for STMicroelectronics.X-CUBE-BLEMGR.4.0.0
2026-05-19 14:28:28,835 [WARN] PackLoader:240 - Cannot read IP mode file for STMicroelectronics.X-CUBE-ST60.1.1.0
2026-05-19 14:28:28,842 [WARN] PackLoader:240 - Cannot read IP mode file for emotas.I-CUBE-CANOPEN.1.3.0
2026-05-19 14:28:28,848 [WARN] PackLoader:240 - Cannot read IP mode file for STMicroelectronics.X-CUBE-GNSS1.7.1.0
2026-05-19 14:28:28,860 [WARN] PackLoader:240 - Cannot read IP mode file for STMicroelectronics.X-CUBE-BLEMGR.3.1.0
2026-05-19 14:28:28,866 [WARN] PackLoader:240 - Cannot read IP mode file for STMicroelectronics.X-CUBE-AI.10.0.0
2026-05-19 14:28:28,874 [WARN] PackLoader:240 - Cannot read IP mode file for STMicroelectronics.FP-SNS-STBOX1.2.1.0
2026-05-19 14:28:28,882 [WARN] PackLoader:240 - Cannot read IP mode file for STMicroelectronics.FP-SNS-SMARTAG2.1.2.0
2026-05-19 14:28:28,887 [WARN] PackLoader:240 - Cannot read IP mode file for STMicroelectronics.FP-SNS-FLIGHT1.5.1.0
2026-05-19 14:28:28,958 [WARN] PackLoader:240 - Cannot read IP mode file for STMicroelectronics.X-CUBE-MEMS1.11.1.0
2026-05-19 14:28:29,231 [INFO] LogOutputStream:77 - [STDOUT_REDIRECT] 1 : Invalid condition id : UX_CORESTACK_Condition cause : null
2026-05-19 14:28:29,232 [INFO] LogOutputStream:77 - [STDOUT_REDIRECT] 1 : Invalid condition id : UX_CORESTACK_Condition cause : null
2026-05-19 14:28:29,233 [INFO] LogOutputStream:77 - [STDOUT_REDIRECT] 1 : Invalid condition id : UX_CORESTACK_Condition cause : null
2026-05-19 14:28:29,234 [INFO] LogOutputStream:77 - [STDOUT_REDIRECT] 1 : Invalid condition id : UX_CORESTACK_Condition cause : null
2026-05-19 14:28:29,234 [INFO] LogOutputStream:77 - [STDOUT_REDIRECT] 1 : Invalid condition id : UX_CORESTACK_Condition cause : null
2026-05-19 14:28:29,239 [WARN] PackLoader:240 - Cannot read IP mode file for STMicroelectronics.X-CUBE-AZRTOS-WL.2.0.0
2026-05-19 14:28:29,246 [WARN] PackLoader:240 - Cannot read IP mode file for STMicroelectronics.FP-SNS-MOTENV1.5.0.0
2026-05-19 14:28:29,281 [WARN] PackLoader:240 - Cannot read IP mode file for STMicroelectronics.X-CUBE-AZRTOS-H7RS.1.2.0
2026-05-19 14:28:29,293 [WARN] PackLoader:240 - Cannot read IP mode file for wolfSSL.I-CUBE-wolfMQTT.1.19.0
2026-05-19 14:28:29,301 [WARN] PackLoader:240 - Cannot read IP mode file for WES.I-CUBE-Cesium.1.3.0
2026-05-19 14:28:29,306 [WARN] PackLoader:240 - Cannot read IP mode file for STMicroelectronics.X-CUBE-BLE2.3.3.0
2026-05-19 14:28:29,329 [WARN] PackLoader:240 - Cannot read IP mode file for STMicroelectronics.X-CUBE-NFC9.1.0.0
2026-05-19 14:28:29,335 [WARN] PackLoader:240 - Cannot read IP mode file for STMicroelectronics.X-CUBE-BLE1.7.1.0
2026-05-19 14:28:29,343 [WARN] PackLoader:240 - Cannot read IP mode file for STMicroelectronics.X-CUBE-TCPP.4.1.0
2026-05-19 14:28:29,350 [WARN] PackLoader:240 - Cannot read IP mode file for STMicroelectronics.X-CUBE-FREERTOS.1.4.0
2026-05-19 14:28:29,358 [WARN] PackLoader:240 - Cannot read IP mode file for STMicroelectronics.X-CUBE-EEPRMA1.5.2.0
2026-05-19 14:28:29,365 [WARN] PackLoader:240 - Cannot read IP mode file for STMicroelectronics.X-CUBE-ST67W61.1.1.0
2026-05-19 14:28:29,370 [WARN] PackLoader:240 - Cannot read IP mode file for STMicroelectronics.X-CUBE-AI.10.1.0
2026-05-19 14:28:29,376 [WARN] PackLoader:240 - Cannot read IP mode file for STMicroelectronics.FP-SNS-STAIOTCFT.1.1.0
2026-05-19 14:28:29,440 [WARN] PackLoader:240 - Cannot read IP mode file for STMicroelectronics.X-CUBE-MEMS1.12.0.0
2026-05-19 14:28:29,600 [WARN] PackLoader:240 - Cannot read IP mode file for STMicroelectronics.X-CUBE-ALGOBUILD.1.3.0
2026-05-19 14:28:29,673 [WARN] PackLoader:240 - Cannot read IP mode file for STMicroelectronics.X-CUBE-MEMS1.11.2.0
2026-05-19 14:28:29,835 [WARN] PackLoader:240 - Cannot read IP mode file for STMicroelectronics.X-CUBE-AZRTOS-G0.1.1.0
2026-05-19 14:28:29,844 [WARN] PackLoader:240 - Cannot read IP mode file for STMicroelectronics.X-CUBE-SAFEA1.1.2.2
2026-05-19 14:28:29,850 [WARN] PackLoader:240 - Cannot read IP mode file for STMicroelectronics.X-CUBE-NFC4.3.0.0
2026-05-19 14:28:29,857 [WARN] PackLoader:240 - Cannot read IP mode file for EmbeddedOffice.I-CUBE-FS-RTOS.1.0.1
2026-05-19 14:28:29,862 [WARN] PackLoader:240 - Cannot read IP mode file for STMicroelectronics.X-CUBE-WB05N.2.0.0
2026-05-19 14:28:29,868 [WARN] PackLoader:240 - Cannot read IP mode file for STMicroelectronics.X-CUBE-TCPP.4.2.0
2026-05-19 14:28:29,873 [WARN] PackLoader:240 - Cannot read IP mode file for RealThread.X-CUBE-RT-Thread_Nano.4.1.1
2026-05-19 14:28:29,876 [WARN] PackLoader:240 - Cannot read IP mode file for wolfSSL.I-CUBE-wolfSSL.5.7.0
2026-05-19 14:28:29,880 [WARN] PackLoader:240 - Cannot read IP mode file for STMicroelectronics.FP-ATR-SIGFOX1.3.2.0
2026-05-19 14:28:29,883 [WARN] ConditionMgr:438 - getConditionDescription Invalid condition id : Cortex-A Device cause : null
2026-05-19 14:28:29,890 [WARN] ConditionMgr:1044 - genDependencies : Invalid condition id : Cortex-A Device cause : null
2026-05-19 14:28:29,890 [WARN] ConditionMgr:1044 - genDependencies : Invalid condition id : Cortex-A Device cause : null
2026-05-19 14:28:29,890 [WARN] ConditionMgr:1044 - genDependencies : Invalid condition id : Cortex-A Device cause : null
2026-05-19 14:28:29,895 [WARN] PackLoader:240 - Cannot read IP mode file for STMicroelectronics.X-CUBE-EEPRMA1.5.1.0
2026-05-19 14:28:29,901 [WARN] PackLoader:240 - Cannot read IP mode file for STMicroelectronics.X-CUBE-FREERTOS.1.5.0
2026-05-19 14:28:29,907 [WARN] PackLoader:240 - Cannot read IP mode file for ITTIA_DB.I-CUBE-ITTIADB.8.9.0
2026-05-19 14:28:29,916 [WARN] PackLoader:240 - Cannot read IP mode file for STMicroelectronics.X-CUBE-NFC6.3.2.0
2026-05-19 14:28:29,925 [WARN] PackLoader:240 - Cannot read IP mode file for STMicroelectronics.X-CUBE-ST67W61.1.0.0
2026-05-19 14:28:29,929 [WARN] PackLoader:240 - Cannot read IP mode file for STMicroelectronics.X-CUBE-AI.10.2.0
2026-05-19 14:28:29,987 [WARN] PackLoader:240 - Cannot read IP mode file for STMicroelectronics.X-CUBE-MEMS1.12.1.0
2026-05-19 14:28:30,120 [WARN] PackLoader:240 - Cannot read IP mode file for SEGGER.I-CUBE-embOS.1.3.1
2026-05-19 14:28:30,172 [WARN] PackLoader:240 - Cannot read IP mode file for STMicroelectronics.X-CUBE-ALGOBUILD.1.4.0
2026-05-19 14:28:30,243 [WARN] PackLoader:240 - Cannot read IP mode file for STMicroelectronics.X-CUBE-MEMS1.11.3.0
2026-05-19 14:28:30,461 [WARN] PackLoader:240 - Cannot read IP mode file for STMicroelectronics.X-CUBE-AI.9.1.0
2026-05-19 14:28:30,467 [WARN] PackLoader:240 - Cannot read IP mode file for STMicroelectronics.X-CUBE-PM33A1.1.0.0
2026-05-19 14:28:30,473 [WARN] PackLoader:240 - Cannot read IP mode file for STMicroelectronics.X-CUBE-GNSS1.6.0.0
2026-05-19 14:28:30,488 [WARN] PackLoader:240 - Cannot read IP mode file for STMicroelectronics.X-CUBE-AZRTOS-F4.1.1.0
2026-05-19 14:28:30,493 [WARN] PackLoader:240 - Cannot read IP mode file for Avnet-IotConnect.X-CUBE-IoTC-DA16k-PMOD.1.0.0
2026-05-19 14:28:30,497 [WARN] PackLoader:240 - Cannot read IP mode file for STMicroelectronics.X-CUBE-ISPU.2.1.0
2026-05-19 14:28:30,508 [WARN] PackLoader:240 - Cannot read IP mode file for STMicroelectronics.X-CUBE-IPS.3.2.0
2026-05-19 14:28:30,516 [WARN] PackLoader:240 - Cannot read IP mode file for STMicroelectronics.eDS-WB_DPC_TT-BIDIR.2.1.1
2026-05-19 14:28:30,519 [WARN] PackLoader:240 - Cannot read IP mode file for STMicroelectronics.X-CUBE-FREERTOS.1.2.0
2026-05-19 14:28:30,525 [WARN] PackLoader:240 - Cannot read IP mode file for STMicroelectronics.X-CUBE-NFC12.1.0.0
2026-05-19 14:28:30,546 [WARN] PackLoader:240 - Cannot read IP mode file for STMicroelectronics.X-CUBE-AZRTOS-L5.2.0.0
2026-05-19 14:28:30,558 [WARN] PackLoader:240 - Cannot read IP mode file for STMicroelectronics.X-CUBE-NFC6.3.1.0
2026-05-19 14:28:30,565 [WARN] PackLoader:240 - Cannot read IP mode file for STMicroelectronics.X-CUBE-DPower.1.2.0
2026-05-19 14:28:30,569 [WARN] PackLoader:240 - Cannot read IP mode file for STMicroelectronics.eDS-WB_DPC_VIENNA.1.2.0
2026-05-19 14:28:30,571 [WARN] PackLoader:240 - Cannot read IP mode file for STMicroelectronics.eDS-WB_DPC_3PH2L-BIDIR.1.1.1
2026-05-19 14:28:30,574 [WARN] PackLoader:240 - Cannot read IP mode file for STMicroelectronics.X-CUBE-AI.9.0.0
2026-05-19 14:28:30,579 [ERROR] Engine:466 - /Users/admin/.stm32cubemx/thirdparties/pdsc/STMicroelectronics.X-CUBE-ST67W61.1.3.0.pdsc: PDSC version is not supported
2026-05-19 14:28:30,584 [WARN] PackLoader:240 - Cannot read IP mode file for STMicroelectronics.X-CUBE-FREERTOS.1.3.1
2026-05-19 14:28:30,591 [WARN] PackLoader:240 - Cannot read IP mode file for STMicroelectronics.X-CUBE-FREERTOS.1.3.0
2026-05-19 14:28:30,597 [WARN] PackLoader:240 - Cannot read IP mode file for STMicroelectronics.X-CUBE-NFC7.1.0.1
2026-05-19 14:28:30,602 [WARN] PackLoader:240 - Cannot read IP mode file for wolfSSL.I-CUBE-wolfTPM.3.2.0
2026-05-19 14:28:30,606 [WARN] PackLoader:240 - Cannot read IP mode file for STMicroelectronics.X-CUBE-TOUCHGFX.4.26.0
2026-05-19 14:28:30,608 [WARN] PackLoader:240 - Cannot read IP mode file for STMicroelectronics.X-CUBE-TOUCHGFX.4.26.1
2026-05-19 14:28:30,613 [WARN] PackLoader:240 - Cannot read IP mode file for STMicroelectronics.FP-SNS-STAIOTCFT.1.0.0
2026-05-19 14:28:30,620 [WARN] PackLoader:240 - Cannot read IP mode file for STMicroelectronics.X-CUBE-DPower.1.3.0
2026-05-19 14:28:30,624 [WARN] PackLoader:240 - Cannot read IP mode file for STMicroelectronics.X-CUBE-AI.8.1.0
2026-05-19 14:28:30,640 [WARN] ConditionMgr:438 - getConditionDescription Invalid condition id : LAN8742 Phy interface Condition cause : null
2026-05-19 14:28:30,641 [WARN] PackLoader:240 - Cannot read IP mode file for STMicroelectronics.X-CUBE-AZRTOS-L4.2.0.0
2026-05-19 14:28:30,642 [WARN] ConditionMgr:1044 - genDependencies : Invalid condition id : LAN8742 Phy interface Condition cause : null
2026-05-19 14:28:30,642 [WARN] ConditionMgr:1044 - genDependencies : Invalid condition id : LAN8742 Phy interface Condition cause : null
2026-05-19 14:28:30,643 [WARN] ConditionMgr:1044 - genDependencies : Invalid condition id : LAN8742 Phy interface Condition cause : null
2026-05-19 14:28:30,650 [WARN] PackLoader:240 - Cannot read IP mode file for STMicroelectronics.X-CUBE-SFXS2LP1.4.0.0
2026-05-19 14:28:30,655 [WARN] PackLoader:240 - Cannot read IP mode file for STMicroelectronics.X-CUBE-WB05N.2.1.0
2026-05-19 14:28:30,662 [WARN] PackLoader:240 - Cannot read IP mode file for STMicroelectronics.X-CUBE-ST67W61.1.2.0
2026-05-19 14:28:30,688 [WARN] PackLoader:240 - Cannot read IP mode file for STMicroelectronics.X-CUBE-AZRTOS-H7.3.3.0
2026-05-19 14:28:30,699 [WARN] PackLoader:240 - Cannot read IP mode file for STMicroelectronics.X-CUBE-BLEMGR.4.1.0
2026-05-19 14:28:30,710 [WARN] PackLoader:240 - Cannot read IP mode file for STMicroelectronics.X-CUBE-IPS.3.0.0
2026-05-19 14:28:30,726 [WARN] ConditionMgr:438 - getConditionDescription Invalid condition id : UX DEVICE CLASS RTOS Condition cause : null
2026-05-19 14:28:30,727 [WARN] ConditionMgr:438 - getConditionDescription Invalid condition id : UX DEVICE CLASS RTOS Condition cause : null
2026-05-19 14:28:30,728 [WARN] PackLoader:240 - Cannot read IP mode file for STMicroelectronics.X-CUBE-AZRTOS-WB.2.0.0
2026-05-19 14:28:30,729 [WARN] ConditionMgr:1044 - genDependencies : Invalid condition id : UX DEVICE CLASS RTOS Condition cause : null
2026-05-19 14:28:30,729 [WARN] ConditionMgr:1044 - genDependencies : Invalid condition id : UX DEVICE CLASS RTOS Condition cause : null
2026-05-19 14:28:30,729 [WARN] ConditionMgr:1044 - genDependencies : Invalid condition id : UX DEVICE CLASS RTOS Condition cause : null
2026-05-19 14:28:30,729 [WARN] ConditionMgr:1044 - genDependencies : Invalid condition id : UX DEVICE CLASS RTOS Condition cause : null
2026-05-19 14:28:30,730 [WARN] ConditionMgr:1044 - genDependencies : Invalid condition id : UX DEVICE CLASS RTOS Condition cause : null
2026-05-19 14:28:30,734 [WARN] PackLoader:240 - Cannot read IP mode file for STMicroelectronics.X-CUBE-GNSS1.7.0.0
2026-05-19 14:28:30,739 [WARN] PackLoader:240 - Cannot read IP mode file for STMicroelectronics.X-CUBE-GNSS1.7.0.1
2026-05-19 14:28:30,742 [WARN] PackLoader:240 - Cannot read IP mode file for STMicroelectronics.X-CUBE-TOUCHGFX.4.25.0
2026-05-19 14:28:30,746 [WARN] PackLoader:240 - Cannot read IP mode file for STMicroelectronics.FP-SNS-STBOX1.2.0.0
2026-05-19 14:28:30,754 [WARN] PackLoader:240 - Cannot read IP mode file for STMicroelectronics.X-CUBE-STSE01.2.0.0
2026-05-19 14:28:30,762 [WARN] PackLoader:240 - Cannot read IP mode file for STMicroelectronics.X-CUBE-SUBG2.5.0.0
2026-05-19 14:28:30,780 [WARN] PackLoader:240 - Cannot read IP mode file for STMicroelectronics.X-CUBE-AZRTOS-H7RS.1.1.0
2026-05-19 14:28:30,785 [WARN] PackLoader:240 - Cannot read IP mode file for Cesanta.I-CUBE-Mongoose.7.13.0
2026-05-19 14:28:30,799 [WARN] PackLoader:240 - Cannot read IP mode file for STMicroelectronics.X-CUBE-AZRTOS-G4.2.0.0
2026-05-19 14:28:30,804 [WARN] PackLoader:240 - Cannot read IP mode file for STMicroelectronics.X-CUBE-NFC7.2.0.0
2026-05-19 14:28:30,808 [WARN] PackLoader:240 - Cannot read IP mode file for STMicroelectronics.FP-SNS-MOTENVWB1.1.3.1
2026-05-19 14:28:30,810 [WARN] PackLoader:240 - Cannot read IP mode file for STMicroelectronics.X-CUBE-ISPU.2.0.0
2026-05-19 14:28:30,820 [WARN] PackLoader:240 - Cannot read IP mode file for STMicroelectronics.X-CUBE-IPS.3.1.0
2026-05-19 14:28:30,837 [WARN] PackLoader:240 - Cannot read IP mode file for STMicroelectronics.X-CUBE-ALS.1.0.2
2026-05-19 14:28:30,888 [WARN] PackLoader:240 - Cannot read IP mode file for STMicroelectronics.X-CUBE-MEMS1.10.0.0
2026-05-19 14:28:31,022 [WARN] PackLoader:240 - Cannot read IP mode file for STMicroelectronics.X-CUBE-FREERTOS.1.1.0
2026-05-19 14:28:31,032 [WARN] PackLoader:240 - Cannot read IP mode file for STMicroelectronics.X-CUBE-TOUCHGFX.4.24.0
2026-05-19 14:28:31,040 [WARN] PackLoader:240 - Cannot read IP mode file for STMicroelectronics.X-CUBE-TOUCHGFX.4.24.2
2026-05-19 14:28:31,051 [WARN] PackLoader:240 - Cannot read IP mode file for STMicroelectronics.X-CUBE-TOUCHGFX.4.24.1
2026-05-19 14:28:31,059 [WARN] PackLoader:240 - Cannot read IP mode file for STMicroelectronics.X-CUBE-STSE01.1.0.0
2026-05-19 14:28:31,065 [WARN] PackLoader:240 - Cannot read IP mode file for portGmbH.I-Cube-SoM-uGOAL.1.1.0
2026-05-19 14:28:31,069 [WARN] PackLoader:240 - Cannot read IP mode file for STMicroelectronics.X-CUBE-ALS.1.0.1
2026-05-19 14:28:31,086 [WARN] PackLoader:240 - Cannot read IP mode file for STMicroelectronics.X-CUBE-AZRTOS-H7RS.1.0.0
2026-05-19 14:28:31,095 [WARN] PackLoader:240 - Cannot read IP mode file for STMicroelectronics.FP-ATR-ASTRA1.2.0.0
2026-05-19 14:28:31,106 [WARN] PackLoader:240 - Cannot read IP mode file for STMicroelectronics.X-CUBE-TOF1.3.4.2
2026-05-19 14:28:31,128 [WARN] PackLoader:240 - Cannot read IP mode file for STMicroelectronics.X-CUBE-TOF1.3.4.3
2026-05-19 14:28:31,150 [WARN] PackLoader:240 - Cannot read IP mode file for STMicroelectronics.X-CUBE-TOF1.3.4.1
2026-05-19 14:28:31,183 [WARN] PackLoader:240 - Cannot read IP mode file for STMicroelectronics.X-CUBE-AZRTOS-H7.3.2.0
2026-05-19 14:28:31,202 [WARN] PackLoader:240 - Cannot read IP mode file for Infineon.AIROC-Wi-Fi-Bluetooth-STM32.1.6.0
2026-05-19 14:28:31,308 [WARN] PackLoader:240 - Cannot read IP mode file for wolfSSL.I-CUBE-wolfSSH.1.4.17
2026-05-19 14:28:31,309 [INFO] ThirdParty:978 - Integrity check success = true
2026-05-19 14:28:31,310 [INFO] IntegrityCheckThread:100 - exiting critical section [integrity check]
2026-05-19 14:28:31,310 [INFO] IntegrityCheckThread:103 - End integrity checks thread
2026-05-19 16:30:59,598 [INFO] WebApp:194 - Connection lost
2026-05-19 17:32:16,929 [INFO] WebApp:191 - Connection restablished
2026-05-19 19:01:37,702 [INFO] WebApp:194 - Connection lost
2026-05-19 19:01:45,379 [INFO] WebApp:191 - Connection restablished
2026-05-19 19:05:50,217 [INFO] WebApp:194 - Connection lost
2026-05-19 19:05:57,402 [INFO] WebApp:191 - Connection restablished
2026-05-19 19:21:12,526 [INFO] McuFinderGlobals:63 - Set McuFinder mode to 2 (CubeIDE integrated)
2026-05-19 19:21:12,532 [INFO] MainUpdater:2872 - connection check result : 10
2026-05-19 19:21:12,532 [INFO] MainUpdater:2872 - connection check result : 10
2026-05-19 19:21:13,966 [INFO] MicroXplorer:468 - Change Database Path : 
2026-05-19 19:21:13,967 [INFO] MicroXplorer:498 - Change Database Version : DB.6.0.150
2026-05-19 19:21:13,976 [WARN] ThirdParty:871 - waiting for thirdparty lock release [close project]
2026-05-19 19:21:13,977 [INFO] ThirdParty:873 - entering critical section [close project]
2026-05-19 19:21:13,979 [INFO] ThirdParty:883 - exiting critical section [close project]
2026-05-19 19:21:13,982 [INFO] PinOutPanel:1589 - setPackage(No Configuration,No Configuration)
2026-05-19 19:21:13,985 [INFO] UtilMem:75 - Begin LoadConfig() Used Memory: 706343696 Bytes (1073741824)
2026-05-19 19:21:13,988 [INFO] MicroXplorer:468 - Change Database Path : 
2026-05-19 19:21:13,988 [INFO] MicroXplorer:498 - Change Database Version : DB.6.0.150
2026-05-19 19:21:13,988 [INFO] OpenFileManager:355 - Change cursor
2026-05-19 19:21:14,038 [INFO] Mcu:2029 - Initializing MCU STM32L010K8Tx STM32L010K8Tx STM32L010K8T6
2026-05-19 19:21:14,821 [INFO] Context:786 - Trying to add GPIOservice into a context  which must be forbidden
2026-05-19 19:21:15,125 [INFO] ImportTextPane:234 - (OptionalMessage_ERROR) Pin25 (VP_RIF_VS_RIF1) cannot be retrieved for this MCU
2026-05-19 19:21:15,366 [INFO] RtosManager:558 - Registered RTOS mode: class=CMSIS, group=RTOS, mode=CMSIS_V1, owner=FREERTOS
2026-05-19 19:21:15,367 [INFO] RtosManager:558 - Registered RTOS mode: class=CMSIS, group=RTOS2, mode=CMSIS_V2, owner=FREERTOS
2026-05-19 19:21:15,367 [INFO] RtosManager:558 - Registered RTOS mode: class=RTOS, group=Core, mode=CMSIS_V1, owner=FREERTOS
2026-05-19 19:21:15,367 [INFO] RtosManager:558 - Registered RTOS mode: class=RTOS, group=Core, mode=CMSIS_V2, owner=FREERTOS
2026-05-19 19:21:15,367 [WARN] ModelIntegratedComponent:184 - Missing modes for component STMicroelectronics:FreeRTOS:0.0.1:STMicroelectronics:RTOS:FreeRTOS:Core:::10.2.0:
2026-05-19 19:21:15,374 [WARN] ModelIntegratedComponent:63 - No mode defined for component null
2026-05-19 19:21:15,374 [WARN] ModelIntegratedComponent:63 - No mode defined for component null
2026-05-19 19:21:15,374 [WARN] ModelIntegratedComponent:63 - No mode defined for component null
2026-05-19 19:21:15,374 [WARN] ModelIntegratedComponent:63 - No mode defined for component null
2026-05-19 19:21:15,374 [WARN] ModelIntegratedComponent:63 - No mode defined for component null
2026-05-19 19:21:15,374 [WARN] ModelIntegratedComponent:63 - No mode defined for component null
2026-05-19 19:21:15,375 [WARN] ModelIntegratedComponent:63 - No mode defined for component null
2026-05-19 19:21:15,375 [WARN] ModelIntegratedComponent:63 - No mode defined for component null
2026-05-19 19:21:15,375 [WARN] ModelIntegratedComponent:63 - No mode defined for component null
2026-05-19 19:21:15,375 [WARN] ModelIntegratedComponent:63 - No mode defined for component null
2026-05-19 19:21:15,375 [WARN] ModelIntegratedComponent:63 - No mode defined for component null
2026-05-19 19:21:15,375 [WARN] ModelIntegratedComponent:63 - No mode defined for component null
2026-05-19 19:21:15,375 [WARN] ModelIntegratedComponent:63 - No mode defined for component null
2026-05-19 19:21:15,375 [WARN] ModelIntegratedComponent:63 - No mode defined for component null
2026-05-19 19:21:15,375 [WARN] ModelIntegratedComponent:63 - No mode defined for component null
2026-05-19 19:21:15,375 [WARN] ModelIntegratedComponent:63 - No mode defined for component null
2026-05-19 19:21:15,375 [WARN] ModelIntegratedComponent:63 - No mode defined for component null
2026-05-19 19:21:15,375 [WARN] ModelIntegratedComponent:63 - No mode defined for component null
2026-05-19 19:21:15,375 [WARN] ModelIntegratedComponent:63 - No mode defined for component null
2026-05-19 19:21:15,375 [WARN] ModelIntegratedComponent:63 - No mode defined for component null
2026-05-19 19:21:15,376 [WARN] ModelIntegratedComponent:63 - No mode defined for component null
2026-05-19 19:21:15,376 [WARN] ModelIntegratedComponent:63 - No mode defined for component null
2026-05-19 19:21:15,376 [WARN] ModelIntegratedComponent:63 - No mode defined for component null
2026-05-19 19:21:15,376 [WARN] ModelIntegratedComponent:63 - No mode defined for component null
2026-05-19 19:21:15,376 [WARN] ModelIntegratedComponent:63 - No mode defined for component null
2026-05-19 19:21:15,376 [WARN] ModelIntegratedComponent:63 - No mode defined for component null
2026-05-19 19:21:15,376 [WARN] ModelIntegratedComponent:63 - No mode defined for component null
2026-05-19 19:21:15,376 [WARN] ModelIntegratedComponent:63 - No mode defined for component null
2026-05-19 19:21:15,376 [WARN] ModelIntegratedComponent:63 - No mode defined for component null
2026-05-19 19:21:15,376 [WARN] ModelIntegratedComponent:63 - No mode defined for component null
2026-05-19 19:21:15,376 [WARN] ModelIntegratedComponent:63 - No mode defined for component null
2026-05-19 19:21:15,377 [WARN] ModelIntegratedComponent:63 - No mode defined for component null
2026-05-19 19:21:15,377 [WARN] ModelIntegratedComponent:63 - No mode defined for component null
2026-05-19 19:21:15,377 [WARN] ModelIntegratedComponent:63 - No mode defined for component null
2026-05-19 19:21:15,377 [WARN] ModelIntegratedComponent:63 - No mode defined for component null
2026-05-19 19:21:15,377 [WARN] ModelPack:524 - Component already loaded: STMicroelectronics:HAL Drivers:0.0.0:STMicroelectronics:Device:STMicro_Driver:XSPI:HAL::0.0.1:HAL_XSPI
2026-05-19 19:21:15,905 [INFO] ThirdPartyModel:298 - Start build external matchings
2026-05-19 19:21:19,561 [INFO] ThirdPartyModel:316 - End build external matchings
2026-05-19 19:21:19,650 [INFO] ImportTextPane:234 - (OptionalMessage_ERROR) IP (RCC) : Invalid parameter (FamilyName)
2026-05-19 19:21:19,659 [INFO] ImportTextPane:234 - (OptionalMessage_ERROR) IP (RCC) : Invalid parameter (TIMFreq_Value)
2026-05-19 19:21:19,875 [INFO] ApiDb:581 - Connected to CubeFinder SQLite database (/Users/admin/.stmcufinder/plugins/mcufinder/mcu/cube-finder-db.db)
2026-05-19 19:21:19,960 [INFO] ApiDb:668 - CubeFinder database Data Model version=2.1
2026-05-19 19:21:19,960 [INFO] ApiDb:669 - CubeFinder database Configuration version=3.0.42
2026-05-19 19:21:19,961 [INFO] ApiDb:670 - CubeFinder database generation date=2026-03-11 (1773229989)
2026-05-19 19:21:19,961 [INFO] ApiDb:671 - CubeFinder database FW Pack versions=[FP-ATR-ASTRA1_V2.0.0, FP-SNS-FLIGHT1_V5.1.0, FP-SNS-MOTENV1_V5.1.0, FP-SNS-MOTENVWB1_V1.5.0, FP-SNS-SMARTAG2_V1.2.0, FP-SNS-STBOX1_V2.1.0, STM32Cube_FW_C0_V1.4.0, STM32Cube_FW_F4_V1.28.3, STM32Cube_FW_F7_V1.17.4, STM32Cube_FW_G0_V1.6.3, STM32Cube_FW_G4_V1.6.2, STM32Cube_FW_H5_V1.6.0, STM32Cube_FW_H7RS_V1.3.0, STM32Cube_FW_H7_V1.13.0, STM32Cube_FW_L0_V1.12.2, STM32Cube_FW_L4_V1.18.2, STM32Cube_FW_L5_V1.6.0, STM32Cube_FW_N6_V1.3.0, STM32Cube_FW_U0_V1.3.0, STM32Cube_FW_U3_V1.3.0, STM32Cube_FW_U5_V1.8.0, STM32Cube_FW_WB0_V1.4.0, STM32Cube_FW_WBA_V1.9.0, STM32Cube_FW_WB_V1.24.0, STM32Cube_FW_WL3_V1.4.0, STM32Cube_FW_WL_V1.5.0, X-CUBE-ALGOBUILD_V1.4.0, X-CUBE-ALS_V1.0.2, X-CUBE-AZRTOS-F4_V1.1.0, X-CUBE-AZRTOS-F7_V1.1.0, X-CUBE-AZRTOS-G0_V1.1.0, X-CUBE-AZRTOS-G4_V2.0.0, X-CUBE-AZRTOS-H7RS_V1.1.0, X-CUBE-AZRTOS-H7_V3.4.0, X-CUBE-AZRTOS-L4_V2.0.0, X-CUBE-AZRTOS-L5_V2.0.0, X-CUBE-AZRTOS-WB_V2.0.0, X-CUBE-AZRTOS-WL_V2.0.0, X-CUBE-BLE1_V7.1.0, X-CUBE-BLE2_V3.3.0, X-CUBE-BLEMGR_V4.1.0, X-CUBE-EEPRMA1_V5.2.0, X-CUBE-FREERTOS_V1.5.0, X-CUBE-GNSS1_V6.0.0, X-CUBE-MEMS1_V12.0.0, X-CUBE-NFC4_V3.0.0, X-CUBE-NFC7_V2.0.0, X-CUBE-SFXS2LP1_V4.0.0, X-CUBE-ST67W61_V1.2.0, X-CUBE-SUBG2_V5.0.0, X-CUBE-TOF1_V3.4.3]
2026-05-19 19:21:20,182 [INFO] DbBoardsSqlite:226 - include board P-NUCLEO-WB55-NUCLEO as a kit item of type 'Nucleo-64'
2026-05-19 19:21:20,183 [INFO] DbBoardsSqlite:226 - include board P-NUCLEO-WB55-USBDONGLE as a kit item of type 'Nucleo USB Dongle'
2026-05-19 19:21:20,184 [INFO] DbBoardsSqlite:226 - include board STEVAL-IDP005V1 as a kit item of type 'Evaluation Board'
2026-05-19 19:21:20,184 [INFO] DbBoardsSqlite:226 - include board STEVAL-IDP005V2 as a kit item of type 'Evaluation Board'
2026-05-19 19:21:20,894 [INFO] ApiDb:240 - Found 880 in-development CPN: [B-G473E-ZEST1S, B-WB1M-WPAN1, B-WBA5M-WPAN, B-WL5M-SUBG1, NUCLEO-C031C6, NUCLEO-C051C8, NUCLEO-C071RB, NUCLEO-C092RC, NUCLEO-H503RB, NUCLEO-H533RE, NUCLEO-H563ZI, NUCLEO-H7S3L8, NUCLEO-N657X0-Q, NUCLEO-U031R8, NUCLEO-U083RC, NUCLEO-U385RG-Q, NUCLEO-U545RE-Q, NUCLEO-U5A5ZJ-Q, NUCLEO-WB05KZ, NUCLEO-WB07CC, NUCLEO-WB09KE, NUCLEO-WBA52CG, NUCLEO-WBA55CG, NUCLEO-WL33CC1, NUCLEO-WL33CC2, STEVAL-PROTEUS1, STEVAL-SMARTAG2, STEVAL-STWINBX1, STM320518-EVAL, STM32C0116-DK, STM32C011D6Y3TR, STM32C011D6Y6TR, STM32C011F4P3, STM32C011F4P6, STM32C011F4U3, STM32C011F4U6TR, STM32C011F6P3, STM32C011F6P6, STM32C011F6U3, STM32C011F6U6TR, STM32C011J4M3, STM32C011J4M6, STM32C011J6M3, STM32C011J6M6, STM32C0316-DK, STM32C031C4T3, STM32C031C4T6, STM32C031C4U3, STM32C031C4U6, STM32C031C6T3, STM32C031C6T6, STM32C031C6U3, STM32C031C6U6, STM32C031F4P3, STM32C031F4P6, STM32C031F6P3, STM32C031F6P6, STM32C031G4U3, STM32C031G4U6, STM32C031G6U3, STM32C031G6U6, STM32C031K4T3, STM32C031K4T6, STM32C031K4U3, STM32C031K4U6, STM32C031K6T3, STM32C031K6T6, STM32C031K6U3, STM32C031K6U6, STM32C051C6T6, STM32C051C6U6, STM32C051C8T6, STM32C051C8U6, STM32C051D8Y6TR, STM32C051F6P6, STM32C051F8P6, STM32C051G6U6, STM32C051G8U6, STM32C051K6T6, STM32C051K6U6, STM32C051K8T6, STM32C071C8T6, STM32C071C8T6N, STM32C071C8U6, STM32C071C8U6N, STM32C071CBT6, STM32C071CBT6N, STM32C071CBU6, STM32C071CBU6N, STM32C071F8P6, STM32C071F8P6N, STM32C071FBP6, STM32C071FBP6N, STM32C071FBY6TR, STM32C071G8U6, STM32C071G8U6N, STM32C071GBU6, STM32C071GBU6N, STM32C071K8T6, STM32C071K8T6N, STM32C071K8U6, STM32C071K8U6N, STM32C071KBT6, STM32C071KBT6N, STM32C071KBU6, STM32C071KBU6N, STM32C071R8T6, STM32C071R8T6N, STM32C071RBI6N, STM32C071RBT6, STM32C071RBT6N, STM32C091CBT6, STM32C091CBU6, STM32C091CCT6, STM32C091CCU6, STM32C091ECY6TR, STM32C091FBP6, STM32C091FCP6, STM32C091GBU6, STM32C091GCU6, STM32C091KBT6, STM32C091KBU6, STM32C091KCT6, STM32C091KCU6, STM32C091RBT6, STM32C091RCI6, STM32C091RCT6, STM32C092CBT6, STM32C092CBU6, STM32C092CCT6, STM32C092CCU6, STM32C092ECY6TR, STM32C092FBP6, STM32C092FCP6, STM32C092GBU6, STM32C092GCU6, STM32C092KBT6, STM32C092KBU6, STM32C092KCT6, STM32C092KCU6, STM32C092RBT6, STM32C092RCI6, STM32C092RCT6, STM32G071K8TXN, STM32G071K8UXN, STM32G081GBU6N, STM32G081KBT6N, STM32G081KBUXN, STM32G0B1CCT6N, STM32G0B1KCT6, STM32G0B1NEY6TR, STM32G0B1RCT6N, STM32G0C1CCT6, STM32G0C1CCT6N, STM32G0C1CCU6N, STM32G0C1CET6N, STM32G0C1CEU6N, STM32G0C1KCT6, STM32G0C1NEY6TR, STM32G0C1RCI6N, STM32G0C1RCT6N, STM32G0C1REI6N, STM32G0C1RET6N, STM32G0C1VCI6, STM32G0C1VEI6, STM32G411C6T3, STM32G411C6T6, STM32G411C6U3, STM32G411C6U6, STM32G411C8T3, STM32G411C8T6, STM32G411C8U3, STM32G411C8U6, STM32G411CBT3, STM32G411CBT6, STM32G411CBU3, STM32G411CBU6, STM32G411K6T3, STM32G411K6T6, STM32G411K6U3, STM32G411K6U6, STM32G411K8T3, STM32G411K8T6, STM32G411K8U3, STM32G411K8U6, STM32G411KBT3, STM32G411KBT6, STM32G411KBU3, STM32G411KBU6, STM32G411M6T3, STM32G411M6T6, STM32G411M8T3, STM32G411M8T6, STM32G411MBT3, STM32G411MBT6, STM32G411R6T3, STM32G411R6T6, STM32G411R8T3, STM32G411R8T6, STM32G411RBT3, STM32G411RBT6, STM32G414CBT3, STM32G414CBT6, STM32G414CBU3, STM32G414CBU6, STM32G414CCT3, STM32G414CCT6, STM32G414CCU3, STM32G414CCU6, STM32G414MBT3, STM32G414MBT6, STM32G414MCT3, STM32G414MCT6, STM32G414RBT3, STM32G414RBT6, STM32G414RCT3, STM32G414RCT6, STM32G414VBT3, STM32G414VBT6, STM32G414VCT3, STM32G414VCT6, STM32G431CBT3Z, STM32G431RBT3Z, STM32G471CCT6, STM32G471CCU6, STM32G471CET3, STM32G471CET6, STM32G471CEU3, STM32G471CEU6, STM32G471MCT6, STM32G471MET3, STM32G471MET6, STM32G471MEY6TR, STM32G471QCT6, STM32G471QET3, STM32G471RCT6, STM32G471RET3, STM32G471RET6, STM32G471VCH6, STM32G471VCI6, STM32G471VCT6, STM32G471VEH3, STM32G471VEH6, STM32G471VEI3, STM32G471VEI6, STM32G471VET3, STM32G471VET6, STM32G473QET3Z, STM32G473RET3Z, STM32G474CCT6, STM32G491RET3Z, STM32H503CBT6, STM32H503CBU6, STM32H503EBY6TR, STM32H503KBU6, STM32H503RBT6, STM32H523CCT6, STM32H523CCU6, STM32H523CET6, STM32H523CEU6, STM32H523HEY6TR, STM32H523RCT6, STM32H523RET6, STM32H523VCI6, STM32H523VCT6, STM32H523VEI6, STM32H523VET6, STM32H523ZCJ6, STM32H523ZCT6, STM32H523ZEJ6, STM32H523ZET6, STM32H533CET6, STM32H533CEU6, STM32H533HEY6TR, STM32H533RET6, STM32H533VEI6, STM32H533VET6, STM32H533ZEJ6, STM32H533ZET6, STM32H562AGI6, STM32H562AII6, STM32H562IGK6, STM32H562IGT6, STM32H562IIK6, STM32H562IIT6, STM32H562RGT6, STM32H562RGV6, STM32H562RIT6, STM32H562RIV6, STM32H562VGT6, STM32H562VIT6, STM32H562ZGT6, STM32H562ZIT6, STM32H563AGI6, STM32H563AII3Q, STM32H563AII6, STM32H563IGK6, STM32H563IGT6, STM32H563IIK3Q, STM32H563IIK6, STM32H563IIT3Q, STM32H563IIT6, STM32H563MIY3QTR, STM32H563RGT6, STM32H563RGV6, STM32H563RIT6, STM32H563RIV6, STM32H563VGT6, STM32H563VIT3Q, STM32H563VIT6, STM32H563ZGT6, STM32H563ZIT3Q, STM32H563ZIT6, STM32H573AII3Q, STM32H573AII6, STM32H573I-DK, STM32H573IIK3Q, STM32H573IIK6, STM32H573IIT3Q, STM32H573IIT6, STM32H573MIY3QTR, STM32H573RIT6, STM32H573RIV6, STM32H573VIT3Q, STM32H573VIT6, STM32H573ZIT3Q, STM32H573ZIT6, STM32H7R3A8I6, STM32H7R3I8K6, STM32H7R3I8T6, STM32H7R3L8H6, STM32H7R3L8H6H, STM32H7R3R8V6, STM32H7R3V8H6, STM32H7R3V8T6, STM32H7R3V8Y6TR, STM32H7R3Z8J6, STM32H7R3Z8T6, STM32H7R7A8I6, STM32H7R7I8K6, STM32H7R7I8T6, STM32H7R7L8H6, STM32H7R7L8H6H, STM32H7R7Z8J6, STM32H7S3A8I6, STM32H7S3I8K6, STM32H7S3I8T6, STM32H7S3L8H6, STM32H7S3L8H6H, STM32H7S3R8V6, STM32H7S3V8H6, STM32H7S3V8T6, STM32H7S3V8Y6TR, STM32H7S3Z8J6, STM32H7S3Z8T6, STM32H7S78-DK, STM32H7S7A8I6, STM32H7S7I8K6, STM32H7S7I8T6, STM32H7S7L8H6, STM32H7S7L8H6H, STM32H7S7Z8J6, STM32L4R5QGI6STR, STM32MP131AAE3, STM32MP131AAF3, STM32MP131AAG3, STM32MP131CAE3, STM32MP131CAF3, STM32MP131CAG3, STM32MP131DAE7, STM32MP131DAF7, STM32MP131DAG7, STM32MP131FAE7, STM32MP131FAF7, STM32MP131FAG7, STM32MP133AAE3, STM32MP133AAF3, STM32MP133AAG3, STM32MP133CAE3, STM32MP133CAF3, STM32MP133CAG3, STM32MP133DAE7, STM32MP133DAF7, STM32MP133DAG7, STM32MP133FAE7, STM32MP133FAF7, STM32MP133FAG7, STM32MP135AAE3, STM32MP135AAF3, STM32MP135AAG3, STM32MP135CAE3, STM32MP135CAF3, STM32MP135CAG3, STM32MP135DAE7, STM32MP135DAF7, STM32MP135DAG7, STM32MP135F-DK, STM32MP135FAE7, STM32MP135FAF7, STM32MP135FAF7T, STM32MP135FAF7U, STM32MP135FAG7, STM32MP211AAL3, STM32MP211AAM3, STM32MP211AAN3, STM32MP211AAO3, STM32MP211CAL3, STM32MP211CAM3, STM32MP211CAN3, STM32MP211CAO3, STM32MP211DAL3, STM32MP211DAM3, STM32MP211DAN3, STM32MP211DAO3, STM32MP211FAL3, STM32MP211FAM3, STM32MP211FAN3, STM32MP211FAO3, STM32MP213AAL3, STM32MP213AAM3, STM32MP213AAN3, STM32MP213AAO3, STM32MP213CAL3, STM32MP213CAM3, STM32MP213CAN3, STM32MP213CAO3, STM32MP213DAL3, STM32MP213DAM3, STM32MP213DAN3, STM32MP213DAO3, STM32MP213FAL3, STM32MP213FAM3, STM32MP213FAN3, STM32MP213FAO3, STM32MP215AAL3, STM32MP215AAM3, STM32MP215AAN3, STM32MP215AAO3, STM32MP215CAL3, STM32MP215CAM3, STM32MP215CAN3, STM32MP215CAO3, STM32MP215DAL3, STM32MP215DAM3, STM32MP215DAN3, STM32MP215DAO3, STM32MP215F-DK, STM32MP215FAL3, STM32MP215FAM3, STM32MP215FAN3, STM32MP215FAO3, STM32MP231AAJ3, STM32MP231AAK3, STM32MP231AAL3, STM32MP231CAJ3, STM32MP231CAK3, STM32MP231CAL3, STM32MP231DAJ3, STM32MP231DAK3, STM32MP231DAL3, STM32MP231FAJ3, STM32MP231FAK3, STM32MP231FAL3, STM32MP233AAJ3, STM32MP233AAK3, STM32MP233AAL3, STM32MP233CAJ3, STM32MP233CAK3, STM32MP233CAL3, STM32MP233DAJ3, STM32MP233DAK3, STM32MP233DAL3, STM32MP233FAJ3, STM32MP233FAK3, STM32MP233FAL3, STM32MP235AAJ3, STM32MP235AAK3, STM32MP235AAL3, STM32MP235CAJ3, STM32MP235CAK3, STM32MP235CAL3, STM32MP235DAJ3, STM32MP235DAK3, STM32MP235DAL3, STM32MP235FAJ3, STM32MP235FAK3, STM32MP235FAL3, STM32MP251AAI3, STM32MP251AAK3, STM32MP251AAL3, STM32MP251CAI3, STM32MP251CAK3, STM32MP251CAL3, STM32MP251DAI3, STM32MP251DAK3, STM32MP251DAL3, STM32MP251FAI3, STM32MP251FAK3, STM32MP251FAL3, STM32MP253AAI3, STM32MP253AAK3, STM32MP253AAL3, STM32MP253CAI3, STM32MP253CAK3, STM32MP253CAL3, STM32MP253DAI3, STM32MP253DAK3, STM32MP253DAL3, STM32MP253FAI3, STM32MP253FAK3, STM32MP253FAL3, STM32MP255AAI3, STM32MP255AAK3, STM32MP255AAL3, STM32MP255CAI3, STM32MP255CAK3, STM32MP255CAL3, STM32MP255DAI3, STM32MP255DAK3, STM32MP255DAL3, STM32MP255FAI3, STM32MP255FAK3, STM32MP255FAL3, STM32MP257AAI3, STM32MP257AAK3, STM32MP257AAL3, STM32MP257CAI3, STM32MP257CAK3, STM32MP257CAL3, STM32MP257DAI3, STM32MP257DAK3, STM32MP257DAL3, STM32MP257F-DK, STM32MP257F-EV1, STM32MP257FAI3, STM32MP257FAK3, STM32MP257FAL3, STM32N645A0H3Q, STM32N645B0H3Q, STM32N645I0H3Q, STM32N645L0H3Q, STM32N645X0H3Q, STM32N645Z0H3Q, STM32N647A0H3Q, STM32N647B0H3Q, STM32N647I0H3Q, STM32N647L0H3Q, STM32N647X0H3Q, STM32N647Z0H3Q, STM32N655A0H3Q, STM32N655B0H3Q, STM32N655I0H3Q, STM32N655L0H3Q, STM32N655X0H3Q, STM32N655Z0H3Q, STM32N6570-DK, STM32N657A0H3Q, STM32N657B0H3Q, STM32N657I0H3Q, STM32N657L0H3Q, STM32N657X0H3Q, STM32N657Z0H3Q, STM32U031C6T6, STM32U031C6U6, STM32U031C8T6, STM32U031C8U6, STM32U031F4P6, STM32U031F6P6, STM32U031F8P6, STM32U031G6Y6TR, STM32U031G8Y6TR, STM32U031K4U6, STM32U031K6U6, STM32U031K8U6, STM32U031R6I6, STM32U031R6T6, STM32U031R8I6, STM32U031R8T6, STM32U073C8T6, STM32U073C8U6, STM32U073CBT6, STM32U073CBU6, STM32U073CCT6, STM32U073CCU6, STM32U073H8Y6TR, STM32U073HBY6TR, STM32U073HCY6TR, STM32U073K8U6, STM32U073KBU6, STM32U073KCU6, STM32U073M8I6, STM32U073M8T6, STM32U073MBI6, STM32U073MBT6, STM32U073MCI6, STM32U073MCT6, STM32U073R8I6, STM32U073R8T6, STM32U073RBI6, STM32U073RBT6, STM32U073RCI6, STM32U073RCT6, STM32U083C-DK, STM32U083CCT6, STM32U083CCU6, STM32U083HCY6TR, STM32U083KCU6, STM32U083MCI6, STM32U083MCT6, STM32U083RCI6, STM32U083RCT6, STM32U375CET6, STM32U375CET6Q, STM32U375CEU6, STM32U375CEU6Q, STM32U375CEY6QTR, STM32U375CGT6, STM32U375CGT6Q, STM32U375CGU6, STM32U375CGU6Q, STM32U375CGY6QTR, STM32U375KEU6, STM32U375KGU6, STM32U375REI6, STM32U375REI6Q, STM32U375RET6, STM32U375RET6Q, STM32U375REY6GTR, STM32U375REY6QTR, STM32U375RGI6, STM32U375RGI6Q, STM32U375RGT6, STM32U375RGT6Q, STM32U375RGY6GTR, STM32U375RGY6QTR, STM32U375VEI6, STM32U375VEI6Q, STM32U375VET6, STM32U375VET6Q, STM32U375VGI6, STM32U375VGI6Q, STM32U375VGT6, STM32U375VGT6Q, STM32U385CGT6, STM32U385CGT6Q, STM32U385CGU6, STM32U385CGU6Q, STM32U385CGY6QTR, STM32U385KGU6, STM32U385RGI6, STM32U385RGI6Q, STM32U385RGT6, STM32U385RGT6Q, STM32U385RGY6GTR, STM32U385RGY6QTR, STM32U385VGI6, STM32U385VGI6Q, STM32U385VGT6, STM32U385VGT6Q, STM32U535CBT6, STM32U535CBT6Q, STM32U535CBU6, STM32U535CBU6Q, STM32U535CCT6, STM32U535CCT6Q, STM32U535CCU6, STM32U535CCU6Q, STM32U535CET6, STM32U535CET6Q, STM32U535CEU6, STM32U535CEU6Q, STM32U535JEY6QTR, STM32U535NCY6QTR, STM32U535NEY6QTR, STM32U535RBI6, STM32U535RBI6Q, STM32U535RBT6, STM32U535RBT6Q, STM32U535RCI6, STM32U535RCI6Q, STM32U535RCT6, STM32U535RCT6Q, STM32U535REI6, STM32U535REI6Q, STM32U535RET6, STM32U535RET6Q, STM32U535VCI6, STM32U535VCI6Q, STM32U535VCT6, STM32U535VCT6Q, STM32U535VEI6, STM32U535VEI6Q, STM32U535VET6, STM32U535VET6Q, STM32U545CET6, STM32U545CET6Q, STM32U545CEU6, STM32U545CEU6Q, STM32U545JEY6QTR, STM32U545NEY6QTR, STM32U545REI6, STM32U545REI6Q, STM32U545RET6, STM32U545RET6Q, STM32U545VEI6, STM32U545VEI6Q, STM32U545VET6, STM32U545VET6Q, STM32U595AIH6, STM32U595AIH6Q, STM32U595AJH6, STM32U595AJH6Q, STM32U595QII6, STM32U595QII6Q, STM32U595QJI6, STM32U595QJI6Q, STM32U595RIT6, STM32U595RIT6Q, STM32U595RJT6, STM32U595RJT6Q, STM32U595VIT6, STM32U595VIT6Q, STM32U595VJT6, STM32U595VJT6Q, STM32U595ZIT6, STM32U595ZIT6Q, STM32U595ZIY6QTR, STM32U595ZJT6, STM32U595ZJT6Q, STM32U595ZJY6QTR, STM32U599BJY6QTR, STM32U599NIH6Q, STM32U599NJH6Q, STM32U599VIT6Q, STM32U599VJT6, STM32U599VJT6Q, STM32U599ZIT6Q, STM32U599ZIY6QTR, STM32U599ZJT6Q, STM32U599ZJY6QTR, STM32U5A5AJH6, STM32U5A5AJH6Q, STM32U5A5QII3Q , STM32U5A5QJI6, STM32U5A5QJI6Q, STM32U5A5RJT6, STM32U5A5RJT6Q, STM32U5A5VJT6, STM32U5A5VJT6Q, STM32U5A5ZJT6, STM32U5A5ZJT6Q, STM32U5A5ZJY6QTR, STM32U5A9BJY6QTR, STM32U5A9J-DK, STM32U5A9NJH6Q, STM32U5A9VJT6Q, STM32U5A9ZJT6Q, STM32U5A9ZJY6QTR, STM32U5F7VIT6, STM32U5F7VIT6Q, STM32U5F7VJT6, STM32U5F7VJT6Q, STM32U5F9BJY6QTR, STM32U5F9NJH6Q, STM32U5F9VIT6Q, STM32U5F9VJT6Q, STM32U5F9ZIJ6QTR, STM32U5F9ZIT6Q, STM32U5F9ZJJ6QTR, STM32U5F9ZJT6Q, STM32U5G7VJT6, STM32U5G7VJT6Q, STM32U5G9BJY6QTR, STM32U5G9J-DK1, STM32U5G9J-DK2, STM32U5G9NJH6Q, STM32U5G9VJT6Q, STM32U5G9ZJJ6QTR, STM32U5G9ZJT6Q, STM32WB05KZV6TR, STM32WB05KZV7TR, STM32WB05TZF6TR, STM32WB05TZF7TR, STM32WB06CCF6TR, STM32WB06CCF7TR, STM32WB06CCV6TR, STM32WB06CCV7TR, STM32WB06KCV6TR, STM32WB06KCV7TR, STM32WB07CCF6TR, STM32WB07CCF7TR, STM32WB07CCV6TR, STM32WB07CCV7TR, STM32WB07KCV6TR, STM32WB07KCV7TR, STM32WB09KEV6TR, STM32WB09KEV7TR, STM32WB09TEF6TR, STM32WB09TEF7TR, STM32WB1MMCH6, STM32WBA50KGU6, STM32WBA50KGU6TR, STM32WBA52CEU6, STM32WBA52CEU6TR, STM32WBA52CEU7, STM32WBA52CEU7TR, STM32WBA52CGU6, STM32WBA52CGU6TR, STM32WBA52CGU6U, STM32WBA52CGU7, STM32WBA52CGU7TR, STM32WBA52KEU6, STM32WBA52KEU6TR, STM32WBA52KGU6, STM32WBA52KGU6TR, STM32WBA54CEU6, STM32WBA54CEU6TR, STM32WBA54CEU7, STM32WBA54CEU7TR, STM32WBA54CGU6, STM32WBA54CGU6TR, STM32WBA54CGU7, STM32WBA54CGU7TR, STM32WBA54KEU6, STM32WBA54KEU6TR, STM32WBA54KEU7, STM32WBA54KEU7TR, STM32WBA54KGU6, STM32WBA54KGU6TR, STM32WBA54KGU7, STM32WBA54KGU7TR, STM32WBA55CEU6, STM32WBA55CEU6TR, STM32WBA55CEU7, STM32WBA55CEU7TR, STM32WBA55CGU6, STM32WBA55CGU6TR, STM32WBA55CGU6U, STM32WBA55CGU7, STM32WBA55CGU7TR, STM32WBA55G-DK1, STM32WBA55HEF6, STM32WBA55HEF7, STM32WBA55HGF6, STM32WBA55HGF7, STM32WBA55UEI6, STM32WBA55UEI6TR, STM32WBA55UEI7, STM32WBA55UEI7TR, STM32WBA55UGI6, STM32WBA55UGI6TR, STM32WBA55UGI7, STM32WBA55UGI7TR, STM32WBA5MMGH6TR, STM32WBA62MGF6, STM32WBA62MIF6, STM32WBA65MGF7, STM32WBA65MIF6, STM32WBA65MIF7, STM32WL30K8V6, STM32WL30KBV6, STM32WL31C8V6, STM32WL31CBV6, STM32WL31K8V6, STM32WL31KBV6, STM32WL33C8V6, STM32WL33C8V6X, STM32WL33CBV6, STM32WL33CBV6X, STM32WL33CCV6, STM32WL33CCV6A, STM32WL33CCV6X, STM32WL33K8V7, STM32WL33K8V7X, STM32WL33KBV7 , STM32WL33KBV7X, STM32WL33KCV7, STM32WL33KCV7X, STM32WL5MOCH6, STM32WL5MOCH6TR]
2026-05-19 19:21:20,898 [INFO] ApiDb:668 - CubeFinder database Data Model version=2.1
2026-05-19 19:21:20,898 [INFO] ApiDb:669 - CubeFinder database Configuration version=3.0.42
2026-05-19 19:21:20,898 [INFO] ApiDb:670 - CubeFinder database generation date=2026-03-11 (1773229989)
2026-05-19 19:21:20,898 [INFO] ApiDb:671 - CubeFinder database FW Pack versions=[FP-ATR-ASTRA1_V2.0.0, FP-SNS-FLIGHT1_V5.1.0, FP-SNS-MOTENV1_V5.1.0, FP-SNS-MOTENVWB1_V1.5.0, FP-SNS-SMARTAG2_V1.2.0, FP-SNS-STBOX1_V2.1.0, STM32Cube_FW_C0_V1.4.0, STM32Cube_FW_F4_V1.28.3, STM32Cube_FW_F7_V1.17.4, STM32Cube_FW_G0_V1.6.3, STM32Cube_FW_G4_V1.6.2, STM32Cube_FW_H5_V1.6.0, STM32Cube_FW_H7RS_V1.3.0, STM32Cube_FW_H7_V1.13.0, STM32Cube_FW_L0_V1.12.2, STM32Cube_FW_L4_V1.18.2, STM32Cube_FW_L5_V1.6.0, STM32Cube_FW_N6_V1.3.0, STM32Cube_FW_U0_V1.3.0, STM32Cube_FW_U3_V1.3.0, STM32Cube_FW_U5_V1.8.0, STM32Cube_FW_WB0_V1.4.0, STM32Cube_FW_WBA_V1.9.0, STM32Cube_FW_WB_V1.24.0, STM32Cube_FW_WL3_V1.4.0, STM32Cube_FW_WL_V1.5.0, X-CUBE-ALGOBUILD_V1.4.0, X-CUBE-ALS_V1.0.2, X-CUBE-AZRTOS-F4_V1.1.0, X-CUBE-AZRTOS-F7_V1.1.0, X-CUBE-AZRTOS-G0_V1.1.0, X-CUBE-AZRTOS-G4_V2.0.0, X-CUBE-AZRTOS-H7RS_V1.1.0, X-CUBE-AZRTOS-H7_V3.4.0, X-CUBE-AZRTOS-L4_V2.0.0, X-CUBE-AZRTOS-L5_V2.0.0, X-CUBE-AZRTOS-WB_V2.0.0, X-CUBE-AZRTOS-WL_V2.0.0, X-CUBE-BLE1_V7.1.0, X-CUBE-BLE2_V3.3.0, X-CUBE-BLEMGR_V4.1.0, X-CUBE-EEPRMA1_V5.2.0, X-CUBE-FREERTOS_V1.5.0, X-CUBE-GNSS1_V6.0.0, X-CUBE-MEMS1_V12.0.0, X-CUBE-NFC4_V3.0.0, X-CUBE-NFC7_V2.0.0, X-CUBE-SFXS2LP1_V4.0.0, X-CUBE-ST67W61_V1.2.0, X-CUBE-SUBG2_V5.0.0, X-CUBE-TOF1_V3.4.3]
2026-05-19 19:21:23,279 [INFO] ApiDb:240 - Found 880 in-development CPN: [B-G473E-ZEST1S, B-WB1M-WPAN1, B-WBA5M-WPAN, B-WL5M-SUBG1, NUCLEO-C031C6, NUCLEO-C051C8, NUCLEO-C071RB, NUCLEO-C092RC, NUCLEO-H503RB, NUCLEO-H533RE, NUCLEO-H563ZI, NUCLEO-H7S3L8, NUCLEO-N657X0-Q, NUCLEO-U031R8, NUCLEO-U083RC, NUCLEO-U385RG-Q, NUCLEO-U545RE-Q, NUCLEO-U5A5ZJ-Q, NUCLEO-WB05KZ, NUCLEO-WB07CC, NUCLEO-WB09KE, NUCLEO-WBA52CG, NUCLEO-WBA55CG, NUCLEO-WL33CC1, NUCLEO-WL33CC2, STEVAL-PROTEUS1, STEVAL-SMARTAG2, STEVAL-STWINBX1, STM320518-EVAL, STM32C0116-DK, STM32C011D6Y3TR, STM32C011D6Y6TR, STM32C011F4P3, STM32C011F4P6, STM32C011F4U3, STM32C011F4U6TR, STM32C011F6P3, STM32C011F6P6, STM32C011F6U3, STM32C011F6U6TR, STM32C011J4M3, STM32C011J4M6, STM32C011J6M3, STM32C011J6M6, STM32C0316-DK, STM32C031C4T3, STM32C031C4T6, STM32C031C4U3, STM32C031C4U6, STM32C031C6T3, STM32C031C6T6, STM32C031C6U3, STM32C031C6U6, STM32C031F4P3, STM32C031F4P6, STM32C031F6P3, STM32C031F6P6, STM32C031G4U3, STM32C031G4U6, STM32C031G6U3, STM32C031G6U6, STM32C031K4T3, STM32C031K4T6, STM32C031K4U3, STM32C031K4U6, STM32C031K6T3, STM32C031K6T6, STM32C031K6U3, STM32C031K6U6, STM32C051C6T6, STM32C051C6U6, STM32C051C8T6, STM32C051C8U6, STM32C051D8Y6TR, STM32C051F6P6, STM32C051F8P6, STM32C051G6U6, STM32C051G8U6, STM32C051K6T6, STM32C051K6U6, STM32C051K8T6, STM32C071C8T6, STM32C071C8T6N, STM32C071C8U6, STM32C071C8U6N, STM32C071CBT6, STM32C071CBT6N, STM32C071CBU6, STM32C071CBU6N, STM32C071F8P6, STM32C071F8P6N, STM32C071FBP6, STM32C071FBP6N, STM32C071FBY6TR, STM32C071G8U6, STM32C071G8U6N, STM32C071GBU6, STM32C071GBU6N, STM32C071K8T6, STM32C071K8T6N, STM32C071K8U6, STM32C071K8U6N, STM32C071KBT6, STM32C071KBT6N, STM32C071KBU6, STM32C071KBU6N, STM32C071R8T6, STM32C071R8T6N, STM32C071RBI6N, STM32C071RBT6, STM32C071RBT6N, STM32C091CBT6, STM32C091CBU6, STM32C091CCT6, STM32C091CCU6, STM32C091ECY6TR, STM32C091FBP6, STM32C091FCP6, STM32C091GBU6, STM32C091GCU6, STM32C091KBT6, STM32C091KBU6, STM32C091KCT6, STM32C091KCU6, STM32C091RBT6, STM32C091RCI6, STM32C091RCT6, STM32C092CBT6, STM32C092CBU6, STM32C092CCT6, STM32C092CCU6, STM32C092ECY6TR, STM32C092FBP6, STM32C092FCP6, STM32C092GBU6, STM32C092GCU6, STM32C092KBT6, STM32C092KBU6, STM32C092KCT6, STM32C092KCU6, STM32C092RBT6, STM32C092RCI6, STM32C092RCT6, STM32G071K8TXN, STM32G071K8UXN, STM32G081GBU6N, STM32G081KBT6N, STM32G081KBUXN, STM32G0B1CCT6N, STM32G0B1KCT6, STM32G0B1NEY6TR, STM32G0B1RCT6N, STM32G0C1CCT6, STM32G0C1CCT6N, STM32G0C1CCU6N, STM32G0C1CET6N, STM32G0C1CEU6N, STM32G0C1KCT6, STM32G0C1NEY6TR, STM32G0C1RCI6N, STM32G0C1RCT6N, STM32G0C1REI6N, STM32G0C1RET6N, STM32G0C1VCI6, STM32G0C1VEI6, STM32G411C6T3, STM32G411C6T6, STM32G411C6U3, STM32G411C6U6, STM32G411C8T3, STM32G411C8T6, STM32G411C8U3, STM32G411C8U6, STM32G411CBT3, STM32G411CBT6, STM32G411CBU3, STM32G411CBU6, STM32G411K6T3, STM32G411K6T6, STM32G411K6U3, STM32G411K6U6, STM32G411K8T3, STM32G411K8T6, STM32G411K8U3, STM32G411K8U6, STM32G411KBT3, STM32G411KBT6, STM32G411KBU3, STM32G411KBU6, STM32G411M6T3, STM32G411M6T6, STM32G411M8T3, STM32G411M8T6, STM32G411MBT3, STM32G411MBT6, STM32G411R6T3, STM32G411R6T6, STM32G411R8T3, STM32G411R8T6, STM32G411RBT3, STM32G411RBT6, STM32G414CBT3, STM32G414CBT6, STM32G414CBU3, STM32G414CBU6, STM32G414CCT3, STM32G414CCT6, STM32G414CCU3, STM32G414CCU6, STM32G414MBT3, STM32G414MBT6, STM32G414MCT3, STM32G414MCT6, STM32G414RBT3, STM32G414RBT6, STM32G414RCT3, STM32G414RCT6, STM32G414VBT3, STM32G414VBT6, STM32G414VCT3, STM32G414VCT6, STM32G431CBT3Z, STM32G431RBT3Z, STM32G471CCT6, STM32G471CCU6, STM32G471CET3, STM32G471CET6, STM32G471CEU3, STM32G471CEU6, STM32G471MCT6, STM32G471MET3, STM32G471MET6, STM32G471MEY6TR, STM32G471QCT6, STM32G471QET3, STM32G471RCT6, STM32G471RET3, STM32G471RET6, STM32G471VCH6, STM32G471VCI6, STM32G471VCT6, STM32G471VEH3, STM32G471VEH6, STM32G471VEI3, STM32G471VEI6, STM32G471VET3, STM32G471VET6, STM32G473QET3Z, STM32G473RET3Z, STM32G474CCT6, STM32G491RET3Z, STM32H503CBT6, STM32H503CBU6, STM32H503EBY6TR, STM32H503KBU6, STM32H503RBT6, STM32H523CCT6, STM32H523CCU6, STM32H523CET6, STM32H523CEU6, STM32H523HEY6TR, STM32H523RCT6, STM32H523RET6, STM32H523VCI6, STM32H523VCT6, STM32H523VEI6, STM32H523VET6, STM32H523ZCJ6, STM32H523ZCT6, STM32H523ZEJ6, STM32H523ZET6, STM32H533CET6, STM32H533CEU6, STM32H533HEY6TR, STM32H533RET6, STM32H533VEI6, STM32H533VET6, STM32H533ZEJ6, STM32H533ZET6, STM32H562AGI6, STM32H562AII6, STM32H562IGK6, STM32H562IGT6, STM32H562IIK6, STM32H562IIT6, STM32H562RGT6, STM32H562RGV6, STM32H562RIT6, STM32H562RIV6, STM32H562VGT6, STM32H562VIT6, STM32H562ZGT6, STM32H562ZIT6, STM32H563AGI6, STM32H563AII3Q, STM32H563AII6, STM32H563IGK6, STM32H563IGT6, STM32H563IIK3Q, STM32H563IIK6, STM32H563IIT3Q, STM32H563IIT6, STM32H563MIY3QTR, STM32H563RGT6, STM32H563RGV6, STM32H563RIT6, STM32H563RIV6, STM32H563VGT6, STM32H563VIT3Q, STM32H563VIT6, STM32H563ZGT6, STM32H563ZIT3Q, STM32H563ZIT6, STM32H573AII3Q, STM32H573AII6, STM32H573I-DK, STM32H573IIK3Q, STM32H573IIK6, STM32H573IIT3Q, STM32H573IIT6, STM32H573MIY3QTR, STM32H573RIT6, STM32H573RIV6, STM32H573VIT3Q, STM32H573VIT6, STM32H573ZIT3Q, STM32H573ZIT6, STM32H7R3A8I6, STM32H7R3I8K6, STM32H7R3I8T6, STM32H7R3L8H6, STM32H7R3L8H6H, STM32H7R3R8V6, STM32H7R3V8H6, STM32H7R3V8T6, STM32H7R3V8Y6TR, STM32H7R3Z8J6, STM32H7R3Z8T6, STM32H7R7A8I6, STM32H7R7I8K6, STM32H7R7I8T6, STM32H7R7L8H6, STM32H7R7L8H6H, STM32H7R7Z8J6, STM32H7S3A8I6, STM32H7S3I8K6, STM32H7S3I8T6, STM32H7S3L8H6, STM32H7S3L8H6H, STM32H7S3R8V6, STM32H7S3V8H6, STM32H7S3V8T6, STM32H7S3V8Y6TR, STM32H7S3Z8J6, STM32H7S3Z8T6, STM32H7S78-DK, STM32H7S7A8I6, STM32H7S7I8K6, STM32H7S7I8T6, STM32H7S7L8H6, STM32H7S7L8H6H, STM32H7S7Z8J6, STM32L4R5QGI6STR, STM32MP131AAE3, STM32MP131AAF3, STM32MP131AAG3, STM32MP131CAE3, STM32MP131CAF3, STM32MP131CAG3, STM32MP131DAE7, STM32MP131DAF7, STM32MP131DAG7, STM32MP131FAE7, STM32MP131FAF7, STM32MP131FAG7, STM32MP133AAE3, STM32MP133AAF3, STM32MP133AAG3, STM32MP133CAE3, STM32MP133CAF3, STM32MP133CAG3, STM32MP133DAE7, STM32MP133DAF7, STM32MP133DAG7, STM32MP133FAE7, STM32MP133FAF7, STM32MP133FAG7, STM32MP135AAE3, STM32MP135AAF3, STM32MP135AAG3, STM32MP135CAE3, STM32MP135CAF3, STM32MP135CAG3, STM32MP135DAE7, STM32MP135DAF7, STM32MP135DAG7, STM32MP135F-DK, STM32MP135FAE7, STM32MP135FAF7, STM32MP135FAF7T, STM32MP135FAF7U, STM32MP135FAG7, STM32MP211AAL3, STM32MP211AAM3, STM32MP211AAN3, STM32MP211AAO3, STM32MP211CAL3, STM32MP211CAM3, STM32MP211CAN3, STM32MP211CAO3, STM32MP211DAL3, STM32MP211DAM3, STM32MP211DAN3, STM32MP211DAO3, STM32MP211FAL3, STM32MP211FAM3, STM32MP211FAN3, STM32MP211FAO3, STM32MP213AAL3, STM32MP213AAM3, STM32MP213AAN3, STM32MP213AAO3, STM32MP213CAL3, STM32MP213CAM3, STM32MP213CAN3, STM32MP213CAO3, STM32MP213DAL3, STM32MP213DAM3, STM32MP213DAN3, STM32MP213DAO3, STM32MP213FAL3, STM32MP213FAM3, STM32MP213FAN3, STM32MP213FAO3, STM32MP215AAL3, STM32MP215AAM3, STM32MP215AAN3, STM32MP215AAO3, STM32MP215CAL3, STM32MP215CAM3, STM32MP215CAN3, STM32MP215CAO3, STM32MP215DAL3, STM32MP215DAM3, STM32MP215DAN3, STM32MP215DAO3, STM32MP215F-DK, STM32MP215FAL3, STM32MP215FAM3, STM32MP215FAN3, STM32MP215FAO3, STM32MP231AAJ3, STM32MP231AAK3, STM32MP231AAL3, STM32MP231CAJ3, STM32MP231CAK3, STM32MP231CAL3, STM32MP231DAJ3, STM32MP231DAK3, STM32MP231DAL3, STM32MP231FAJ3, STM32MP231FAK3, STM32MP231FAL3, STM32MP233AAJ3, STM32MP233AAK3, STM32MP233AAL3, STM32MP233CAJ3, STM32MP233CAK3, STM32MP233CAL3, STM32MP233DAJ3, STM32MP233DAK3, STM32MP233DAL3, STM32MP233FAJ3, STM32MP233FAK3, STM32MP233FAL3, STM32MP235AAJ3, STM32MP235AAK3, STM32MP235AAL3, STM32MP235CAJ3, STM32MP235CAK3, STM32MP235CAL3, STM32MP235DAJ3, STM32MP235DAK3, STM32MP235DAL3, STM32MP235FAJ3, STM32MP235FAK3, STM32MP235FAL3, STM32MP251AAI3, STM32MP251AAK3, STM32MP251AAL3, STM32MP251CAI3, STM32MP251CAK3, STM32MP251CAL3, STM32MP251DAI3, STM32MP251DAK3, STM32MP251DAL3, STM32MP251FAI3, STM32MP251FAK3, STM32MP251FAL3, STM32MP253AAI3, STM32MP253AAK3, STM32MP253AAL3, STM32MP253CAI3, STM32MP253CAK3, STM32MP253CAL3, STM32MP253DAI3, STM32MP253DAK3, STM32MP253DAL3, STM32MP253FAI3, STM32MP253FAK3, STM32MP253FAL3, STM32MP255AAI3, STM32MP255AAK3, STM32MP255AAL3, STM32MP255CAI3, STM32MP255CAK3, STM32MP255CAL3, STM32MP255DAI3, STM32MP255DAK3, STM32MP255DAL3, STM32MP255FAI3, STM32MP255FAK3, STM32MP255FAL3, STM32MP257AAI3, STM32MP257AAK3, STM32MP257AAL3, STM32MP257CAI3, STM32MP257CAK3, STM32MP257CAL3, STM32MP257DAI3, STM32MP257DAK3, STM32MP257DAL3, STM32MP257F-DK, STM32MP257F-EV1, STM32MP257FAI3, STM32MP257FAK3, STM32MP257FAL3, STM32N645A0H3Q, STM32N645B0H3Q, STM32N645I0H3Q, STM32N645L0H3Q, STM32N645X0H3Q, STM32N645Z0H3Q, STM32N647A0H3Q, STM32N647B0H3Q, STM32N647I0H3Q, STM32N647L0H3Q, STM32N647X0H3Q, STM32N647Z0H3Q, STM32N655A0H3Q, STM32N655B0H3Q, STM32N655I0H3Q, STM32N655L0H3Q, STM32N655X0H3Q, STM32N655Z0H3Q, STM32N6570-DK, STM32N657A0H3Q, STM32N657B0H3Q, STM32N657I0H3Q, STM32N657L0H3Q, STM32N657X0H3Q, STM32N657Z0H3Q, STM32U031C6T6, STM32U031C6U6, STM32U031C8T6, STM32U031C8U6, STM32U031F4P6, STM32U031F6P6, STM32U031F8P6, STM32U031G6Y6TR, STM32U031G8Y6TR, STM32U031K4U6, STM32U031K6U6, STM32U031K8U6, STM32U031R6I6, STM32U031R6T6, STM32U031R8I6, STM32U031R8T6, STM32U073C8T6, STM32U073C8U6, STM32U073CBT6, STM32U073CBU6, STM32U073CCT6, STM32U073CCU6, STM32U073H8Y6TR, STM32U073HBY6TR, STM32U073HCY6TR, STM32U073K8U6, STM32U073KBU6, STM32U073KCU6, STM32U073M8I6, STM32U073M8T6, STM32U073MBI6, STM32U073MBT6, STM32U073MCI6, STM32U073MCT6, STM32U073R8I6, STM32U073R8T6, STM32U073RBI6, STM32U073RBT6, STM32U073RCI6, STM32U073RCT6, STM32U083C-DK, STM32U083CCT6, STM32U083CCU6, STM32U083HCY6TR, STM32U083KCU6, STM32U083MCI6, STM32U083MCT6, STM32U083RCI6, STM32U083RCT6, STM32U375CET6, STM32U375CET6Q, STM32U375CEU6, STM32U375CEU6Q, STM32U375CEY6QTR, STM32U375CGT6, STM32U375CGT6Q, STM32U375CGU6, STM32U375CGU6Q, STM32U375CGY6QTR, STM32U375KEU6, STM32U375KGU6, STM32U375REI6, STM32U375REI6Q, STM32U375RET6, STM32U375RET6Q, STM32U375REY6GTR, STM32U375REY6QTR, STM32U375RGI6, STM32U375RGI6Q, STM32U375RGT6, STM32U375RGT6Q, STM32U375RGY6GTR, STM32U375RGY6QTR, STM32U375VEI6, STM32U375VEI6Q, STM32U375VET6, STM32U375VET6Q, STM32U375VGI6, STM32U375VGI6Q, STM32U375VGT6, STM32U375VGT6Q, STM32U385CGT6, STM32U385CGT6Q, STM32U385CGU6, STM32U385CGU6Q, STM32U385CGY6QTR, STM32U385KGU6, STM32U385RGI6, STM32U385RGI6Q, STM32U385RGT6, STM32U385RGT6Q, STM32U385RGY6GTR, STM32U385RGY6QTR, STM32U385VGI6, STM32U385VGI6Q, STM32U385VGT6, STM32U385VGT6Q, STM32U535CBT6, STM32U535CBT6Q, STM32U535CBU6, STM32U535CBU6Q, STM32U535CCT6, STM32U535CCT6Q, STM32U535CCU6, STM32U535CCU6Q, STM32U535CET6, STM32U535CET6Q, STM32U535CEU6, STM32U535CEU6Q, STM32U535JEY6QTR, STM32U535NCY6QTR, STM32U535NEY6QTR, STM32U535RBI6, STM32U535RBI6Q, STM32U535RBT6, STM32U535RBT6Q, STM32U535RCI6, STM32U535RCI6Q, STM32U535RCT6, STM32U535RCT6Q, STM32U535REI6, STM32U535REI6Q, STM32U535RET6, STM32U535RET6Q, STM32U535VCI6, STM32U535VCI6Q, STM32U535VCT6, STM32U535VCT6Q, STM32U535VEI6, STM32U535VEI6Q, STM32U535VET6, STM32U535VET6Q, STM32U545CET6, STM32U545CET6Q, STM32U545CEU6, STM32U545CEU6Q, STM32U545JEY6QTR, STM32U545NEY6QTR, STM32U545REI6, STM32U545REI6Q, STM32U545RET6, STM32U545RET6Q, STM32U545VEI6, STM32U545VEI6Q, STM32U545VET6, STM32U545VET6Q, STM32U595AIH6, STM32U595AIH6Q, STM32U595AJH6, STM32U595AJH6Q, STM32U595QII6, STM32U595QII6Q, STM32U595QJI6, STM32U595QJI6Q, STM32U595RIT6, STM32U595RIT6Q, STM32U595RJT6, STM32U595RJT6Q, STM32U595VIT6, STM32U595VIT6Q, STM32U595VJT6, STM32U595VJT6Q, STM32U595ZIT6, STM32U595ZIT6Q, STM32U595ZIY6QTR, STM32U595ZJT6, STM32U595ZJT6Q, STM32U595ZJY6QTR, STM32U599BJY6QTR, STM32U599NIH6Q, STM32U599NJH6Q, STM32U599VIT6Q, STM32U599VJT6, STM32U599VJT6Q, STM32U599ZIT6Q, STM32U599ZIY6QTR, STM32U599ZJT6Q, STM32U599ZJY6QTR, STM32U5A5AJH6, STM32U5A5AJH6Q, STM32U5A5QII3Q , STM32U5A5QJI6, STM32U5A5QJI6Q, STM32U5A5RJT6, STM32U5A5RJT6Q, STM32U5A5VJT6, STM32U5A5VJT6Q, STM32U5A5ZJT6, STM32U5A5ZJT6Q, STM32U5A5ZJY6QTR, STM32U5A9BJY6QTR, STM32U5A9J-DK, STM32U5A9NJH6Q, STM32U5A9VJT6Q, STM32U5A9ZJT6Q, STM32U5A9ZJY6QTR, STM32U5F7VIT6, STM32U5F7VIT6Q, STM32U5F7VJT6, STM32U5F7VJT6Q, STM32U5F9BJY6QTR, STM32U5F9NJH6Q, STM32U5F9VIT6Q, STM32U5F9VJT6Q, STM32U5F9ZIJ6QTR, STM32U5F9ZIT6Q, STM32U5F9ZJJ6QTR, STM32U5F9ZJT6Q, STM32U5G7VJT6, STM32U5G7VJT6Q, STM32U5G9BJY6QTR, STM32U5G9J-DK1, STM32U5G9J-DK2, STM32U5G9NJH6Q, STM32U5G9VJT6Q, STM32U5G9ZJJ6QTR, STM32U5G9ZJT6Q, STM32WB05KZV6TR, STM32WB05KZV7TR, STM32WB05TZF6TR, STM32WB05TZF7TR, STM32WB06CCF6TR, STM32WB06CCF7TR, STM32WB06CCV6TR, STM32WB06CCV7TR, STM32WB06KCV6TR, STM32WB06KCV7TR, STM32WB07CCF6TR, STM32WB07CCF7TR, STM32WB07CCV6TR, STM32WB07CCV7TR, STM32WB07KCV6TR, STM32WB07KCV7TR, STM32WB09KEV6TR, STM32WB09KEV7TR, STM32WB09TEF6TR, STM32WB09TEF7TR, STM32WB1MMCH6, STM32WBA50KGU6, STM32WBA50KGU6TR, STM32WBA52CEU6, STM32WBA52CEU6TR, STM32WBA52CEU7, STM32WBA52CEU7TR, STM32WBA52CGU6, STM32WBA52CGU6TR, STM32WBA52CGU6U, STM32WBA52CGU7, STM32WBA52CGU7TR, STM32WBA52KEU6, STM32WBA52KEU6TR, STM32WBA52KGU6, STM32WBA52KGU6TR, STM32WBA54CEU6, STM32WBA54CEU6TR, STM32WBA54CEU7, STM32WBA54CEU7TR, STM32WBA54CGU6, STM32WBA54CGU6TR, STM32WBA54CGU7, STM32WBA54CGU7TR, STM32WBA54KEU6, STM32WBA54KEU6TR, STM32WBA54KEU7, STM32WBA54KEU7TR, STM32WBA54KGU6, STM32WBA54KGU6TR, STM32WBA54KGU7, STM32WBA54KGU7TR, STM32WBA55CEU6, STM32WBA55CEU6TR, STM32WBA55CEU7, STM32WBA55CEU7TR, STM32WBA55CGU6, STM32WBA55CGU6TR, STM32WBA55CGU6U, STM32WBA55CGU7, STM32WBA55CGU7TR, STM32WBA55G-DK1, STM32WBA55HEF6, STM32WBA55HEF7, STM32WBA55HGF6, STM32WBA55HGF7, STM32WBA55UEI6, STM32WBA55UEI6TR, STM32WBA55UEI7, STM32WBA55UEI7TR, STM32WBA55UGI6, STM32WBA55UGI6TR, STM32WBA55UGI7, STM32WBA55UGI7TR, STM32WBA5MMGH6TR, STM32WBA62MGF6, STM32WBA62MIF6, STM32WBA65MGF7, STM32WBA65MIF6, STM32WBA65MIF7, STM32WL30K8V6, STM32WL30KBV6, STM32WL31C8V6, STM32WL31CBV6, STM32WL31K8V6, STM32WL31KBV6, STM32WL33C8V6, STM32WL33C8V6X, STM32WL33CBV6, STM32WL33CBV6X, STM32WL33CCV6, STM32WL33CCV6A, STM32WL33CCV6X, STM32WL33K8V7, STM32WL33K8V7X, STM32WL33KBV7 , STM32WL33KBV7X, STM32WL33KCV7, STM32WL33KCV7X, STM32WL5MOCH6, STM32WL5MOCH6TR]
2026-05-19 19:21:23,282 [INFO] DbMcus:218 - Found 5055 MCUs, 4968 are supported
2026-05-19 19:21:23,283 [INFO] ApiDb:423 - Load user favorites file /Users/admin/.stm32cubeide/favorites.mcus.txt: 0 item(s)
2026-05-19 19:21:23,283 [INFO] ApiDb:427 - User favorites MCUs=[]
2026-05-19 19:21:23,283 [INFO] DbMcus:224 - Set 0 / 0 favorites MCUs
2026-05-19 19:21:23,923 [INFO] BoardInfo:889 - No configuration file found for board NUCLEO-H5E5ZJ
2026-05-19 19:21:23,924 [INFO] DbBoards:161 - Board is not supported: NUCLEO-H5E5ZJ
2026-05-19 19:21:24,005 [INFO] BoardInfo:889 - No configuration file found for board NUCLEO-U3C5ZI-Q
2026-05-19 19:21:24,005 [INFO] DbBoards:161 - Board is not supported: NUCLEO-U3C5ZI-Q
2026-05-19 19:21:24,026 [INFO] BoardInfo:889 - No configuration file found for board NUCLEO-WBA25CE1
2026-05-19 19:21:24,026 [INFO] DbBoards:161 - Board is not supported: NUCLEO-WBA25CE1
2026-05-19 19:21:24,039 [INFO] BoardInfo:889 - No configuration file found for board NUCLEO-WL3RKB1
2026-05-19 19:21:24,040 [INFO] DbBoards:161 - Board is not supported: NUCLEO-WL3RKB1
2026-05-19 19:21:24,042 [INFO] BoardInfo:889 - No configuration file found for board NUCLEO-WL3RKB2
2026-05-19 19:21:24,042 [INFO] DbBoards:161 - Board is not supported: NUCLEO-WL3RKB2
2026-05-19 19:21:24,056 [INFO] BoardInfo:889 - No configuration file found for board P-NUCLEO-WB55
2026-05-19 19:21:24,056 [INFO] DbBoards:161 - Kit is not supported: P-NUCLEO-WB55
2026-05-19 19:21:24,071 [INFO] BoardInfo:889 - No configuration file found for board STEVAL-BFA001V1B
2026-05-19 19:21:24,072 [INFO] DbBoards:161 - Kit is not supported: STEVAL-BFA001V1B
2026-05-19 19:21:24,074 [INFO] BoardInfo:889 - No configuration file found for board STEVAL-BFA001V2B
2026-05-19 19:21:24,074 [INFO] DbBoards:161 - Kit is not supported: STEVAL-BFA001V2B
2026-05-19 19:21:24,216 [INFO] BoardInfo:889 - No configuration file found for board STM32H5F5J-DK
2026-05-19 19:21:24,216 [INFO] DbBoards:161 - Board is not supported: STM32H5F5J-DK
2026-05-19 19:21:24,313 [INFO] DbBoards:168 - Found 218 boards, 209 are supported
2026-05-19 19:21:24,313 [INFO] DbBoards:169 - Found 218 boards, 43 of them is supported for  Bsp
2026-05-19 19:21:24,318 [INFO] ApiDb:423 - Load user favorites file /Users/admin/.stm32cubeide/favorites.boards.txt: 0 item(s)
2026-05-19 19:21:24,318 [INFO] ApiDb:427 - User favorites Boards=[]
2026-05-19 19:21:24,318 [INFO] DbBoards:198 - Set 0 / 0 favorites Boards
2026-05-19 19:21:24,372 [INFO] UtilMem:75 - End LoadConfig() Used Memory: 871042312 Bytes (1073741824)
2026-05-19 19:21:24,666 [WARN] ThirdParty:833 - waiting for thirdparty lock release [change project]
2026-05-19 19:21:24,666 [INFO] ThirdParty:835 - entering critical section [change project]
2026-05-19 19:21:24,666 [INFO] ThirdParty:1030 - CMSIS Pack Vendor :STMicroelectronics X-CUBE-AZRTOS-H7 3.5.0
2026-05-19 19:21:24,666 [INFO] ThirdParty:1030 - CMSIS Pack Vendor :STMicroelectronics X-CUBE-PM33A1 1.0.0
2026-05-19 19:21:24,666 [INFO] ThirdParty:1030 - CMSIS Pack Vendor :STMicroelectronics USBPD 4.1
2026-05-19 19:21:24,666 [INFO] ThirdParty:1030 - CMSIS Pack Vendor :STMicroelectronics X-CUBE-GNSS1 6.0.0
2026-05-19 19:21:24,667 [INFO] ThirdParty:1030 - CMSIS Pack Vendor :STMicroelectronics USB_HOST 2.0.0
2026-05-19 19:21:24,667 [INFO] ThirdParty:1030 - CMSIS Pack Vendor :STMicroelectronics FP-SNS-MOTENVWB1 1.4.0
2026-05-19 19:21:24,667 [INFO] ThirdParty:1030 - CMSIS Pack Vendor :STMicroelectronics X-CUBE-AZRTOS-F4 1.1.0
2026-05-19 19:21:24,667 [INFO] ThirdParty:1030 - CMSIS Pack Vendor :STMicroelectronics LIBJPEG 8.0.0
2026-05-19 19:21:24,667 [INFO] ThirdParty:1030 - CMSIS Pack Vendor :STMicroelectronics FP-ATR-ASTRA1 2.0.2
2026-05-19 19:21:24,667 [INFO] ThirdParty:1030 - CMSIS Pack Vendor :STMicroelectronics FP-ATR-ASTRA1 2.0.1
2026-05-19 19:21:24,667 [INFO] ThirdParty:1030 - CMSIS Pack Vendor :Avnet-IotConnect X-CUBE-IoTC-DA16k-PMOD 1.0.0
2026-05-19 19:21:24,667 [INFO] ThirdParty:1030 - CMSIS Pack Vendor :STMicroelectronics X-CUBE-SMBUS 2.1.0
2026-05-19 19:21:24,667 [INFO] ThirdParty:1030 - CMSIS Pack Vendor :STMicroelectronics X-CUBE-WB05N 1.1.0
2026-05-19 19:21:24,667 [INFO] ThirdParty:1030 - CMSIS Pack Vendor :STMicroelectronics X-CUBE-ISPU 2.1.0
2026-05-19 19:21:24,667 [INFO] ThirdParty:1030 - CMSIS Pack Vendor :STMicroelectronics X-CUBE-IPS 3.2.0
2026-05-19 19:21:24,667 [INFO] ThirdParty:1030 - CMSIS Pack Vendor :STMicroelectronics eDS-WB_DPC_TT-BIDIR 2.1.1
2026-05-19 19:21:24,667 [INFO] ThirdParty:1030 - CMSIS Pack Vendor :STMicroelectronics X-CUBE-FREERTOS 1.2.0
2026-05-19 19:21:24,667 [INFO] ThirdParty:1030 - CMSIS Pack Vendor :STMicroelectronics X-CUBE-ST60 1.0.0
2026-05-19 19:21:24,667 [INFO] ThirdParty:1030 - CMSIS Pack Vendor :STMicroelectronics X-CUBE-NFC12 1.0.0
2026-05-19 19:21:24,667 [INFO] ThirdParty:1030 - CMSIS Pack Vendor :STMicroelectronics X-CUBE-TOUCHGFX 4.23.2
2026-05-19 19:21:24,668 [INFO] ThirdParty:1030 - CMSIS Pack Vendor :STMicroelectronics X-CUBE-AZRTOS-F7 1.1.0
2026-05-19 19:21:24,668 [INFO] ThirdParty:1030 - CMSIS Pack Vendor :STMicroelectronics X-CUBE-AZRTOS-L5 2.0.0
2026-05-19 19:21:24,668 [INFO] ThirdParty:1030 - CMSIS Pack Vendor :STMicroelectronics USB_DEVICE 2.0.0
2026-05-19 19:21:24,668 [INFO] ThirdParty:1030 - CMSIS Pack Vendor :STMicroelectronics X-CUBE-NFC6 3.1.0
2026-05-19 19:21:24,668 [INFO] ThirdParty:1030 - CMSIS Pack Vendor :STMicroelectronics FP-SNS-MOTENV1 4.3.2
2026-05-19 19:21:24,668 [INFO] ThirdParty:1030 - CMSIS Pack Vendor :STMicroelectronics X-CUBE-MEMS1 11.0.0
2026-05-19 19:21:24,668 [INFO] ThirdParty:1030 - CMSIS Pack Vendor :STMicroelectronics FP-SNS-MOTENV1 5.1.0
2026-05-19 19:21:24,668 [INFO] ThirdParty:1030 - CMSIS Pack Vendor :STMicroelectronics FreeRTOS 0.0.1
2026-05-19 19:21:24,668 [INFO] ThirdParty:1030 - CMSIS Pack Vendor :STMicroelectronics X-CUBE-DPower 1.2.0
2026-05-19 19:21:24,668 [INFO] ThirdParty:1030 - CMSIS Pack Vendor :STMicroelectronics eDS-WB_DPC_VIENNA 1.2.0
2026-05-19 19:21:24,668 [INFO] ThirdParty:1030 - CMSIS Pack Vendor :STMicroelectronics FP-SNS-FLIGHT1 5.0.2
2026-05-19 19:21:24,668 [INFO] ThirdParty:1030 - CMSIS Pack Vendor :STMicroelectronics eDS-WB_DPC_3PH2L-BIDIR 1.1.1
2026-05-19 19:21:24,668 [INFO] ThirdParty:1030 - CMSIS Pack Vendor :STMicroelectronics X-CUBE-AI 9.0.0
2026-05-19 19:21:24,669 [INFO] ThirdParty:1030 - CMSIS Pack Vendor :STMicroelectronics PDM2PCM 3.3.0
2026-05-19 19:21:24,669 [INFO] ThirdParty:1030 - CMSIS Pack Vendor :STMicroelectronics X-CUBE-AZRTOS-H7 3.4.0
2026-05-19 19:21:24,669 [INFO] ThirdParty:1030 - CMSIS Pack Vendor :STMicroelectronics X-CUBE-DISPLAY 3.0.0
2026-05-19 19:21:24,669 [INFO] ThirdParty:1030 - CMSIS Pack Vendor :STMicroelectronics X-CUBE-GNSS1 7.1.1
2026-05-19 19:21:24,669 [INFO] ThirdParty:1030 - CMSIS Pack Vendor :STMicroelectronics FP-SNS-MOTENVWB1 1.5.0
2026-05-19 19:21:24,670 [INFO] ThirdParty:1030 - CMSIS Pack Vendor :STMicroelectronics X-CUBE-BLE1 7.0.0
2026-05-19 19:21:24,670 [INFO] ThirdParty:1030 - CMSIS Pack Vendor :STMicroelectronics X-CUBE-NFC10 1.0.0
2026-05-19 19:21:24,670 [INFO] ThirdParty:1030 - CMSIS Pack Vendor :STMicroelectronics X-CUBE-BLEMGR 4.0.0
2026-05-19 19:21:24,670 [INFO] ThirdParty:1030 - CMSIS Pack Vendor :STMicroelectronics X-CUBE-FREERTOS 1.3.1
2026-05-19 19:21:24,670 [INFO] ThirdParty:1030 - CMSIS Pack Vendor :STMicroelectronics HAL Drivers 0.0.0
2026-05-19 19:21:24,670 [INFO] ThirdParty:1030 - CMSIS Pack Vendor :STMicroelectronics X-CUBE-ST60 1.1.0
2026-05-19 19:21:24,670 [INFO] ThirdParty:1030 - CMSIS Pack Vendor :emotas I-CUBE-CANOPEN 1.3.0
2026-05-19 19:21:24,670 [INFO] ThirdParty:1030 - CMSIS Pack Vendor :STMicroelectronics X-CUBE-FREERTOS 1.3.0
2026-05-19 19:21:24,670 [INFO] ThirdParty:1030 - CMSIS Pack Vendor :STMicroelectronics X-CUBE-NFC7 1.0.1
2026-05-19 19:21:24,670 [INFO] ThirdParty:1030 - CMSIS Pack Vendor :STMicroelectronics MBEDTLS 2.14.1
2026-05-19 19:21:24,670 [INFO] ThirdParty:1030 - CMSIS Pack Vendor :STMicroelectronics X-CUBE-GNSS1 7.1.0
2026-05-19 19:21:24,670 [INFO] ThirdParty:1030 - CMSIS Pack Vendor :wolfSSL I-CUBE-wolfTPM 3.2.0
2026-05-19 19:21:24,671 [INFO] ThirdParty:1030 - CMSIS Pack Vendor :STMicroelectronics X-CUBE-TOUCHGFX 4.26.0
2026-05-19 19:21:24,671 [INFO] ThirdParty:1030 - CMSIS Pack Vendor :STMicroelectronics X-CUBE-TOUCHGFX 4.26.1
2026-05-19 19:21:24,671 [INFO] ThirdParty:1030 - CMSIS Pack Vendor :STMicroelectronics X-CUBE-BLEMGR 3.1.0
2026-05-19 19:21:24,671 [INFO] ThirdParty:1030 - CMSIS Pack Vendor :STMicroelectronics X-CUBE-AI 10.0.0
2026-05-19 19:21:24,671 [INFO] ThirdParty:1030 - CMSIS Pack Vendor :STMicroelectronics FP-SNS-STBOX1 2.1.0
2026-05-19 19:21:24,671 [INFO] ThirdParty:1030 - CMSIS Pack Vendor :STMicroelectronics FP-SNS-STAIOTCFT 1.0.0
2026-05-19 19:21:24,671 [INFO] ThirdParty:1030 - CMSIS Pack Vendor :STMicroelectronics FP-SNS-SMARTAG2 1.2.0
2026-05-19 19:21:24,671 [INFO] ThirdParty:1030 - CMSIS Pack Vendor :STMicroelectronics FP-SNS-FLIGHT1 5.1.0
2026-05-19 19:21:24,671 [INFO] ThirdParty:1030 - CMSIS Pack Vendor :STMicroelectronics X-CUBE-MEMS1 11.1.0
2026-05-19 19:21:24,671 [INFO] ThirdParty:1030 - CMSIS Pack Vendor :STMicroelectronics X-CUBE-AZRTOS-WL 2.0.0
2026-05-19 19:21:24,672 [INFO] ThirdParty:1030 - CMSIS Pack Vendor :STMicroelectronics X-CUBE-DPower 1.3.0
2026-05-19 19:21:24,672 [INFO] ThirdParty:1030 - CMSIS Pack Vendor :STMicroelectronics FP-SNS-MOTENV1 5.0.0
2026-05-19 19:21:24,672 [INFO] ThirdParty:1030 - CMSIS Pack Vendor :STMicroelectronics USB_DEVICE 1.0.0
2026-05-19 19:21:24,672 [INFO] ThirdParty:1030 - CMSIS Pack Vendor :STMicroelectronics X-CUBE-AZRTOS-H7RS 1.2.0
2026-05-19 19:21:24,672 [INFO] ThirdParty:1030 - CMSIS Pack Vendor :STMicroelectronics X-CUBE-AI 8.1.0
2026-05-19 19:21:24,672 [INFO] ThirdParty:1030 - CMSIS Pack Vendor :wolfSSL I-CUBE-wolfMQTT 1.19.0
2026-05-19 19:21:24,672 [INFO] ThirdParty:1030 - CMSIS Pack Vendor :STMicroelectronics X-CUBE-AZRTOS-L4 2.0.0
2026-05-19 19:21:24,672 [INFO] ThirdParty:1030 - CMSIS Pack Vendor :STMicroelectronics ThreadX 0.0.2
2026-05-19 19:21:24,672 [INFO] ThirdParty:1030 - CMSIS Pack Vendor :WES I-CUBE-Cesium 1.3.0
2026-05-19 19:21:24,672 [INFO] ThirdParty:1030 - CMSIS Pack Vendor :STMicroelectronics lwIP 2.1.2
2026-05-19 19:21:24,672 [INFO] ThirdParty:1030 - CMSIS Pack Vendor :STMicroelectronics X-CUBE-SFXS2LP1 4.0.0
2026-05-19 19:21:24,673 [INFO] ThirdParty:1030 - CMSIS Pack Vendor :STMicroelectronics X-CUBE-BLE2 3.3.0
2026-05-19 19:21:24,673 [INFO] ThirdParty:1030 - CMSIS Pack Vendor :Avnet-IOTCONNECT X-CUBE-iotc-st67-sdk 1.0.0
2026-05-19 19:21:24,673 [INFO] ThirdParty:1030 - CMSIS Pack Vendor :STMicroelectronics PDM2PCM 3.2.0
2026-05-19 19:21:24,673 [INFO] ThirdParty:1030 - CMSIS Pack Vendor :STMicroelectronics X-CUBE-WB05N 2.1.0
2026-05-19 19:21:24,673 [INFO] ThirdParty:1030 - CMSIS Pack Vendor :STMicroelectronics X-CUBE-ST67W61 1.2.0
2026-05-19 19:21:24,673 [INFO] ThirdParty:1030 - CMSIS Pack Vendor :STMicroelectronics X-CUBE-AZRTOS-H7 3.3.0
2026-05-19 19:21:24,673 [INFO] ThirdParty:1030 - CMSIS Pack Vendor :STMicroelectronics X-CUBE-NFC9 1.0.0
2026-05-19 19:21:24,673 [INFO] ThirdParty:1030 - CMSIS Pack Vendor :STMicroelectronics X-CUBE-BLE1 7.1.0
2026-05-19 19:21:24,673 [INFO] ThirdParty:1030 - CMSIS Pack Vendor :STMicroelectronics USB_DEVICE 3.0.0
2026-05-19 19:21:24,673 [INFO] ThirdParty:1030 - CMSIS Pack Vendor :STMicroelectronics X-CUBE-TCPP 4.1.0
2026-05-19 19:21:24,674 [INFO] ThirdParty:1030 - CMSIS Pack Vendor :STMicroelectronics X-CUBE-FREERTOS 1.4.0
2026-05-19 19:21:24,674 [INFO] ThirdParty:1030 - CMSIS Pack Vendor :STMicroelectronics X-CUBE-EEPRMA1 5.2.0
2026-05-19 19:21:24,674 [INFO] ThirdParty:1030 - CMSIS Pack Vendor :STMicroelectronics X-CUBE-BLEMGR 4.1.0
2026-05-19 19:21:24,674 [INFO] ThirdParty:1030 - CMSIS Pack Vendor :STMicroelectronics X-CUBE-IPS 3.0.0
2026-05-19 19:21:24,674 [INFO] ThirdParty:1030 - CMSIS Pack Vendor :STMicroelectronics X-CUBE-AZRTOS-WB 2.0.0
2026-05-19 19:21:24,674 [INFO] ThirdParty:1030 - CMSIS Pack Vendor :STMicroelectronics X-CUBE-GNSS1 7.0.0
2026-05-19 19:21:24,674 [INFO] ThirdParty:1030 - CMSIS Pack Vendor :STMicroelectronics X-CUBE-GNSS1 7.0.1
2026-05-19 19:21:24,674 [INFO] ThirdParty:1030 - CMSIS Pack Vendor :STMicroelectronics X-CUBE-TOUCHGFX 4.25.0
2026-05-19 19:21:24,674 [INFO] ThirdParty:1030 - CMSIS Pack Vendor :STMicroelectronics X-CUBE-ST67W61 1.1.0
2026-05-19 19:21:24,674 [INFO] ThirdParty:1030 - CMSIS Pack Vendor :STMicroelectronics X-CUBE-AI 10.1.0
2026-05-19 19:21:24,674 [INFO] ThirdParty:1030 - CMSIS Pack Vendor :STMicroelectronics FP-SNS-STBOX1 2.0.0
2026-05-19 19:21:24,674 [INFO] ThirdParty:1030 - CMSIS Pack Vendor :STMicroelectronics FP-SNS-STAIOTCFT 1.1.0
2026-05-19 19:21:24,674 [INFO] ThirdParty:1030 - CMSIS Pack Vendor :STMicroelectronics X-CUBE-MEMS1 12.0.0
2026-05-19 19:21:24,674 [INFO] ThirdParty:1030 - CMSIS Pack Vendor :STMicroelectronics X-CUBE-ALGOBUILD 1.3.0
2026-05-19 19:21:24,675 [INFO] ThirdParty:1030 - CMSIS Pack Vendor :STMicroelectronics X-CUBE-STSE01 2.0.0
2026-05-19 19:21:24,675 [INFO] ThirdParty:1030 - CMSIS Pack Vendor :STMicroelectronics X-CUBE-MEMS1 11.2.0
2026-05-19 19:21:24,675 [INFO] ThirdParty:1030 - CMSIS Pack Vendor :STMicroelectronics X-CUBE-AZRTOS-G0 1.1.0
2026-05-19 19:21:24,675 [INFO] ThirdParty:1030 - CMSIS Pack Vendor :STMicroelectronics X-CUBE-SAFEA1 1.2.2
2026-05-19 19:21:24,675 [INFO] ThirdParty:1030 - CMSIS Pack Vendor :STMicroelectronics X-CUBE-NFC4 3.0.0
2026-05-19 19:21:24,675 [INFO] ThirdParty:1030 - CMSIS Pack Vendor :STMicroelectronics X-CUBE-SUBG2 5.0.0
2026-05-19 19:21:24,675 [INFO] ThirdParty:1030 - CMSIS Pack Vendor :STMicroelectronics X-CUBE-AZRTOS-H7RS 1.1.0
2026-05-19 19:21:24,675 [INFO] ThirdParty:1030 - CMSIS Pack Vendor :STMicroelectronics STM32_WPAN 1.0.0
2026-05-19 19:21:24,675 [INFO] ThirdParty:1030 - CMSIS Pack Vendor :EmbeddedOffice I-CUBE-FS-RTOS 1.0.1
2026-05-19 19:21:24,675 [INFO] ThirdParty:1030 - CMSIS Pack Vendor :STMicroelectronics lwIP 2.0.3
2026-05-19 19:21:24,675 [INFO] ThirdParty:1030 - CMSIS Pack Vendor :Cesanta I-CUBE-Mongoose 7.13.0
2026-05-19 19:21:24,675 [INFO] ThirdParty:1030 - CMSIS Pack Vendor :STMicroelectronics USB_HOST 1.0.0
2026-05-19 19:21:24,675 [INFO] ThirdParty:1030 - CMSIS Pack Vendor :STMicroelectronics X-CUBE-AZRTOS-G4 2.0.0
2026-05-19 19:21:24,675 [INFO] ThirdParty:1030 - CMSIS Pack Vendor :STMicroelectronics X-CUBE-WB05N 2.0.0
2026-05-19 19:21:24,675 [INFO] ThirdParty:1030 - CMSIS Pack Vendor :STMicroelectronics PDM2PCM 3.1.0
2026-05-19 19:21:24,675 [INFO] ThirdParty:1030 - CMSIS Pack Vendor :STMicroelectronics X-CUBE-NFC7 2.0.0
2026-05-19 19:21:24,675 [INFO] ThirdParty:1030 - CMSIS Pack Vendor :STMicroelectronics X-CUBE-TCPP 4.2.0
2026-05-19 19:21:24,676 [INFO] ThirdParty:1030 - CMSIS Pack Vendor :RealThread X-CUBE-RT-Thread_Nano 4.1.1
2026-05-19 19:21:24,676 [INFO] ThirdParty:1030 - CMSIS Pack Vendor :wolfSSL I-CUBE-wolfSSL 5.7.0
2026-05-19 19:21:24,676 [INFO] ThirdParty:1030 - CMSIS Pack Vendor :STMicroelectronics FP-SNS-MOTENVWB1 1.3.1
2026-05-19 19:21:24,676 [INFO] ThirdParty:1030 - CMSIS Pack Vendor :STMicroelectronics FP-ATR-SIGFOX1 3.2.0
2026-05-19 19:21:24,676 [INFO] ThirdParty:1030 - CMSIS Pack Vendor :quantropi X-CUBE-qispace-sdk-base 1.9.3
2026-05-19 19:21:24,676 [INFO] ThirdParty:1030 - CMSIS Pack Vendor :STMicroelectronics X-CUBE-ISPU 2.0.0
2026-05-19 19:21:24,676 [INFO] ThirdParty:1030 - CMSIS Pack Vendor :STMicroelectronics X-CUBE-EEPRMA1 5.1.0
2026-05-19 19:21:24,676 [INFO] ThirdParty:1030 - CMSIS Pack Vendor :STMicroelectronics X-CUBE-FREERTOS 1.5.0
2026-05-19 19:21:24,676 [INFO] ThirdParty:1030 - CMSIS Pack Vendor :STMicroelectronics MBEDTLS 2.16.2
2026-05-19 19:21:24,676 [INFO] ThirdParty:1030 - CMSIS Pack Vendor :STMicroelectronics X-CUBE-IPS 3.1.0
2026-05-19 19:21:24,676 [INFO] ThirdParty:1030 - CMSIS Pack Vendor :STMicroelectronics X-CUBE-ALS 1.0.2
2026-05-19 19:21:24,676 [INFO] ThirdParty:1030 - CMSIS Pack Vendor :STMicroelectronics X-CUBE-MEMS1 10.0.0
2026-05-19 19:21:24,677 [INFO] ThirdParty:1030 - CMSIS Pack Vendor :STMicroelectronics X-CUBE-FREERTOS 1.1.0
2026-05-19 19:21:24,677 [INFO] ThirdParty:1030 - CMSIS Pack Vendor :STMicroelectronics X-CUBE-TOUCHGFX 4.24.0
2026-05-19 19:21:24,677 [INFO] ThirdParty:1030 - CMSIS Pack Vendor :ITTIA_DB I-CUBE-ITTIADB 8.9.0
2026-05-19 19:21:24,677 [INFO] ThirdParty:1030 - CMSIS Pack Vendor :STMicroelectronics X-CUBE-TOUCHGFX 4.24.2
2026-05-19 19:21:24,677 [INFO] ThirdParty:1030 - CMSIS Pack Vendor :STMicroelectronics X-CUBE-TOUCHGFX 4.24.1
2026-05-19 19:21:24,677 [INFO] ThirdParty:1030 - CMSIS Pack Vendor :STMicroelectronics X-CUBE-STSE01 1.0.0
2026-05-19 19:21:24,677 [INFO] ThirdParty:1030 - CMSIS Pack Vendor :portGmbH I-Cube-SoM-uGOAL 1.1.0
2026-05-19 19:21:24,677 [INFO] ThirdParty:1030 - CMSIS Pack Vendor :STMicroelectronics X-CUBE-ALS 1.0.1
2026-05-19 19:21:24,677 [INFO] ThirdParty:1030 - CMSIS Pack Vendor :STMicroelectronics X-CUBE-NFC6 3.2.0
2026-05-19 19:21:24,677 [INFO] ThirdParty:1030 - CMSIS Pack Vendor :STMicroelectronics X-CUBE-ST67W61 1.0.0
2026-05-19 19:21:24,677 [INFO] ThirdParty:1030 - CMSIS Pack Vendor :STMicroelectronics X-CUBE-AI 10.2.0
2026-05-19 19:21:24,678 [INFO] ThirdParty:1030 - CMSIS Pack Vendor :STMicroelectronics ThreadX 1.0.0
2026-05-19 19:21:24,678 [INFO] ThirdParty:1030 - CMSIS Pack Vendor :STMicroelectronics X-CUBE-MEMS1 12.1.0
2026-05-19 19:21:24,678 [INFO] ThirdParty:1030 - CMSIS Pack Vendor :SEGGER I-CUBE-embOS 1.3.1
2026-05-19 19:21:24,678 [INFO] ThirdParty:1030 - CMSIS Pack Vendor :STMicroelectronics X-CUBE-ALGOBUILD 1.4.0
2026-05-19 19:21:24,678 [INFO] ThirdParty:1030 - CMSIS Pack Vendor :STMicroelectronics X-CUBE-MEMS1 11.3.0
2026-05-19 19:21:24,678 [INFO] ThirdParty:1030 - CMSIS Pack Vendor :STMicroelectronics X-CUBE-AZRTOS-H7RS 1.0.0
2026-05-19 19:21:24,678 [INFO] ThirdParty:1030 - CMSIS Pack Vendor :STMicroelectronics FP-ATR-ASTRA1 2.0.0
2026-05-19 19:21:24,678 [INFO] ThirdParty:1030 - CMSIS Pack Vendor :STMicroelectronics X-CUBE-TOF1 3.4.2
2026-05-19 19:21:24,678 [INFO] ThirdParty:1030 - CMSIS Pack Vendor :STMicroelectronics X-CUBE-TOF1 3.4.3
2026-05-19 19:21:24,679 [INFO] ThirdParty:1030 - CMSIS Pack Vendor :STMicroelectronics X-CUBE-AI 9.1.0
2026-05-19 19:21:24,679 [INFO] ThirdParty:1030 - CMSIS Pack Vendor :STMicroelectronics X-CUBE-TOF1 3.4.1
2026-05-19 19:21:24,679 [INFO] ThirdParty:1030 - CMSIS Pack Vendor :STMicroelectronics X-CUBE-AZRTOS-H7 3.2.0
2026-05-19 19:21:24,679 [INFO] ThirdParty:1030 - CMSIS Pack Vendor :Infineon AIROC-Wi-Fi-Bluetooth-STM32 1.6.0
2026-05-19 19:21:24,679 [INFO] ThirdParty:1030 - CMSIS Pack Vendor :wolfSSL I-CUBE-wolfSSH 1.4.17
2026-05-19 19:21:24,679 [INFO] ThirdParty:841 - exiting critical section [change project]
2026-05-19 19:21:25,043 [INFO] PinOutPanel:1589 - setPackage(No Configuration,No Configuration)
2026-05-19 19:21:25,044 [INFO] PinOutPanel:1589 - setPackage(STM32L010K8Tx,LQFP32)
2026-05-19 19:21:25,892 [INFO] UtilMem:75 - Before build in PCC Used Memory: 777521152 Bytes (1073741824)
2026-05-19 19:21:26,721 [INFO] UtilMem:75 - After build in PCC Used Memory: 904615072 Bytes (1073741824)
2026-05-19 19:21:26,758 [INFO] IPUIPlugin:80 - create IPUIPlugin
2026-05-19 19:21:26,758 [INFO] IPUIPlugin:80 - create IPUIPlugin
2026-05-19 19:21:26,758 [INFO] IPUIPlugin:80 - create IPUIPlugin
2026-05-19 19:21:26,759 [INFO] IPUIPlugin:80 - create IPUIPlugin
2026-05-19 19:21:26,759 [INFO] IPUIPlugin:80 - create IPUIPlugin
2026-05-19 19:21:26,759 [INFO] IPUIPlugin:80 - create IPUIPlugin
2026-05-19 19:21:26,760 [INFO] IPUIPlugin:80 - create IPUIPlugin
2026-05-19 19:21:26,760 [INFO] IPUIPlugin:80 - create IPUIPlugin
2026-05-19 19:21:26,760 [INFO] IPUIPlugin:80 - create IPUIPlugin
2026-05-19 19:21:26,761 [INFO] IPUIPlugin:80 - create IPUIPlugin
2026-05-19 19:21:26,761 [INFO] IPUIPlugin:80 - create IPUIPlugin
2026-05-19 19:21:26,762 [INFO] IPUIPlugin:80 - create IPUIPlugin
2026-05-19 19:21:26,762 [INFO] IPUIPlugin:80 - create IPUIPlugin
2026-05-19 19:21:26,762 [INFO] IPUIPlugin:80 - create IPUIPlugin
2026-05-19 19:21:26,763 [INFO] IPUIPlugin:80 - create IPUIPlugin
2026-05-19 19:21:26,763 [INFO] IPUIPlugin:80 - create IPUIPlugin
2026-05-19 19:21:26,763 [INFO] IPUIPlugin:80 - create IPUIPlugin
2026-05-19 19:21:26,764 [INFO] IPUIPlugin:80 - create IPUIPlugin
2026-05-19 19:21:27,069 [INFO] CADModel:165 - CPN selected for project levelSTM32L010K8T6
2026-05-19 19:21:27,069 [INFO] CADModel:114 - Register for checkConnection events
2026-05-19 19:21:27,106 [INFO] OpenFileManager:386 - Restore cursor
2026-05-19 19:21:31,654 [INFO] Gpio:278 - dependency for GPIO [ADC, RCC, SPI1, SYS, USART2]
2026-05-19 19:21:33,213 [INFO] NvicIntPanel:101 - NVIC parent = com.st.microxplorer.plugins.ip.nvic.MultiNvicIntPanel[,2,42,441x257,layout=javax.swing.BoxLayout,alignmentX=0.0,alignmentY=0.0,border=,flags=9,maximumSize=,minimumSize=,preferredSize=]
2026-05-19 19:21:34,348 [INFO] Gpio:278 - dependency for GPIO [ADC, RCC, SPI1, SYS, USART2]
2026-05-19 19:21:35,069 [INFO] Gpio:278 - dependency for GPIO [ADC, RCC, SPI1, SYS, USART2]
2026-05-19 19:21:35,442 [INFO] Gpio:278 - dependency for GPIO [ADC, RCC, SPI1, SYS, USART2]
2026-05-19 19:21:39,711 [INFO] UtilMem:75 - End SaveConfig() Used Memory: 892077928 Bytes (1073741824)
2026-05-19 19:21:51,738 [INFO] UtilMem:75 - End SaveConfig() Used Memory: 827599688 Bytes (1073741824)
2026-05-19 19:21:52,694 [INFO] BlockDiagram:2775 - set Specific Code input for plugin: ADC
2026-05-19 19:21:52,694 [INFO] BlockDiagram:2775 - set Specific Code input for plugin: RTC
2026-05-19 19:21:52,695 [INFO] BlockDiagram:2775 - set Specific Code input for plugin: SPI
2026-05-19 19:21:52,695 [INFO] BlockDiagram:2775 - set Specific Code input for plugin: NVIC
2026-05-19 19:21:52,696 [INFO] BlockDiagram:2775 - set Specific Code input for plugin: SYS
2026-05-19 19:21:52,697 [INFO] BlockDiagram:2775 - set Specific Code input for plugin: GPIO
2026-05-19 19:21:52,697 [INFO] BlockDiagram:2775 - set Specific Code input for plugin: USART
2026-05-19 19:21:52,698 [INFO] BlockDiagram:2775 - set Specific Code input for plugin: RCC
2026-05-19 19:21:52,700 [INFO] CodeGenerator:892 - code generatio: config db path: /Applications/STM32CubeIDE.app/Contents/Eclipse/plugins/com.st.stm32cube.common.mx_6.15.0.202507011659//db/
2026-05-19 19:21:52,956 [INFO] CodeEngine:265 - oldGeneratedFile, /Users/admin/Desktop/My Projects/Bike4u/Programing/Bike4u/MXTmpFiles/license.tmp_save
2026-05-19 19:21:53,444 [INFO] CodeEngine:289 - Generated code: /Users/admin/Desktop/My Projects/Bike4u/Programing/Bike4u/MXTmpFiles/license.tmp
2026-05-19 19:21:53,613 [INFO] CodeEngine:265 - oldGeneratedFile, /Users/admin/Desktop/My Projects/Bike4u/Programing/Bike4u/MXTmpFiles/gpio.tmp_save
2026-05-19 19:21:53,745 [INFO] CodeEngine:289 - Generated code: /Users/admin/Desktop/My Projects/Bike4u/Programing/Bike4u/MXTmpFiles/gpio.tmp
2026-05-19 19:21:54,299 [INFO] CodeEngine:265 - oldGeneratedFile, /Users/admin/Desktop/My Projects/Bike4u/Programing/Bike4u/Core/Src/stm32l0xx_it.c_save
2026-05-19 19:21:54,428 [INFO] CodeEngine:289 - Generated code: /Users/admin/Desktop/My Projects/Bike4u/Programing/Bike4u/Core/Src/stm32l0xx_it.c
2026-05-19 19:21:54,432 [INFO] CodeEngine:265 - oldGeneratedFile, /Users/admin/Desktop/My Projects/Bike4u/Programing/Bike4u/Core/Inc/stm32l0xx_it.h_save
2026-05-19 19:21:54,499 [INFO] CodeEngine:289 - Generated code: /Users/admin/Desktop/My Projects/Bike4u/Programing/Bike4u/Core/Inc/stm32l0xx_it.h
2026-05-19 19:21:54,506 [INFO] CodeEngine:265 - oldGeneratedFile, /Users/admin/Desktop/My Projects/Bike4u/Programing/Bike4u/Core/Src/stm32l0xx_hal_msp.c_save
2026-05-19 19:21:54,631 [INFO] CodeEngine:289 - Generated code: /Users/admin/Desktop/My Projects/Bike4u/Programing/Bike4u/Core/Src/stm32l0xx_hal_msp.c
2026-05-19 19:21:54,634 [INFO] CodeEngine:265 - oldGeneratedFile, /Users/admin/Desktop/My Projects/Bike4u/Programing/Bike4u/MXTmpFiles/system.tmp_save
2026-05-19 19:21:54,710 [INFO] CodeEngine:289 - Generated code: /Users/admin/Desktop/My Projects/Bike4u/Programing/Bike4u/MXTmpFiles/system.tmp
2026-05-19 19:21:54,719 [INFO] CodeEngine:321 - oldGeneratedFile, /Users/admin/Desktop/My Projects/Bike4u/Programing/Bike4u/Core/Inc/stm32l0xx_hal_conf.h_save
2026-05-19 19:21:54,850 [INFO] CodeEngine:345 - Generated code: /Users/admin/Desktop/My Projects/Bike4u/Programing/Bike4u/Core/Inc/stm32l0xx_hal_conf.h
2026-05-19 19:21:54,919 [INFO] ApiDbMcu:532 - Load IP Config File for ADC
2026-05-19 19:21:54,971 [INFO] ApiDbMcu:532 - Load IP Config File for RTC
2026-05-19 19:21:54,980 [INFO] ApiDbMcu:532 - Load IP Config File for SPI1
2026-05-19 19:21:55,036 [INFO] ApiDbMcu:532 - Load IP Config File for USART2
2026-05-19 19:21:55,043 [INFO] ApiDbMcu:532 - Load IP Config File for RCC
2026-05-19 19:21:55,052 [INFO] CodeEngine:265 - oldGeneratedFile, /Users/admin/Desktop/My Projects/Bike4u/Programing/Bike4u/Core/Inc/main.h_save
2026-05-19 19:21:55,155 [INFO] CodeEngine:289 - Generated code: /Users/admin/Desktop/My Projects/Bike4u/Programing/Bike4u/Core/Inc/main.h
2026-05-19 19:21:55,159 [INFO] CodeEngine:265 - oldGeneratedFile, /Users/admin/Desktop/My Projects/Bike4u/Programing/Bike4u/Core/Src/main.c_save
2026-05-19 19:21:55,358 [INFO] CodeEngine:289 - Generated code: /Users/admin/Desktop/My Projects/Bike4u/Programing/Bike4u/Core/Src/main.c
2026-05-19 19:21:55,918 [INFO] ProjectBuilder:3606 - Time for Copy HAL[1] : 175mS.
2026-05-19 19:21:55,927 [INFO] ProjectBuilder:5216 - Project Generator version: 4.7.0-B52
2026-05-19 19:21:56,078 [INFO] ConfigFileManager:1595 - The Die is : DIE417
2026-05-19 19:21:56,095 [INFO] ApiDbMcu:532 - Load IP Config File for FATFS
2026-05-19 19:21:56,160 [INFO] ApiDbMcu:532 - Load IP Config File for FREERTOS
2026-05-19 19:21:56,982 [INFO] LogOutputStream:77 - [STDOUT_REDIRECT] 
2026-05-19 19:21:58,135 [INFO] ProjectBuilder:5496 - Time for Generating toolchain IDE Files: 2207mS.
2026-05-19 19:21:58,136 [INFO] ProjectBuilder:3463 - Time for Copy CMSIS : 1mS.
2026-05-19 19:21:58,138 [INFO] ProjectBuilder:3463 - Time for Copy CMSIS : 0mS.
2026-05-19 19:32:12,931 [INFO] WebApp:194 - Connection lost
2026-05-19 19:32:13,600 [INFO] WebApp:191 - Connection restablished
2026-05-19 19:49:51,355 [INFO] NvicIntPanel:101 - NVIC parent = com.st.microxplorer.plugins.ip.nvic.MultiNvicIntPanel[,0,0,0x0,invalid,layout=javax.swing.BoxLayout,alignmentX=0.0,alignmentY=0.0,border=,flags=9,maximumSize=,minimumSize=,preferredSize=]
2026-05-19 20:07:29,942 [INFO] UtilMem:75 - End SaveConfig() Used Memory: 812051384 Bytes (1073741824)
2026-05-19 20:07:32,259 [INFO] UtilMem:75 - End SaveConfig() Used Memory: 940325200 Bytes (1073741824)
2026-05-19 20:07:32,759 [INFO] BlockDiagram:2775 - set Specific Code input for plugin: ADC
2026-05-19 20:07:32,759 [INFO] BlockDiagram:2775 - set Specific Code input for plugin: RTC
2026-05-19 20:07:32,759 [INFO] BlockDiagram:2775 - set Specific Code input for plugin: SPI
2026-05-19 20:07:32,760 [INFO] BlockDiagram:2775 - set Specific Code input for plugin: NVIC
2026-05-19 20:07:32,760 [INFO] BlockDiagram:2775 - set Specific Code input for plugin: SYS
2026-05-19 20:07:32,760 [INFO] BlockDiagram:2775 - set Specific Code input for plugin: GPIO
2026-05-19 20:07:32,761 [INFO] BlockDiagram:2775 - set Specific Code input for plugin: USART
2026-05-19 20:07:32,761 [INFO] BlockDiagram:2775 - set Specific Code input for plugin: RCC
2026-05-19 20:07:32,761 [INFO] CodeGenerator:892 - code generatio: config db path: /Applications/STM32CubeIDE.app/Contents/Eclipse/plugins/com.st.stm32cube.common.mx_6.15.0.202507011659//db/
2026-05-19 20:07:32,923 [INFO] CodeEngine:265 - oldGeneratedFile, /Users/admin/Desktop/My Projects/Bike4u/Programing/Bike4u/MXTmpFiles/license.tmp_save
2026-05-19 20:07:33,381 [INFO] CodeEngine:289 - Generated code: /Users/admin/Desktop/My Projects/Bike4u/Programing/Bike4u/MXTmpFiles/license.tmp
2026-05-19 20:07:33,540 [INFO] CodeEngine:265 - oldGeneratedFile, /Users/admin/Desktop/My Projects/Bike4u/Programing/Bike4u/MXTmpFiles/gpio.tmp_save
2026-05-19 20:07:33,739 [INFO] CodeEngine:289 - Generated code: /Users/admin/Desktop/My Projects/Bike4u/Programing/Bike4u/MXTmpFiles/gpio.tmp
2026-05-19 20:07:34,213 [INFO] CodeEngine:265 - oldGeneratedFile, /Users/admin/Desktop/My Projects/Bike4u/Programing/Bike4u/Core/Src/stm32l0xx_it.c_save
2026-05-19 20:07:34,644 [INFO] CodeEngine:289 - Generated code: /Users/admin/Desktop/My Projects/Bike4u/Programing/Bike4u/Core/Src/stm32l0xx_it.c
2026-05-19 20:07:34,651 [INFO] CodeEngine:265 - oldGeneratedFile, /Users/admin/Desktop/My Projects/Bike4u/Programing/Bike4u/Core/Inc/stm32l0xx_it.h_save
2026-05-19 20:07:34,735 [INFO] CodeEngine:289 - Generated code: /Users/admin/Desktop/My Projects/Bike4u/Programing/Bike4u/Core/Inc/stm32l0xx_it.h
2026-05-19 20:07:34,746 [INFO] CodeEngine:265 - oldGeneratedFile, /Users/admin/Desktop/My Projects/Bike4u/Programing/Bike4u/Core/Src/stm32l0xx_hal_msp.c_save
2026-05-19 20:07:34,907 [INFO] CodeEngine:289 - Generated code: /Users/admin/Desktop/My Projects/Bike4u/Programing/Bike4u/Core/Src/stm32l0xx_hal_msp.c
2026-05-19 20:07:34,911 [INFO] CodeEngine:265 - oldGeneratedFile, /Users/admin/Desktop/My Projects/Bike4u/Programing/Bike4u/MXTmpFiles/system.tmp_save
2026-05-19 20:07:34,986 [INFO] CodeEngine:289 - Generated code: /Users/admin/Desktop/My Projects/Bike4u/Programing/Bike4u/MXTmpFiles/system.tmp
2026-05-19 20:07:34,997 [INFO] CodeEngine:321 - oldGeneratedFile, /Users/admin/Desktop/My Projects/Bike4u/Programing/Bike4u/Core/Inc/stm32l0xx_hal_conf.h_save
2026-05-19 20:07:35,093 [INFO] CodeEngine:345 - Generated code: /Users/admin/Desktop/My Projects/Bike4u/Programing/Bike4u/Core/Inc/stm32l0xx_hal_conf.h
2026-05-19 20:07:35,125 [INFO] CodeEngine:265 - oldGeneratedFile, /Users/admin/Desktop/My Projects/Bike4u/Programing/Bike4u/Core/Inc/main.h_save
2026-05-19 20:07:35,278 [INFO] CodeEngine:289 - Generated code: /Users/admin/Desktop/My Projects/Bike4u/Programing/Bike4u/Core/Inc/main.h
2026-05-19 20:07:35,284 [INFO] CodeEngine:265 - oldGeneratedFile, /Users/admin/Desktop/My Projects/Bike4u/Programing/Bike4u/Core/Src/main.c_save
2026-05-19 20:07:35,448 [INFO] CodeEngine:289 - Generated code: /Users/admin/Desktop/My Projects/Bike4u/Programing/Bike4u/Core/Src/main.c
2026-05-19 20:07:36,049 [INFO] ProjectBuilder:3606 - Time for Copy HAL[1] : 194mS.
2026-05-19 20:07:36,053 [INFO] ProjectBuilder:5216 - Project Generator version: 4.7.0-B52
2026-05-19 20:07:36,318 [INFO] ConfigFileManager:1595 - The Die is : DIE417
2026-05-19 20:07:38,185 [INFO] ProjectBuilder:5496 - Time for Generating toolchain IDE Files: 2132mS.
2026-05-19 20:07:38,186 [INFO] ProjectBuilder:3463 - Time for Copy CMSIS : 1mS.
2026-05-19 20:07:38,188 [INFO] ProjectBuilder:3463 - Time for Copy CMSIS : 0mS.
2026-05-19 20:31:53,093 [INFO] WebApp:194 - Connection lost
2026-05-19 20:32:19,632 [INFO] WebApp:191 - Connection restablished
2026-05-19 20:49:15,899 [INFO] WebApp:194 - Connection lost
2026-05-19 20:49:16,770 [INFO] WebApp:191 - Connection restablished
2026-05-19 21:16:17,634 [ERROR] LogOutputStream:75 - [STDERR_REDIRECT] 
