2026-05-21 11:42:24,697 [INFO] Activator:176 - 


2026-05-21 11:42:24,708 [INFO] Activator:177 - !SESSION log4j initialized
2026-05-21 11:42:29,249 [INFO] LogOutputStream:77 - [STDOUT_REDIRECT] 
2026-05-21 11:42:35,581 [INFO] LogOutputStream:77 - [STDOUT_REDIRECT] 
2026-05-21 11:42:36,218 [ERROR] LogOutputStream:75 - [STDERR_REDIRECT] 
2026-05-21 11:42:36,897 [ERROR] LogOutputStream:75 - [STDERR_REDIRECT] java.net.URISyntaxException: Illegal character in path at index 28: file:/Users/admin/Desktop/My Projects/Bike4u/Programing/.metadata/.log4j2.xml
2026-05-21 11:42:36,898 [ERROR] LogOutputStream:75 - [STDERR_REDIRECT] 	at java.base/java.net.URI$Parser.fail(URI.java:2995)
2026-05-21 11:42:36,898 [ERROR] LogOutputStream:75 - [STDERR_REDIRECT] 	at java.base/java.net.URI$Parser.checkChars(URI.java:3166)
2026-05-21 11:42:36,899 [ERROR] LogOutputStream:75 - [STDERR_REDIRECT] 	at java.base/java.net.URI$Parser.parseHierarchical(URI.java:3248)
2026-05-21 11:42:36,899 [ERROR] LogOutputStream:75 - [STDERR_REDIRECT] 	at java.base/java.net.URI$Parser.parse(URI.java:3196)
2026-05-21 11:42:36,900 [ERROR] LogOutputStream:75 - [STDERR_REDIRECT] 	at java.base/java.net.URI.<init>(URI.java:645)
2026-05-21 11:42:36,900 [ERROR] LogOutputStream:75 - [STDERR_REDIRECT] 	at java.base/java.net.URL.toURI(URL.java:1220)
2026-05-21 11:42:36,901 [ERROR] LogOutputStream:75 - [STDERR_REDIRECT] 	at com.st.stm32cube.common.mx.core.CubeMxInstance.getInstance(CubeMxInstance.java:81)
2026-05-21 11:42:36,901 [ERROR] LogOutputStream:75 - [STDERR_REDIRECT] 	at com.st.stm32cube.common.mx.userauth.UserAuthAdapter.<init>(UserAuthAdapter.java:25)
2026-05-21 11:42:36,902 [ERROR] LogOutputStream:75 - [STDERR_REDIRECT] 	at com.st.stm32cube.common.mx.userauth.UserAuthProvider.getUserAuthAdapter(UserAuthProvider.java:16)
2026-05-21 11:42:36,902 [ERROR] LogOutputStream:75 - [STDERR_REDIRECT] 	at com.st.stm32cube.common.ecosystemintegration.ui.core.MCUEcoSystemIntegrationUiHelper.getUserAuth(MCUEcoSystemIntegrationUiHelper.java:100)
2026-05-21 11:42:36,903 [ERROR] LogOutputStream:75 - [STDERR_REDIRECT] 	at com.st.stm32cube.ide.mcu.userauth.UserAuthStartup.earlyStartup(UserAuthStartup.java:32)
2026-05-21 11:42:36,903 [ERROR] LogOutputStream:75 - [STDERR_REDIRECT] 	at org.eclipse.ui.internal.EarlyStartupRunnable.runEarlyStartup(EarlyStartupRunnable.java:79)
2026-05-21 11:42:36,903 [ERROR] LogOutputStream:75 - [STDERR_REDIRECT] 	at org.eclipse.ui.internal.EarlyStartupRunnable.run(EarlyStartupRunnable.java:55)
2026-05-21 11:42:36,903 [ERROR] LogOutputStream:75 - [STDERR_REDIRECT] 	at org.eclipse.core.runtime.SafeRunner.run(SafeRunner.java:47)
2026-05-21 11:42:36,904 [ERROR] LogOutputStream:75 - [STDERR_REDIRECT] 	at org.eclipse.ui.internal.Workbench$39.run(Workbench.java:2733)
2026-05-21 11:42:36,904 [ERROR] LogOutputStream:75 - [STDERR_REDIRECT] 	at org.eclipse.core.internal.jobs.Worker.run(Worker.java:63)
2026-05-21 11:42:37,353 [INFO] ApplicationProperties:184 - Using Application install path: /Applications/STM32CubeIDE.app/Contents/Eclipse/plugins/com.st.stm32cube.common.mx_6.15.0.202507011659
2026-05-21 11:42:37,385 [INFO] DbMcusXml:78 - Set database path to: /Applications/STM32CubeIDE.app/Contents/Eclipse/plugins/com.st.stm32cube.common.mx_6.15.0.202507011659//db//mcu/
2026-05-21 11:42:37,385 [INFO] ApiDb:274 - Set plugin database path to: /Applications/STM32CubeIDE.app/Contents/Eclipse/plugins/com.st.stm32cube.common.mx_6.15.0.202507011659//db//plugins/boardmanager/
2026-05-21 11:42:37,386 [WARN] ApiDb:259 - Overriding images path with different value:  => /Applications/STM32CubeIDE.app/Contents/Eclipse/plugins/com.st.stm32cube.common.mx_6.15.0.202507011659//db//plugins/mcufinder/images/
2026-05-21 11:42:37,394 [INFO] ApiDb:250 - Set database path to: /Users/admin/.stmcufinder/plugins/mcufinder//mcu/
2026-05-21 11:42:37,397 [INFO] DbMcusAds:125 - Set database path to: /Users/admin/.stmcufinder/plugins/mcufinder//mcu/
2026-05-21 11:42:37,402 [INFO] CrossReferenceDbSqlite:203 - Set database path to: /Users/admin/.stmcufinder/plugins/mcufinder//mcu/cs/
2026-05-21 11:42:37,579 [INFO] RulesReader:64 - Compatibility file has been processed (317 Rules)
2026-05-21 11:42:37,716 [INFO] DbMcusXml:78 - Set database path to: /Applications/STM32CubeIDE.app/Contents/Eclipse/plugins/com.st.stm32cube.common.mx_6.15.0.202507011659//db//mcu/
2026-05-21 11:42:37,716 [INFO] ApiDb:274 - Set plugin database path to: /Applications/STM32CubeIDE.app/Contents/Eclipse/plugins/com.st.stm32cube.common.mx_6.15.0.202507011659//db//plugins/boardmanager/
2026-05-21 11:42:37,717 [INFO] ApiDb:261 - Set plugin images path to: /Applications/STM32CubeIDE.app/Contents/Eclipse/plugins/com.st.stm32cube.common.mx_6.15.0.202507011659//db//plugins/mcufinder/images/
2026-05-21 11:42:37,717 [WARN] DbFile:41 - Overriding database path with different value: /Users/admin/.stmcufinder/plugins/mcufinder/ => /Users/admin/.stmcufinder/plugins/mcufinder
2026-05-21 11:42:37,717 [INFO] ApiDb:250 - Set database path to: /Users/admin/.stmcufinder/plugins/mcufinder//mcu/
2026-05-21 11:42:37,718 [WARN] DbFile:41 - Overriding database path with different value: /Users/admin/.stmcufinder/plugins/mcufinder/ => /Users/admin/.stmcufinder/plugins/mcufinder
2026-05-21 11:42:37,718 [INFO] DbMcusAds:125 - Set database path to: /Users/admin/.stmcufinder/plugins/mcufinder//mcu/
2026-05-21 11:42:37,718 [WARN] DbFile:41 - Overriding database path with different value: /Users/admin/.stmcufinder/plugins/mcufinder/ => /Users/admin/.stmcufinder/plugins/mcufinder
2026-05-21 11:42:37,718 [WARN] DbFile:41 - Overriding database path with different value: /Users/admin/.stmcufinder/plugins/mcufinder/ => /Users/admin/.stmcufinder/plugins/mcufinder
2026-05-21 11:42:37,718 [INFO] CrossReferenceDbSqlite:203 - Set database path to: /Users/admin/.stmcufinder/plugins/mcufinder//mcu/cs/
2026-05-21 11:42:37,841 [INFO] MainPanel:274 - HeapMemory: 268435456
2026-05-21 11:42:38,902 [INFO] DbMcusXml:78 - Set database path to: /Applications/STM32CubeIDE.app/Contents/Eclipse/plugins/com.st.stm32cube.common.mx_6.15.0.202507011659//db//mcu/
2026-05-21 11:42:38,902 [INFO] ApiDb:274 - Set plugin database path to: /Applications/STM32CubeIDE.app/Contents/Eclipse/plugins/com.st.stm32cube.common.mx_6.15.0.202507011659//db//plugins/boardmanager/
2026-05-21 11:42:38,903 [INFO] ApiDb:261 - Set plugin images path to: /Applications/STM32CubeIDE.app/Contents/Eclipse/plugins/com.st.stm32cube.common.mx_6.15.0.202507011659//db//plugins/mcufinder/images/
2026-05-21 11:42:38,903 [WARN] DbFile:41 - Overriding database path with different value: /Users/admin/.stmcufinder/plugins/mcufinder/ => /Users/admin/.stmcufinder/plugins/mcufinder
2026-05-21 11:42:38,903 [INFO] ApiDb:250 - Set database path to: /Users/admin/.stmcufinder/plugins/mcufinder//mcu/
2026-05-21 11:42:38,903 [WARN] DbFile:41 - Overriding database path with different value: /Users/admin/.stmcufinder/plugins/mcufinder/ => /Users/admin/.stmcufinder/plugins/mcufinder
2026-05-21 11:42:38,904 [INFO] DbMcusAds:125 - Set database path to: /Users/admin/.stmcufinder/plugins/mcufinder//mcu/
2026-05-21 11:42:38,904 [WARN] DbFile:41 - Overriding database path with different value: /Users/admin/.stmcufinder/plugins/mcufinder/ => /Users/admin/.stmcufinder/plugins/mcufinder
2026-05-21 11:42:38,904 [WARN] DbFile:41 - Overriding database path with different value: /Users/admin/.stmcufinder/plugins/mcufinder/ => /Users/admin/.stmcufinder/plugins/mcufinder
2026-05-21 11:42:38,904 [INFO] CrossReferenceDbSqlite:203 - Set database path to: /Users/admin/.stmcufinder/plugins/mcufinder//mcu/cs/
2026-05-21 11:42:38,930 [INFO] ApplicationProperties:184 - Using Application install path: /Applications/STM32CubeIDE.app/Contents/Eclipse/plugins/com.st.stm32cube.common.mx_6.15.0.202507011659
2026-05-21 11:42:38,933 [INFO] PluginManage:196 - Search for loadable plugins [exclusion list=, ]
2026-05-21 11:42:38,935 [INFO] PluginManage:310 - Check plugin analytics
2026-05-21 11:42:39,306 [INFO] AnalyticsPlugin:253 - Accepted Software Licenses: 
2026-05-21 11:42:39,306 [INFO] AnalyticsPlugin:255 - Accepted CMSIS Pack Licenses: Infineon.AIROC-Wi-Fi-Bluetooth-STM32.1.6.0,STMicroelectronics.X-CUBE-BLE1.7.0.0
2026-05-21 11:42:39,307 [INFO] AnalyticsPlugin:257 - Accepted Firmware Licenses: FW.G0.1.6.0,FW.WB.1.19.0,FW.WB.1.21.0
2026-05-21 11:42:39,310 [INFO] PluginManage:359 - Loaded plugin analytics (category:tool,tabindex:-1)
2026-05-21 11:42:39,311 [INFO] PluginManage:310 - Check plugin cadmodel
2026-05-21 11:42:39,321 [INFO] CADModel:105 - Init CAD model plugin
2026-05-21 11:42:39,321 [INFO] PluginManage:359 - Loaded plugin cadmodel (category:power,tabindex:5)
2026-05-21 11:42:39,321 [INFO] PluginManage:310 - Check plugin clock
2026-05-21 11:42:39,343 [INFO] PluginManage:359 - Loaded plugin clock (category:base,tabindex:2)
2026-05-21 11:42:39,344 [INFO] PluginManage:310 - Check plugin ddr
2026-05-21 11:42:39,353 [INFO] PluginManage:359 - Loaded plugin ddr (category:tool,tabindex:6)
2026-05-21 11:42:39,353 [INFO] PluginManage:310 - Check plugin filemanager
2026-05-21 11:42:39,636 [INFO] PluginManage:359 - Loaded plugin filemanager (category:base,tabindex:10)
2026-05-21 11:42:39,636 [INFO] PluginManage:310 - Check plugin ipmanager
2026-05-21 11:42:39,644 [INFO] PluginManage:359 - Loaded plugin ipmanager (category:base,tabindex:5)
2026-05-21 11:42:39,644 [INFO] PluginManage:310 - Check plugin lpbam
2026-05-21 11:42:39,661 [INFO] PluginManage:359 - Loaded plugin lpbam (category:base,tabindex:0)
2026-05-21 11:42:39,661 [INFO] PluginManage:310 - Check plugin memorymap
2026-05-21 11:42:39,689 [INFO] PluginManage:359 - Loaded plugin memorymap (category:base,tabindex:4)
2026-05-21 11:42:39,690 [INFO] PluginManage:310 - Check plugin pinoutandconfiguration
2026-05-21 11:42:39,703 [INFO] PluginManage:359 - Loaded plugin pinoutandconfiguration (category:base,tabindex:1)
2026-05-21 11:42:39,704 [INFO] PluginManage:310 - Check plugin pinoutconfig
2026-05-21 11:42:39,882 [WARN] SupportedApi:132 - Cannot load RTOS API schema: s4s-elt-must-match.1: The content of 'definitions' must match (annotation?, (simpleType | complexType)?, (unique | key | keyref)*)). A problem was found starting at: attribute.
2026-05-21 11:42:40,204 [INFO] PluginManage:359 - Loaded plugin pinoutconfig (category:base,tabindex:0)
2026-05-21 11:42:40,205 [INFO] PluginManage:310 - Check plugin power
2026-05-21 11:42:40,236 [INFO] PluginManage:359 - Loaded plugin power (category:power,tabindex:4)
2026-05-21 11:42:40,237 [INFO] PluginManage:310 - Check plugin projectmanager
2026-05-21 11:42:40,273 [INFO] PluginManage:359 - Loaded plugin projectmanager (category:projectmanager,tabindex:4)
2026-05-21 11:42:40,273 [INFO] PluginManage:310 - Check plugin rif
2026-05-21 11:42:40,289 [INFO] PluginManage:359 - Loaded plugin rif (category:base,tabindex:3)
2026-05-21 11:42:40,290 [INFO] PluginManage:310 - Check plugin thirdparty
2026-05-21 11:42:40,507 [WARN] IntegrityCheckThread:84 - waiting for thirdparty lock release [integrity check]
2026-05-21 11:42:40,507 [INFO] IntegrityCheckThread:86 - entering critical section [integrity check]
2026-05-21 11:42:40,507 [INFO] ThirdPartyUpdaterWithRetryManager:70 - Updater plugin not ready yet. [1/15]
2026-05-21 11:42:40,507 [INFO] PluginManage:359 - Loaded plugin thirdparty (category:base,tabindex:-1)
2026-05-21 11:42:40,511 [INFO] PluginManage:310 - Check plugin tools
2026-05-21 11:42:40,516 [INFO] PluginManage:359 - Loaded plugin tools (category:base,tabindex:7)
2026-05-21 11:42:40,516 [INFO] PluginManage:310 - Check plugin tutovideos
2026-05-21 11:42:41,014 [INFO] PluginManage:359 - Loaded plugin tutovideos (category:base,tabindex:-1)
2026-05-21 11:42:41,014 [INFO] PluginManage:310 - Check plugin updater
2026-05-21 11:42:41,058 [INFO] PluginManage:359 - Loaded plugin updater (category:base,tabindex:12)
2026-05-21 11:42:41,058 [INFO] PluginManage:310 - Check plugin userauth
2026-05-21 11:42:41,066 [INFO] UserAuth:118 - Init User Auth plugin
2026-05-21 11:42:41,068 [INFO] PluginManage:359 - Loaded plugin userauth (category:base,tabindex:14)
2026-05-21 11:42:41,070 [INFO] PluginManage:283 - PluginManage : Loaded plugins [18]
2026-05-21 11:42:41,708 [INFO] PinOutPanel:1589 - setPackage(No Configuration,No Configuration)
2026-05-21 11:42:41,938 [INFO] CADModel:165 - CPN selected for project level
2026-05-21 11:42:41,939 [INFO] CADModel:114 - Register for checkConnection events
2026-05-21 11:42:41,959 [INFO] IPUIPlugin:80 - create IPUIPlugin
2026-05-21 11:42:41,960 [INFO] PluginManager:220 - loadIPPluginJar : add mdma
2026-05-21 11:42:41,972 [INFO] IPUIPlugin:80 - create IPUIPlugin
2026-05-21 11:42:41,972 [INFO] PluginManager:220 - loadIPPluginJar : add freertos
2026-05-21 11:42:41,981 [INFO] IPUIPlugin:80 - create IPUIPlugin
2026-05-21 11:42:41,982 [INFO] PluginManager:220 - loadIPPluginJar : add gic
2026-05-21 11:42:41,997 [INFO] IPUIPlugin:80 - create IPUIPlugin
2026-05-21 11:42:41,998 [INFO] PluginManager:220 - loadIPPluginJar : add adc
2026-05-21 11:42:42,001 [INFO] IPUIPlugin:80 - create IPUIPlugin
2026-05-21 11:42:42,001 [INFO] PluginManager:220 - loadIPPluginJar : add gtzc
2026-05-21 11:42:42,003 [INFO] IPUIPlugin:80 - create IPUIPlugin
2026-05-21 11:42:42,003 [INFO] PluginManager:220 - loadIPPluginJar : add quadspi
2026-05-21 11:42:42,007 [INFO] IPUIPlugin:80 - create IPUIPlugin
2026-05-21 11:42:42,007 [INFO] PluginManager:220 - loadIPPluginJar : add aes
2026-05-21 11:42:42,011 [INFO] IPUIPlugin:80 - create IPUIPlugin
2026-05-21 11:42:42,011 [INFO] PluginManager:220 - loadIPPluginJar : add pdm2pcm
2026-05-21 11:42:42,013 [INFO] IPUIPlugin:80 - create IPUIPlugin
2026-05-21 11:42:42,013 [INFO] PluginManager:220 - loadIPPluginJar : add hash
2026-05-21 11:42:42,015 [INFO] IPUIPlugin:80 - create IPUIPlugin
2026-05-21 11:42:42,015 [INFO] PluginManager:220 - loadIPPluginJar : add tim
2026-05-21 11:42:42,020 [INFO] IPUIPlugin:80 - create IPUIPlugin
2026-05-21 11:42:42,020 [INFO] PluginManager:220 - loadIPPluginJar : add tsc
2026-05-21 11:42:42,023 [INFO] IPUIPlugin:80 - create IPUIPlugin
2026-05-21 11:42:42,024 [INFO] PluginManager:220 - loadIPPluginJar : add extmemmanager
2026-05-21 11:42:42,026 [INFO] IPUIPlugin:80 - create IPUIPlugin
2026-05-21 11:42:42,026 [INFO] PluginManager:220 - loadIPPluginJar : add ts
2026-05-21 11:42:42,028 [INFO] IPUIPlugin:80 - create IPUIPlugin
2026-05-21 11:42:42,029 [INFO] PluginManager:220 - loadIPPluginJar : add radio
2026-05-21 11:42:42,032 [INFO] IPUIPlugin:80 - create IPUIPlugin
2026-05-21 11:42:42,032 [INFO] PluginManager:220 - loadIPPluginJar : add can
2026-05-21 11:42:42,034 [INFO] IPUIPlugin:80 - create IPUIPlugin
2026-05-21 11:42:42,035 [INFO] PluginManager:220 - loadIPPluginJar : add dma3
2026-05-21 11:42:42,037 [INFO] IPUIPlugin:80 - create IPUIPlugin
2026-05-21 11:42:42,037 [INFO] PluginManager:220 - loadIPPluginJar : add dfsdm
2026-05-21 11:42:42,040 [INFO] IPUIPlugin:80 - create IPUIPlugin
2026-05-21 11:42:42,040 [INFO] PluginManager:220 - loadIPPluginJar : add spi
2026-05-21 11:42:42,043 [INFO] IPUIPlugin:80 - create IPUIPlugin
2026-05-21 11:42:42,043 [INFO] PluginManager:220 - loadIPPluginJar : add gfxmmu
2026-05-21 11:42:42,045 [INFO] IPUIPlugin:80 - create IPUIPlugin
2026-05-21 11:42:42,045 [INFO] PluginManager:220 - loadIPPluginJar : add genericplugin
2026-05-21 11:42:42,049 [INFO] IPUIPlugin:80 - create IPUIPlugin
2026-05-21 11:42:42,049 [INFO] PluginManager:220 - loadIPPluginJar : add cryp
2026-05-21 11:42:42,055 [INFO] IPUIPlugin:80 - create IPUIPlugin
2026-05-21 11:42:42,055 [INFO] PluginManager:220 - loadIPPluginJar : add gpio
2026-05-21 11:42:42,059 [INFO] IPUIPlugin:80 - create IPUIPlugin
2026-05-21 11:42:42,059 [INFO] PluginManager:220 - loadIPPluginJar : add ddr_ctrl_phy
2026-05-21 11:42:42,065 [INFO] IPUIPlugin:80 - create IPUIPlugin
2026-05-21 11:42:42,065 [INFO] PluginManager:220 - loadIPPluginJar : add comp
2026-05-21 11:42:42,068 [INFO] IPUIPlugin:80 - create IPUIPlugin
2026-05-21 11:42:42,068 [INFO] PluginManager:220 - loadIPPluginJar : add tracer_emb
2026-05-21 11:42:42,072 [INFO] IPUIPlugin:80 - create IPUIPlugin
2026-05-21 11:42:42,072 [INFO] PluginManager:220 - loadIPPluginJar : add openamp
2026-05-21 11:42:42,080 [INFO] IPUIPlugin:80 - create IPUIPlugin
2026-05-21 11:42:42,080 [INFO] PluginManager:220 - loadIPPluginJar : add stm32_wpan
2026-05-21 11:42:42,089 [INFO] IPUIPlugin:80 - create IPUIPlugin
2026-05-21 11:42:42,092 [INFO] PluginManager:220 - loadIPPluginJar : add plateformsettings
2026-05-21 11:42:42,097 [INFO] IPUIPlugin:80 - create IPUIPlugin
2026-05-21 11:42:42,097 [INFO] PluginManager:220 - loadIPPluginJar : add ipddr
2026-05-21 11:42:42,100 [INFO] IPUIPlugin:80 - create IPUIPlugin
2026-05-21 11:42:42,100 [INFO] PluginManager:220 - loadIPPluginJar : add usart
2026-05-21 11:42:42,102 [INFO] IPUIPlugin:80 - create IPUIPlugin
2026-05-21 11:42:42,102 [INFO] PluginManager:220 - loadIPPluginJar : add ltdc
2026-05-21 11:42:42,107 [INFO] IPUIPlugin:80 - create IPUIPlugin
2026-05-21 11:42:42,107 [INFO] PluginManager:220 - loadIPPluginJar : add nvic
2026-05-21 11:42:42,109 [INFO] IPUIPlugin:80 - create IPUIPlugin
2026-05-21 11:42:42,109 [INFO] PluginManager:220 - loadIPPluginJar : add fatfs
2026-05-21 11:42:42,120 [INFO] IPUIPlugin:80 - create IPUIPlugin
2026-05-21 11:42:42,120 [INFO] PluginManager:220 - loadIPPluginJar : add linkedlist
2026-05-21 11:42:42,128 [INFO] IPUIPlugin:80 - create IPUIPlugin
2026-05-21 11:42:42,129 [INFO] PluginManager:220 - loadIPPluginJar : add dma
2026-05-21 11:42:42,136 [INFO] IPUIPlugin:80 - create IPUIPlugin
2026-05-21 11:42:42,136 [INFO] PluginManager:220 - loadIPPluginJar : add fmc
2026-05-21 11:42:42,149 [INFO] IPUIPlugin:80 - create IPUIPlugin
2026-05-21 11:42:42,149 [INFO] PluginManager:220 - loadIPPluginJar : add i2s
2026-05-21 11:42:42,153 [INFO] IPUIPlugin:80 - create IPUIPlugin
2026-05-21 11:42:42,153 [INFO] PluginManager:220 - loadIPPluginJar : add ucpd
2026-05-21 11:42:42,163 [INFO] IPUIPlugin:80 - create IPUIPlugin
2026-05-21 11:42:42,163 [INFO] PluginManager:220 - loadIPPluginJar : add lorawan
2026-05-21 11:42:42,171 [INFO] IPUIPlugin:80 - create IPUIPlugin
2026-05-21 11:42:42,172 [INFO] PluginManager:220 - loadIPPluginJar : add opamp
2026-05-21 11:42:42,179 [INFO] IPUIPlugin:80 - create IPUIPlugin
2026-05-21 11:42:42,180 [INFO] PluginManager:220 - loadIPPluginJar : add i3c
2026-05-21 11:42:42,188 [INFO] IPUIPlugin:80 - create IPUIPlugin
2026-05-21 11:42:42,188 [INFO] PluginManager:220 - loadIPPluginJar : add touchsensing
2026-05-21 11:42:42,196 [INFO] IPUIPlugin:80 - create IPUIPlugin
2026-05-21 11:42:42,197 [INFO] PluginManager:220 - loadIPPluginJar : add i2c
2026-05-21 11:42:42,208 [INFO] IPUIPlugin:80 - create IPUIPlugin
2026-05-21 11:42:42,208 [INFO] PluginManager:220 - loadIPPluginJar : add resmgrutility
2026-05-21 11:42:42,217 [INFO] IPUIPlugin:80 - create IPUIPlugin
2026-05-21 11:42:42,218 [INFO] PluginManager:220 - loadIPPluginJar : add sai
2026-05-21 11:42:42,226 [INFO] IPUIPlugin:80 - create IPUIPlugin
2026-05-21 11:42:42,227 [INFO] PluginManager:220 - loadIPPluginJar : add usbx
2026-05-21 11:42:42,399 [FATAL] Updater:351 - Updater called before beeing initialized
2026-05-21 11:42:42,466 [INFO] RulesReader:64 - Compatibility file has been processed (317 Rules)
2026-05-21 11:42:42,489 [INFO] RulesReader:64 - Compatibility file has been processed (317 Rules)
2026-05-21 11:42:42,506 [INFO] CADModel:165 - CPN selected for project level
2026-05-21 11:42:42,506 [INFO] CADModel:114 - Register for checkConnection events
2026-05-21 11:42:42,506 [FATAL] Updater:351 - Updater called before beeing initialized
2026-05-21 11:42:42,506 [ERROR] CADModel:125 - Updater not yet initialized, retry later 
2026-05-21 11:42:42,796 [FATAL] Updater:351 - Updater called before beeing initialized
2026-05-21 11:42:42,799 [INFO] CADModel:165 - CPN selected for project level
2026-05-21 11:42:42,799 [INFO] CADModel:114 - Register for checkConnection events
2026-05-21 11:42:42,799 [FATAL] Updater:351 - Updater called before beeing initialized
2026-05-21 11:42:42,800 [ERROR] CADModel:125 - Updater not yet initialized, retry later 
2026-05-21 11:42:42,806 [FATAL] Updater:351 - Updater called before beeing initialized
2026-05-21 11:42:42,923 [FATAL] Updater:351 - Updater called before beeing initialized
2026-05-21 11:42:42,933 [INFO] DbMcusAds:53 - JSON generation date=Mon Apr 27 11:14:29 EEST 2026 (1777277669683)
2026-05-21 11:42:42,933 [FATAL] Updater:351 - Updater called before beeing initialized
2026-05-21 11:42:43,034 [WARN] DetailPanel:346 - Failed to get advertising image, set to default
2026-05-21 11:42:43,150 [FATAL] Updater:351 - Updater called before beeing initialized
2026-05-21 11:42:43,152 [FATAL] Updater:351 - Updater called before beeing initialized
2026-05-21 11:42:43,153 [FATAL] Updater:351 - Updater called before beeing initialized
2026-05-21 11:42:43,153 [WARN] DetailPanel:346 - Failed to get advertising image, set to default
2026-05-21 11:42:43,154 [FATAL] Updater:351 - Updater called before beeing initialized
2026-05-21 11:42:43,194 [ERROR] Updater:1198 - MainUpdater not yet initialized. External WinMGr cannot be set.
2026-05-21 11:42:43,197 [INFO] Updater:1134 - Updater Version found : 6.15.0
2026-05-21 11:42:43,232 [INFO] ApplicationProperties:184 - Using Application install path: /Applications/STM32CubeIDE.app/Contents/Eclipse/plugins/com.st.stm32cube.common.mx_6.15.0.202507011659
2026-05-21 11:42:43,511 [INFO] ThirdPartyUpdaterWithRetryManager:70 - Updater plugin not ready yet. [2/15]
2026-05-21 11:42:43,992 [INFO] MainUpdater:2872 - connection check result : 10
2026-05-21 11:42:43,995 [INFO] MainUpdater:289 - Updater Check For Update Now.
2026-05-21 11:42:43,996 [INFO] MicroXplorer:498 - Change Database Version : DB.6.0.150
2026-05-21 11:42:44,015 [INFO] McuFinderGlobals:63 - Set McuFinder mode to 2 (CubeIDE integrated)
2026-05-21 11:42:44,017 [INFO] UserAuth:487 - Internet connection configuration mode: 1
2026-05-21 11:42:44,128 [INFO] JxBrowserEngine:152 - Initiate JxBrowser Engine with user profile folder
2026-05-21 11:42:44,349 [INFO] CheckServerUpdateThread:120 - End of CheckServer Thread
2026-05-21 11:42:46,638 [INFO] WebApp:169 - Instantiating new browser for Auth
2026-05-21 11:42:47,144 [WARN] PackLoader:240 - Cannot read IP mode file for STMicroelectronics.X-CUBE-AZRTOS-H7.3.5.0
2026-05-21 11:42:47,168 [WARN] PackLoader:240 - Cannot read IP mode file for STMicroelectronics.FP-SNS-MOTENVWB1.1.4.0
2026-05-21 11:42:47,176 [WARN] PackLoader:240 - Cannot read IP mode file for STMicroelectronics.FP-ATR-ASTRA1.2.0.2
2026-05-21 11:42:47,181 [WARN] PackLoader:240 - Cannot read IP mode file for STMicroelectronics.FP-ATR-ASTRA1.2.0.1
2026-05-21 11:42:47,191 [WARN] PackLoader:240 - Cannot read IP mode file for STMicroelectronics.X-CUBE-SMBUS.2.1.0
2026-05-21 11:42:47,201 [WARN] PackLoader:240 - Cannot read IP mode file for STMicroelectronics.X-CUBE-WB05N.1.1.0
2026-05-21 11:42:47,208 [WARN] PackLoader:240 - Cannot read IP mode file for STMicroelectronics.X-CUBE-ST60.1.0.0
2026-05-21 11:42:47,215 [WARN] PackLoader:240 - Cannot read IP mode file for STMicroelectronics.X-CUBE-TOUCHGFX.4.23.2
2026-05-21 11:42:47,251 [WARN] PackLoader:240 - Cannot read IP mode file for STMicroelectronics.X-CUBE-AZRTOS-F7.1.1.0
2026-05-21 11:42:47,262 [WARN] PackLoader:240 - Cannot read IP mode file for STMicroelectronics.FP-SNS-MOTENV1.4.3.2
2026-05-21 11:42:47,333 [WARN] PackLoader:240 - Cannot read IP mode file for STMicroelectronics.X-CUBE-MEMS1.11.0.0
2026-05-21 11:42:47,686 [WARN] PackLoader:240 - Cannot read IP mode file for STMicroelectronics.FP-SNS-MOTENV1.5.1.0
2026-05-21 11:42:47,693 [WARN] PackLoader:240 - Cannot read IP mode file for STMicroelectronics.FP-SNS-FLIGHT1.5.0.2
2026-05-21 11:42:47,762 [WARN] PackLoader:240 - Cannot read IP mode file for STMicroelectronics.X-CUBE-AZRTOS-H7.3.4.0
2026-05-21 11:42:47,777 [WARN] PackLoader:240 - Cannot read IP mode file for STMicroelectronics.X-CUBE-DISPLAY.3.0.0
2026-05-21 11:42:47,790 [WARN] PackLoader:240 - Cannot read IP mode file for STMicroelectronics.X-CUBE-GNSS1.7.1.1
2026-05-21 11:42:47,797 [WARN] PackLoader:240 - Cannot read IP mode file for STMicroelectronics.FP-SNS-MOTENVWB1.1.5.0
2026-05-21 11:42:47,804 [WARN] PackLoader:240 - Cannot read IP mode file for STMicroelectronics.X-CUBE-BLE1.7.0.0
2026-05-21 11:42:47,980 [WARN] PackLoader:240 - Cannot read IP mode file for STMicroelectronics.X-CUBE-NFC10.1.0.0
2026-05-21 11:42:48,035 [WARN] PackLoader:240 - Cannot read IP mode file for STMicroelectronics.X-CUBE-BLEMGR.4.0.0
2026-05-21 11:42:48,054 [WARN] PackLoader:240 - Cannot read IP mode file for STMicroelectronics.X-CUBE-ST60.1.1.0
2026-05-21 11:42:48,077 [WARN] PackLoader:240 - Cannot read IP mode file for emotas.I-CUBE-CANOPEN.1.3.0
2026-05-21 11:42:48,090 [WARN] PackLoader:240 - Cannot read IP mode file for STMicroelectronics.X-CUBE-GNSS1.7.1.0
2026-05-21 11:42:48,122 [WARN] PackLoader:240 - Cannot read IP mode file for STMicroelectronics.X-CUBE-BLEMGR.3.1.0
2026-05-21 11:42:48,156 [WARN] PackLoader:240 - Cannot read IP mode file for STMicroelectronics.X-CUBE-AI.10.0.0
2026-05-21 11:42:48,189 [WARN] PackLoader:240 - Cannot read IP mode file for STMicroelectronics.FP-SNS-STBOX1.2.1.0
2026-05-21 11:42:48,214 [WARN] PackLoader:240 - Cannot read IP mode file for STMicroelectronics.FP-SNS-SMARTAG2.1.2.0
2026-05-21 11:42:48,232 [WARN] PackLoader:240 - Cannot read IP mode file for STMicroelectronics.FP-SNS-FLIGHT1.5.1.0
2026-05-21 11:42:48,288 [INFO] WebApp:463 - Apply proxy settings
2026-05-21 11:42:48,297 [INFO] WebApp:508 - Chromium authenticates against Manually configured proxy
2026-05-21 11:42:48,324 [INFO] WebApp:516 - Username used for proxy authentication: 
2026-05-21 11:42:48,350 [WARN] PackLoader:240 - Cannot read IP mode file for STMicroelectronics.X-CUBE-MEMS1.11.1.0
2026-05-21 11:42:48,427 [INFO] WebApp:900 - Register for checkConnection events
2026-05-21 11:42:48,427 [INFO] WebApp:463 - Apply proxy settings
2026-05-21 11:42:48,430 [INFO] WebApp:508 - Chromium authenticates against Manually configured proxy
2026-05-21 11:42:48,432 [INFO] WebApp:516 - Username used for proxy authentication: 
2026-05-21 11:42:48,508 [INFO] LogOutputStream:77 - [STDOUT_REDIRECT] 1 : Invalid condition id : UX_CORESTACK_Condition cause : null
2026-05-21 11:42:48,510 [INFO] LogOutputStream:77 - [STDOUT_REDIRECT] 1 : Invalid condition id : UX_CORESTACK_Condition cause : null
2026-05-21 11:42:48,510 [INFO] LogOutputStream:77 - [STDOUT_REDIRECT] 1 : Invalid condition id : UX_CORESTACK_Condition cause : null
2026-05-21 11:42:48,510 [INFO] LogOutputStream:77 - [STDOUT_REDIRECT] 1 : Invalid condition id : UX_CORESTACK_Condition cause : null
2026-05-21 11:42:48,511 [INFO] LogOutputStream:77 - [STDOUT_REDIRECT] 1 : Invalid condition id : UX_CORESTACK_Condition cause : null
2026-05-21 11:42:48,514 [WARN] PackLoader:240 - Cannot read IP mode file for STMicroelectronics.X-CUBE-AZRTOS-WL.2.0.0
2026-05-21 11:42:48,521 [WARN] PackLoader:240 - Cannot read IP mode file for STMicroelectronics.FP-SNS-MOTENV1.5.0.0
2026-05-21 11:42:48,551 [WARN] PackLoader:240 - Cannot read IP mode file for STMicroelectronics.X-CUBE-AZRTOS-H7RS.1.2.0
2026-05-21 11:42:48,558 [WARN] PackLoader:240 - Cannot read IP mode file for wolfSSL.I-CUBE-wolfMQTT.1.19.0
2026-05-21 11:42:48,565 [WARN] PackLoader:240 - Cannot read IP mode file for WES.I-CUBE-Cesium.1.3.0
2026-05-21 11:42:48,570 [WARN] PackLoader:240 - Cannot read IP mode file for STMicroelectronics.X-CUBE-BLE2.3.3.0
2026-05-21 11:42:48,608 [WARN] PackLoader:240 - Cannot read IP mode file for STMicroelectronics.X-CUBE-NFC9.1.0.0
2026-05-21 11:42:48,623 [WARN] PackLoader:240 - Cannot read IP mode file for STMicroelectronics.X-CUBE-BLE1.7.1.0
2026-05-21 11:42:48,643 [WARN] PackLoader:240 - Cannot read IP mode file for STMicroelectronics.X-CUBE-TCPP.4.1.0
2026-05-21 11:42:48,643 [INFO] WebApp:191 - Connection restablished
2026-05-21 11:42:48,668 [WARN] PackLoader:240 - Cannot read IP mode file for STMicroelectronics.X-CUBE-FREERTOS.1.4.0
2026-05-21 11:42:48,691 [WARN] PackLoader:240 - Cannot read IP mode file for STMicroelectronics.X-CUBE-EEPRMA1.5.2.0
2026-05-21 11:42:48,721 [WARN] PackLoader:240 - Cannot read IP mode file for STMicroelectronics.X-CUBE-ST67W61.1.1.0
2026-05-21 11:42:48,727 [WARN] PackLoader:240 - Cannot read IP mode file for STMicroelectronics.X-CUBE-AI.10.1.0
2026-05-21 11:42:48,735 [WARN] PackLoader:240 - Cannot read IP mode file for STMicroelectronics.FP-SNS-STAIOTCFT.1.1.0
2026-05-21 11:42:48,907 [WARN] PackLoader:240 - Cannot read IP mode file for STMicroelectronics.X-CUBE-MEMS1.12.0.0
2026-05-21 11:42:49,132 [WARN] PackLoader:240 - Cannot read IP mode file for STMicroelectronics.X-CUBE-ALGOBUILD.1.3.0
2026-05-21 11:42:49,141 [INFO] WebApp:225 - Starting web application
2026-05-21 11:42:49,141 [INFO] WebApp:593 - Web application path used /Applications/STM32CubeIDE.app/Contents/Eclipse/plugins/com.st.stm32cube.common.mx_6.15.0.202507011659/db/plugins/mcufinder/reactClient1/index.html
2026-05-21 11:42:49,211 [WARN] PackLoader:240 - Cannot read IP mode file for STMicroelectronics.X-CUBE-MEMS1.11.2.0
2026-05-21 11:42:49,251 [INFO] UserAuth:487 - Internet connection configuration mode: 1
2026-05-21 11:42:49,446 [WARN] PackLoader:240 - Cannot read IP mode file for STMicroelectronics.X-CUBE-AZRTOS-G0.1.1.0
2026-05-21 11:42:49,463 [WARN] PackLoader:240 - Cannot read IP mode file for STMicroelectronics.X-CUBE-SAFEA1.1.2.2
2026-05-21 11:42:49,470 [WARN] PackLoader:240 - Cannot read IP mode file for STMicroelectronics.X-CUBE-NFC4.3.0.0
2026-05-21 11:42:49,485 [WARN] PackLoader:240 - Cannot read IP mode file for EmbeddedOffice.I-CUBE-FS-RTOS.1.0.1
2026-05-21 11:42:49,497 [WARN] PackLoader:240 - Cannot read IP mode file for STMicroelectronics.X-CUBE-WB05N.2.0.0
2026-05-21 11:42:49,530 [WARN] PackLoader:240 - Cannot read IP mode file for STMicroelectronics.X-CUBE-TCPP.4.2.0
2026-05-21 11:42:49,537 [WARN] PackLoader:240 - Cannot read IP mode file for RealThread.X-CUBE-RT-Thread_Nano.4.1.1
2026-05-21 11:42:49,541 [WARN] PackLoader:240 - Cannot read IP mode file for wolfSSL.I-CUBE-wolfSSL.5.7.0
2026-05-21 11:42:49,546 [WARN] PackLoader:240 - Cannot read IP mode file for STMicroelectronics.FP-ATR-SIGFOX1.3.2.0
2026-05-21 11:42:49,550 [WARN] ConditionMgr:438 - getConditionDescription Invalid condition id : Cortex-A Device cause : null
2026-05-21 11:42:49,557 [WARN] ConditionMgr:1044 - genDependencies : Invalid condition id : Cortex-A Device cause : null
2026-05-21 11:42:49,558 [WARN] ConditionMgr:1044 - genDependencies : Invalid condition id : Cortex-A Device cause : null
2026-05-21 11:42:49,558 [WARN] ConditionMgr:1044 - genDependencies : Invalid condition id : Cortex-A Device cause : null
2026-05-21 11:42:49,564 [WARN] PackLoader:240 - Cannot read IP mode file for STMicroelectronics.X-CUBE-EEPRMA1.5.1.0
2026-05-21 11:42:49,571 [WARN] PackLoader:240 - Cannot read IP mode file for STMicroelectronics.X-CUBE-FREERTOS.1.5.0
2026-05-21 11:42:49,577 [WARN] PackLoader:240 - Cannot read IP mode file for ITTIA_DB.I-CUBE-ITTIADB.8.9.0
2026-05-21 11:42:49,604 [WARN] PackLoader:240 - Cannot read IP mode file for STMicroelectronics.X-CUBE-NFC6.3.2.0
2026-05-21 11:42:49,617 [WARN] PackLoader:240 - Cannot read IP mode file for STMicroelectronics.X-CUBE-ST67W61.1.0.0
2026-05-21 11:42:49,625 [WARN] PackLoader:240 - Cannot read IP mode file for STMicroelectronics.X-CUBE-AI.10.2.0
2026-05-21 11:42:49,757 [WARN] PackLoader:240 - Cannot read IP mode file for STMicroelectronics.X-CUBE-MEMS1.12.1.0
2026-05-21 11:42:49,895 [WARN] PackLoader:240 - Cannot read IP mode file for SEGGER.I-CUBE-embOS.1.3.1
2026-05-21 11:42:49,940 [WARN] PackLoader:240 - Cannot read IP mode file for STMicroelectronics.X-CUBE-ALGOBUILD.1.4.0
2026-05-21 11:42:50,017 [WARN] PackLoader:240 - Cannot read IP mode file for STMicroelectronics.X-CUBE-MEMS1.11.3.0
2026-05-21 11:42:50,200 [WARN] PackLoader:240 - Cannot read IP mode file for STMicroelectronics.X-CUBE-AI.9.1.0
2026-05-21 11:42:50,204 [WARN] PackLoader:240 - Cannot read IP mode file for STMicroelectronics.X-CUBE-PM33A1.1.0.0
2026-05-21 11:42:50,212 [WARN] PackLoader:240 - Cannot read IP mode file for STMicroelectronics.X-CUBE-GNSS1.6.0.0
2026-05-21 11:42:50,232 [WARN] PackLoader:240 - Cannot read IP mode file for STMicroelectronics.X-CUBE-AZRTOS-F4.1.1.0
2026-05-21 11:42:50,237 [WARN] PackLoader:240 - Cannot read IP mode file for Avnet-IotConnect.X-CUBE-IoTC-DA16k-PMOD.1.0.0
2026-05-21 11:42:50,242 [WARN] PackLoader:240 - Cannot read IP mode file for STMicroelectronics.X-CUBE-ISPU.2.1.0
2026-05-21 11:42:50,252 [WARN] PackLoader:240 - Cannot read IP mode file for STMicroelectronics.X-CUBE-IPS.3.2.0
2026-05-21 11:42:50,262 [WARN] PackLoader:240 - Cannot read IP mode file for STMicroelectronics.eDS-WB_DPC_TT-BIDIR.2.1.1
2026-05-21 11:42:50,267 [WARN] PackLoader:240 - Cannot read IP mode file for STMicroelectronics.X-CUBE-FREERTOS.1.2.0
2026-05-21 11:42:50,273 [WARN] PackLoader:240 - Cannot read IP mode file for STMicroelectronics.X-CUBE-NFC12.1.0.0
2026-05-21 11:42:50,292 [WARN] PackLoader:240 - Cannot read IP mode file for STMicroelectronics.X-CUBE-AZRTOS-L5.2.0.0
2026-05-21 11:42:50,302 [WARN] PackLoader:240 - Cannot read IP mode file for STMicroelectronics.X-CUBE-NFC6.3.1.0
2026-05-21 11:42:50,314 [WARN] PackLoader:240 - Cannot read IP mode file for STMicroelectronics.X-CUBE-DPower.1.2.0
2026-05-21 11:42:50,318 [WARN] PackLoader:240 - Cannot read IP mode file for STMicroelectronics.eDS-WB_DPC_VIENNA.1.2.0
2026-05-21 11:42:50,322 [WARN] PackLoader:240 - Cannot read IP mode file for STMicroelectronics.eDS-WB_DPC_3PH2L-BIDIR.1.1.1
2026-05-21 11:42:50,326 [WARN] PackLoader:240 - Cannot read IP mode file for STMicroelectronics.X-CUBE-AI.9.0.0
2026-05-21 11:42:50,334 [ERROR] Engine:466 - /Users/admin/.stm32cubemx/thirdparties/pdsc/STMicroelectronics.X-CUBE-ST67W61.1.3.0.pdsc: PDSC version is not supported
2026-05-21 11:42:50,338 [WARN] PackLoader:240 - Cannot read IP mode file for STMicroelectronics.X-CUBE-FREERTOS.1.3.1
2026-05-21 11:42:50,343 [WARN] PackLoader:240 - Cannot read IP mode file for STMicroelectronics.X-CUBE-FREERTOS.1.3.0
2026-05-21 11:42:50,350 [WARN] PackLoader:240 - Cannot read IP mode file for STMicroelectronics.X-CUBE-NFC7.1.0.1
2026-05-21 11:42:50,355 [WARN] PackLoader:240 - Cannot read IP mode file for wolfSSL.I-CUBE-wolfTPM.3.2.0
2026-05-21 11:42:50,358 [WARN] PackLoader:240 - Cannot read IP mode file for STMicroelectronics.X-CUBE-TOUCHGFX.4.26.0
2026-05-21 11:42:50,362 [WARN] PackLoader:240 - Cannot read IP mode file for STMicroelectronics.X-CUBE-TOUCHGFX.4.26.1
2026-05-21 11:42:50,369 [WARN] PackLoader:240 - Cannot read IP mode file for STMicroelectronics.FP-SNS-STAIOTCFT.1.0.0
2026-05-21 11:42:50,376 [WARN] PackLoader:240 - Cannot read IP mode file for STMicroelectronics.X-CUBE-DPower.1.3.0
2026-05-21 11:42:50,379 [WARN] PackLoader:240 - Cannot read IP mode file for STMicroelectronics.X-CUBE-AI.8.1.0
2026-05-21 11:42:50,393 [WARN] ConditionMgr:438 - getConditionDescription Invalid condition id : LAN8742 Phy interface Condition cause : null
2026-05-21 11:42:50,394 [WARN] PackLoader:240 - Cannot read IP mode file for STMicroelectronics.X-CUBE-AZRTOS-L4.2.0.0
2026-05-21 11:42:50,395 [WARN] ConditionMgr:1044 - genDependencies : Invalid condition id : LAN8742 Phy interface Condition cause : null
2026-05-21 11:42:50,396 [WARN] ConditionMgr:1044 - genDependencies : Invalid condition id : LAN8742 Phy interface Condition cause : null
2026-05-21 11:42:50,396 [WARN] ConditionMgr:1044 - genDependencies : Invalid condition id : LAN8742 Phy interface Condition cause : null
2026-05-21 11:42:50,404 [WARN] PackLoader:240 - Cannot read IP mode file for STMicroelectronics.X-CUBE-SFXS2LP1.4.0.0
2026-05-21 11:42:50,411 [WARN] PackLoader:240 - Cannot read IP mode file for STMicroelectronics.X-CUBE-WB05N.2.1.0
2026-05-21 11:42:50,419 [WARN] PackLoader:240 - Cannot read IP mode file for STMicroelectronics.X-CUBE-ST67W61.1.2.0
2026-05-21 11:42:50,442 [WARN] PackLoader:240 - Cannot read IP mode file for STMicroelectronics.X-CUBE-AZRTOS-H7.3.3.0
2026-05-21 11:42:50,457 [WARN] PackLoader:240 - Cannot read IP mode file for STMicroelectronics.X-CUBE-BLEMGR.4.1.0
2026-05-21 11:42:50,470 [WARN] PackLoader:240 - Cannot read IP mode file for STMicroelectronics.X-CUBE-IPS.3.0.0
2026-05-21 11:42:50,489 [WARN] ConditionMgr:438 - getConditionDescription Invalid condition id : UX DEVICE CLASS RTOS Condition cause : null
2026-05-21 11:42:50,489 [WARN] ConditionMgr:438 - getConditionDescription Invalid condition id : UX DEVICE CLASS RTOS Condition cause : null
2026-05-21 11:42:50,492 [WARN] PackLoader:240 - Cannot read IP mode file for STMicroelectronics.X-CUBE-AZRTOS-WB.2.0.0
2026-05-21 11:42:50,493 [WARN] ConditionMgr:1044 - genDependencies : Invalid condition id : UX DEVICE CLASS RTOS Condition cause : null
2026-05-21 11:42:50,493 [WARN] ConditionMgr:1044 - genDependencies : Invalid condition id : UX DEVICE CLASS RTOS Condition cause : null
2026-05-21 11:42:50,493 [WARN] ConditionMgr:1044 - genDependencies : Invalid condition id : UX DEVICE CLASS RTOS Condition cause : null
2026-05-21 11:42:50,494 [WARN] ConditionMgr:1044 - genDependencies : Invalid condition id : UX DEVICE CLASS RTOS Condition cause : null
2026-05-21 11:42:50,494 [WARN] ConditionMgr:1044 - genDependencies : Invalid condition id : UX DEVICE CLASS RTOS Condition cause : null
2026-05-21 11:42:50,500 [WARN] PackLoader:240 - Cannot read IP mode file for STMicroelectronics.X-CUBE-GNSS1.7.0.0
2026-05-21 11:42:50,506 [WARN] PackLoader:240 - Cannot read IP mode file for STMicroelectronics.X-CUBE-GNSS1.7.0.1
2026-05-21 11:42:50,512 [WARN] PackLoader:240 - Cannot read IP mode file for STMicroelectronics.X-CUBE-TOUCHGFX.4.25.0
2026-05-21 11:42:50,519 [WARN] PackLoader:240 - Cannot read IP mode file for STMicroelectronics.FP-SNS-STBOX1.2.0.0
2026-05-21 11:42:50,529 [WARN] PackLoader:240 - Cannot read IP mode file for STMicroelectronics.X-CUBE-STSE01.2.0.0
2026-05-21 11:42:50,541 [WARN] PackLoader:240 - Cannot read IP mode file for STMicroelectronics.X-CUBE-SUBG2.5.0.0
2026-05-21 11:42:50,572 [WARN] PackLoader:240 - Cannot read IP mode file for STMicroelectronics.X-CUBE-AZRTOS-H7RS.1.1.0
2026-05-21 11:42:50,582 [WARN] PackLoader:240 - Cannot read IP mode file for Cesanta.I-CUBE-Mongoose.7.13.0
2026-05-21 11:42:50,601 [WARN] PackLoader:240 - Cannot read IP mode file for STMicroelectronics.X-CUBE-AZRTOS-G4.2.0.0
2026-05-21 11:42:50,611 [WARN] PackLoader:240 - Cannot read IP mode file for STMicroelectronics.X-CUBE-NFC7.2.0.0
2026-05-21 11:42:50,616 [WARN] PackLoader:240 - Cannot read IP mode file for STMicroelectronics.FP-SNS-MOTENVWB1.1.3.1
2026-05-21 11:42:50,623 [WARN] PackLoader:240 - Cannot read IP mode file for STMicroelectronics.X-CUBE-ISPU.2.0.0
2026-05-21 11:42:50,642 [WARN] PackLoader:240 - Cannot read IP mode file for STMicroelectronics.X-CUBE-IPS.3.1.0
2026-05-21 11:42:50,658 [WARN] PackLoader:240 - Cannot read IP mode file for STMicroelectronics.X-CUBE-ALS.1.0.2
2026-05-21 11:42:50,759 [WARN] PackLoader:240 - Cannot read IP mode file for STMicroelectronics.X-CUBE-MEMS1.10.0.0
2026-05-21 11:42:50,947 [WARN] PackLoader:240 - Cannot read IP mode file for STMicroelectronics.X-CUBE-FREERTOS.1.1.0
2026-05-21 11:42:50,952 [WARN] PackLoader:240 - Cannot read IP mode file for STMicroelectronics.X-CUBE-TOUCHGFX.4.24.0
2026-05-21 11:42:50,956 [WARN] PackLoader:240 - Cannot read IP mode file for STMicroelectronics.X-CUBE-TOUCHGFX.4.24.2
2026-05-21 11:42:50,961 [WARN] PackLoader:240 - Cannot read IP mode file for STMicroelectronics.X-CUBE-TOUCHGFX.4.24.1
2026-05-21 11:42:50,969 [WARN] PackLoader:240 - Cannot read IP mode file for STMicroelectronics.X-CUBE-STSE01.1.0.0
2026-05-21 11:42:50,976 [WARN] PackLoader:240 - Cannot read IP mode file for portGmbH.I-Cube-SoM-uGOAL.1.1.0
2026-05-21 11:42:50,980 [WARN] PackLoader:240 - Cannot read IP mode file for STMicroelectronics.X-CUBE-ALS.1.0.1
2026-05-21 11:42:51,000 [WARN] PackLoader:240 - Cannot read IP mode file for STMicroelectronics.X-CUBE-AZRTOS-H7RS.1.0.0
2026-05-21 11:42:51,007 [WARN] PackLoader:240 - Cannot read IP mode file for STMicroelectronics.FP-ATR-ASTRA1.2.0.0
2026-05-21 11:42:51,017 [WARN] PackLoader:240 - Cannot read IP mode file for STMicroelectronics.X-CUBE-TOF1.3.4.2
2026-05-21 11:42:51,040 [WARN] PackLoader:240 - Cannot read IP mode file for STMicroelectronics.X-CUBE-TOF1.3.4.3
2026-05-21 11:42:51,063 [WARN] PackLoader:240 - Cannot read IP mode file for STMicroelectronics.X-CUBE-TOF1.3.4.1
2026-05-21 11:42:51,094 [WARN] PackLoader:240 - Cannot read IP mode file for STMicroelectronics.X-CUBE-AZRTOS-H7.3.2.0
2026-05-21 11:42:51,110 [WARN] PackLoader:240 - Cannot read IP mode file for Infineon.AIROC-Wi-Fi-Bluetooth-STM32.1.6.0
2026-05-21 11:42:51,199 [WARN] PackLoader:240 - Cannot read IP mode file for wolfSSL.I-CUBE-wolfSSH.1.4.17
2026-05-21 11:42:51,200 [INFO] ThirdParty:978 - Integrity check success = true
2026-05-21 11:42:51,200 [INFO] IntegrityCheckThread:100 - exiting critical section [integrity check]
2026-05-21 11:42:51,200 [INFO] IntegrityCheckThread:103 - End integrity checks thread
2026-05-21 11:49:56,052 [INFO] McuFinderGlobals:63 - Set McuFinder mode to 2 (CubeIDE integrated)
2026-05-21 11:49:56,057 [INFO] MainUpdater:2872 - connection check result : 10
2026-05-21 11:49:56,058 [INFO] MainUpdater:2872 - connection check result : 10
2026-05-21 11:49:57,010 [INFO] MicroXplorer:468 - Change Database Path : 
2026-05-21 11:49:57,011 [INFO] MicroXplorer:498 - Change Database Version : DB.6.0.150
2026-05-21 11:49:57,021 [WARN] ThirdParty:871 - waiting for thirdparty lock release [close project]
2026-05-21 11:49:57,021 [INFO] ThirdParty:873 - entering critical section [close project]
2026-05-21 11:49:57,022 [INFO] ThirdParty:883 - exiting critical section [close project]
2026-05-21 11:49:57,024 [INFO] PinOutPanel:1589 - setPackage(No Configuration,No Configuration)
2026-05-21 11:49:57,026 [INFO] UtilMem:75 - Begin LoadConfig() Used Memory: 690046824 Bytes (1073741824)
2026-05-21 11:49:57,027 [INFO] MicroXplorer:468 - Change Database Path : 
2026-05-21 11:49:57,028 [INFO] MicroXplorer:498 - Change Database Version : DB.6.0.150
2026-05-21 11:49:57,028 [INFO] OpenFileManager:355 - Change cursor
2026-05-21 11:49:57,051 [INFO] Mcu:2029 - Initializing MCU STM32L010K8Tx STM32L010K8Tx STM32L010K8T6
2026-05-21 11:49:57,710 [INFO] Context:786 - Trying to add GPIOservice into a context  which must be forbidden
2026-05-21 11:49:57,963 [INFO] ImportTextPane:234 - (OptionalMessage_ERROR) Pin25 (VP_RIF_VS_RIF1) cannot be retrieved for this MCU
2026-05-21 11:49:58,197 [INFO] RtosManager:558 - Registered RTOS mode: class=CMSIS, group=RTOS, mode=CMSIS_V1, owner=FREERTOS
2026-05-21 11:49:58,198 [INFO] RtosManager:558 - Registered RTOS mode: class=CMSIS, group=RTOS2, mode=CMSIS_V2, owner=FREERTOS
2026-05-21 11:49:58,198 [INFO] RtosManager:558 - Registered RTOS mode: class=RTOS, group=Core, mode=CMSIS_V1, owner=FREERTOS
2026-05-21 11:49:58,198 [INFO] RtosManager:558 - Registered RTOS mode: class=RTOS, group=Core, mode=CMSIS_V2, owner=FREERTOS
2026-05-21 11:49:58,198 [WARN] ModelIntegratedComponent:184 - Missing modes for component STMicroelectronics:FreeRTOS:0.0.1:STMicroelectronics:RTOS:FreeRTOS:Core:::10.2.0:
2026-05-21 11:49:58,209 [WARN] ModelIntegratedComponent:63 - No mode defined for component null
2026-05-21 11:49:58,209 [WARN] ModelIntegratedComponent:63 - No mode defined for component null
2026-05-21 11:49:58,209 [WARN] ModelIntegratedComponent:63 - No mode defined for component null
2026-05-21 11:49:58,209 [WARN] ModelIntegratedComponent:63 - No mode defined for component null
2026-05-21 11:49:58,209 [WARN] ModelIntegratedComponent:63 - No mode defined for component null
2026-05-21 11:49:58,210 [WARN] ModelIntegratedComponent:63 - No mode defined for component null
2026-05-21 11:49:58,210 [WARN] ModelIntegratedComponent:63 - No mode defined for component null
2026-05-21 11:49:58,210 [WARN] ModelIntegratedComponent:63 - No mode defined for component null
2026-05-21 11:49:58,210 [WARN] ModelIntegratedComponent:63 - No mode defined for component null
2026-05-21 11:49:58,210 [WARN] ModelIntegratedComponent:63 - No mode defined for component null
2026-05-21 11:49:58,210 [WARN] ModelIntegratedComponent:63 - No mode defined for component null
2026-05-21 11:49:58,210 [WARN] ModelIntegratedComponent:63 - No mode defined for component null
2026-05-21 11:49:58,210 [WARN] ModelIntegratedComponent:63 - No mode defined for component null
2026-05-21 11:49:58,210 [WARN] ModelIntegratedComponent:63 - No mode defined for component null
2026-05-21 11:49:58,210 [WARN] ModelIntegratedComponent:63 - No mode defined for component null
2026-05-21 11:49:58,211 [WARN] ModelIntegratedComponent:63 - No mode defined for component null
2026-05-21 11:49:58,211 [WARN] ModelIntegratedComponent:63 - No mode defined for component null
2026-05-21 11:49:58,211 [WARN] ModelIntegratedComponent:63 - No mode defined for component null
2026-05-21 11:49:58,211 [WARN] ModelIntegratedComponent:63 - No mode defined for component null
2026-05-21 11:49:58,211 [WARN] ModelIntegratedComponent:63 - No mode defined for component null
2026-05-21 11:49:58,211 [WARN] ModelIntegratedComponent:63 - No mode defined for component null
2026-05-21 11:49:58,211 [WARN] ModelIntegratedComponent:63 - No mode defined for component null
2026-05-21 11:49:58,211 [WARN] ModelIntegratedComponent:63 - No mode defined for component null
2026-05-21 11:49:58,212 [WARN] ModelIntegratedComponent:63 - No mode defined for component null
2026-05-21 11:49:58,212 [WARN] ModelIntegratedComponent:63 - No mode defined for component null
2026-05-21 11:49:58,212 [WARN] ModelIntegratedComponent:63 - No mode defined for component null
2026-05-21 11:49:58,212 [WARN] ModelIntegratedComponent:63 - No mode defined for component null
2026-05-21 11:49:58,212 [WARN] ModelIntegratedComponent:63 - No mode defined for component null
2026-05-21 11:49:58,212 [WARN] ModelIntegratedComponent:63 - No mode defined for component null
2026-05-21 11:49:58,212 [WARN] ModelIntegratedComponent:63 - No mode defined for component null
2026-05-21 11:49:58,212 [WARN] ModelIntegratedComponent:63 - No mode defined for component null
2026-05-21 11:49:58,212 [WARN] ModelIntegratedComponent:63 - No mode defined for component null
2026-05-21 11:49:58,213 [WARN] ModelIntegratedComponent:63 - No mode defined for component null
2026-05-21 11:49:58,213 [WARN] ModelIntegratedComponent:63 - No mode defined for component null
2026-05-21 11:49:58,213 [WARN] ModelIntegratedComponent:63 - No mode defined for component null
2026-05-21 11:49:58,213 [WARN] ModelPack:524 - Component already loaded: STMicroelectronics:HAL Drivers:0.0.0:STMicroelectronics:Device:STMicro_Driver:XSPI:HAL::0.0.1:HAL_XSPI
2026-05-21 11:49:58,720 [INFO] ThirdPartyModel:298 - Start build external matchings
2026-05-21 11:50:02,543 [INFO] ThirdPartyModel:316 - End build external matchings
2026-05-21 11:50:02,654 [INFO] ImportTextPane:234 - (OptionalMessage_ERROR) IP (RCC) : Invalid parameter (FamilyName)
2026-05-21 11:50:02,655 [INFO] ImportTextPane:234 - (OptionalMessage_ERROR) IP (RCC) : Invalid parameter (TIMFreq_Value)
2026-05-21 11:50:02,859 [INFO] ApiDb:581 - Connected to CubeFinder SQLite database (/Users/admin/.stmcufinder/plugins/mcufinder/mcu/cube-finder-db.db)
2026-05-21 11:50:02,940 [INFO] ApiDb:668 - CubeFinder database Data Model version=2.1
2026-05-21 11:50:02,940 [INFO] ApiDb:669 - CubeFinder database Configuration version=3.0.42
2026-05-21 11:50:02,940 [INFO] ApiDb:670 - CubeFinder database generation date=2026-03-11 (1773229989)
2026-05-21 11:50:02,940 [INFO] ApiDb:671 - CubeFinder database FW Pack versions=[FP-ATR-ASTRA1_V2.0.0, FP-SNS-FLIGHT1_V5.1.0, FP-SNS-MOTENV1_V5.1.0, FP-SNS-MOTENVWB1_V1.5.0, FP-SNS-SMARTAG2_V1.2.0, FP-SNS-STBOX1_V2.1.0, STM32Cube_FW_C0_V1.4.0, STM32Cube_FW_F4_V1.28.3, STM32Cube_FW_F7_V1.17.4, STM32Cube_FW_G0_V1.6.3, STM32Cube_FW_G4_V1.6.2, STM32Cube_FW_H5_V1.6.0, STM32Cube_FW_H7RS_V1.3.0, STM32Cube_FW_H7_V1.13.0, STM32Cube_FW_L0_V1.12.2, STM32Cube_FW_L4_V1.18.2, STM32Cube_FW_L5_V1.6.0, STM32Cube_FW_N6_V1.3.0, STM32Cube_FW_U0_V1.3.0, STM32Cube_FW_U3_V1.3.0, STM32Cube_FW_U5_V1.8.0, STM32Cube_FW_WB0_V1.4.0, STM32Cube_FW_WBA_V1.9.0, STM32Cube_FW_WB_V1.24.0, STM32Cube_FW_WL3_V1.4.0, STM32Cube_FW_WL_V1.5.0, X-CUBE-ALGOBUILD_V1.4.0, X-CUBE-ALS_V1.0.2, X-CUBE-AZRTOS-F4_V1.1.0, X-CUBE-AZRTOS-F7_V1.1.0, X-CUBE-AZRTOS-G0_V1.1.0, X-CUBE-AZRTOS-G4_V2.0.0, X-CUBE-AZRTOS-H7RS_V1.1.0, X-CUBE-AZRTOS-H7_V3.4.0, X-CUBE-AZRTOS-L4_V2.0.0, X-CUBE-AZRTOS-L5_V2.0.0, X-CUBE-AZRTOS-WB_V2.0.0, X-CUBE-AZRTOS-WL_V2.0.0, X-CUBE-BLE1_V7.1.0, X-CUBE-BLE2_V3.3.0, X-CUBE-BLEMGR_V4.1.0, X-CUBE-EEPRMA1_V5.2.0, X-CUBE-FREERTOS_V1.5.0, X-CUBE-GNSS1_V6.0.0, X-CUBE-MEMS1_V12.0.0, X-CUBE-NFC4_V3.0.0, X-CUBE-NFC7_V2.0.0, X-CUBE-SFXS2LP1_V4.0.0, X-CUBE-ST67W61_V1.2.0, X-CUBE-SUBG2_V5.0.0, X-CUBE-TOF1_V3.4.3]
2026-05-21 11:50:03,227 [INFO] DbBoardsSqlite:226 - include board P-NUCLEO-WB55-NUCLEO as a kit item of type 'Nucleo-64'
2026-05-21 11:50:03,227 [INFO] DbBoardsSqlite:226 - include board P-NUCLEO-WB55-USBDONGLE as a kit item of type 'Nucleo USB Dongle'
2026-05-21 11:50:03,228 [INFO] DbBoardsSqlite:226 - include board STEVAL-IDP005V1 as a kit item of type 'Evaluation Board'
2026-05-21 11:50:03,228 [INFO] DbBoardsSqlite:226 - include board STEVAL-IDP005V2 as a kit item of type 'Evaluation Board'
2026-05-21 11:50:04,137 [INFO] ApiDb:240 - Found 880 in-development CPN: [B-G473E-ZEST1S, B-WB1M-WPAN1, B-WBA5M-WPAN, B-WL5M-SUBG1, NUCLEO-C031C6, NUCLEO-C051C8, NUCLEO-C071RB, NUCLEO-C092RC, NUCLEO-H503RB, NUCLEO-H533RE, NUCLEO-H563ZI, NUCLEO-H7S3L8, NUCLEO-N657X0-Q, NUCLEO-U031R8, NUCLEO-U083RC, NUCLEO-U385RG-Q, NUCLEO-U545RE-Q, NUCLEO-U5A5ZJ-Q, NUCLEO-WB05KZ, NUCLEO-WB07CC, NUCLEO-WB09KE, NUCLEO-WBA52CG, NUCLEO-WBA55CG, NUCLEO-WL33CC1, NUCLEO-WL33CC2, STEVAL-PROTEUS1, STEVAL-SMARTAG2, STEVAL-STWINBX1, STM320518-EVAL, STM32C0116-DK, STM32C011D6Y3TR, STM32C011D6Y6TR, STM32C011F4P3, STM32C011F4P6, STM32C011F4U3, STM32C011F4U6TR, STM32C011F6P3, STM32C011F6P6, STM32C011F6U3, STM32C011F6U6TR, STM32C011J4M3, STM32C011J4M6, STM32C011J6M3, STM32C011J6M6, STM32C0316-DK, STM32C031C4T3, STM32C031C4T6, STM32C031C4U3, STM32C031C4U6, STM32C031C6T3, STM32C031C6T6, STM32C031C6U3, STM32C031C6U6, STM32C031F4P3, STM32C031F4P6, STM32C031F6P3, STM32C031F6P6, STM32C031G4U3, STM32C031G4U6, STM32C031G6U3, STM32C031G6U6, STM32C031K4T3, STM32C031K4T6, STM32C031K4U3, STM32C031K4U6, STM32C031K6T3, STM32C031K6T6, STM32C031K6U3, STM32C031K6U6, STM32C051C6T6, STM32C051C6U6, STM32C051C8T6, STM32C051C8U6, STM32C051D8Y6TR, STM32C051F6P6, STM32C051F8P6, STM32C051G6U6, STM32C051G8U6, STM32C051K6T6, STM32C051K6U6, STM32C051K8T6, STM32C071C8T6, STM32C071C8T6N, STM32C071C8U6, STM32C071C8U6N, STM32C071CBT6, STM32C071CBT6N, STM32C071CBU6, STM32C071CBU6N, STM32C071F8P6, STM32C071F8P6N, STM32C071FBP6, STM32C071FBP6N, STM32C071FBY6TR, STM32C071G8U6, STM32C071G8U6N, STM32C071GBU6, STM32C071GBU6N, STM32C071K8T6, STM32C071K8T6N, STM32C071K8U6, STM32C071K8U6N, STM32C071KBT6, STM32C071KBT6N, STM32C071KBU6, STM32C071KBU6N, STM32C071R8T6, STM32C071R8T6N, STM32C071RBI6N, STM32C071RBT6, STM32C071RBT6N, STM32C091CBT6, STM32C091CBU6, STM32C091CCT6, STM32C091CCU6, STM32C091ECY6TR, STM32C091FBP6, STM32C091FCP6, STM32C091GBU6, STM32C091GCU6, STM32C091KBT6, STM32C091KBU6, STM32C091KCT6, STM32C091KCU6, STM32C091RBT6, STM32C091RCI6, STM32C091RCT6, STM32C092CBT6, STM32C092CBU6, STM32C092CCT6, STM32C092CCU6, STM32C092ECY6TR, STM32C092FBP6, STM32C092FCP6, STM32C092GBU6, STM32C092GCU6, STM32C092KBT6, STM32C092KBU6, STM32C092KCT6, STM32C092KCU6, STM32C092RBT6, STM32C092RCI6, STM32C092RCT6, STM32G071K8TXN, STM32G071K8UXN, STM32G081GBU6N, STM32G081KBT6N, STM32G081KBUXN, STM32G0B1CCT6N, STM32G0B1KCT6, STM32G0B1NEY6TR, STM32G0B1RCT6N, STM32G0C1CCT6, STM32G0C1CCT6N, STM32G0C1CCU6N, STM32G0C1CET6N, STM32G0C1CEU6N, STM32G0C1KCT6, STM32G0C1NEY6TR, STM32G0C1RCI6N, STM32G0C1RCT6N, STM32G0C1REI6N, STM32G0C1RET6N, STM32G0C1VCI6, STM32G0C1VEI6, STM32G411C6T3, STM32G411C6T6, STM32G411C6U3, STM32G411C6U6, STM32G411C8T3, STM32G411C8T6, STM32G411C8U3, STM32G411C8U6, STM32G411CBT3, STM32G411CBT6, STM32G411CBU3, STM32G411CBU6, STM32G411K6T3, STM32G411K6T6, STM32G411K6U3, STM32G411K6U6, STM32G411K8T3, STM32G411K8T6, STM32G411K8U3, STM32G411K8U6, STM32G411KBT3, STM32G411KBT6, STM32G411KBU3, STM32G411KBU6, STM32G411M6T3, STM32G411M6T6, STM32G411M8T3, STM32G411M8T6, STM32G411MBT3, STM32G411MBT6, STM32G411R6T3, STM32G411R6T6, STM32G411R8T3, STM32G411R8T6, STM32G411RBT3, STM32G411RBT6, STM32G414CBT3, STM32G414CBT6, STM32G414CBU3, STM32G414CBU6, STM32G414CCT3, STM32G414CCT6, STM32G414CCU3, STM32G414CCU6, STM32G414MBT3, STM32G414MBT6, STM32G414MCT3, STM32G414MCT6, STM32G414RBT3, STM32G414RBT6, STM32G414RCT3, STM32G414RCT6, STM32G414VBT3, STM32G414VBT6, STM32G414VCT3, STM32G414VCT6, STM32G431CBT3Z, STM32G431RBT3Z, STM32G471CCT6, STM32G471CCU6, STM32G471CET3, STM32G471CET6, STM32G471CEU3, STM32G471CEU6, STM32G471MCT6, STM32G471MET3, STM32G471MET6, STM32G471MEY6TR, STM32G471QCT6, STM32G471QET3, STM32G471RCT6, STM32G471RET3, STM32G471RET6, STM32G471VCH6, STM32G471VCI6, STM32G471VCT6, STM32G471VEH3, STM32G471VEH6, STM32G471VEI3, STM32G471VEI6, STM32G471VET3, STM32G471VET6, STM32G473QET3Z, STM32G473RET3Z, STM32G474CCT6, STM32G491RET3Z, STM32H503CBT6, STM32H503CBU6, STM32H503EBY6TR, STM32H503KBU6, STM32H503RBT6, STM32H523CCT6, STM32H523CCU6, STM32H523CET6, STM32H523CEU6, STM32H523HEY6TR, STM32H523RCT6, STM32H523RET6, STM32H523VCI6, STM32H523VCT6, STM32H523VEI6, STM32H523VET6, STM32H523ZCJ6, STM32H523ZCT6, STM32H523ZEJ6, STM32H523ZET6, STM32H533CET6, STM32H533CEU6, STM32H533HEY6TR, STM32H533RET6, STM32H533VEI6, STM32H533VET6, STM32H533ZEJ6, STM32H533ZET6, STM32H562AGI6, STM32H562AII6, STM32H562IGK6, STM32H562IGT6, STM32H562IIK6, STM32H562IIT6, STM32H562RGT6, STM32H562RGV6, STM32H562RIT6, STM32H562RIV6, STM32H562VGT6, STM32H562VIT6, STM32H562ZGT6, STM32H562ZIT6, STM32H563AGI6, STM32H563AII3Q, STM32H563AII6, STM32H563IGK6, STM32H563IGT6, STM32H563IIK3Q, STM32H563IIK6, STM32H563IIT3Q, STM32H563IIT6, STM32H563MIY3QTR, STM32H563RGT6, STM32H563RGV6, STM32H563RIT6, STM32H563RIV6, STM32H563VGT6, STM32H563VIT3Q, STM32H563VIT6, STM32H563ZGT6, STM32H563ZIT3Q, STM32H563ZIT6, STM32H573AII3Q, STM32H573AII6, STM32H573I-DK, STM32H573IIK3Q, STM32H573IIK6, STM32H573IIT3Q, STM32H573IIT6, STM32H573MIY3QTR, STM32H573RIT6, STM32H573RIV6, STM32H573VIT3Q, STM32H573VIT6, STM32H573ZIT3Q, STM32H573ZIT6, STM32H7R3A8I6, STM32H7R3I8K6, STM32H7R3I8T6, STM32H7R3L8H6, STM32H7R3L8H6H, STM32H7R3R8V6, STM32H7R3V8H6, STM32H7R3V8T6, STM32H7R3V8Y6TR, STM32H7R3Z8J6, STM32H7R3Z8T6, STM32H7R7A8I6, STM32H7R7I8K6, STM32H7R7I8T6, STM32H7R7L8H6, STM32H7R7L8H6H, STM32H7R7Z8J6, STM32H7S3A8I6, STM32H7S3I8K6, STM32H7S3I8T6, STM32H7S3L8H6, STM32H7S3L8H6H, STM32H7S3R8V6, STM32H7S3V8H6, STM32H7S3V8T6, STM32H7S3V8Y6TR, STM32H7S3Z8J6, STM32H7S3Z8T6, STM32H7S78-DK, STM32H7S7A8I6, STM32H7S7I8K6, STM32H7S7I8T6, STM32H7S7L8H6, STM32H7S7L8H6H, STM32H7S7Z8J6, STM32L4R5QGI6STR, STM32MP131AAE3, STM32MP131AAF3, STM32MP131AAG3, STM32MP131CAE3, STM32MP131CAF3, STM32MP131CAG3, STM32MP131DAE7, STM32MP131DAF7, STM32MP131DAG7, STM32MP131FAE7, STM32MP131FAF7, STM32MP131FAG7, STM32MP133AAE3, STM32MP133AAF3, STM32MP133AAG3, STM32MP133CAE3, STM32MP133CAF3, STM32MP133CAG3, STM32MP133DAE7, STM32MP133DAF7, STM32MP133DAG7, STM32MP133FAE7, STM32MP133FAF7, STM32MP133FAG7, STM32MP135AAE3, STM32MP135AAF3, STM32MP135AAG3, STM32MP135CAE3, STM32MP135CAF3, STM32MP135CAG3, STM32MP135DAE7, STM32MP135DAF7, STM32MP135DAG7, STM32MP135F-DK, STM32MP135FAE7, STM32MP135FAF7, STM32MP135FAF7T, STM32MP135FAF7U, STM32MP135FAG7, STM32MP211AAL3, STM32MP211AAM3, STM32MP211AAN3, STM32MP211AAO3, STM32MP211CAL3, STM32MP211CAM3, STM32MP211CAN3, STM32MP211CAO3, STM32MP211DAL3, STM32MP211DAM3, STM32MP211DAN3, STM32MP211DAO3, STM32MP211FAL3, STM32MP211FAM3, STM32MP211FAN3, STM32MP211FAO3, STM32MP213AAL3, STM32MP213AAM3, STM32MP213AAN3, STM32MP213AAO3, STM32MP213CAL3, STM32MP213CAM3, STM32MP213CAN3, STM32MP213CAO3, STM32MP213DAL3, STM32MP213DAM3, STM32MP213DAN3, STM32MP213DAO3, STM32MP213FAL3, STM32MP213FAM3, STM32MP213FAN3, STM32MP213FAO3, STM32MP215AAL3, STM32MP215AAM3, STM32MP215AAN3, STM32MP215AAO3, STM32MP215CAL3, STM32MP215CAM3, STM32MP215CAN3, STM32MP215CAO3, STM32MP215DAL3, STM32MP215DAM3, STM32MP215DAN3, STM32MP215DAO3, STM32MP215F-DK, STM32MP215FAL3, STM32MP215FAM3, STM32MP215FAN3, STM32MP215FAO3, STM32MP231AAJ3, STM32MP231AAK3, STM32MP231AAL3, STM32MP231CAJ3, STM32MP231CAK3, STM32MP231CAL3, STM32MP231DAJ3, STM32MP231DAK3, STM32MP231DAL3, STM32MP231FAJ3, STM32MP231FAK3, STM32MP231FAL3, STM32MP233AAJ3, STM32MP233AAK3, STM32MP233AAL3, STM32MP233CAJ3, STM32MP233CAK3, STM32MP233CAL3, STM32MP233DAJ3, STM32MP233DAK3, STM32MP233DAL3, STM32MP233FAJ3, STM32MP233FAK3, STM32MP233FAL3, STM32MP235AAJ3, STM32MP235AAK3, STM32MP235AAL3, STM32MP235CAJ3, STM32MP235CAK3, STM32MP235CAL3, STM32MP235DAJ3, STM32MP235DAK3, STM32MP235DAL3, STM32MP235FAJ3, STM32MP235FAK3, STM32MP235FAL3, STM32MP251AAI3, STM32MP251AAK3, STM32MP251AAL3, STM32MP251CAI3, STM32MP251CAK3, STM32MP251CAL3, STM32MP251DAI3, STM32MP251DAK3, STM32MP251DAL3, STM32MP251FAI3, STM32MP251FAK3, STM32MP251FAL3, STM32MP253AAI3, STM32MP253AAK3, STM32MP253AAL3, STM32MP253CAI3, STM32MP253CAK3, STM32MP253CAL3, STM32MP253DAI3, STM32MP253DAK3, STM32MP253DAL3, STM32MP253FAI3, STM32MP253FAK3, STM32MP253FAL3, STM32MP255AAI3, STM32MP255AAK3, STM32MP255AAL3, STM32MP255CAI3, STM32MP255CAK3, STM32MP255CAL3, STM32MP255DAI3, STM32MP255DAK3, STM32MP255DAL3, STM32MP255FAI3, STM32MP255FAK3, STM32MP255FAL3, STM32MP257AAI3, STM32MP257AAK3, STM32MP257AAL3, STM32MP257CAI3, STM32MP257CAK3, STM32MP257CAL3, STM32MP257DAI3, STM32MP257DAK3, STM32MP257DAL3, STM32MP257F-DK, STM32MP257F-EV1, STM32MP257FAI3, STM32MP257FAK3, STM32MP257FAL3, STM32N645A0H3Q, STM32N645B0H3Q, STM32N645I0H3Q, STM32N645L0H3Q, STM32N645X0H3Q, STM32N645Z0H3Q, STM32N647A0H3Q, STM32N647B0H3Q, STM32N647I0H3Q, STM32N647L0H3Q, STM32N647X0H3Q, STM32N647Z0H3Q, STM32N655A0H3Q, STM32N655B0H3Q, STM32N655I0H3Q, STM32N655L0H3Q, STM32N655X0H3Q, STM32N655Z0H3Q, STM32N6570-DK, STM32N657A0H3Q, STM32N657B0H3Q, STM32N657I0H3Q, STM32N657L0H3Q, STM32N657X0H3Q, STM32N657Z0H3Q, STM32U031C6T6, STM32U031C6U6, STM32U031C8T6, STM32U031C8U6, STM32U031F4P6, STM32U031F6P6, STM32U031F8P6, STM32U031G6Y6TR, STM32U031G8Y6TR, STM32U031K4U6, STM32U031K6U6, STM32U031K8U6, STM32U031R6I6, STM32U031R6T6, STM32U031R8I6, STM32U031R8T6, STM32U073C8T6, STM32U073C8U6, STM32U073CBT6, STM32U073CBU6, STM32U073CCT6, STM32U073CCU6, STM32U073H8Y6TR, STM32U073HBY6TR, STM32U073HCY6TR, STM32U073K8U6, STM32U073KBU6, STM32U073KCU6, STM32U073M8I6, STM32U073M8T6, STM32U073MBI6, STM32U073MBT6, STM32U073MCI6, STM32U073MCT6, STM32U073R8I6, STM32U073R8T6, STM32U073RBI6, STM32U073RBT6, STM32U073RCI6, STM32U073RCT6, STM32U083C-DK, STM32U083CCT6, STM32U083CCU6, STM32U083HCY6TR, STM32U083KCU6, STM32U083MCI6, STM32U083MCT6, STM32U083RCI6, STM32U083RCT6, STM32U375CET6, STM32U375CET6Q, STM32U375CEU6, STM32U375CEU6Q, STM32U375CEY6QTR, STM32U375CGT6, STM32U375CGT6Q, STM32U375CGU6, STM32U375CGU6Q, STM32U375CGY6QTR, STM32U375KEU6, STM32U375KGU6, STM32U375REI6, STM32U375REI6Q, STM32U375RET6, STM32U375RET6Q, STM32U375REY6GTR, STM32U375REY6QTR, STM32U375RGI6, STM32U375RGI6Q, STM32U375RGT6, STM32U375RGT6Q, STM32U375RGY6GTR, STM32U375RGY6QTR, STM32U375VEI6, STM32U375VEI6Q, STM32U375VET6, STM32U375VET6Q, STM32U375VGI6, STM32U375VGI6Q, STM32U375VGT6, STM32U375VGT6Q, STM32U385CGT6, STM32U385CGT6Q, STM32U385CGU6, STM32U385CGU6Q, STM32U385CGY6QTR, STM32U385KGU6, STM32U385RGI6, STM32U385RGI6Q, STM32U385RGT6, STM32U385RGT6Q, STM32U385RGY6GTR, STM32U385RGY6QTR, STM32U385VGI6, STM32U385VGI6Q, STM32U385VGT6, STM32U385VGT6Q, STM32U535CBT6, STM32U535CBT6Q, STM32U535CBU6, STM32U535CBU6Q, STM32U535CCT6, STM32U535CCT6Q, STM32U535CCU6, STM32U535CCU6Q, STM32U535CET6, STM32U535CET6Q, STM32U535CEU6, STM32U535CEU6Q, STM32U535JEY6QTR, STM32U535NCY6QTR, STM32U535NEY6QTR, STM32U535RBI6, STM32U535RBI6Q, STM32U535RBT6, STM32U535RBT6Q, STM32U535RCI6, STM32U535RCI6Q, STM32U535RCT6, STM32U535RCT6Q, STM32U535REI6, STM32U535REI6Q, STM32U535RET6, STM32U535RET6Q, STM32U535VCI6, STM32U535VCI6Q, STM32U535VCT6, STM32U535VCT6Q, STM32U535VEI6, STM32U535VEI6Q, STM32U535VET6, STM32U535VET6Q, STM32U545CET6, STM32U545CET6Q, STM32U545CEU6, STM32U545CEU6Q, STM32U545JEY6QTR, STM32U545NEY6QTR, STM32U545REI6, STM32U545REI6Q, STM32U545RET6, STM32U545RET6Q, STM32U545VEI6, STM32U545VEI6Q, STM32U545VET6, STM32U545VET6Q, STM32U595AIH6, STM32U595AIH6Q, STM32U595AJH6, STM32U595AJH6Q, STM32U595QII6, STM32U595QII6Q, STM32U595QJI6, STM32U595QJI6Q, STM32U595RIT6, STM32U595RIT6Q, STM32U595RJT6, STM32U595RJT6Q, STM32U595VIT6, STM32U595VIT6Q, STM32U595VJT6, STM32U595VJT6Q, STM32U595ZIT6, STM32U595ZIT6Q, STM32U595ZIY6QTR, STM32U595ZJT6, STM32U595ZJT6Q, STM32U595ZJY6QTR, STM32U599BJY6QTR, STM32U599NIH6Q, STM32U599NJH6Q, STM32U599VIT6Q, STM32U599VJT6, STM32U599VJT6Q, STM32U599ZIT6Q, STM32U599ZIY6QTR, STM32U599ZJT6Q, STM32U599ZJY6QTR, STM32U5A5AJH6, STM32U5A5AJH6Q, STM32U5A5QII3Q , STM32U5A5QJI6, STM32U5A5QJI6Q, STM32U5A5RJT6, STM32U5A5RJT6Q, STM32U5A5VJT6, STM32U5A5VJT6Q, STM32U5A5ZJT6, STM32U5A5ZJT6Q, STM32U5A5ZJY6QTR, STM32U5A9BJY6QTR, STM32U5A9J-DK, STM32U5A9NJH6Q, STM32U5A9VJT6Q, STM32U5A9ZJT6Q, STM32U5A9ZJY6QTR, STM32U5F7VIT6, STM32U5F7VIT6Q, STM32U5F7VJT6, STM32U5F7VJT6Q, STM32U5F9BJY6QTR, STM32U5F9NJH6Q, STM32U5F9VIT6Q, STM32U5F9VJT6Q, STM32U5F9ZIJ6QTR, STM32U5F9ZIT6Q, STM32U5F9ZJJ6QTR, STM32U5F9ZJT6Q, STM32U5G7VJT6, STM32U5G7VJT6Q, STM32U5G9BJY6QTR, STM32U5G9J-DK1, STM32U5G9J-DK2, STM32U5G9NJH6Q, STM32U5G9VJT6Q, STM32U5G9ZJJ6QTR, STM32U5G9ZJT6Q, STM32WB05KZV6TR, STM32WB05KZV7TR, STM32WB05TZF6TR, STM32WB05TZF7TR, STM32WB06CCF6TR, STM32WB06CCF7TR, STM32WB06CCV6TR, STM32WB06CCV7TR, STM32WB06KCV6TR, STM32WB06KCV7TR, STM32WB07CCF6TR, STM32WB07CCF7TR, STM32WB07CCV6TR, STM32WB07CCV7TR, STM32WB07KCV6TR, STM32WB07KCV7TR, STM32WB09KEV6TR, STM32WB09KEV7TR, STM32WB09TEF6TR, STM32WB09TEF7TR, STM32WB1MMCH6, STM32WBA50KGU6, STM32WBA50KGU6TR, STM32WBA52CEU6, STM32WBA52CEU6TR, STM32WBA52CEU7, STM32WBA52CEU7TR, STM32WBA52CGU6, STM32WBA52CGU6TR, STM32WBA52CGU6U, STM32WBA52CGU7, STM32WBA52CGU7TR, STM32WBA52KEU6, STM32WBA52KEU6TR, STM32WBA52KGU6, STM32WBA52KGU6TR, STM32WBA54CEU6, STM32WBA54CEU6TR, STM32WBA54CEU7, STM32WBA54CEU7TR, STM32WBA54CGU6, STM32WBA54CGU6TR, STM32WBA54CGU7, STM32WBA54CGU7TR, STM32WBA54KEU6, STM32WBA54KEU6TR, STM32WBA54KEU7, STM32WBA54KEU7TR, STM32WBA54KGU6, STM32WBA54KGU6TR, STM32WBA54KGU7, STM32WBA54KGU7TR, STM32WBA55CEU6, STM32WBA55CEU6TR, STM32WBA55CEU7, STM32WBA55CEU7TR, STM32WBA55CGU6, STM32WBA55CGU6TR, STM32WBA55CGU6U, STM32WBA55CGU7, STM32WBA55CGU7TR, STM32WBA55G-DK1, STM32WBA55HEF6, STM32WBA55HEF7, STM32WBA55HGF6, STM32WBA55HGF7, STM32WBA55UEI6, STM32WBA55UEI6TR, STM32WBA55UEI7, STM32WBA55UEI7TR, STM32WBA55UGI6, STM32WBA55UGI6TR, STM32WBA55UGI7, STM32WBA55UGI7TR, STM32WBA5MMGH6TR, STM32WBA62MGF6, STM32WBA62MIF6, STM32WBA65MGF7, STM32WBA65MIF6, STM32WBA65MIF7, STM32WL30K8V6, STM32WL30KBV6, STM32WL31C8V6, STM32WL31CBV6, STM32WL31K8V6, STM32WL31KBV6, STM32WL33C8V6, STM32WL33C8V6X, STM32WL33CBV6, STM32WL33CBV6X, STM32WL33CCV6, STM32WL33CCV6A, STM32WL33CCV6X, STM32WL33K8V7, STM32WL33K8V7X, STM32WL33KBV7 , STM32WL33KBV7X, STM32WL33KCV7, STM32WL33KCV7X, STM32WL5MOCH6, STM32WL5MOCH6TR]
2026-05-21 11:50:04,142 [INFO] ApiDb:668 - CubeFinder database Data Model version=2.1
2026-05-21 11:50:04,142 [INFO] ApiDb:669 - CubeFinder database Configuration version=3.0.42
2026-05-21 11:50:04,142 [INFO] ApiDb:670 - CubeFinder database generation date=2026-03-11 (1773229989)
2026-05-21 11:50:04,142 [INFO] ApiDb:671 - CubeFinder database FW Pack versions=[FP-ATR-ASTRA1_V2.0.0, FP-SNS-FLIGHT1_V5.1.0, FP-SNS-MOTENV1_V5.1.0, FP-SNS-MOTENVWB1_V1.5.0, FP-SNS-SMARTAG2_V1.2.0, FP-SNS-STBOX1_V2.1.0, STM32Cube_FW_C0_V1.4.0, STM32Cube_FW_F4_V1.28.3, STM32Cube_FW_F7_V1.17.4, STM32Cube_FW_G0_V1.6.3, STM32Cube_FW_G4_V1.6.2, STM32Cube_FW_H5_V1.6.0, STM32Cube_FW_H7RS_V1.3.0, STM32Cube_FW_H7_V1.13.0, STM32Cube_FW_L0_V1.12.2, STM32Cube_FW_L4_V1.18.2, STM32Cube_FW_L5_V1.6.0, STM32Cube_FW_N6_V1.3.0, STM32Cube_FW_U0_V1.3.0, STM32Cube_FW_U3_V1.3.0, STM32Cube_FW_U5_V1.8.0, STM32Cube_FW_WB0_V1.4.0, STM32Cube_FW_WBA_V1.9.0, STM32Cube_FW_WB_V1.24.0, STM32Cube_FW_WL3_V1.4.0, STM32Cube_FW_WL_V1.5.0, X-CUBE-ALGOBUILD_V1.4.0, X-CUBE-ALS_V1.0.2, X-CUBE-AZRTOS-F4_V1.1.0, X-CUBE-AZRTOS-F7_V1.1.0, X-CUBE-AZRTOS-G0_V1.1.0, X-CUBE-AZRTOS-G4_V2.0.0, X-CUBE-AZRTOS-H7RS_V1.1.0, X-CUBE-AZRTOS-H7_V3.4.0, X-CUBE-AZRTOS-L4_V2.0.0, X-CUBE-AZRTOS-L5_V2.0.0, X-CUBE-AZRTOS-WB_V2.0.0, X-CUBE-AZRTOS-WL_V2.0.0, X-CUBE-BLE1_V7.1.0, X-CUBE-BLE2_V3.3.0, X-CUBE-BLEMGR_V4.1.0, X-CUBE-EEPRMA1_V5.2.0, X-CUBE-FREERTOS_V1.5.0, X-CUBE-GNSS1_V6.0.0, X-CUBE-MEMS1_V12.0.0, X-CUBE-NFC4_V3.0.0, X-CUBE-NFC7_V2.0.0, X-CUBE-SFXS2LP1_V4.0.0, X-CUBE-ST67W61_V1.2.0, X-CUBE-SUBG2_V5.0.0, X-CUBE-TOF1_V3.4.3]
2026-05-21 11:50:06,462 [INFO] ApiDb:240 - Found 880 in-development CPN: [B-G473E-ZEST1S, B-WB1M-WPAN1, B-WBA5M-WPAN, B-WL5M-SUBG1, NUCLEO-C031C6, NUCLEO-C051C8, NUCLEO-C071RB, NUCLEO-C092RC, NUCLEO-H503RB, NUCLEO-H533RE, NUCLEO-H563ZI, NUCLEO-H7S3L8, NUCLEO-N657X0-Q, NUCLEO-U031R8, NUCLEO-U083RC, NUCLEO-U385RG-Q, NUCLEO-U545RE-Q, NUCLEO-U5A5ZJ-Q, NUCLEO-WB05KZ, NUCLEO-WB07CC, NUCLEO-WB09KE, NUCLEO-WBA52CG, NUCLEO-WBA55CG, NUCLEO-WL33CC1, NUCLEO-WL33CC2, STEVAL-PROTEUS1, STEVAL-SMARTAG2, STEVAL-STWINBX1, STM320518-EVAL, STM32C0116-DK, STM32C011D6Y3TR, STM32C011D6Y6TR, STM32C011F4P3, STM32C011F4P6, STM32C011F4U3, STM32C011F4U6TR, STM32C011F6P3, STM32C011F6P6, STM32C011F6U3, STM32C011F6U6TR, STM32C011J4M3, STM32C011J4M6, STM32C011J6M3, STM32C011J6M6, STM32C0316-DK, STM32C031C4T3, STM32C031C4T6, STM32C031C4U3, STM32C031C4U6, STM32C031C6T3, STM32C031C6T6, STM32C031C6U3, STM32C031C6U6, STM32C031F4P3, STM32C031F4P6, STM32C031F6P3, STM32C031F6P6, STM32C031G4U3, STM32C031G4U6, STM32C031G6U3, STM32C031G6U6, STM32C031K4T3, STM32C031K4T6, STM32C031K4U3, STM32C031K4U6, STM32C031K6T3, STM32C031K6T6, STM32C031K6U3, STM32C031K6U6, STM32C051C6T6, STM32C051C6U6, STM32C051C8T6, STM32C051C8U6, STM32C051D8Y6TR, STM32C051F6P6, STM32C051F8P6, STM32C051G6U6, STM32C051G8U6, STM32C051K6T6, STM32C051K6U6, STM32C051K8T6, STM32C071C8T6, STM32C071C8T6N, STM32C071C8U6, STM32C071C8U6N, STM32C071CBT6, STM32C071CBT6N, STM32C071CBU6, STM32C071CBU6N, STM32C071F8P6, STM32C071F8P6N, STM32C071FBP6, STM32C071FBP6N, STM32C071FBY6TR, STM32C071G8U6, STM32C071G8U6N, STM32C071GBU6, STM32C071GBU6N, STM32C071K8T6, STM32C071K8T6N, STM32C071K8U6, STM32C071K8U6N, STM32C071KBT6, STM32C071KBT6N, STM32C071KBU6, STM32C071KBU6N, STM32C071R8T6, STM32C071R8T6N, STM32C071RBI6N, STM32C071RBT6, STM32C071RBT6N, STM32C091CBT6, STM32C091CBU6, STM32C091CCT6, STM32C091CCU6, STM32C091ECY6TR, STM32C091FBP6, STM32C091FCP6, STM32C091GBU6, STM32C091GCU6, STM32C091KBT6, STM32C091KBU6, STM32C091KCT6, STM32C091KCU6, STM32C091RBT6, STM32C091RCI6, STM32C091RCT6, STM32C092CBT6, STM32C092CBU6, STM32C092CCT6, STM32C092CCU6, STM32C092ECY6TR, STM32C092FBP6, STM32C092FCP6, STM32C092GBU6, STM32C092GCU6, STM32C092KBT6, STM32C092KBU6, STM32C092KCT6, STM32C092KCU6, STM32C092RBT6, STM32C092RCI6, STM32C092RCT6, STM32G071K8TXN, STM32G071K8UXN, STM32G081GBU6N, STM32G081KBT6N, STM32G081KBUXN, STM32G0B1CCT6N, STM32G0B1KCT6, STM32G0B1NEY6TR, STM32G0B1RCT6N, STM32G0C1CCT6, STM32G0C1CCT6N, STM32G0C1CCU6N, STM32G0C1CET6N, STM32G0C1CEU6N, STM32G0C1KCT6, STM32G0C1NEY6TR, STM32G0C1RCI6N, STM32G0C1RCT6N, STM32G0C1REI6N, STM32G0C1RET6N, STM32G0C1VCI6, STM32G0C1VEI6, STM32G411C6T3, STM32G411C6T6, STM32G411C6U3, STM32G411C6U6, STM32G411C8T3, STM32G411C8T6, STM32G411C8U3, STM32G411C8U6, STM32G411CBT3, STM32G411CBT6, STM32G411CBU3, STM32G411CBU6, STM32G411K6T3, STM32G411K6T6, STM32G411K6U3, STM32G411K6U6, STM32G411K8T3, STM32G411K8T6, STM32G411K8U3, STM32G411K8U6, STM32G411KBT3, STM32G411KBT6, STM32G411KBU3, STM32G411KBU6, STM32G411M6T3, STM32G411M6T6, STM32G411M8T3, STM32G411M8T6, STM32G411MBT3, STM32G411MBT6, STM32G411R6T3, STM32G411R6T6, STM32G411R8T3, STM32G411R8T6, STM32G411RBT3, STM32G411RBT6, STM32G414CBT3, STM32G414CBT6, STM32G414CBU3, STM32G414CBU6, STM32G414CCT3, STM32G414CCT6, STM32G414CCU3, STM32G414CCU6, STM32G414MBT3, STM32G414MBT6, STM32G414MCT3, STM32G414MCT6, STM32G414RBT3, STM32G414RBT6, STM32G414RCT3, STM32G414RCT6, STM32G414VBT3, STM32G414VBT6, STM32G414VCT3, STM32G414VCT6, STM32G431CBT3Z, STM32G431RBT3Z, STM32G471CCT6, STM32G471CCU6, STM32G471CET3, STM32G471CET6, STM32G471CEU3, STM32G471CEU6, STM32G471MCT6, STM32G471MET3, STM32G471MET6, STM32G471MEY6TR, STM32G471QCT6, STM32G471QET3, STM32G471RCT6, STM32G471RET3, STM32G471RET6, STM32G471VCH6, STM32G471VCI6, STM32G471VCT6, STM32G471VEH3, STM32G471VEH6, STM32G471VEI3, STM32G471VEI6, STM32G471VET3, STM32G471VET6, STM32G473QET3Z, STM32G473RET3Z, STM32G474CCT6, STM32G491RET3Z, STM32H503CBT6, STM32H503CBU6, STM32H503EBY6TR, STM32H503KBU6, STM32H503RBT6, STM32H523CCT6, STM32H523CCU6, STM32H523CET6, STM32H523CEU6, STM32H523HEY6TR, STM32H523RCT6, STM32H523RET6, STM32H523VCI6, STM32H523VCT6, STM32H523VEI6, STM32H523VET6, STM32H523ZCJ6, STM32H523ZCT6, STM32H523ZEJ6, STM32H523ZET6, STM32H533CET6, STM32H533CEU6, STM32H533HEY6TR, STM32H533RET6, STM32H533VEI6, STM32H533VET6, STM32H533ZEJ6, STM32H533ZET6, STM32H562AGI6, STM32H562AII6, STM32H562IGK6, STM32H562IGT6, STM32H562IIK6, STM32H562IIT6, STM32H562RGT6, STM32H562RGV6, STM32H562RIT6, STM32H562RIV6, STM32H562VGT6, STM32H562VIT6, STM32H562ZGT6, STM32H562ZIT6, STM32H563AGI6, STM32H563AII3Q, STM32H563AII6, STM32H563IGK6, STM32H563IGT6, STM32H563IIK3Q, STM32H563IIK6, STM32H563IIT3Q, STM32H563IIT6, STM32H563MIY3QTR, STM32H563RGT6, STM32H563RGV6, STM32H563RIT6, STM32H563RIV6, STM32H563VGT6, STM32H563VIT3Q, STM32H563VIT6, STM32H563ZGT6, STM32H563ZIT3Q, STM32H563ZIT6, STM32H573AII3Q, STM32H573AII6, STM32H573I-DK, STM32H573IIK3Q, STM32H573IIK6, STM32H573IIT3Q, STM32H573IIT6, STM32H573MIY3QTR, STM32H573RIT6, STM32H573RIV6, STM32H573VIT3Q, STM32H573VIT6, STM32H573ZIT3Q, STM32H573ZIT6, STM32H7R3A8I6, STM32H7R3I8K6, STM32H7R3I8T6, STM32H7R3L8H6, STM32H7R3L8H6H, STM32H7R3R8V6, STM32H7R3V8H6, STM32H7R3V8T6, STM32H7R3V8Y6TR, STM32H7R3Z8J6, STM32H7R3Z8T6, STM32H7R7A8I6, STM32H7R7I8K6, STM32H7R7I8T6, STM32H7R7L8H6, STM32H7R7L8H6H, STM32H7R7Z8J6, STM32H7S3A8I6, STM32H7S3I8K6, STM32H7S3I8T6, STM32H7S3L8H6, STM32H7S3L8H6H, STM32H7S3R8V6, STM32H7S3V8H6, STM32H7S3V8T6, STM32H7S3V8Y6TR, STM32H7S3Z8J6, STM32H7S3Z8T6, STM32H7S78-DK, STM32H7S7A8I6, STM32H7S7I8K6, STM32H7S7I8T6, STM32H7S7L8H6, STM32H7S7L8H6H, STM32H7S7Z8J6, STM32L4R5QGI6STR, STM32MP131AAE3, STM32MP131AAF3, STM32MP131AAG3, STM32MP131CAE3, STM32MP131CAF3, STM32MP131CAG3, STM32MP131DAE7, STM32MP131DAF7, STM32MP131DAG7, STM32MP131FAE7, STM32MP131FAF7, STM32MP131FAG7, STM32MP133AAE3, STM32MP133AAF3, STM32MP133AAG3, STM32MP133CAE3, STM32MP133CAF3, STM32MP133CAG3, STM32MP133DAE7, STM32MP133DAF7, STM32MP133DAG7, STM32MP133FAE7, STM32MP133FAF7, STM32MP133FAG7, STM32MP135AAE3, STM32MP135AAF3, STM32MP135AAG3, STM32MP135CAE3, STM32MP135CAF3, STM32MP135CAG3, STM32MP135DAE7, STM32MP135DAF7, STM32MP135DAG7, STM32MP135F-DK, STM32MP135FAE7, STM32MP135FAF7, STM32MP135FAF7T, STM32MP135FAF7U, STM32MP135FAG7, STM32MP211AAL3, STM32MP211AAM3, STM32MP211AAN3, STM32MP211AAO3, STM32MP211CAL3, STM32MP211CAM3, STM32MP211CAN3, STM32MP211CAO3, STM32MP211DAL3, STM32MP211DAM3, STM32MP211DAN3, STM32MP211DAO3, STM32MP211FAL3, STM32MP211FAM3, STM32MP211FAN3, STM32MP211FAO3, STM32MP213AAL3, STM32MP213AAM3, STM32MP213AAN3, STM32MP213AAO3, STM32MP213CAL3, STM32MP213CAM3, STM32MP213CAN3, STM32MP213CAO3, STM32MP213DAL3, STM32MP213DAM3, STM32MP213DAN3, STM32MP213DAO3, STM32MP213FAL3, STM32MP213FAM3, STM32MP213FAN3, STM32MP213FAO3, STM32MP215AAL3, STM32MP215AAM3, STM32MP215AAN3, STM32MP215AAO3, STM32MP215CAL3, STM32MP215CAM3, STM32MP215CAN3, STM32MP215CAO3, STM32MP215DAL3, STM32MP215DAM3, STM32MP215DAN3, STM32MP215DAO3, STM32MP215F-DK, STM32MP215FAL3, STM32MP215FAM3, STM32MP215FAN3, STM32MP215FAO3, STM32MP231AAJ3, STM32MP231AAK3, STM32MP231AAL3, STM32MP231CAJ3, STM32MP231CAK3, STM32MP231CAL3, STM32MP231DAJ3, STM32MP231DAK3, STM32MP231DAL3, STM32MP231FAJ3, STM32MP231FAK3, STM32MP231FAL3, STM32MP233AAJ3, STM32MP233AAK3, STM32MP233AAL3, STM32MP233CAJ3, STM32MP233CAK3, STM32MP233CAL3, STM32MP233DAJ3, STM32MP233DAK3, STM32MP233DAL3, STM32MP233FAJ3, STM32MP233FAK3, STM32MP233FAL3, STM32MP235AAJ3, STM32MP235AAK3, STM32MP235AAL3, STM32MP235CAJ3, STM32MP235CAK3, STM32MP235CAL3, STM32MP235DAJ3, STM32MP235DAK3, STM32MP235DAL3, STM32MP235FAJ3, STM32MP235FAK3, STM32MP235FAL3, STM32MP251AAI3, STM32MP251AAK3, STM32MP251AAL3, STM32MP251CAI3, STM32MP251CAK3, STM32MP251CAL3, STM32MP251DAI3, STM32MP251DAK3, STM32MP251DAL3, STM32MP251FAI3, STM32MP251FAK3, STM32MP251FAL3, STM32MP253AAI3, STM32MP253AAK3, STM32MP253AAL3, STM32MP253CAI3, STM32MP253CAK3, STM32MP253CAL3, STM32MP253DAI3, STM32MP253DAK3, STM32MP253DAL3, STM32MP253FAI3, STM32MP253FAK3, STM32MP253FAL3, STM32MP255AAI3, STM32MP255AAK3, STM32MP255AAL3, STM32MP255CAI3, STM32MP255CAK3, STM32MP255CAL3, STM32MP255DAI3, STM32MP255DAK3, STM32MP255DAL3, STM32MP255FAI3, STM32MP255FAK3, STM32MP255FAL3, STM32MP257AAI3, STM32MP257AAK3, STM32MP257AAL3, STM32MP257CAI3, STM32MP257CAK3, STM32MP257CAL3, STM32MP257DAI3, STM32MP257DAK3, STM32MP257DAL3, STM32MP257F-DK, STM32MP257F-EV1, STM32MP257FAI3, STM32MP257FAK3, STM32MP257FAL3, STM32N645A0H3Q, STM32N645B0H3Q, STM32N645I0H3Q, STM32N645L0H3Q, STM32N645X0H3Q, STM32N645Z0H3Q, STM32N647A0H3Q, STM32N647B0H3Q, STM32N647I0H3Q, STM32N647L0H3Q, STM32N647X0H3Q, STM32N647Z0H3Q, STM32N655A0H3Q, STM32N655B0H3Q, STM32N655I0H3Q, STM32N655L0H3Q, STM32N655X0H3Q, STM32N655Z0H3Q, STM32N6570-DK, STM32N657A0H3Q, STM32N657B0H3Q, STM32N657I0H3Q, STM32N657L0H3Q, STM32N657X0H3Q, STM32N657Z0H3Q, STM32U031C6T6, STM32U031C6U6, STM32U031C8T6, STM32U031C8U6, STM32U031F4P6, STM32U031F6P6, STM32U031F8P6, STM32U031G6Y6TR, STM32U031G8Y6TR, STM32U031K4U6, STM32U031K6U6, STM32U031K8U6, STM32U031R6I6, STM32U031R6T6, STM32U031R8I6, STM32U031R8T6, STM32U073C8T6, STM32U073C8U6, STM32U073CBT6, STM32U073CBU6, STM32U073CCT6, STM32U073CCU6, STM32U073H8Y6TR, STM32U073HBY6TR, STM32U073HCY6TR, STM32U073K8U6, STM32U073KBU6, STM32U073KCU6, STM32U073M8I6, STM32U073M8T6, STM32U073MBI6, STM32U073MBT6, STM32U073MCI6, STM32U073MCT6, STM32U073R8I6, STM32U073R8T6, STM32U073RBI6, STM32U073RBT6, STM32U073RCI6, STM32U073RCT6, STM32U083C-DK, STM32U083CCT6, STM32U083CCU6, STM32U083HCY6TR, STM32U083KCU6, STM32U083MCI6, STM32U083MCT6, STM32U083RCI6, STM32U083RCT6, STM32U375CET6, STM32U375CET6Q, STM32U375CEU6, STM32U375CEU6Q, STM32U375CEY6QTR, STM32U375CGT6, STM32U375CGT6Q, STM32U375CGU6, STM32U375CGU6Q, STM32U375CGY6QTR, STM32U375KEU6, STM32U375KGU6, STM32U375REI6, STM32U375REI6Q, STM32U375RET6, STM32U375RET6Q, STM32U375REY6GTR, STM32U375REY6QTR, STM32U375RGI6, STM32U375RGI6Q, STM32U375RGT6, STM32U375RGT6Q, STM32U375RGY6GTR, STM32U375RGY6QTR, STM32U375VEI6, STM32U375VEI6Q, STM32U375VET6, STM32U375VET6Q, STM32U375VGI6, STM32U375VGI6Q, STM32U375VGT6, STM32U375VGT6Q, STM32U385CGT6, STM32U385CGT6Q, STM32U385CGU6, STM32U385CGU6Q, STM32U385CGY6QTR, STM32U385KGU6, STM32U385RGI6, STM32U385RGI6Q, STM32U385RGT6, STM32U385RGT6Q, STM32U385RGY6GTR, STM32U385RGY6QTR, STM32U385VGI6, STM32U385VGI6Q, STM32U385VGT6, STM32U385VGT6Q, STM32U535CBT6, STM32U535CBT6Q, STM32U535CBU6, STM32U535CBU6Q, STM32U535CCT6, STM32U535CCT6Q, STM32U535CCU6, STM32U535CCU6Q, STM32U535CET6, STM32U535CET6Q, STM32U535CEU6, STM32U535CEU6Q, STM32U535JEY6QTR, STM32U535NCY6QTR, STM32U535NEY6QTR, STM32U535RBI6, STM32U535RBI6Q, STM32U535RBT6, STM32U535RBT6Q, STM32U535RCI6, STM32U535RCI6Q, STM32U535RCT6, STM32U535RCT6Q, STM32U535REI6, STM32U535REI6Q, STM32U535RET6, STM32U535RET6Q, STM32U535VCI6, STM32U535VCI6Q, STM32U535VCT6, STM32U535VCT6Q, STM32U535VEI6, STM32U535VEI6Q, STM32U535VET6, STM32U535VET6Q, STM32U545CET6, STM32U545CET6Q, STM32U545CEU6, STM32U545CEU6Q, STM32U545JEY6QTR, STM32U545NEY6QTR, STM32U545REI6, STM32U545REI6Q, STM32U545RET6, STM32U545RET6Q, STM32U545VEI6, STM32U545VEI6Q, STM32U545VET6, STM32U545VET6Q, STM32U595AIH6, STM32U595AIH6Q, STM32U595AJH6, STM32U595AJH6Q, STM32U595QII6, STM32U595QII6Q, STM32U595QJI6, STM32U595QJI6Q, STM32U595RIT6, STM32U595RIT6Q, STM32U595RJT6, STM32U595RJT6Q, STM32U595VIT6, STM32U595VIT6Q, STM32U595VJT6, STM32U595VJT6Q, STM32U595ZIT6, STM32U595ZIT6Q, STM32U595ZIY6QTR, STM32U595ZJT6, STM32U595ZJT6Q, STM32U595ZJY6QTR, STM32U599BJY6QTR, STM32U599NIH6Q, STM32U599NJH6Q, STM32U599VIT6Q, STM32U599VJT6, STM32U599VJT6Q, STM32U599ZIT6Q, STM32U599ZIY6QTR, STM32U599ZJT6Q, STM32U599ZJY6QTR, STM32U5A5AJH6, STM32U5A5AJH6Q, STM32U5A5QII3Q , STM32U5A5QJI6, STM32U5A5QJI6Q, STM32U5A5RJT6, STM32U5A5RJT6Q, STM32U5A5VJT6, STM32U5A5VJT6Q, STM32U5A5ZJT6, STM32U5A5ZJT6Q, STM32U5A5ZJY6QTR, STM32U5A9BJY6QTR, STM32U5A9J-DK, STM32U5A9NJH6Q, STM32U5A9VJT6Q, STM32U5A9ZJT6Q, STM32U5A9ZJY6QTR, STM32U5F7VIT6, STM32U5F7VIT6Q, STM32U5F7VJT6, STM32U5F7VJT6Q, STM32U5F9BJY6QTR, STM32U5F9NJH6Q, STM32U5F9VIT6Q, STM32U5F9VJT6Q, STM32U5F9ZIJ6QTR, STM32U5F9ZIT6Q, STM32U5F9ZJJ6QTR, STM32U5F9ZJT6Q, STM32U5G7VJT6, STM32U5G7VJT6Q, STM32U5G9BJY6QTR, STM32U5G9J-DK1, STM32U5G9J-DK2, STM32U5G9NJH6Q, STM32U5G9VJT6Q, STM32U5G9ZJJ6QTR, STM32U5G9ZJT6Q, STM32WB05KZV6TR, STM32WB05KZV7TR, STM32WB05TZF6TR, STM32WB05TZF7TR, STM32WB06CCF6TR, STM32WB06CCF7TR, STM32WB06CCV6TR, STM32WB06CCV7TR, STM32WB06KCV6TR, STM32WB06KCV7TR, STM32WB07CCF6TR, STM32WB07CCF7TR, STM32WB07CCV6TR, STM32WB07CCV7TR, STM32WB07KCV6TR, STM32WB07KCV7TR, STM32WB09KEV6TR, STM32WB09KEV7TR, STM32WB09TEF6TR, STM32WB09TEF7TR, STM32WB1MMCH6, STM32WBA50KGU6, STM32WBA50KGU6TR, STM32WBA52CEU6, STM32WBA52CEU6TR, STM32WBA52CEU7, STM32WBA52CEU7TR, STM32WBA52CGU6, STM32WBA52CGU6TR, STM32WBA52CGU6U, STM32WBA52CGU7, STM32WBA52CGU7TR, STM32WBA52KEU6, STM32WBA52KEU6TR, STM32WBA52KGU6, STM32WBA52KGU6TR, STM32WBA54CEU6, STM32WBA54CEU6TR, STM32WBA54CEU7, STM32WBA54CEU7TR, STM32WBA54CGU6, STM32WBA54CGU6TR, STM32WBA54CGU7, STM32WBA54CGU7TR, STM32WBA54KEU6, STM32WBA54KEU6TR, STM32WBA54KEU7, STM32WBA54KEU7TR, STM32WBA54KGU6, STM32WBA54KGU6TR, STM32WBA54KGU7, STM32WBA54KGU7TR, STM32WBA55CEU6, STM32WBA55CEU6TR, STM32WBA55CEU7, STM32WBA55CEU7TR, STM32WBA55CGU6, STM32WBA55CGU6TR, STM32WBA55CGU6U, STM32WBA55CGU7, STM32WBA55CGU7TR, STM32WBA55G-DK1, STM32WBA55HEF6, STM32WBA55HEF7, STM32WBA55HGF6, STM32WBA55HGF7, STM32WBA55UEI6, STM32WBA55UEI6TR, STM32WBA55UEI7, STM32WBA55UEI7TR, STM32WBA55UGI6, STM32WBA55UGI6TR, STM32WBA55UGI7, STM32WBA55UGI7TR, STM32WBA5MMGH6TR, STM32WBA62MGF6, STM32WBA62MIF6, STM32WBA65MGF7, STM32WBA65MIF6, STM32WBA65MIF7, STM32WL30K8V6, STM32WL30KBV6, STM32WL31C8V6, STM32WL31CBV6, STM32WL31K8V6, STM32WL31KBV6, STM32WL33C8V6, STM32WL33C8V6X, STM32WL33CBV6, STM32WL33CBV6X, STM32WL33CCV6, STM32WL33CCV6A, STM32WL33CCV6X, STM32WL33K8V7, STM32WL33K8V7X, STM32WL33KBV7 , STM32WL33KBV7X, STM32WL33KCV7, STM32WL33KCV7X, STM32WL5MOCH6, STM32WL5MOCH6TR]
2026-05-21 11:50:06,467 [INFO] DbMcus:218 - Found 5055 MCUs, 4968 are supported
2026-05-21 11:50:06,468 [INFO] ApiDb:423 - Load user favorites file /Users/admin/.stm32cubeide/favorites.mcus.txt: 0 item(s)
2026-05-21 11:50:06,468 [INFO] ApiDb:427 - User favorites MCUs=[]
2026-05-21 11:50:06,468 [INFO] DbMcus:224 - Set 0 / 0 favorites MCUs
2026-05-21 11:50:07,027 [INFO] BoardInfo:889 - No configuration file found for board NUCLEO-H5E5ZJ
2026-05-21 11:50:07,028 [INFO] DbBoards:161 - Board is not supported: NUCLEO-H5E5ZJ
2026-05-21 11:50:07,095 [INFO] BoardInfo:889 - No configuration file found for board NUCLEO-U3C5ZI-Q
2026-05-21 11:50:07,096 [INFO] DbBoards:161 - Board is not supported: NUCLEO-U3C5ZI-Q
2026-05-21 11:50:07,116 [INFO] BoardInfo:889 - No configuration file found for board NUCLEO-WBA25CE1
2026-05-21 11:50:07,116 [INFO] DbBoards:161 - Board is not supported: NUCLEO-WBA25CE1
2026-05-21 11:50:07,136 [INFO] BoardInfo:889 - No configuration file found for board NUCLEO-WL3RKB1
2026-05-21 11:50:07,137 [INFO] DbBoards:161 - Board is not supported: NUCLEO-WL3RKB1
2026-05-21 11:50:07,139 [INFO] BoardInfo:889 - No configuration file found for board NUCLEO-WL3RKB2
2026-05-21 11:50:07,140 [INFO] DbBoards:161 - Board is not supported: NUCLEO-WL3RKB2
2026-05-21 11:50:07,153 [INFO] BoardInfo:889 - No configuration file found for board P-NUCLEO-WB55
2026-05-21 11:50:07,153 [INFO] DbBoards:161 - Kit is not supported: P-NUCLEO-WB55
2026-05-21 11:50:07,165 [INFO] BoardInfo:889 - No configuration file found for board STEVAL-BFA001V1B
2026-05-21 11:50:07,166 [INFO] DbBoards:161 - Kit is not supported: STEVAL-BFA001V1B
2026-05-21 11:50:07,168 [INFO] BoardInfo:889 - No configuration file found for board STEVAL-BFA001V2B
2026-05-21 11:50:07,168 [INFO] DbBoards:161 - Kit is not supported: STEVAL-BFA001V2B
2026-05-21 11:50:07,283 [INFO] BoardInfo:889 - No configuration file found for board STM32H5F5J-DK
2026-05-21 11:50:07,284 [INFO] DbBoards:161 - Board is not supported: STM32H5F5J-DK
2026-05-21 11:50:07,411 [INFO] DbBoards:168 - Found 218 boards, 209 are supported
2026-05-21 11:50:07,411 [INFO] DbBoards:169 - Found 218 boards, 43 of them is supported for  Bsp
2026-05-21 11:50:07,422 [INFO] ApiDb:423 - Load user favorites file /Users/admin/.stm32cubeide/favorites.boards.txt: 0 item(s)
2026-05-21 11:50:07,423 [INFO] ApiDb:427 - User favorites Boards=[]
2026-05-21 11:50:07,423 [INFO] DbBoards:198 - Set 0 / 0 favorites Boards
2026-05-21 11:50:07,473 [INFO] UtilMem:75 - End LoadConfig() Used Memory: 881670920 Bytes (1073741824)
2026-05-21 11:50:07,749 [WARN] ThirdParty:833 - waiting for thirdparty lock release [change project]
2026-05-21 11:50:07,750 [INFO] ThirdParty:835 - entering critical section [change project]
2026-05-21 11:50:07,750 [INFO] ThirdParty:1030 - CMSIS Pack Vendor :STMicroelectronics X-CUBE-AZRTOS-H7 3.5.0
2026-05-21 11:50:07,750 [INFO] ThirdParty:1030 - CMSIS Pack Vendor :STMicroelectronics X-CUBE-PM33A1 1.0.0
2026-05-21 11:50:07,750 [INFO] ThirdParty:1030 - CMSIS Pack Vendor :STMicroelectronics USBPD 4.1
2026-05-21 11:50:07,750 [INFO] ThirdParty:1030 - CMSIS Pack Vendor :STMicroelectronics X-CUBE-GNSS1 6.0.0
2026-05-21 11:50:07,750 [INFO] ThirdParty:1030 - CMSIS Pack Vendor :STMicroelectronics USB_HOST 2.0.0
2026-05-21 11:50:07,750 [INFO] ThirdParty:1030 - CMSIS Pack Vendor :STMicroelectronics FP-SNS-MOTENVWB1 1.4.0
2026-05-21 11:50:07,750 [INFO] ThirdParty:1030 - CMSIS Pack Vendor :STMicroelectronics X-CUBE-AZRTOS-F4 1.1.0
2026-05-21 11:50:07,750 [INFO] ThirdParty:1030 - CMSIS Pack Vendor :STMicroelectronics LIBJPEG 8.0.0
2026-05-21 11:50:07,750 [INFO] ThirdParty:1030 - CMSIS Pack Vendor :STMicroelectronics FP-ATR-ASTRA1 2.0.2
2026-05-21 11:50:07,750 [INFO] ThirdParty:1030 - CMSIS Pack Vendor :STMicroelectronics FP-ATR-ASTRA1 2.0.1
2026-05-21 11:50:07,750 [INFO] ThirdParty:1030 - CMSIS Pack Vendor :Avnet-IotConnect X-CUBE-IoTC-DA16k-PMOD 1.0.0
2026-05-21 11:50:07,750 [INFO] ThirdParty:1030 - CMSIS Pack Vendor :STMicroelectronics X-CUBE-SMBUS 2.1.0
2026-05-21 11:50:07,750 [INFO] ThirdParty:1030 - CMSIS Pack Vendor :STMicroelectronics X-CUBE-WB05N 1.1.0
2026-05-21 11:50:07,751 [INFO] ThirdParty:1030 - CMSIS Pack Vendor :STMicroelectronics X-CUBE-ISPU 2.1.0
2026-05-21 11:50:07,751 [INFO] ThirdParty:1030 - CMSIS Pack Vendor :STMicroelectronics X-CUBE-IPS 3.2.0
2026-05-21 11:50:07,751 [INFO] ThirdParty:1030 - CMSIS Pack Vendor :STMicroelectronics eDS-WB_DPC_TT-BIDIR 2.1.1
2026-05-21 11:50:07,751 [INFO] ThirdParty:1030 - CMSIS Pack Vendor :STMicroelectronics X-CUBE-FREERTOS 1.2.0
2026-05-21 11:50:07,751 [INFO] ThirdParty:1030 - CMSIS Pack Vendor :STMicroelectronics X-CUBE-ST60 1.0.0
2026-05-21 11:50:07,751 [INFO] ThirdParty:1030 - CMSIS Pack Vendor :STMicroelectronics X-CUBE-NFC12 1.0.0
2026-05-21 11:50:07,751 [INFO] ThirdParty:1030 - CMSIS Pack Vendor :STMicroelectronics X-CUBE-TOUCHGFX 4.23.2
2026-05-21 11:50:07,751 [INFO] ThirdParty:1030 - CMSIS Pack Vendor :STMicroelectronics X-CUBE-AZRTOS-F7 1.1.0
2026-05-21 11:50:07,751 [INFO] ThirdParty:1030 - CMSIS Pack Vendor :STMicroelectronics X-CUBE-AZRTOS-L5 2.0.0
2026-05-21 11:50:07,751 [INFO] ThirdParty:1030 - CMSIS Pack Vendor :STMicroelectronics USB_DEVICE 2.0.0
2026-05-21 11:50:07,751 [INFO] ThirdParty:1030 - CMSIS Pack Vendor :STMicroelectronics X-CUBE-NFC6 3.1.0
2026-05-21 11:50:07,751 [INFO] ThirdParty:1030 - CMSIS Pack Vendor :STMicroelectronics FP-SNS-MOTENV1 4.3.2
2026-05-21 11:50:07,751 [INFO] ThirdParty:1030 - CMSIS Pack Vendor :STMicroelectronics X-CUBE-MEMS1 11.0.0
2026-05-21 11:50:07,751 [INFO] ThirdParty:1030 - CMSIS Pack Vendor :STMicroelectronics FP-SNS-MOTENV1 5.1.0
2026-05-21 11:50:07,751 [INFO] ThirdParty:1030 - CMSIS Pack Vendor :STMicroelectronics FreeRTOS 0.0.1
2026-05-21 11:50:07,751 [INFO] ThirdParty:1030 - CMSIS Pack Vendor :STMicroelectronics X-CUBE-DPower 1.2.0
2026-05-21 11:50:07,751 [INFO] ThirdParty:1030 - CMSIS Pack Vendor :STMicroelectronics eDS-WB_DPC_VIENNA 1.2.0
2026-05-21 11:50:07,751 [INFO] ThirdParty:1030 - CMSIS Pack Vendor :STMicroelectronics FP-SNS-FLIGHT1 5.0.2
2026-05-21 11:50:07,751 [INFO] ThirdParty:1030 - CMSIS Pack Vendor :STMicroelectronics eDS-WB_DPC_3PH2L-BIDIR 1.1.1
2026-05-21 11:50:07,751 [INFO] ThirdParty:1030 - CMSIS Pack Vendor :STMicroelectronics X-CUBE-AI 9.0.0
2026-05-21 11:50:07,751 [INFO] ThirdParty:1030 - CMSIS Pack Vendor :STMicroelectronics PDM2PCM 3.3.0
2026-05-21 11:50:07,752 [INFO] ThirdParty:1030 - CMSIS Pack Vendor :STMicroelectronics X-CUBE-AZRTOS-H7 3.4.0
2026-05-21 11:50:07,752 [INFO] ThirdParty:1030 - CMSIS Pack Vendor :STMicroelectronics X-CUBE-DISPLAY 3.0.0
2026-05-21 11:50:07,752 [INFO] ThirdParty:1030 - CMSIS Pack Vendor :STMicroelectronics X-CUBE-GNSS1 7.1.1
2026-05-21 11:50:07,752 [INFO] ThirdParty:1030 - CMSIS Pack Vendor :STMicroelectronics FP-SNS-MOTENVWB1 1.5.0
2026-05-21 11:50:07,752 [INFO] ThirdParty:1030 - CMSIS Pack Vendor :STMicroelectronics X-CUBE-BLE1 7.0.0
2026-05-21 11:50:07,752 [INFO] ThirdParty:1030 - CMSIS Pack Vendor :STMicroelectronics X-CUBE-NFC10 1.0.0
2026-05-21 11:50:07,752 [INFO] ThirdParty:1030 - CMSIS Pack Vendor :STMicroelectronics X-CUBE-BLEMGR 4.0.0
2026-05-21 11:50:07,752 [INFO] ThirdParty:1030 - CMSIS Pack Vendor :STMicroelectronics X-CUBE-FREERTOS 1.3.1
2026-05-21 11:50:07,752 [INFO] ThirdParty:1030 - CMSIS Pack Vendor :STMicroelectronics HAL Drivers 0.0.0
2026-05-21 11:50:07,753 [INFO] ThirdParty:1030 - CMSIS Pack Vendor :STMicroelectronics X-CUBE-ST60 1.1.0
2026-05-21 11:50:07,753 [INFO] ThirdParty:1030 - CMSIS Pack Vendor :emotas I-CUBE-CANOPEN 1.3.0
2026-05-21 11:50:07,753 [INFO] ThirdParty:1030 - CMSIS Pack Vendor :STMicroelectronics X-CUBE-FREERTOS 1.3.0
2026-05-21 11:50:07,753 [INFO] ThirdParty:1030 - CMSIS Pack Vendor :STMicroelectronics X-CUBE-NFC7 1.0.1
2026-05-21 11:50:07,753 [INFO] ThirdParty:1030 - CMSIS Pack Vendor :STMicroelectronics MBEDTLS 2.14.1
2026-05-21 11:50:07,753 [INFO] ThirdParty:1030 - CMSIS Pack Vendor :STMicroelectronics X-CUBE-GNSS1 7.1.0
2026-05-21 11:50:07,753 [INFO] ThirdParty:1030 - CMSIS Pack Vendor :wolfSSL I-CUBE-wolfTPM 3.2.0
2026-05-21 11:50:07,753 [INFO] ThirdParty:1030 - CMSIS Pack Vendor :STMicroelectronics X-CUBE-TOUCHGFX 4.26.0
2026-05-21 11:50:07,753 [INFO] ThirdParty:1030 - CMSIS Pack Vendor :STMicroelectronics X-CUBE-TOUCHGFX 4.26.1
2026-05-21 11:50:07,753 [INFO] ThirdParty:1030 - CMSIS Pack Vendor :STMicroelectronics X-CUBE-BLEMGR 3.1.0
2026-05-21 11:50:07,753 [INFO] ThirdParty:1030 - CMSIS Pack Vendor :STMicroelectronics X-CUBE-AI 10.0.0
2026-05-21 11:50:07,753 [INFO] ThirdParty:1030 - CMSIS Pack Vendor :STMicroelectronics FP-SNS-STBOX1 2.1.0
2026-05-21 11:50:07,754 [INFO] ThirdParty:1030 - CMSIS Pack Vendor :STMicroelectronics FP-SNS-STAIOTCFT 1.0.0
2026-05-21 11:50:07,754 [INFO] ThirdParty:1030 - CMSIS Pack Vendor :STMicroelectronics FP-SNS-SMARTAG2 1.2.0
2026-05-21 11:50:07,754 [INFO] ThirdParty:1030 - CMSIS Pack Vendor :STMicroelectronics FP-SNS-FLIGHT1 5.1.0
2026-05-21 11:50:07,754 [INFO] ThirdParty:1030 - CMSIS Pack Vendor :STMicroelectronics X-CUBE-MEMS1 11.1.0
2026-05-21 11:50:07,754 [INFO] ThirdParty:1030 - CMSIS Pack Vendor :STMicroelectronics X-CUBE-AZRTOS-WL 2.0.0
2026-05-21 11:50:07,754 [INFO] ThirdParty:1030 - CMSIS Pack Vendor :STMicroelectronics X-CUBE-DPower 1.3.0
2026-05-21 11:50:07,754 [INFO] ThirdParty:1030 - CMSIS Pack Vendor :STMicroelectronics FP-SNS-MOTENV1 5.0.0
2026-05-21 11:50:07,754 [INFO] ThirdParty:1030 - CMSIS Pack Vendor :STMicroelectronics USB_DEVICE 1.0.0
2026-05-21 11:50:07,754 [INFO] ThirdParty:1030 - CMSIS Pack Vendor :STMicroelectronics X-CUBE-AZRTOS-H7RS 1.2.0
2026-05-21 11:50:07,754 [INFO] ThirdParty:1030 - CMSIS Pack Vendor :STMicroelectronics X-CUBE-AI 8.1.0
2026-05-21 11:50:07,754 [INFO] ThirdParty:1030 - CMSIS Pack Vendor :wolfSSL I-CUBE-wolfMQTT 1.19.0
2026-05-21 11:50:07,754 [INFO] ThirdParty:1030 - CMSIS Pack Vendor :STMicroelectronics X-CUBE-AZRTOS-L4 2.0.0
2026-05-21 11:50:07,754 [INFO] ThirdParty:1030 - CMSIS Pack Vendor :STMicroelectronics ThreadX 0.0.2
2026-05-21 11:50:07,754 [INFO] ThirdParty:1030 - CMSIS Pack Vendor :WES I-CUBE-Cesium 1.3.0
2026-05-21 11:50:07,755 [INFO] ThirdParty:1030 - CMSIS Pack Vendor :STMicroelectronics lwIP 2.1.2
2026-05-21 11:50:07,755 [INFO] ThirdParty:1030 - CMSIS Pack Vendor :STMicroelectronics X-CUBE-SFXS2LP1 4.0.0
2026-05-21 11:50:07,755 [INFO] ThirdParty:1030 - CMSIS Pack Vendor :STMicroelectronics X-CUBE-BLE2 3.3.0
2026-05-21 11:50:07,755 [INFO] ThirdParty:1030 - CMSIS Pack Vendor :Avnet-IOTCONNECT X-CUBE-iotc-st67-sdk 1.0.0
2026-05-21 11:50:07,755 [INFO] ThirdParty:1030 - CMSIS Pack Vendor :STMicroelectronics PDM2PCM 3.2.0
2026-05-21 11:50:07,755 [INFO] ThirdParty:1030 - CMSIS Pack Vendor :STMicroelectronics X-CUBE-WB05N 2.1.0
2026-05-21 11:50:07,755 [INFO] ThirdParty:1030 - CMSIS Pack Vendor :STMicroelectronics X-CUBE-ST67W61 1.2.0
2026-05-21 11:50:07,755 [INFO] ThirdParty:1030 - CMSIS Pack Vendor :STMicroelectronics X-CUBE-AZRTOS-H7 3.3.0
2026-05-21 11:50:07,755 [INFO] ThirdParty:1030 - CMSIS Pack Vendor :STMicroelectronics X-CUBE-NFC9 1.0.0
2026-05-21 11:50:07,755 [INFO] ThirdParty:1030 - CMSIS Pack Vendor :STMicroelectronics X-CUBE-BLE1 7.1.0
2026-05-21 11:50:07,755 [INFO] ThirdParty:1030 - CMSIS Pack Vendor :STMicroelectronics USB_DEVICE 3.0.0
2026-05-21 11:50:07,755 [INFO] ThirdParty:1030 - CMSIS Pack Vendor :STMicroelectronics X-CUBE-TCPP 4.1.0
2026-05-21 11:50:07,755 [INFO] ThirdParty:1030 - CMSIS Pack Vendor :STMicroelectronics X-CUBE-FREERTOS 1.4.0
2026-05-21 11:50:07,755 [INFO] ThirdParty:1030 - CMSIS Pack Vendor :STMicroelectronics X-CUBE-EEPRMA1 5.2.0
2026-05-21 11:50:07,755 [INFO] ThirdParty:1030 - CMSIS Pack Vendor :STMicroelectronics X-CUBE-BLEMGR 4.1.0
2026-05-21 11:50:07,756 [INFO] ThirdParty:1030 - CMSIS Pack Vendor :STMicroelectronics X-CUBE-IPS 3.0.0
2026-05-21 11:50:07,756 [INFO] ThirdParty:1030 - CMSIS Pack Vendor :STMicroelectronics X-CUBE-AZRTOS-WB 2.0.0
2026-05-21 11:50:07,756 [INFO] ThirdParty:1030 - CMSIS Pack Vendor :STMicroelectronics X-CUBE-GNSS1 7.0.0
2026-05-21 11:50:07,756 [INFO] ThirdParty:1030 - CMSIS Pack Vendor :STMicroelectronics X-CUBE-GNSS1 7.0.1
2026-05-21 11:50:07,756 [INFO] ThirdParty:1030 - CMSIS Pack Vendor :STMicroelectronics X-CUBE-TOUCHGFX 4.25.0
2026-05-21 11:50:07,756 [INFO] ThirdParty:1030 - CMSIS Pack Vendor :STMicroelectronics X-CUBE-ST67W61 1.1.0
2026-05-21 11:50:07,756 [INFO] ThirdParty:1030 - CMSIS Pack Vendor :STMicroelectronics X-CUBE-AI 10.1.0
2026-05-21 11:50:07,756 [INFO] ThirdParty:1030 - CMSIS Pack Vendor :STMicroelectronics FP-SNS-STBOX1 2.0.0
2026-05-21 11:50:07,756 [INFO] ThirdParty:1030 - CMSIS Pack Vendor :STMicroelectronics FP-SNS-STAIOTCFT 1.1.0
2026-05-21 11:50:07,756 [INFO] ThirdParty:1030 - CMSIS Pack Vendor :STMicroelectronics X-CUBE-MEMS1 12.0.0
2026-05-21 11:50:07,756 [INFO] ThirdParty:1030 - CMSIS Pack Vendor :STMicroelectronics X-CUBE-ALGOBUILD 1.3.0
2026-05-21 11:50:07,756 [INFO] ThirdParty:1030 - CMSIS Pack Vendor :STMicroelectronics X-CUBE-STSE01 2.0.0
2026-05-21 11:50:07,756 [INFO] ThirdParty:1030 - CMSIS Pack Vendor :STMicroelectronics X-CUBE-MEMS1 11.2.0
2026-05-21 11:50:07,757 [INFO] ThirdParty:1030 - CMSIS Pack Vendor :STMicroelectronics X-CUBE-AZRTOS-G0 1.1.0
2026-05-21 11:50:07,757 [INFO] ThirdParty:1030 - CMSIS Pack Vendor :STMicroelectronics X-CUBE-SAFEA1 1.2.2
2026-05-21 11:50:07,757 [INFO] ThirdParty:1030 - CMSIS Pack Vendor :STMicroelectronics X-CUBE-NFC4 3.0.0
2026-05-21 11:50:07,757 [INFO] ThirdParty:1030 - CMSIS Pack Vendor :STMicroelectronics X-CUBE-SUBG2 5.0.0
2026-05-21 11:50:07,757 [INFO] ThirdParty:1030 - CMSIS Pack Vendor :STMicroelectronics X-CUBE-AZRTOS-H7RS 1.1.0
2026-05-21 11:50:07,757 [INFO] ThirdParty:1030 - CMSIS Pack Vendor :STMicroelectronics STM32_WPAN 1.0.0
2026-05-21 11:50:07,757 [INFO] ThirdParty:1030 - CMSIS Pack Vendor :EmbeddedOffice I-CUBE-FS-RTOS 1.0.1
2026-05-21 11:50:07,757 [INFO] ThirdParty:1030 - CMSIS Pack Vendor :STMicroelectronics lwIP 2.0.3
2026-05-21 11:50:07,757 [INFO] ThirdParty:1030 - CMSIS Pack Vendor :Cesanta I-CUBE-Mongoose 7.13.0
2026-05-21 11:50:07,757 [INFO] ThirdParty:1030 - CMSIS Pack Vendor :STMicroelectronics USB_HOST 1.0.0
2026-05-21 11:50:07,757 [INFO] ThirdParty:1030 - CMSIS Pack Vendor :STMicroelectronics X-CUBE-AZRTOS-G4 2.0.0
2026-05-21 11:50:07,757 [INFO] ThirdParty:1030 - CMSIS Pack Vendor :STMicroelectronics X-CUBE-WB05N 2.0.0
2026-05-21 11:50:07,757 [INFO] ThirdParty:1030 - CMSIS Pack Vendor :STMicroelectronics PDM2PCM 3.1.0
2026-05-21 11:50:07,757 [INFO] ThirdParty:1030 - CMSIS Pack Vendor :STMicroelectronics X-CUBE-NFC7 2.0.0
2026-05-21 11:50:07,757 [INFO] ThirdParty:1030 - CMSIS Pack Vendor :STMicroelectronics X-CUBE-TCPP 4.2.0
2026-05-21 11:50:07,757 [INFO] ThirdParty:1030 - CMSIS Pack Vendor :RealThread X-CUBE-RT-Thread_Nano 4.1.1
2026-05-21 11:50:07,757 [INFO] ThirdParty:1030 - CMSIS Pack Vendor :wolfSSL I-CUBE-wolfSSL 5.7.0
2026-05-21 11:50:07,757 [INFO] ThirdParty:1030 - CMSIS Pack Vendor :STMicroelectronics FP-SNS-MOTENVWB1 1.3.1
2026-05-21 11:50:07,758 [INFO] ThirdParty:1030 - CMSIS Pack Vendor :STMicroelectronics FP-ATR-SIGFOX1 3.2.0
2026-05-21 11:50:07,758 [INFO] ThirdParty:1030 - CMSIS Pack Vendor :quantropi X-CUBE-qispace-sdk-base 1.9.3
2026-05-21 11:50:07,758 [INFO] ThirdParty:1030 - CMSIS Pack Vendor :STMicroelectronics X-CUBE-ISPU 2.0.0
2026-05-21 11:50:07,758 [INFO] ThirdParty:1030 - CMSIS Pack Vendor :STMicroelectronics X-CUBE-EEPRMA1 5.1.0
2026-05-21 11:50:07,758 [INFO] ThirdParty:1030 - CMSIS Pack Vendor :STMicroelectronics X-CUBE-FREERTOS 1.5.0
2026-05-21 11:50:07,758 [INFO] ThirdParty:1030 - CMSIS Pack Vendor :STMicroelectronics MBEDTLS 2.16.2
2026-05-21 11:50:07,758 [INFO] ThirdParty:1030 - CMSIS Pack Vendor :STMicroelectronics X-CUBE-IPS 3.1.0
2026-05-21 11:50:07,758 [INFO] ThirdParty:1030 - CMSIS Pack Vendor :STMicroelectronics X-CUBE-ALS 1.0.2
2026-05-21 11:50:07,758 [INFO] ThirdParty:1030 - CMSIS Pack Vendor :STMicroelectronics X-CUBE-MEMS1 10.0.0
2026-05-21 11:50:07,758 [INFO] ThirdParty:1030 - CMSIS Pack Vendor :STMicroelectronics X-CUBE-FREERTOS 1.1.0
2026-05-21 11:50:07,758 [INFO] ThirdParty:1030 - CMSIS Pack Vendor :STMicroelectronics X-CUBE-TOUCHGFX 4.24.0
2026-05-21 11:50:07,758 [INFO] ThirdParty:1030 - CMSIS Pack Vendor :ITTIA_DB I-CUBE-ITTIADB 8.9.0
2026-05-21 11:50:07,758 [INFO] ThirdParty:1030 - CMSIS Pack Vendor :STMicroelectronics X-CUBE-TOUCHGFX 4.24.2
2026-05-21 11:50:07,758 [INFO] ThirdParty:1030 - CMSIS Pack Vendor :STMicroelectronics X-CUBE-TOUCHGFX 4.24.1
2026-05-21 11:50:07,758 [INFO] ThirdParty:1030 - CMSIS Pack Vendor :STMicroelectronics X-CUBE-STSE01 1.0.0
2026-05-21 11:50:07,758 [INFO] ThirdParty:1030 - CMSIS Pack Vendor :portGmbH I-Cube-SoM-uGOAL 1.1.0
2026-05-21 11:50:07,758 [INFO] ThirdParty:1030 - CMSIS Pack Vendor :STMicroelectronics X-CUBE-ALS 1.0.1
2026-05-21 11:50:07,759 [INFO] ThirdParty:1030 - CMSIS Pack Vendor :STMicroelectronics X-CUBE-NFC6 3.2.0
2026-05-21 11:50:07,759 [INFO] ThirdParty:1030 - CMSIS Pack Vendor :STMicroelectronics X-CUBE-ST67W61 1.0.0
2026-05-21 11:50:07,759 [INFO] ThirdParty:1030 - CMSIS Pack Vendor :STMicroelectronics X-CUBE-AI 10.2.0
2026-05-21 11:50:07,759 [INFO] ThirdParty:1030 - CMSIS Pack Vendor :STMicroelectronics ThreadX 1.0.0
2026-05-21 11:50:07,759 [INFO] ThirdParty:1030 - CMSIS Pack Vendor :STMicroelectronics X-CUBE-MEMS1 12.1.0
2026-05-21 11:50:07,759 [INFO] ThirdParty:1030 - CMSIS Pack Vendor :SEGGER I-CUBE-embOS 1.3.1
2026-05-21 11:50:07,759 [INFO] ThirdParty:1030 - CMSIS Pack Vendor :STMicroelectronics X-CUBE-ALGOBUILD 1.4.0
2026-05-21 11:50:07,759 [INFO] ThirdParty:1030 - CMSIS Pack Vendor :STMicroelectronics X-CUBE-MEMS1 11.3.0
2026-05-21 11:50:07,759 [INFO] ThirdParty:1030 - CMSIS Pack Vendor :STMicroelectronics X-CUBE-AZRTOS-H7RS 1.0.0
2026-05-21 11:50:07,759 [INFO] ThirdParty:1030 - CMSIS Pack Vendor :STMicroelectronics FP-ATR-ASTRA1 2.0.0
2026-05-21 11:50:07,759 [INFO] ThirdParty:1030 - CMSIS Pack Vendor :STMicroelectronics X-CUBE-TOF1 3.4.2
2026-05-21 11:50:07,759 [INFO] ThirdParty:1030 - CMSIS Pack Vendor :STMicroelectronics X-CUBE-TOF1 3.4.3
2026-05-21 11:50:07,759 [INFO] ThirdParty:1030 - CMSIS Pack Vendor :STMicroelectronics X-CUBE-AI 9.1.0
2026-05-21 11:50:07,759 [INFO] ThirdParty:1030 - CMSIS Pack Vendor :STMicroelectronics X-CUBE-TOF1 3.4.1
2026-05-21 11:50:07,759 [INFO] ThirdParty:1030 - CMSIS Pack Vendor :STMicroelectronics X-CUBE-AZRTOS-H7 3.2.0
2026-05-21 11:50:07,759 [INFO] ThirdParty:1030 - CMSIS Pack Vendor :Infineon AIROC-Wi-Fi-Bluetooth-STM32 1.6.0
2026-05-21 11:50:07,759 [INFO] ThirdParty:1030 - CMSIS Pack Vendor :wolfSSL I-CUBE-wolfSSH 1.4.17
2026-05-21 11:50:07,759 [INFO] ThirdParty:841 - exiting critical section [change project]
2026-05-21 11:50:08,009 [INFO] PinOutPanel:1589 - setPackage(No Configuration,No Configuration)
2026-05-21 11:50:08,010 [INFO] PinOutPanel:1589 - setPackage(STM32L010K8Tx,LQFP32)
2026-05-21 11:50:08,728 [INFO] UtilMem:75 - Before build in PCC Used Memory: 873248176 Bytes (1073741824)
2026-05-21 11:50:09,337 [INFO] UtilMem:75 - After build in PCC Used Memory: 1010087248 Bytes (1073741824)
2026-05-21 11:50:09,372 [INFO] IPUIPlugin:80 - create IPUIPlugin
2026-05-21 11:50:09,372 [INFO] IPUIPlugin:80 - create IPUIPlugin
2026-05-21 11:50:09,373 [INFO] IPUIPlugin:80 - create IPUIPlugin
2026-05-21 11:50:09,373 [INFO] IPUIPlugin:80 - create IPUIPlugin
2026-05-21 11:50:09,373 [INFO] IPUIPlugin:80 - create IPUIPlugin
2026-05-21 11:50:09,373 [INFO] IPUIPlugin:80 - create IPUIPlugin
2026-05-21 11:50:09,373 [INFO] IPUIPlugin:80 - create IPUIPlugin
2026-05-21 11:50:09,374 [INFO] IPUIPlugin:80 - create IPUIPlugin
2026-05-21 11:50:09,374 [INFO] IPUIPlugin:80 - create IPUIPlugin
2026-05-21 11:50:09,374 [INFO] IPUIPlugin:80 - create IPUIPlugin
2026-05-21 11:50:09,374 [INFO] IPUIPlugin:80 - create IPUIPlugin
2026-05-21 11:50:09,375 [INFO] IPUIPlugin:80 - create IPUIPlugin
2026-05-21 11:50:09,375 [INFO] IPUIPlugin:80 - create IPUIPlugin
2026-05-21 11:50:09,375 [INFO] IPUIPlugin:80 - create IPUIPlugin
2026-05-21 11:50:09,375 [INFO] IPUIPlugin:80 - create IPUIPlugin
2026-05-21 11:50:09,376 [INFO] IPUIPlugin:80 - create IPUIPlugin
2026-05-21 11:50:09,376 [INFO] IPUIPlugin:80 - create IPUIPlugin
2026-05-21 11:50:09,376 [INFO] IPUIPlugin:80 - create IPUIPlugin
2026-05-21 11:50:09,632 [INFO] CADModel:165 - CPN selected for project levelSTM32L010K8T6
2026-05-21 11:50:09,632 [INFO] CADModel:114 - Register for checkConnection events
2026-05-21 11:50:09,668 [INFO] OpenFileManager:386 - Restore cursor
2026-05-21 11:50:30,327 [INFO] NvicIntPanel:101 - NVIC parent = com.st.microxplorer.plugins.ip.nvic.MultiNvicIntPanel[,0,0,0x0,invalid,layout=javax.swing.BoxLayout,alignmentX=0.0,alignmentY=0.0,border=,flags=9,maximumSize=,minimumSize=,preferredSize=]
2026-05-21 11:50:54,756 [INFO] NvicIntPanel:101 - NVIC parent = com.st.microxplorer.plugins.ip.nvic.MultiNvicIntPanel[,0,0,0x0,invalid,layout=javax.swing.BoxLayout,alignmentX=0.0,alignmentY=0.0,border=,flags=9,maximumSize=,minimumSize=,preferredSize=]
2026-05-21 11:51:05,809 [INFO] UtilMem:75 - End SaveConfig() Used Memory: 730724472 Bytes (1073741824)
2026-05-21 11:51:07,547 [INFO] UtilMem:75 - End SaveConfig() Used Memory: 794687608 Bytes (1073741824)
2026-05-21 11:51:08,259 [INFO] BlockDiagram:2775 - set Specific Code input for plugin: ADC
2026-05-21 11:51:08,259 [INFO] BlockDiagram:2775 - set Specific Code input for plugin: RTC
2026-05-21 11:51:08,260 [INFO] BlockDiagram:2775 - set Specific Code input for plugin: SPI
2026-05-21 11:51:08,260 [INFO] BlockDiagram:2775 - set Specific Code input for plugin: NVIC
2026-05-21 11:51:08,260 [INFO] BlockDiagram:2775 - set Specific Code input for plugin: SYS
2026-05-21 11:51:08,260 [INFO] BlockDiagram:2775 - set Specific Code input for plugin: GPIO
2026-05-21 11:51:08,261 [INFO] BlockDiagram:2775 - set Specific Code input for plugin: USART
2026-05-21 11:51:08,261 [INFO] BlockDiagram:2775 - set Specific Code input for plugin: RCC
2026-05-21 11:51:08,262 [INFO] CodeGenerator:892 - code generatio: config db path: /Applications/STM32CubeIDE.app/Contents/Eclipse/plugins/com.st.stm32cube.common.mx_6.15.0.202507011659//db/
2026-05-21 11:51:08,577 [INFO] CodeEngine:265 - oldGeneratedFile, /Users/admin/Desktop/My Projects/Bike4u/Programing/Bike4u/MXTmpFiles/license.tmp_save
2026-05-21 11:51:08,988 [INFO] CodeEngine:289 - Generated code: /Users/admin/Desktop/My Projects/Bike4u/Programing/Bike4u/MXTmpFiles/license.tmp
2026-05-21 11:51:09,132 [INFO] CodeEngine:265 - oldGeneratedFile, /Users/admin/Desktop/My Projects/Bike4u/Programing/Bike4u/MXTmpFiles/gpio.tmp_save
2026-05-21 11:51:09,266 [INFO] CodeEngine:289 - Generated code: /Users/admin/Desktop/My Projects/Bike4u/Programing/Bike4u/MXTmpFiles/gpio.tmp
2026-05-21 11:51:09,908 [INFO] CodeEngine:265 - oldGeneratedFile, /Users/admin/Desktop/My Projects/Bike4u/Programing/Bike4u/Core/Src/stm32l0xx_it.c_save
2026-05-21 11:51:10,080 [INFO] CodeEngine:289 - Generated code: /Users/admin/Desktop/My Projects/Bike4u/Programing/Bike4u/Core/Src/stm32l0xx_it.c
2026-05-21 11:51:10,085 [INFO] CodeEngine:265 - oldGeneratedFile, /Users/admin/Desktop/My Projects/Bike4u/Programing/Bike4u/Core/Inc/stm32l0xx_it.h_save
2026-05-21 11:51:10,177 [INFO] CodeEngine:289 - Generated code: /Users/admin/Desktop/My Projects/Bike4u/Programing/Bike4u/Core/Inc/stm32l0xx_it.h
2026-05-21 11:51:10,189 [INFO] CodeEngine:265 - oldGeneratedFile, /Users/admin/Desktop/My Projects/Bike4u/Programing/Bike4u/Core/Src/stm32l0xx_hal_msp.c_save
2026-05-21 11:51:10,365 [INFO] CodeEngine:289 - Generated code: /Users/admin/Desktop/My Projects/Bike4u/Programing/Bike4u/Core/Src/stm32l0xx_hal_msp.c
2026-05-21 11:51:10,370 [INFO] CodeEngine:265 - oldGeneratedFile, /Users/admin/Desktop/My Projects/Bike4u/Programing/Bike4u/MXTmpFiles/system.tmp_save
2026-05-21 11:51:10,461 [INFO] CodeEngine:289 - Generated code: /Users/admin/Desktop/My Projects/Bike4u/Programing/Bike4u/MXTmpFiles/system.tmp
2026-05-21 11:51:10,471 [INFO] CodeEngine:321 - oldGeneratedFile, /Users/admin/Desktop/My Projects/Bike4u/Programing/Bike4u/Core/Inc/stm32l0xx_hal_conf.h_save
2026-05-21 11:51:10,574 [INFO] CodeEngine:345 - Generated code: /Users/admin/Desktop/My Projects/Bike4u/Programing/Bike4u/Core/Inc/stm32l0xx_hal_conf.h
2026-05-21 11:51:10,635 [INFO] ApiDbMcu:532 - Load IP Config File for ADC
2026-05-21 11:51:10,680 [INFO] ApiDbMcu:532 - Load IP Config File for RTC
2026-05-21 11:51:10,688 [INFO] ApiDbMcu:532 - Load IP Config File for SPI1
2026-05-21 11:51:10,740 [INFO] ApiDbMcu:532 - Load IP Config File for USART2
2026-05-21 11:51:10,748 [INFO] ApiDbMcu:532 - Load IP Config File for RCC
2026-05-21 11:51:10,756 [INFO] CodeEngine:265 - oldGeneratedFile, /Users/admin/Desktop/My Projects/Bike4u/Programing/Bike4u/Core/Inc/main.h_save
2026-05-21 11:51:10,944 [INFO] CodeEngine:289 - Generated code: /Users/admin/Desktop/My Projects/Bike4u/Programing/Bike4u/Core/Inc/main.h
2026-05-21 11:51:10,951 [INFO] CodeEngine:265 - oldGeneratedFile, /Users/admin/Desktop/My Projects/Bike4u/Programing/Bike4u/Core/Src/main.c_save
2026-05-21 11:51:11,216 [INFO] CodeEngine:289 - Generated code: /Users/admin/Desktop/My Projects/Bike4u/Programing/Bike4u/Core/Src/main.c
2026-05-21 11:51:11,778 [INFO] ProjectBuilder:3606 - Time for Copy HAL[1] : 244mS.
2026-05-21 11:51:11,785 [INFO] ProjectBuilder:5216 - Project Generator version: 4.7.0-B52
2026-05-21 11:51:11,942 [INFO] ConfigFileManager:1595 - The Die is : DIE417
2026-05-21 11:51:11,959 [INFO] ApiDbMcu:532 - Load IP Config File for FATFS
2026-05-21 11:51:12,029 [INFO] ApiDbMcu:532 - Load IP Config File for FREERTOS
2026-05-21 11:51:12,783 [INFO] LogOutputStream:77 - [STDOUT_REDIRECT] 
2026-05-21 11:51:14,783 [INFO] ProjectBuilder:5496 - Time for Generating toolchain IDE Files: 2994mS.
2026-05-21 11:51:14,785 [INFO] ProjectBuilder:3463 - Time for Copy CMSIS : 0mS.
2026-05-21 11:51:14,787 [INFO] ProjectBuilder:3463 - Time for Copy CMSIS : 0mS.
2026-05-21 12:13:17,980 [INFO] WebApp:194 - Connection lost
2026-05-21 12:13:26,165 [INFO] WebApp:191 - Connection restablished
2026-05-21 12:26:16,733 [INFO] NvicIntPanel:101 - NVIC parent = com.st.microxplorer.plugins.ip.nvic.MultiNvicIntPanel[,0,0,0x0,invalid,layout=javax.swing.BoxLayout,alignmentX=0.0,alignmentY=0.0,border=,flags=9,maximumSize=,minimumSize=,preferredSize=]
2026-05-21 12:26:47,548 [INFO] UtilMem:75 - End SaveConfig() Used Memory: 742609936 Bytes (1073741824)
2026-05-21 12:26:49,974 [INFO] UtilMem:75 - End SaveConfig() Used Memory: 768744400 Bytes (1073741824)
2026-05-21 12:26:50,361 [INFO] BlockDiagram:2775 - set Specific Code input for plugin: ADC
2026-05-21 12:26:50,362 [INFO] BlockDiagram:2775 - set Specific Code input for plugin: RTC
2026-05-21 12:26:50,362 [INFO] BlockDiagram:2775 - set Specific Code input for plugin: SPI
2026-05-21 12:26:50,362 [INFO] BlockDiagram:2775 - set Specific Code input for plugin: NVIC
2026-05-21 12:26:50,362 [INFO] BlockDiagram:2775 - set Specific Code input for plugin: SYS
2026-05-21 12:26:50,363 [INFO] BlockDiagram:2775 - set Specific Code input for plugin: GPIO
2026-05-21 12:26:50,363 [INFO] BlockDiagram:2775 - set Specific Code input for plugin: USART
2026-05-21 12:26:50,363 [INFO] BlockDiagram:2775 - set Specific Code input for plugin: RCC
2026-05-21 12:26:50,363 [INFO] BlockDiagram:2775 - set Specific Code input for plugin: DMA
2026-05-21 12:26:50,364 [INFO] CodeGenerator:892 - code generatio: config db path: /Applications/STM32CubeIDE.app/Contents/Eclipse/plugins/com.st.stm32cube.common.mx_6.15.0.202507011659//db/
2026-05-21 12:26:50,571 [INFO] CodeEngine:265 - oldGeneratedFile, /Users/admin/Desktop/My Projects/Bike4u/Programing/Bike4u/MXTmpFiles/license.tmp_save
2026-05-21 12:26:50,714 [INFO] CodeEngine:289 - Generated code: /Users/admin/Desktop/My Projects/Bike4u/Programing/Bike4u/MXTmpFiles/license.tmp
2026-05-21 12:26:50,898 [INFO] CodeEngine:265 - oldGeneratedFile, /Users/admin/Desktop/My Projects/Bike4u/Programing/Bike4u/MXTmpFiles/gpio.tmp_save
2026-05-21 12:26:51,056 [INFO] CodeEngine:289 - Generated code: /Users/admin/Desktop/My Projects/Bike4u/Programing/Bike4u/MXTmpFiles/gpio.tmp
2026-05-21 12:26:52,052 [INFO] CodeEngine:265 - oldGeneratedFile, /Users/admin/Desktop/My Projects/Bike4u/Programing/Bike4u/MXTmpFiles/dma.tmp_save
2026-05-21 12:26:52,186 [INFO] CodeEngine:289 - Generated code: /Users/admin/Desktop/My Projects/Bike4u/Programing/Bike4u/MXTmpFiles/dma.tmp
2026-05-21 12:26:52,191 [INFO] CodeEngine:265 - oldGeneratedFile, /Users/admin/Desktop/My Projects/Bike4u/Programing/Bike4u/MXTmpFiles/dma_GV.tmp_save
2026-05-21 12:26:52,314 [INFO] CodeEngine:289 - Generated code: /Users/admin/Desktop/My Projects/Bike4u/Programing/Bike4u/MXTmpFiles/dma_GV.tmp
2026-05-21 12:26:52,329 [INFO] CodeEngine:265 - oldGeneratedFile, /Users/admin/Desktop/My Projects/Bike4u/Programing/Bike4u/Core/Src/stm32l0xx_it.c_save
2026-05-21 12:26:52,828 [INFO] CodeEngine:289 - Generated code: /Users/admin/Desktop/My Projects/Bike4u/Programing/Bike4u/Core/Src/stm32l0xx_it.c
2026-05-21 12:26:52,833 [INFO] CodeEngine:265 - oldGeneratedFile, /Users/admin/Desktop/My Projects/Bike4u/Programing/Bike4u/Core/Inc/stm32l0xx_it.h_save
2026-05-21 12:26:52,922 [INFO] CodeEngine:289 - Generated code: /Users/admin/Desktop/My Projects/Bike4u/Programing/Bike4u/Core/Inc/stm32l0xx_it.h
2026-05-21 12:26:52,934 [INFO] CodeEngine:265 - oldGeneratedFile, /Users/admin/Desktop/My Projects/Bike4u/Programing/Bike4u/Core/Src/stm32l0xx_hal_msp.c_save
2026-05-21 12:26:53,162 [INFO] CodeEngine:289 - Generated code: /Users/admin/Desktop/My Projects/Bike4u/Programing/Bike4u/Core/Src/stm32l0xx_hal_msp.c
2026-05-21 12:26:53,167 [INFO] CodeEngine:265 - oldGeneratedFile, /Users/admin/Desktop/My Projects/Bike4u/Programing/Bike4u/MXTmpFiles/system.tmp_save
2026-05-21 12:26:53,252 [INFO] CodeEngine:289 - Generated code: /Users/admin/Desktop/My Projects/Bike4u/Programing/Bike4u/MXTmpFiles/system.tmp
2026-05-21 12:26:53,264 [INFO] CodeEngine:321 - oldGeneratedFile, /Users/admin/Desktop/My Projects/Bike4u/Programing/Bike4u/Core/Inc/stm32l0xx_hal_conf.h_save
2026-05-21 12:26:53,344 [INFO] CodeEngine:345 - Generated code: /Users/admin/Desktop/My Projects/Bike4u/Programing/Bike4u/Core/Inc/stm32l0xx_hal_conf.h
2026-05-21 12:26:53,365 [INFO] CodeEngine:265 - oldGeneratedFile, /Users/admin/Desktop/My Projects/Bike4u/Programing/Bike4u/Core/Inc/main.h_save
2026-05-21 12:26:53,498 [INFO] CodeEngine:289 - Generated code: /Users/admin/Desktop/My Projects/Bike4u/Programing/Bike4u/Core/Inc/main.h
2026-05-21 12:26:53,504 [INFO] CodeEngine:265 - oldGeneratedFile, /Users/admin/Desktop/My Projects/Bike4u/Programing/Bike4u/Core/Src/main.c_save
2026-05-21 12:26:53,742 [INFO] CodeEngine:289 - Generated code: /Users/admin/Desktop/My Projects/Bike4u/Programing/Bike4u/Core/Src/main.c
2026-05-21 12:26:54,282 [INFO] ProjectBuilder:3606 - Time for Copy HAL[1] : 264mS.
2026-05-21 12:26:54,344 [INFO] ProjectBuilder:5216 - Project Generator version: 4.7.0-B52
2026-05-21 12:26:54,646 [INFO] ConfigFileManager:1595 - The Die is : DIE417
2026-05-21 12:26:57,071 [INFO] ProjectBuilder:5496 - Time for Generating toolchain IDE Files: 2728mS.
2026-05-21 12:26:57,073 [INFO] ProjectBuilder:3463 - Time for Copy CMSIS : 1mS.
2026-05-21 12:26:57,076 [INFO] ProjectBuilder:3463 - Time for Copy CMSIS : 0mS.
2026-05-21 12:28:07,848 [ERROR] LogOutputStream:75 - [STDERR_REDIRECT] 
2026-05-21 13:38:37,435 [INFO] Activator:176 - 


2026-05-21 13:38:37,438 [INFO] Activator:177 - !SESSION log4j initialized
2026-05-21 13:38:42,051 [INFO] LogOutputStream:77 - [STDOUT_REDIRECT] 
2026-05-21 13:38:48,460 [INFO] LogOutputStream:77 - [STDOUT_REDIRECT] 
2026-05-21 13:38:49,300 [ERROR] LogOutputStream:75 - [STDERR_REDIRECT] 
2026-05-21 13:38:49,646 [ERROR] LogOutputStream:75 - [STDERR_REDIRECT] java.net.URISyntaxException: Illegal character in path at index 28: file:/Users/admin/Desktop/My Projects/Bike4u/Programing/.metadata/.log4j2.xml
2026-05-21 13:38:49,647 [ERROR] LogOutputStream:75 - [STDERR_REDIRECT] 	at java.base/java.net.URI$Parser.fail(URI.java:2995)
2026-05-21 13:38:49,648 [ERROR] LogOutputStream:75 - [STDERR_REDIRECT] 	at java.base/java.net.URI$Parser.checkChars(URI.java:3166)
2026-05-21 13:38:49,649 [ERROR] LogOutputStream:75 - [STDERR_REDIRECT] 	at java.base/java.net.URI$Parser.parseHierarchical(URI.java:3248)
2026-05-21 13:38:49,650 [ERROR] LogOutputStream:75 - [STDERR_REDIRECT] 	at java.base/java.net.URI$Parser.parse(URI.java:3196)
2026-05-21 13:38:49,650 [ERROR] LogOutputStream:75 - [STDERR_REDIRECT] 	at java.base/java.net.URI.<init>(URI.java:645)
2026-05-21 13:38:49,651 [ERROR] LogOutputStream:75 - [STDERR_REDIRECT] 	at java.base/java.net.URL.toURI(URL.java:1220)
2026-05-21 13:38:49,651 [ERROR] LogOutputStream:75 - [STDERR_REDIRECT] 	at com.st.stm32cube.common.mx.core.CubeMxInstance.getInstance(CubeMxInstance.java:81)
2026-05-21 13:38:49,652 [ERROR] LogOutputStream:75 - [STDERR_REDIRECT] 	at com.st.stm32cube.common.mx.userauth.UserAuthAdapter.<init>(UserAuthAdapter.java:25)
2026-05-21 13:38:49,652 [ERROR] LogOutputStream:75 - [STDERR_REDIRECT] 	at com.st.stm32cube.common.mx.userauth.UserAuthProvider.getUserAuthAdapter(UserAuthProvider.java:16)
2026-05-21 13:38:49,653 [ERROR] LogOutputStream:75 - [STDERR_REDIRECT] 	at com.st.stm32cube.common.ecosystemintegration.ui.core.MCUEcoSystemIntegrationUiHelper.getUserAuth(MCUEcoSystemIntegrationUiHelper.java:100)
2026-05-21 13:38:49,653 [ERROR] LogOutputStream:75 - [STDERR_REDIRECT] 	at com.st.stm32cube.ide.mcu.userauth.UserAuthStartup.earlyStartup(UserAuthStartup.java:32)
2026-05-21 13:38:49,653 [ERROR] LogOutputStream:75 - [STDERR_REDIRECT] 	at org.eclipse.ui.internal.EarlyStartupRunnable.runEarlyStartup(EarlyStartupRunnable.java:79)
2026-05-21 13:38:49,654 [ERROR] LogOutputStream:75 - [STDERR_REDIRECT] 	at org.eclipse.ui.internal.EarlyStartupRunnable.run(EarlyStartupRunnable.java:55)
2026-05-21 13:38:49,654 [ERROR] LogOutputStream:75 - [STDERR_REDIRECT] 	at org.eclipse.core.runtime.SafeRunner.run(SafeRunner.java:47)
2026-05-21 13:38:49,655 [ERROR] LogOutputStream:75 - [STDERR_REDIRECT] 	at org.eclipse.ui.internal.Workbench$39.run(Workbench.java:2733)
2026-05-21 13:38:49,655 [ERROR] LogOutputStream:75 - [STDERR_REDIRECT] 	at org.eclipse.core.internal.jobs.Worker.run(Worker.java:63)
2026-05-21 13:38:50,038 [INFO] ApplicationProperties:184 - Using Application install path: /Applications/STM32CubeIDE.app/Contents/Eclipse/plugins/com.st.stm32cube.common.mx_6.15.0.202507011659
2026-05-21 13:38:50,063 [INFO] DbMcusXml:78 - Set database path to: /Applications/STM32CubeIDE.app/Contents/Eclipse/plugins/com.st.stm32cube.common.mx_6.15.0.202507011659//db//mcu/
2026-05-21 13:38:50,063 [INFO] ApiDb:274 - Set plugin database path to: /Applications/STM32CubeIDE.app/Contents/Eclipse/plugins/com.st.stm32cube.common.mx_6.15.0.202507011659//db//plugins/boardmanager/
2026-05-21 13:38:50,064 [WARN] ApiDb:259 - Overriding images path with different value:  => /Applications/STM32CubeIDE.app/Contents/Eclipse/plugins/com.st.stm32cube.common.mx_6.15.0.202507011659//db//plugins/mcufinder/images/
2026-05-21 13:38:50,070 [INFO] ApiDb:250 - Set database path to: /Users/admin/.stmcufinder/plugins/mcufinder//mcu/
2026-05-21 13:38:50,073 [INFO] DbMcusAds:125 - Set database path to: /Users/admin/.stmcufinder/plugins/mcufinder//mcu/
2026-05-21 13:38:50,076 [INFO] CrossReferenceDbSqlite:203 - Set database path to: /Users/admin/.stmcufinder/plugins/mcufinder//mcu/cs/
2026-05-21 13:38:50,284 [INFO] RulesReader:64 - Compatibility file has been processed (317 Rules)
2026-05-21 13:38:50,359 [INFO] DbMcusXml:78 - Set database path to: /Applications/STM32CubeIDE.app/Contents/Eclipse/plugins/com.st.stm32cube.common.mx_6.15.0.202507011659//db//mcu/
2026-05-21 13:38:50,359 [INFO] ApiDb:274 - Set plugin database path to: /Applications/STM32CubeIDE.app/Contents/Eclipse/plugins/com.st.stm32cube.common.mx_6.15.0.202507011659//db//plugins/boardmanager/
2026-05-21 13:38:50,359 [INFO] ApiDb:261 - Set plugin images path to: /Applications/STM32CubeIDE.app/Contents/Eclipse/plugins/com.st.stm32cube.common.mx_6.15.0.202507011659//db//plugins/mcufinder/images/
2026-05-21 13:38:50,359 [WARN] DbFile:41 - Overriding database path with different value: /Users/admin/.stmcufinder/plugins/mcufinder/ => /Users/admin/.stmcufinder/plugins/mcufinder
2026-05-21 13:38:50,360 [INFO] ApiDb:250 - Set database path to: /Users/admin/.stmcufinder/plugins/mcufinder//mcu/
2026-05-21 13:38:50,360 [WARN] DbFile:41 - Overriding database path with different value: /Users/admin/.stmcufinder/plugins/mcufinder/ => /Users/admin/.stmcufinder/plugins/mcufinder
2026-05-21 13:38:50,360 [INFO] DbMcusAds:125 - Set database path to: /Users/admin/.stmcufinder/plugins/mcufinder//mcu/
2026-05-21 13:38:50,360 [WARN] DbFile:41 - Overriding database path with different value: /Users/admin/.stmcufinder/plugins/mcufinder/ => /Users/admin/.stmcufinder/plugins/mcufinder
2026-05-21 13:38:50,360 [WARN] DbFile:41 - Overriding database path with different value: /Users/admin/.stmcufinder/plugins/mcufinder/ => /Users/admin/.stmcufinder/plugins/mcufinder
2026-05-21 13:38:50,360 [INFO] CrossReferenceDbSqlite:203 - Set database path to: /Users/admin/.stmcufinder/plugins/mcufinder//mcu/cs/
2026-05-21 13:38:50,464 [INFO] MainPanel:274 - HeapMemory: 268435456
2026-05-21 13:38:50,973 [INFO] DbMcusXml:78 - Set database path to: /Applications/STM32CubeIDE.app/Contents/Eclipse/plugins/com.st.stm32cube.common.mx_6.15.0.202507011659//db//mcu/
2026-05-21 13:38:50,974 [INFO] ApiDb:274 - Set plugin database path to: /Applications/STM32CubeIDE.app/Contents/Eclipse/plugins/com.st.stm32cube.common.mx_6.15.0.202507011659//db//plugins/boardmanager/
2026-05-21 13:38:50,974 [INFO] ApiDb:261 - Set plugin images path to: /Applications/STM32CubeIDE.app/Contents/Eclipse/plugins/com.st.stm32cube.common.mx_6.15.0.202507011659//db//plugins/mcufinder/images/
2026-05-21 13:38:50,975 [WARN] DbFile:41 - Overriding database path with different value: /Users/admin/.stmcufinder/plugins/mcufinder/ => /Users/admin/.stmcufinder/plugins/mcufinder
2026-05-21 13:38:50,975 [INFO] ApiDb:250 - Set database path to: /Users/admin/.stmcufinder/plugins/mcufinder//mcu/
2026-05-21 13:38:50,975 [WARN] DbFile:41 - Overriding database path with different value: /Users/admin/.stmcufinder/plugins/mcufinder/ => /Users/admin/.stmcufinder/plugins/mcufinder
2026-05-21 13:38:50,976 [INFO] DbMcusAds:125 - Set database path to: /Users/admin/.stmcufinder/plugins/mcufinder//mcu/
2026-05-21 13:38:50,976 [WARN] DbFile:41 - Overriding database path with different value: /Users/admin/.stmcufinder/plugins/mcufinder/ => /Users/admin/.stmcufinder/plugins/mcufinder
2026-05-21 13:38:50,976 [WARN] DbFile:41 - Overriding database path with different value: /Users/admin/.stmcufinder/plugins/mcufinder/ => /Users/admin/.stmcufinder/plugins/mcufinder
2026-05-21 13:38:50,976 [INFO] CrossReferenceDbSqlite:203 - Set database path to: /Users/admin/.stmcufinder/plugins/mcufinder//mcu/cs/
2026-05-21 13:38:51,021 [INFO] ApplicationProperties:184 - Using Application install path: /Applications/STM32CubeIDE.app/Contents/Eclipse/plugins/com.st.stm32cube.common.mx_6.15.0.202507011659
2026-05-21 13:38:51,025 [INFO] PluginManage:196 - Search for loadable plugins [exclusion list=, ]
2026-05-21 13:38:51,030 [INFO] PluginManage:310 - Check plugin analytics
2026-05-21 13:38:51,341 [INFO] AnalyticsPlugin:253 - Accepted Software Licenses: 
2026-05-21 13:38:51,341 [INFO] AnalyticsPlugin:255 - Accepted CMSIS Pack Licenses: Infineon.AIROC-Wi-Fi-Bluetooth-STM32.1.6.0,STMicroelectronics.X-CUBE-BLE1.7.0.0
2026-05-21 13:38:51,342 [INFO] AnalyticsPlugin:257 - Accepted Firmware Licenses: FW.G0.1.6.0,FW.WB.1.19.0,FW.WB.1.21.0
2026-05-21 13:38:51,345 [INFO] PluginManage:359 - Loaded plugin analytics (category:tool,tabindex:-1)
2026-05-21 13:38:51,345 [INFO] PluginManage:310 - Check plugin cadmodel
2026-05-21 13:38:51,352 [INFO] CADModel:105 - Init CAD model plugin
2026-05-21 13:38:51,352 [INFO] PluginManage:359 - Loaded plugin cadmodel (category:power,tabindex:5)
2026-05-21 13:38:51,352 [INFO] PluginManage:310 - Check plugin clock
2026-05-21 13:38:51,364 [INFO] PluginManage:359 - Loaded plugin clock (category:base,tabindex:2)
2026-05-21 13:38:51,364 [INFO] PluginManage:310 - Check plugin ddr
2026-05-21 13:38:51,368 [INFO] PluginManage:359 - Loaded plugin ddr (category:tool,tabindex:6)
2026-05-21 13:38:51,368 [INFO] PluginManage:310 - Check plugin filemanager
2026-05-21 13:38:51,567 [INFO] PluginManage:359 - Loaded plugin filemanager (category:base,tabindex:10)
2026-05-21 13:38:51,567 [INFO] PluginManage:310 - Check plugin ipmanager
2026-05-21 13:38:51,575 [INFO] PluginManage:359 - Loaded plugin ipmanager (category:base,tabindex:5)
2026-05-21 13:38:51,575 [INFO] PluginManage:310 - Check plugin lpbam
2026-05-21 13:38:51,590 [INFO] PluginManage:359 - Loaded plugin lpbam (category:base,tabindex:0)
2026-05-21 13:38:51,590 [INFO] PluginManage:310 - Check plugin memorymap
2026-05-21 13:38:51,610 [INFO] PluginManage:359 - Loaded plugin memorymap (category:base,tabindex:4)
2026-05-21 13:38:51,610 [INFO] PluginManage:310 - Check plugin pinoutandconfiguration
2026-05-21 13:38:51,622 [INFO] PluginManage:359 - Loaded plugin pinoutandconfiguration (category:base,tabindex:1)
2026-05-21 13:38:51,622 [INFO] PluginManage:310 - Check plugin pinoutconfig
2026-05-21 13:38:51,759 [WARN] SupportedApi:132 - Cannot load RTOS API schema: s4s-elt-must-match.1: The content of 'definitions' must match (annotation?, (simpleType | complexType)?, (unique | key | keyref)*)). A problem was found starting at: attribute.
2026-05-21 13:38:51,952 [INFO] PluginManage:359 - Loaded plugin pinoutconfig (category:base,tabindex:0)
2026-05-21 13:38:51,953 [INFO] PluginManage:310 - Check plugin power
2026-05-21 13:38:51,965 [INFO] PluginManage:359 - Loaded plugin power (category:power,tabindex:4)
2026-05-21 13:38:51,965 [INFO] PluginManage:310 - Check plugin projectmanager
2026-05-21 13:38:51,985 [INFO] PluginManage:359 - Loaded plugin projectmanager (category:projectmanager,tabindex:4)
2026-05-21 13:38:51,985 [INFO] PluginManage:310 - Check plugin rif
2026-05-21 13:38:51,999 [INFO] PluginManage:359 - Loaded plugin rif (category:base,tabindex:3)
2026-05-21 13:38:51,999 [INFO] PluginManage:310 - Check plugin thirdparty
2026-05-21 13:38:52,195 [INFO] PluginManage:359 - Loaded plugin thirdparty (category:base,tabindex:-1)
2026-05-21 13:38:52,195 [WARN] IntegrityCheckThread:84 - waiting for thirdparty lock release [integrity check]
2026-05-21 13:38:52,195 [INFO] IntegrityCheckThread:86 - entering critical section [integrity check]
2026-05-21 13:38:52,195 [INFO] PluginManage:310 - Check plugin tools
2026-05-21 13:38:52,196 [INFO] ThirdPartyUpdaterWithRetryManager:70 - Updater plugin not ready yet. [1/15]
2026-05-21 13:38:52,198 [INFO] PluginManage:359 - Loaded plugin tools (category:base,tabindex:7)
2026-05-21 13:38:52,198 [INFO] PluginManage:310 - Check plugin tutovideos
2026-05-21 13:38:52,559 [INFO] PluginManage:359 - Loaded plugin tutovideos (category:base,tabindex:-1)
2026-05-21 13:38:52,559 [INFO] PluginManage:310 - Check plugin updater
2026-05-21 13:38:52,603 [INFO] PluginManage:359 - Loaded plugin updater (category:base,tabindex:12)
2026-05-21 13:38:52,603 [INFO] PluginManage:310 - Check plugin userauth
2026-05-21 13:38:52,609 [INFO] UserAuth:118 - Init User Auth plugin
2026-05-21 13:38:52,610 [INFO] PluginManage:359 - Loaded plugin userauth (category:base,tabindex:14)
2026-05-21 13:38:52,611 [INFO] PluginManage:283 - PluginManage : Loaded plugins [18]
2026-05-21 13:38:52,877 [INFO] PinOutPanel:1589 - setPackage(No Configuration,No Configuration)
2026-05-21 13:38:52,974 [INFO] CADModel:165 - CPN selected for project level
2026-05-21 13:38:52,975 [INFO] CADModel:114 - Register for checkConnection events
2026-05-21 13:38:52,994 [INFO] IPUIPlugin:80 - create IPUIPlugin
2026-05-21 13:38:52,994 [INFO] PluginManager:220 - loadIPPluginJar : add mdma
2026-05-21 13:38:53,004 [INFO] IPUIPlugin:80 - create IPUIPlugin
2026-05-21 13:38:53,005 [INFO] PluginManager:220 - loadIPPluginJar : add freertos
2026-05-21 13:38:53,012 [INFO] IPUIPlugin:80 - create IPUIPlugin
2026-05-21 13:38:53,012 [INFO] PluginManager:220 - loadIPPluginJar : add gic
2026-05-21 13:38:53,027 [INFO] IPUIPlugin:80 - create IPUIPlugin
2026-05-21 13:38:53,028 [INFO] PluginManager:220 - loadIPPluginJar : add adc
2026-05-21 13:38:53,031 [INFO] IPUIPlugin:80 - create IPUIPlugin
2026-05-21 13:38:53,032 [INFO] PluginManager:220 - loadIPPluginJar : add gtzc
2026-05-21 13:38:53,034 [INFO] IPUIPlugin:80 - create IPUIPlugin
2026-05-21 13:38:53,034 [INFO] PluginManager:220 - loadIPPluginJar : add quadspi
2026-05-21 13:38:53,037 [INFO] IPUIPlugin:80 - create IPUIPlugin
2026-05-21 13:38:53,037 [INFO] PluginManager:220 - loadIPPluginJar : add aes
2026-05-21 13:38:53,041 [INFO] IPUIPlugin:80 - create IPUIPlugin
2026-05-21 13:38:53,042 [INFO] PluginManager:220 - loadIPPluginJar : add pdm2pcm
2026-05-21 13:38:53,044 [INFO] IPUIPlugin:80 - create IPUIPlugin
2026-05-21 13:38:53,044 [INFO] PluginManager:220 - loadIPPluginJar : add hash
2026-05-21 13:38:53,046 [INFO] IPUIPlugin:80 - create IPUIPlugin
2026-05-21 13:38:53,047 [INFO] PluginManager:220 - loadIPPluginJar : add tim
2026-05-21 13:38:53,049 [INFO] IPUIPlugin:80 - create IPUIPlugin
2026-05-21 13:38:53,049 [INFO] PluginManager:220 - loadIPPluginJar : add tsc
2026-05-21 13:38:53,053 [INFO] IPUIPlugin:80 - create IPUIPlugin
2026-05-21 13:38:53,053 [INFO] PluginManager:220 - loadIPPluginJar : add extmemmanager
2026-05-21 13:38:53,055 [INFO] IPUIPlugin:80 - create IPUIPlugin
2026-05-21 13:38:53,055 [INFO] PluginManager:220 - loadIPPluginJar : add ts
2026-05-21 13:38:53,058 [INFO] IPUIPlugin:80 - create IPUIPlugin
2026-05-21 13:38:53,059 [INFO] PluginManager:220 - loadIPPluginJar : add radio
2026-05-21 13:38:53,062 [INFO] IPUIPlugin:80 - create IPUIPlugin
2026-05-21 13:38:53,062 [INFO] PluginManager:220 - loadIPPluginJar : add can
2026-05-21 13:38:53,065 [INFO] IPUIPlugin:80 - create IPUIPlugin
2026-05-21 13:38:53,065 [INFO] PluginManager:220 - loadIPPluginJar : add dma3
2026-05-21 13:38:53,068 [INFO] IPUIPlugin:80 - create IPUIPlugin
2026-05-21 13:38:53,068 [INFO] PluginManager:220 - loadIPPluginJar : add dfsdm
2026-05-21 13:38:53,072 [INFO] IPUIPlugin:80 - create IPUIPlugin
2026-05-21 13:38:53,072 [INFO] PluginManager:220 - loadIPPluginJar : add spi
2026-05-21 13:38:53,076 [INFO] IPUIPlugin:80 - create IPUIPlugin
2026-05-21 13:38:53,076 [INFO] PluginManager:220 - loadIPPluginJar : add gfxmmu
2026-05-21 13:38:53,078 [INFO] IPUIPlugin:80 - create IPUIPlugin
2026-05-21 13:38:53,078 [INFO] PluginManager:220 - loadIPPluginJar : add genericplugin
2026-05-21 13:38:53,082 [INFO] IPUIPlugin:80 - create IPUIPlugin
2026-05-21 13:38:53,082 [INFO] PluginManager:220 - loadIPPluginJar : add cryp
2026-05-21 13:38:53,090 [INFO] IPUIPlugin:80 - create IPUIPlugin
2026-05-21 13:38:53,090 [INFO] PluginManager:220 - loadIPPluginJar : add gpio
2026-05-21 13:38:53,095 [INFO] IPUIPlugin:80 - create IPUIPlugin
2026-05-21 13:38:53,095 [INFO] PluginManager:220 - loadIPPluginJar : add ddr_ctrl_phy
2026-05-21 13:38:53,097 [INFO] IPUIPlugin:80 - create IPUIPlugin
2026-05-21 13:38:53,097 [INFO] PluginManager:220 - loadIPPluginJar : add comp
2026-05-21 13:38:53,100 [INFO] IPUIPlugin:80 - create IPUIPlugin
2026-05-21 13:38:53,100 [INFO] PluginManager:220 - loadIPPluginJar : add tracer_emb
2026-05-21 13:38:53,105 [INFO] IPUIPlugin:80 - create IPUIPlugin
2026-05-21 13:38:53,105 [INFO] PluginManager:220 - loadIPPluginJar : add openamp
2026-05-21 13:38:53,113 [INFO] IPUIPlugin:80 - create IPUIPlugin
2026-05-21 13:38:53,114 [INFO] PluginManager:220 - loadIPPluginJar : add stm32_wpan
2026-05-21 13:38:53,122 [INFO] IPUIPlugin:80 - create IPUIPlugin
2026-05-21 13:38:53,125 [INFO] PluginManager:220 - loadIPPluginJar : add plateformsettings
2026-05-21 13:38:53,130 [INFO] IPUIPlugin:80 - create IPUIPlugin
2026-05-21 13:38:53,131 [INFO] PluginManager:220 - loadIPPluginJar : add ipddr
2026-05-21 13:38:53,134 [INFO] IPUIPlugin:80 - create IPUIPlugin
2026-05-21 13:38:53,134 [INFO] PluginManager:220 - loadIPPluginJar : add usart
2026-05-21 13:38:53,136 [INFO] IPUIPlugin:80 - create IPUIPlugin
2026-05-21 13:38:53,136 [INFO] PluginManager:220 - loadIPPluginJar : add ltdc
2026-05-21 13:38:53,142 [INFO] IPUIPlugin:80 - create IPUIPlugin
2026-05-21 13:38:53,142 [INFO] PluginManager:220 - loadIPPluginJar : add nvic
2026-05-21 13:38:53,143 [INFO] IPUIPlugin:80 - create IPUIPlugin
2026-05-21 13:38:53,144 [INFO] PluginManager:220 - loadIPPluginJar : add fatfs
2026-05-21 13:38:53,154 [INFO] IPUIPlugin:80 - create IPUIPlugin
2026-05-21 13:38:53,154 [INFO] PluginManager:220 - loadIPPluginJar : add linkedlist
2026-05-21 13:38:53,163 [INFO] IPUIPlugin:80 - create IPUIPlugin
2026-05-21 13:38:53,163 [INFO] PluginManager:220 - loadIPPluginJar : add dma
2026-05-21 13:38:53,169 [INFO] IPUIPlugin:80 - create IPUIPlugin
2026-05-21 13:38:53,169 [INFO] PluginManager:220 - loadIPPluginJar : add fmc
2026-05-21 13:38:53,173 [INFO] IPUIPlugin:80 - create IPUIPlugin
2026-05-21 13:38:53,173 [INFO] PluginManager:220 - loadIPPluginJar : add i2s
2026-05-21 13:38:53,175 [INFO] IPUIPlugin:80 - create IPUIPlugin
2026-05-21 13:38:53,175 [INFO] PluginManager:220 - loadIPPluginJar : add ucpd
2026-05-21 13:38:53,179 [INFO] IPUIPlugin:80 - create IPUIPlugin
2026-05-21 13:38:53,179 [INFO] PluginManager:220 - loadIPPluginJar : add lorawan
2026-05-21 13:38:53,182 [INFO] IPUIPlugin:80 - create IPUIPlugin
2026-05-21 13:38:53,182 [INFO] PluginManager:220 - loadIPPluginJar : add opamp
2026-05-21 13:38:53,187 [INFO] IPUIPlugin:80 - create IPUIPlugin
2026-05-21 13:38:53,188 [INFO] PluginManager:220 - loadIPPluginJar : add i3c
2026-05-21 13:38:53,193 [INFO] IPUIPlugin:80 - create IPUIPlugin
2026-05-21 13:38:53,193 [INFO] PluginManager:220 - loadIPPluginJar : add touchsensing
2026-05-21 13:38:53,197 [INFO] IPUIPlugin:80 - create IPUIPlugin
2026-05-21 13:38:53,197 [INFO] PluginManager:220 - loadIPPluginJar : add i2c
2026-05-21 13:38:53,203 [INFO] IPUIPlugin:80 - create IPUIPlugin
2026-05-21 13:38:53,203 [INFO] PluginManager:220 - loadIPPluginJar : add resmgrutility
2026-05-21 13:38:53,207 [INFO] IPUIPlugin:80 - create IPUIPlugin
2026-05-21 13:38:53,207 [INFO] PluginManager:220 - loadIPPluginJar : add sai
2026-05-21 13:38:53,211 [INFO] IPUIPlugin:80 - create IPUIPlugin
2026-05-21 13:38:53,212 [INFO] PluginManager:220 - loadIPPluginJar : add usbx
2026-05-21 13:38:53,325 [FATAL] Updater:351 - Updater called before beeing initialized
2026-05-21 13:38:53,366 [INFO] RulesReader:64 - Compatibility file has been processed (317 Rules)
2026-05-21 13:38:53,382 [INFO] RulesReader:64 - Compatibility file has been processed (317 Rules)
2026-05-21 13:38:53,391 [INFO] CADModel:165 - CPN selected for project level
2026-05-21 13:38:53,391 [INFO] CADModel:114 - Register for checkConnection events
2026-05-21 13:38:53,391 [FATAL] Updater:351 - Updater called before beeing initialized
2026-05-21 13:38:53,392 [ERROR] CADModel:125 - Updater not yet initialized, retry later 
2026-05-21 13:38:53,673 [FATAL] Updater:351 - Updater called before beeing initialized
2026-05-21 13:38:53,676 [INFO] CADModel:165 - CPN selected for project level
2026-05-21 13:38:53,676 [INFO] CADModel:114 - Register for checkConnection events
2026-05-21 13:38:53,676 [FATAL] Updater:351 - Updater called before beeing initialized
2026-05-21 13:38:53,677 [ERROR] CADModel:125 - Updater not yet initialized, retry later 
2026-05-21 13:38:53,682 [FATAL] Updater:351 - Updater called before beeing initialized
2026-05-21 13:38:53,827 [FATAL] Updater:351 - Updater called before beeing initialized
2026-05-21 13:38:53,836 [INFO] DbMcusAds:53 - JSON generation date=Mon Apr 27 11:14:29 EEST 2026 (1777277669683)
2026-05-21 13:38:53,836 [FATAL] Updater:351 - Updater called before beeing initialized
2026-05-21 13:38:53,935 [WARN] DetailPanel:346 - Failed to get advertising image, set to default
2026-05-21 13:38:54,042 [FATAL] Updater:351 - Updater called before beeing initialized
2026-05-21 13:38:54,045 [FATAL] Updater:351 - Updater called before beeing initialized
2026-05-21 13:38:54,045 [FATAL] Updater:351 - Updater called before beeing initialized
2026-05-21 13:38:54,045 [WARN] DetailPanel:346 - Failed to get advertising image, set to default
2026-05-21 13:38:54,046 [FATAL] Updater:351 - Updater called before beeing initialized
2026-05-21 13:38:54,084 [ERROR] Updater:1198 - MainUpdater not yet initialized. External WinMGr cannot be set.
2026-05-21 13:38:54,086 [INFO] Updater:1134 - Updater Version found : 6.15.0
2026-05-21 13:38:54,113 [INFO] ApplicationProperties:184 - Using Application install path: /Applications/STM32CubeIDE.app/Contents/Eclipse/plugins/com.st.stm32cube.common.mx_6.15.0.202507011659
2026-05-21 13:38:54,789 [INFO] MainUpdater:2872 - connection check result : 10
2026-05-21 13:38:54,790 [INFO] MainUpdater:289 - Updater Check For Update Now.
2026-05-21 13:38:54,790 [INFO] MicroXplorer:498 - Change Database Version : DB.6.0.150
2026-05-21 13:38:54,797 [INFO] McuFinderGlobals:63 - Set McuFinder mode to 2 (CubeIDE integrated)
2026-05-21 13:38:54,798 [INFO] UserAuth:487 - Internet connection configuration mode: 1
2026-05-21 13:38:54,826 [INFO] JxBrowserEngine:152 - Initiate JxBrowser Engine with user profile folder
2026-05-21 13:38:55,018 [INFO] CheckServerUpdateThread:120 - End of CheckServer Thread
2026-05-21 13:38:55,571 [WARN] PackLoader:240 - Cannot read IP mode file for STMicroelectronics.X-CUBE-AZRTOS-H7.3.5.0
2026-05-21 13:38:55,626 [WARN] PackLoader:240 - Cannot read IP mode file for STMicroelectronics.FP-SNS-MOTENVWB1.1.4.0
2026-05-21 13:38:55,635 [WARN] PackLoader:240 - Cannot read IP mode file for STMicroelectronics.FP-ATR-ASTRA1.2.0.2
2026-05-21 13:38:55,641 [WARN] PackLoader:240 - Cannot read IP mode file for STMicroelectronics.FP-ATR-ASTRA1.2.0.1
2026-05-21 13:38:55,653 [WARN] PackLoader:240 - Cannot read IP mode file for STMicroelectronics.X-CUBE-SMBUS.2.1.0
2026-05-21 13:38:55,664 [WARN] PackLoader:240 - Cannot read IP mode file for STMicroelectronics.X-CUBE-WB05N.1.1.0
2026-05-21 13:38:55,675 [WARN] PackLoader:240 - Cannot read IP mode file for STMicroelectronics.X-CUBE-ST60.1.0.0
2026-05-21 13:38:55,683 [WARN] PackLoader:240 - Cannot read IP mode file for STMicroelectronics.X-CUBE-TOUCHGFX.4.23.2
2026-05-21 13:38:55,724 [WARN] PackLoader:240 - Cannot read IP mode file for STMicroelectronics.X-CUBE-AZRTOS-F7.1.1.0
2026-05-21 13:38:55,737 [WARN] PackLoader:240 - Cannot read IP mode file for STMicroelectronics.FP-SNS-MOTENV1.4.3.2
2026-05-21 13:38:55,804 [WARN] PackLoader:240 - Cannot read IP mode file for STMicroelectronics.X-CUBE-MEMS1.11.0.0
2026-05-21 13:38:56,015 [WARN] PackLoader:240 - Cannot read IP mode file for STMicroelectronics.FP-SNS-MOTENV1.5.1.0
2026-05-21 13:38:56,019 [WARN] PackLoader:240 - Cannot read IP mode file for STMicroelectronics.FP-SNS-FLIGHT1.5.0.2
2026-05-21 13:38:56,068 [WARN] PackLoader:240 - Cannot read IP mode file for STMicroelectronics.X-CUBE-AZRTOS-H7.3.4.0
2026-05-21 13:38:56,092 [WARN] PackLoader:240 - Cannot read IP mode file for STMicroelectronics.X-CUBE-DISPLAY.3.0.0
2026-05-21 13:38:56,109 [WARN] PackLoader:240 - Cannot read IP mode file for STMicroelectronics.X-CUBE-GNSS1.7.1.1
2026-05-21 13:38:56,115 [WARN] PackLoader:240 - Cannot read IP mode file for STMicroelectronics.FP-SNS-MOTENVWB1.1.5.0
2026-05-21 13:38:56,126 [WARN] PackLoader:240 - Cannot read IP mode file for STMicroelectronics.X-CUBE-BLE1.7.0.0
2026-05-21 13:38:56,289 [WARN] PackLoader:240 - Cannot read IP mode file for STMicroelectronics.X-CUBE-NFC10.1.0.0
2026-05-21 13:38:56,317 [WARN] PackLoader:240 - Cannot read IP mode file for STMicroelectronics.X-CUBE-BLEMGR.4.0.0
2026-05-21 13:38:56,330 [WARN] PackLoader:240 - Cannot read IP mode file for STMicroelectronics.X-CUBE-ST60.1.1.0
2026-05-21 13:38:56,340 [WARN] PackLoader:240 - Cannot read IP mode file for emotas.I-CUBE-CANOPEN.1.3.0
2026-05-21 13:38:56,348 [WARN] PackLoader:240 - Cannot read IP mode file for STMicroelectronics.X-CUBE-GNSS1.7.1.0
2026-05-21 13:38:56,364 [WARN] PackLoader:240 - Cannot read IP mode file for STMicroelectronics.X-CUBE-BLEMGR.3.1.0
2026-05-21 13:38:56,371 [WARN] PackLoader:240 - Cannot read IP mode file for STMicroelectronics.X-CUBE-AI.10.0.0
2026-05-21 13:38:56,382 [WARN] PackLoader:240 - Cannot read IP mode file for STMicroelectronics.FP-SNS-STBOX1.2.1.0
2026-05-21 13:38:56,390 [WARN] PackLoader:240 - Cannot read IP mode file for STMicroelectronics.FP-SNS-SMARTAG2.1.2.0
2026-05-21 13:38:56,395 [WARN] PackLoader:240 - Cannot read IP mode file for STMicroelectronics.FP-SNS-FLIGHT1.5.1.0
2026-05-21 13:38:56,476 [WARN] PackLoader:240 - Cannot read IP mode file for STMicroelectronics.X-CUBE-MEMS1.11.1.0
2026-05-21 13:38:56,892 [INFO] LogOutputStream:77 - [STDOUT_REDIRECT] 1 : Invalid condition id : UX_CORESTACK_Condition cause : null
2026-05-21 13:38:56,899 [INFO] LogOutputStream:77 - [STDOUT_REDIRECT] 1 : Invalid condition id : UX_CORESTACK_Condition cause : null
2026-05-21 13:38:56,900 [INFO] LogOutputStream:77 - [STDOUT_REDIRECT] 1 : Invalid condition id : UX_CORESTACK_Condition cause : null
2026-05-21 13:38:56,900 [INFO] LogOutputStream:77 - [STDOUT_REDIRECT] 1 : Invalid condition id : UX_CORESTACK_Condition cause : null
2026-05-21 13:38:56,900 [INFO] LogOutputStream:77 - [STDOUT_REDIRECT] 1 : Invalid condition id : UX_CORESTACK_Condition cause : null
2026-05-21 13:38:56,906 [WARN] PackLoader:240 - Cannot read IP mode file for STMicroelectronics.X-CUBE-AZRTOS-WL.2.0.0
2026-05-21 13:38:56,917 [WARN] PackLoader:240 - Cannot read IP mode file for STMicroelectronics.FP-SNS-MOTENV1.5.0.0
2026-05-21 13:38:56,984 [WARN] PackLoader:240 - Cannot read IP mode file for STMicroelectronics.X-CUBE-AZRTOS-H7RS.1.2.0
2026-05-21 13:38:56,999 [WARN] PackLoader:240 - Cannot read IP mode file for wolfSSL.I-CUBE-wolfMQTT.1.19.0
2026-05-21 13:38:57,014 [WARN] PackLoader:240 - Cannot read IP mode file for WES.I-CUBE-Cesium.1.3.0
2026-05-21 13:38:57,022 [WARN] PackLoader:240 - Cannot read IP mode file for STMicroelectronics.X-CUBE-BLE2.3.3.0
2026-05-21 13:38:57,052 [WARN] PackLoader:240 - Cannot read IP mode file for STMicroelectronics.X-CUBE-NFC9.1.0.0
2026-05-21 13:38:57,062 [WARN] PackLoader:240 - Cannot read IP mode file for STMicroelectronics.X-CUBE-BLE1.7.1.0
2026-05-21 13:38:57,070 [WARN] PackLoader:240 - Cannot read IP mode file for STMicroelectronics.X-CUBE-TCPP.4.1.0
2026-05-21 13:38:57,082 [WARN] PackLoader:240 - Cannot read IP mode file for STMicroelectronics.X-CUBE-FREERTOS.1.4.0
2026-05-21 13:38:57,092 [WARN] PackLoader:240 - Cannot read IP mode file for STMicroelectronics.X-CUBE-EEPRMA1.5.2.0
2026-05-21 13:38:57,110 [WARN] PackLoader:240 - Cannot read IP mode file for STMicroelectronics.X-CUBE-ST67W61.1.1.0
2026-05-21 13:38:57,121 [WARN] PackLoader:240 - Cannot read IP mode file for STMicroelectronics.X-CUBE-AI.10.1.0
2026-05-21 13:38:57,137 [WARN] PackLoader:240 - Cannot read IP mode file for STMicroelectronics.FP-SNS-STAIOTCFT.1.1.0
2026-05-21 13:38:57,230 [WARN] PackLoader:240 - Cannot read IP mode file for STMicroelectronics.X-CUBE-MEMS1.12.0.0
2026-05-21 13:38:57,381 [WARN] PackLoader:240 - Cannot read IP mode file for STMicroelectronics.X-CUBE-ALGOBUILD.1.3.0
2026-05-21 13:38:57,444 [WARN] PackLoader:240 - Cannot read IP mode file for STMicroelectronics.X-CUBE-MEMS1.11.2.0
2026-05-21 13:38:57,473 [INFO] WebApp:169 - Instantiating new browser for Auth
2026-05-21 13:38:57,795 [WARN] PackLoader:240 - Cannot read IP mode file for STMicroelectronics.X-CUBE-AZRTOS-G0.1.1.0
2026-05-21 13:38:57,807 [WARN] PackLoader:240 - Cannot read IP mode file for STMicroelectronics.X-CUBE-SAFEA1.1.2.2
2026-05-21 13:38:57,816 [WARN] PackLoader:240 - Cannot read IP mode file for STMicroelectronics.X-CUBE-NFC4.3.0.0
2026-05-21 13:38:57,834 [WARN] PackLoader:240 - Cannot read IP mode file for EmbeddedOffice.I-CUBE-FS-RTOS.1.0.1
2026-05-21 13:38:57,841 [WARN] PackLoader:240 - Cannot read IP mode file for STMicroelectronics.X-CUBE-WB05N.2.0.0
2026-05-21 13:38:57,849 [WARN] PackLoader:240 - Cannot read IP mode file for STMicroelectronics.X-CUBE-TCPP.4.2.0
2026-05-21 13:38:57,856 [WARN] PackLoader:240 - Cannot read IP mode file for RealThread.X-CUBE-RT-Thread_Nano.4.1.1
2026-05-21 13:38:57,862 [WARN] PackLoader:240 - Cannot read IP mode file for wolfSSL.I-CUBE-wolfSSL.5.7.0
2026-05-21 13:38:57,866 [WARN] PackLoader:240 - Cannot read IP mode file for STMicroelectronics.FP-ATR-SIGFOX1.3.2.0
2026-05-21 13:38:57,871 [WARN] ConditionMgr:438 - getConditionDescription Invalid condition id : Cortex-A Device cause : null
2026-05-21 13:38:57,882 [WARN] ConditionMgr:1044 - genDependencies : Invalid condition id : Cortex-A Device cause : null
2026-05-21 13:38:57,883 [WARN] ConditionMgr:1044 - genDependencies : Invalid condition id : Cortex-A Device cause : null
2026-05-21 13:38:57,883 [WARN] ConditionMgr:1044 - genDependencies : Invalid condition id : Cortex-A Device cause : null
2026-05-21 13:38:57,895 [WARN] PackLoader:240 - Cannot read IP mode file for STMicroelectronics.X-CUBE-EEPRMA1.5.1.0
2026-05-21 13:38:57,913 [WARN] PackLoader:240 - Cannot read IP mode file for STMicroelectronics.X-CUBE-FREERTOS.1.5.0
2026-05-21 13:38:57,923 [WARN] PackLoader:240 - Cannot read IP mode file for ITTIA_DB.I-CUBE-ITTIADB.8.9.0
2026-05-21 13:38:57,936 [WARN] PackLoader:240 - Cannot read IP mode file for STMicroelectronics.X-CUBE-NFC6.3.2.0
2026-05-21 13:38:57,950 [WARN] PackLoader:240 - Cannot read IP mode file for STMicroelectronics.X-CUBE-ST67W61.1.0.0
2026-05-21 13:38:57,974 [WARN] PackLoader:240 - Cannot read IP mode file for STMicroelectronics.X-CUBE-AI.10.2.0
2026-05-21 13:38:58,043 [WARN] PackLoader:240 - Cannot read IP mode file for STMicroelectronics.X-CUBE-MEMS1.12.1.0
2026-05-21 13:38:58,201 [WARN] PackLoader:240 - Cannot read IP mode file for SEGGER.I-CUBE-embOS.1.3.1
2026-05-21 13:38:58,255 [WARN] PackLoader:240 - Cannot read IP mode file for STMicroelectronics.X-CUBE-ALGOBUILD.1.4.0
2026-05-21 13:38:58,318 [WARN] PackLoader:240 - Cannot read IP mode file for STMicroelectronics.X-CUBE-MEMS1.11.3.0
2026-05-21 13:38:58,586 [WARN] PackLoader:240 - Cannot read IP mode file for STMicroelectronics.X-CUBE-AI.9.1.0
2026-05-21 13:38:58,595 [WARN] PackLoader:240 - Cannot read IP mode file for STMicroelectronics.X-CUBE-PM33A1.1.0.0
2026-05-21 13:38:58,603 [WARN] PackLoader:240 - Cannot read IP mode file for STMicroelectronics.X-CUBE-GNSS1.6.0.0
2026-05-21 13:38:58,624 [WARN] PackLoader:240 - Cannot read IP mode file for STMicroelectronics.X-CUBE-AZRTOS-F4.1.1.0
2026-05-21 13:38:58,630 [WARN] PackLoader:240 - Cannot read IP mode file for Avnet-IotConnect.X-CUBE-IoTC-DA16k-PMOD.1.0.0
2026-05-21 13:38:58,633 [WARN] PackLoader:240 - Cannot read IP mode file for STMicroelectronics.X-CUBE-ISPU.2.1.0
2026-05-21 13:38:58,648 [WARN] PackLoader:240 - Cannot read IP mode file for STMicroelectronics.X-CUBE-IPS.3.2.0
2026-05-21 13:38:58,659 [WARN] PackLoader:240 - Cannot read IP mode file for STMicroelectronics.eDS-WB_DPC_TT-BIDIR.2.1.1
2026-05-21 13:38:58,663 [WARN] PackLoader:240 - Cannot read IP mode file for STMicroelectronics.X-CUBE-FREERTOS.1.2.0
2026-05-21 13:38:58,670 [WARN] PackLoader:240 - Cannot read IP mode file for STMicroelectronics.X-CUBE-NFC12.1.0.0
2026-05-21 13:38:58,689 [WARN] PackLoader:240 - Cannot read IP mode file for STMicroelectronics.X-CUBE-AZRTOS-L5.2.0.0
2026-05-21 13:38:58,697 [WARN] PackLoader:240 - Cannot read IP mode file for STMicroelectronics.X-CUBE-NFC6.3.1.0
2026-05-21 13:38:58,705 [WARN] PackLoader:240 - Cannot read IP mode file for STMicroelectronics.X-CUBE-DPower.1.2.0
2026-05-21 13:38:58,709 [WARN] PackLoader:240 - Cannot read IP mode file for STMicroelectronics.eDS-WB_DPC_VIENNA.1.2.0
2026-05-21 13:38:58,711 [WARN] PackLoader:240 - Cannot read IP mode file for STMicroelectronics.eDS-WB_DPC_3PH2L-BIDIR.1.1.1
2026-05-21 13:38:58,720 [WARN] PackLoader:240 - Cannot read IP mode file for STMicroelectronics.X-CUBE-AI.9.0.0
2026-05-21 13:38:58,728 [ERROR] Engine:466 - /Users/admin/.stm32cubemx/thirdparties/pdsc/STMicroelectronics.X-CUBE-ST67W61.1.3.0.pdsc: PDSC version is not supported
2026-05-21 13:38:58,735 [WARN] PackLoader:240 - Cannot read IP mode file for STMicroelectronics.X-CUBE-FREERTOS.1.3.1
2026-05-21 13:38:58,741 [WARN] PackLoader:240 - Cannot read IP mode file for STMicroelectronics.X-CUBE-FREERTOS.1.3.0
2026-05-21 13:38:58,747 [WARN] PackLoader:240 - Cannot read IP mode file for STMicroelectronics.X-CUBE-NFC7.1.0.1
2026-05-21 13:38:58,752 [WARN] PackLoader:240 - Cannot read IP mode file for wolfSSL.I-CUBE-wolfTPM.3.2.0
2026-05-21 13:38:58,757 [WARN] PackLoader:240 - Cannot read IP mode file for STMicroelectronics.X-CUBE-TOUCHGFX.4.26.0
2026-05-21 13:38:58,760 [WARN] PackLoader:240 - Cannot read IP mode file for STMicroelectronics.X-CUBE-TOUCHGFX.4.26.1
2026-05-21 13:38:58,765 [WARN] PackLoader:240 - Cannot read IP mode file for STMicroelectronics.FP-SNS-STAIOTCFT.1.0.0
2026-05-21 13:38:58,772 [WARN] PackLoader:240 - Cannot read IP mode file for STMicroelectronics.X-CUBE-DPower.1.3.0
2026-05-21 13:38:58,776 [WARN] PackLoader:240 - Cannot read IP mode file for STMicroelectronics.X-CUBE-AI.8.1.0
2026-05-21 13:38:58,808 [WARN] ConditionMgr:438 - getConditionDescription Invalid condition id : LAN8742 Phy interface Condition cause : null
2026-05-21 13:38:58,809 [WARN] PackLoader:240 - Cannot read IP mode file for STMicroelectronics.X-CUBE-AZRTOS-L4.2.0.0
2026-05-21 13:38:58,811 [WARN] ConditionMgr:1044 - genDependencies : Invalid condition id : LAN8742 Phy interface Condition cause : null
2026-05-21 13:38:58,811 [WARN] ConditionMgr:1044 - genDependencies : Invalid condition id : LAN8742 Phy interface Condition cause : null
2026-05-21 13:38:58,812 [WARN] ConditionMgr:1044 - genDependencies : Invalid condition id : LAN8742 Phy interface Condition cause : null
2026-05-21 13:38:58,823 [WARN] PackLoader:240 - Cannot read IP mode file for STMicroelectronics.X-CUBE-SFXS2LP1.4.0.0
2026-05-21 13:38:58,834 [WARN] PackLoader:240 - Cannot read IP mode file for STMicroelectronics.X-CUBE-WB05N.2.1.0
2026-05-21 13:38:58,851 [WARN] PackLoader:240 - Cannot read IP mode file for STMicroelectronics.X-CUBE-ST67W61.1.2.0
2026-05-21 13:38:58,901 [WARN] PackLoader:240 - Cannot read IP mode file for STMicroelectronics.X-CUBE-AZRTOS-H7.3.3.0
2026-05-21 13:38:58,959 [WARN] PackLoader:240 - Cannot read IP mode file for STMicroelectronics.X-CUBE-BLEMGR.4.1.0
2026-05-21 13:38:59,009 [WARN] PackLoader:240 - Cannot read IP mode file for STMicroelectronics.X-CUBE-IPS.3.0.0
2026-05-21 13:38:59,077 [WARN] ConditionMgr:438 - getConditionDescription Invalid condition id : UX DEVICE CLASS RTOS Condition cause : null
2026-05-21 13:38:59,079 [WARN] ConditionMgr:438 - getConditionDescription Invalid condition id : UX DEVICE CLASS RTOS Condition cause : null
2026-05-21 13:38:59,097 [WARN] PackLoader:240 - Cannot read IP mode file for STMicroelectronics.X-CUBE-AZRTOS-WB.2.0.0
2026-05-21 13:38:59,099 [WARN] ConditionMgr:1044 - genDependencies : Invalid condition id : UX DEVICE CLASS RTOS Condition cause : null
2026-05-21 13:38:59,102 [WARN] ConditionMgr:1044 - genDependencies : Invalid condition id : UX DEVICE CLASS RTOS Condition cause : null
2026-05-21 13:38:59,103 [WARN] ConditionMgr:1044 - genDependencies : Invalid condition id : UX DEVICE CLASS RTOS Condition cause : null
2026-05-21 13:38:59,114 [WARN] ConditionMgr:1044 - genDependencies : Invalid condition id : UX DEVICE CLASS RTOS Condition cause : null
2026-05-21 13:38:59,115 [WARN] ConditionMgr:1044 - genDependencies : Invalid condition id : UX DEVICE CLASS RTOS Condition cause : null
2026-05-21 13:38:59,150 [WARN] PackLoader:240 - Cannot read IP mode file for STMicroelectronics.X-CUBE-GNSS1.7.0.0
2026-05-21 13:38:59,175 [INFO] WebApp:463 - Apply proxy settings
2026-05-21 13:38:59,176 [WARN] PackLoader:240 - Cannot read IP mode file for STMicroelectronics.X-CUBE-GNSS1.7.0.1
2026-05-21 13:38:59,186 [INFO] WebApp:508 - Chromium authenticates against Manually configured proxy
2026-05-21 13:38:59,187 [WARN] PackLoader:240 - Cannot read IP mode file for STMicroelectronics.X-CUBE-TOUCHGFX.4.25.0
2026-05-21 13:38:59,198 [WARN] PackLoader:240 - Cannot read IP mode file for STMicroelectronics.FP-SNS-STBOX1.2.0.0
2026-05-21 13:38:59,212 [WARN] PackLoader:240 - Cannot read IP mode file for STMicroelectronics.X-CUBE-STSE01.2.0.0
2026-05-21 13:38:59,213 [INFO] WebApp:516 - Username used for proxy authentication: 
2026-05-21 13:38:59,229 [WARN] PackLoader:240 - Cannot read IP mode file for STMicroelectronics.X-CUBE-SUBG2.5.0.0
2026-05-21 13:38:59,268 [WARN] PackLoader:240 - Cannot read IP mode file for STMicroelectronics.X-CUBE-AZRTOS-H7RS.1.1.0
2026-05-21 13:38:59,277 [WARN] PackLoader:240 - Cannot read IP mode file for Cesanta.I-CUBE-Mongoose.7.13.0
2026-05-21 13:38:59,280 [INFO] WebApp:900 - Register for checkConnection events
2026-05-21 13:38:59,280 [INFO] WebApp:463 - Apply proxy settings
2026-05-21 13:38:59,283 [INFO] WebApp:508 - Chromium authenticates against Manually configured proxy
2026-05-21 13:38:59,284 [INFO] WebApp:516 - Username used for proxy authentication: 
2026-05-21 13:38:59,300 [WARN] PackLoader:240 - Cannot read IP mode file for STMicroelectronics.X-CUBE-AZRTOS-G4.2.0.0
2026-05-21 13:38:59,308 [WARN] PackLoader:240 - Cannot read IP mode file for STMicroelectronics.X-CUBE-NFC7.2.0.0
2026-05-21 13:38:59,316 [WARN] PackLoader:240 - Cannot read IP mode file for STMicroelectronics.FP-SNS-MOTENVWB1.1.3.1
2026-05-21 13:38:59,322 [WARN] PackLoader:240 - Cannot read IP mode file for STMicroelectronics.X-CUBE-ISPU.2.0.0
2026-05-21 13:38:59,338 [WARN] PackLoader:240 - Cannot read IP mode file for STMicroelectronics.X-CUBE-IPS.3.1.0
2026-05-21 13:38:59,350 [WARN] PackLoader:240 - Cannot read IP mode file for STMicroelectronics.X-CUBE-ALS.1.0.2
2026-05-21 13:38:59,414 [WARN] PackLoader:240 - Cannot read IP mode file for STMicroelectronics.X-CUBE-MEMS1.10.0.0
2026-05-21 13:38:59,597 [INFO] WebApp:191 - Connection restablished
2026-05-21 13:38:59,598 [WARN] PackLoader:240 - Cannot read IP mode file for STMicroelectronics.X-CUBE-FREERTOS.1.1.0
2026-05-21 13:38:59,604 [WARN] PackLoader:240 - Cannot read IP mode file for STMicroelectronics.X-CUBE-TOUCHGFX.4.24.0
2026-05-21 13:38:59,611 [WARN] PackLoader:240 - Cannot read IP mode file for STMicroelectronics.X-CUBE-TOUCHGFX.4.24.2
2026-05-21 13:38:59,622 [WARN] PackLoader:240 - Cannot read IP mode file for STMicroelectronics.X-CUBE-TOUCHGFX.4.24.1
2026-05-21 13:38:59,648 [WARN] PackLoader:240 - Cannot read IP mode file for STMicroelectronics.X-CUBE-STSE01.1.0.0
2026-05-21 13:38:59,663 [WARN] PackLoader:240 - Cannot read IP mode file for portGmbH.I-Cube-SoM-uGOAL.1.1.0
2026-05-21 13:38:59,670 [WARN] PackLoader:240 - Cannot read IP mode file for STMicroelectronics.X-CUBE-ALS.1.0.1
2026-05-21 13:38:59,712 [WARN] PackLoader:240 - Cannot read IP mode file for STMicroelectronics.X-CUBE-AZRTOS-H7RS.1.0.0
2026-05-21 13:38:59,735 [WARN] PackLoader:240 - Cannot read IP mode file for STMicroelectronics.FP-ATR-ASTRA1.2.0.0
2026-05-21 13:38:59,755 [WARN] PackLoader:240 - Cannot read IP mode file for STMicroelectronics.X-CUBE-TOF1.3.4.2
2026-05-21 13:38:59,763 [INFO] WebApp:225 - Starting web application
2026-05-21 13:38:59,763 [INFO] WebApp:593 - Web application path used /Applications/STM32CubeIDE.app/Contents/Eclipse/plugins/com.st.stm32cube.common.mx_6.15.0.202507011659/db/plugins/mcufinder/reactClient1/index.html
2026-05-21 13:38:59,834 [WARN] PackLoader:240 - Cannot read IP mode file for STMicroelectronics.X-CUBE-TOF1.3.4.3
2026-05-21 13:38:59,911 [INFO] UserAuth:487 - Internet connection configuration mode: 1
2026-05-21 13:38:59,913 [WARN] PackLoader:240 - Cannot read IP mode file for STMicroelectronics.X-CUBE-TOF1.3.4.1
2026-05-21 13:39:00,049 [WARN] PackLoader:240 - Cannot read IP mode file for STMicroelectronics.X-CUBE-AZRTOS-H7.3.2.0
2026-05-21 13:39:00,073 [WARN] PackLoader:240 - Cannot read IP mode file for Infineon.AIROC-Wi-Fi-Bluetooth-STM32.1.6.0
2026-05-21 13:39:00,262 [WARN] PackLoader:240 - Cannot read IP mode file for wolfSSL.I-CUBE-wolfSSH.1.4.17
2026-05-21 13:39:00,263 [INFO] ThirdParty:978 - Integrity check success = true
2026-05-21 13:39:00,263 [INFO] IntegrityCheckThread:100 - exiting critical section [integrity check]
2026-05-21 13:39:00,264 [INFO] IntegrityCheckThread:103 - End integrity checks thread
2026-05-21 13:41:33,138 [INFO] McuFinderGlobals:63 - Set McuFinder mode to 2 (CubeIDE integrated)
2026-05-21 13:41:33,143 [INFO] MainUpdater:2872 - connection check result : 10
2026-05-21 13:41:33,144 [INFO] MainUpdater:2872 - connection check result : 10
2026-05-21 13:41:34,081 [INFO] MicroXplorer:468 - Change Database Path : 
2026-05-21 13:41:34,082 [INFO] MicroXplorer:498 - Change Database Version : DB.6.0.150
2026-05-21 13:41:34,100 [WARN] ThirdParty:871 - waiting for thirdparty lock release [close project]
2026-05-21 13:41:34,101 [INFO] ThirdParty:873 - entering critical section [close project]
2026-05-21 13:41:34,102 [INFO] ThirdParty:883 - exiting critical section [close project]
2026-05-21 13:41:34,106 [INFO] PinOutPanel:1589 - setPackage(No Configuration,No Configuration)
2026-05-21 13:41:34,109 [INFO] UtilMem:75 - Begin LoadConfig() Used Memory: 788718592 Bytes (1073741824)
2026-05-21 13:41:34,113 [INFO] MicroXplorer:468 - Change Database Path : 
2026-05-21 13:41:34,113 [INFO] MicroXplorer:498 - Change Database Version : DB.6.0.150
2026-05-21 13:41:34,113 [INFO] OpenFileManager:355 - Change cursor
2026-05-21 13:41:34,148 [INFO] Mcu:2029 - Initializing MCU STM32L010K8Tx STM32L010K8Tx STM32L010K8T6
2026-05-21 13:41:34,834 [INFO] Context:786 - Trying to add GPIOservice into a context  which must be forbidden
2026-05-21 13:41:35,107 [INFO] ImportTextPane:234 - (OptionalMessage_ERROR) Pin25 (VP_RIF_VS_RIF1) cannot be retrieved for this MCU
2026-05-21 13:41:35,370 [INFO] RtosManager:558 - Registered RTOS mode: class=CMSIS, group=RTOS, mode=CMSIS_V1, owner=FREERTOS
2026-05-21 13:41:35,370 [INFO] RtosManager:558 - Registered RTOS mode: class=CMSIS, group=RTOS2, mode=CMSIS_V2, owner=FREERTOS
2026-05-21 13:41:35,370 [INFO] RtosManager:558 - Registered RTOS mode: class=RTOS, group=Core, mode=CMSIS_V1, owner=FREERTOS
2026-05-21 13:41:35,370 [INFO] RtosManager:558 - Registered RTOS mode: class=RTOS, group=Core, mode=CMSIS_V2, owner=FREERTOS
2026-05-21 13:41:35,371 [WARN] ModelIntegratedComponent:184 - Missing modes for component STMicroelectronics:FreeRTOS:0.0.1:STMicroelectronics:RTOS:FreeRTOS:Core:::10.2.0:
2026-05-21 13:41:35,379 [WARN] ModelIntegratedComponent:63 - No mode defined for component null
2026-05-21 13:41:35,379 [WARN] ModelIntegratedComponent:63 - No mode defined for component null
2026-05-21 13:41:35,379 [WARN] ModelIntegratedComponent:63 - No mode defined for component null
2026-05-21 13:41:35,379 [WARN] ModelIntegratedComponent:63 - No mode defined for component null
2026-05-21 13:41:35,379 [WARN] ModelIntegratedComponent:63 - No mode defined for component null
2026-05-21 13:41:35,379 [WARN] ModelIntegratedComponent:63 - No mode defined for component null
2026-05-21 13:41:35,379 [WARN] ModelIntegratedComponent:63 - No mode defined for component null
2026-05-21 13:41:35,380 [WARN] ModelIntegratedComponent:63 - No mode defined for component null
2026-05-21 13:41:35,380 [WARN] ModelIntegratedComponent:63 - No mode defined for component null
2026-05-21 13:41:35,380 [WARN] ModelIntegratedComponent:63 - No mode defined for component null
2026-05-21 13:41:35,380 [WARN] ModelIntegratedComponent:63 - No mode defined for component null
2026-05-21 13:41:35,380 [WARN] ModelIntegratedComponent:63 - No mode defined for component null
2026-05-21 13:41:35,380 [WARN] ModelIntegratedComponent:63 - No mode defined for component null
2026-05-21 13:41:35,380 [WARN] ModelIntegratedComponent:63 - No mode defined for component null
2026-05-21 13:41:35,380 [WARN] ModelIntegratedComponent:63 - No mode defined for component null
2026-05-21 13:41:35,380 [WARN] ModelIntegratedComponent:63 - No mode defined for component null
2026-05-21 13:41:35,380 [WARN] ModelIntegratedComponent:63 - No mode defined for component null
2026-05-21 13:41:35,380 [WARN] ModelIntegratedComponent:63 - No mode defined for component null
2026-05-21 13:41:35,380 [WARN] ModelIntegratedComponent:63 - No mode defined for component null
2026-05-21 13:41:35,380 [WARN] ModelIntegratedComponent:63 - No mode defined for component null
2026-05-21 13:41:35,381 [WARN] ModelIntegratedComponent:63 - No mode defined for component null
2026-05-21 13:41:35,381 [WARN] ModelIntegratedComponent:63 - No mode defined for component null
2026-05-21 13:41:35,381 [WARN] ModelIntegratedComponent:63 - No mode defined for component null
2026-05-21 13:41:35,381 [WARN] ModelIntegratedComponent:63 - No mode defined for component null
2026-05-21 13:41:35,381 [WARN] ModelIntegratedComponent:63 - No mode defined for component null
2026-05-21 13:41:35,381 [WARN] ModelIntegratedComponent:63 - No mode defined for component null
2026-05-21 13:41:35,381 [WARN] ModelIntegratedComponent:63 - No mode defined for component null
2026-05-21 13:41:35,381 [WARN] ModelIntegratedComponent:63 - No mode defined for component null
2026-05-21 13:41:35,381 [WARN] ModelIntegratedComponent:63 - No mode defined for component null
2026-05-21 13:41:35,381 [WARN] ModelIntegratedComponent:63 - No mode defined for component null
2026-05-21 13:41:35,381 [WARN] ModelIntegratedComponent:63 - No mode defined for component null
2026-05-21 13:41:35,381 [WARN] ModelIntegratedComponent:63 - No mode defined for component null
2026-05-21 13:41:35,381 [WARN] ModelIntegratedComponent:63 - No mode defined for component null
2026-05-21 13:41:35,381 [WARN] ModelIntegratedComponent:63 - No mode defined for component null
2026-05-21 13:41:35,382 [WARN] ModelIntegratedComponent:63 - No mode defined for component null
2026-05-21 13:41:35,382 [WARN] ModelPack:524 - Component already loaded: STMicroelectronics:HAL Drivers:0.0.0:STMicroelectronics:Device:STMicro_Driver:XSPI:HAL::0.0.1:HAL_XSPI
2026-05-21 13:41:35,983 [INFO] ThirdPartyModel:298 - Start build external matchings
2026-05-21 13:41:41,727 [INFO] ThirdPartyModel:316 - End build external matchings
2026-05-21 13:41:41,837 [INFO] ImportTextPane:234 - (OptionalMessage_ERROR) IP (DMA) : Parameter (Instance) has Id (USART2_RX) currently not set
2026-05-21 13:41:41,837 [INFO] ImportTextPane:234 - (OptionalMessage_ERROR) IP (DMA) : Parameter (Request) has Id (USART2_RX) currently not set
2026-05-21 13:41:41,837 [INFO] ImportTextPane:234 - (OptionalMessage_ERROR) IP (DMA) : Parameter (Direction) has Id (USART2_RX) currently not set
2026-05-21 13:41:41,837 [INFO] ImportTextPane:234 - (OptionalMessage_ERROR) IP (DMA) : Parameter (PeriphInc) has Id (USART2_RX) currently not set
2026-05-21 13:41:41,837 [INFO] ImportTextPane:234 - (OptionalMessage_ERROR) IP (DMA) : Parameter (MemInc) has Id (USART2_RX) currently not set
2026-05-21 13:41:41,838 [INFO] ImportTextPane:234 - (OptionalMessage_ERROR) IP (DMA) : Parameter (PeriphDataAlignment) has Id (USART2_RX) currently not set
2026-05-21 13:41:41,838 [INFO] ImportTextPane:234 - (OptionalMessage_ERROR) IP (DMA) : Parameter (MemDataAlignment) has Id (USART2_RX) currently not set
2026-05-21 13:41:41,838 [INFO] ImportTextPane:234 - (OptionalMessage_ERROR) IP (DMA) : Parameter (Mode) has Id (USART2_RX) currently not set
2026-05-21 13:41:41,838 [INFO] ImportTextPane:234 - (OptionalMessage_ERROR) IP (DMA) : Parameter (Priority) has Id (USART2_RX) currently not set
2026-05-21 13:41:41,840 [INFO] ImportTextPane:234 - (OptionalMessage_ERROR) IP (RCC) : Invalid parameter (FamilyName)
2026-05-21 13:41:41,842 [INFO] ImportTextPane:234 - (OptionalMessage_ERROR) IP (RCC) : Invalid parameter (TIMFreq_Value)
2026-05-21 13:41:42,095 [INFO] ApiDb:581 - Connected to CubeFinder SQLite database (/Users/admin/.stmcufinder/plugins/mcufinder/mcu/cube-finder-db.db)
2026-05-21 13:41:42,185 [INFO] ApiDb:668 - CubeFinder database Data Model version=2.1
2026-05-21 13:41:42,186 [INFO] ApiDb:669 - CubeFinder database Configuration version=3.0.42
2026-05-21 13:41:42,186 [INFO] ApiDb:670 - CubeFinder database generation date=2026-03-11 (1773229989)
2026-05-21 13:41:42,186 [INFO] ApiDb:671 - CubeFinder database FW Pack versions=[FP-ATR-ASTRA1_V2.0.0, FP-SNS-FLIGHT1_V5.1.0, FP-SNS-MOTENV1_V5.1.0, FP-SNS-MOTENVWB1_V1.5.0, FP-SNS-SMARTAG2_V1.2.0, FP-SNS-STBOX1_V2.1.0, STM32Cube_FW_C0_V1.4.0, STM32Cube_FW_F4_V1.28.3, STM32Cube_FW_F7_V1.17.4, STM32Cube_FW_G0_V1.6.3, STM32Cube_FW_G4_V1.6.2, STM32Cube_FW_H5_V1.6.0, STM32Cube_FW_H7RS_V1.3.0, STM32Cube_FW_H7_V1.13.0, STM32Cube_FW_L0_V1.12.2, STM32Cube_FW_L4_V1.18.2, STM32Cube_FW_L5_V1.6.0, STM32Cube_FW_N6_V1.3.0, STM32Cube_FW_U0_V1.3.0, STM32Cube_FW_U3_V1.3.0, STM32Cube_FW_U5_V1.8.0, STM32Cube_FW_WB0_V1.4.0, STM32Cube_FW_WBA_V1.9.0, STM32Cube_FW_WB_V1.24.0, STM32Cube_FW_WL3_V1.4.0, STM32Cube_FW_WL_V1.5.0, X-CUBE-ALGOBUILD_V1.4.0, X-CUBE-ALS_V1.0.2, X-CUBE-AZRTOS-F4_V1.1.0, X-CUBE-AZRTOS-F7_V1.1.0, X-CUBE-AZRTOS-G0_V1.1.0, X-CUBE-AZRTOS-G4_V2.0.0, X-CUBE-AZRTOS-H7RS_V1.1.0, X-CUBE-AZRTOS-H7_V3.4.0, X-CUBE-AZRTOS-L4_V2.0.0, X-CUBE-AZRTOS-L5_V2.0.0, X-CUBE-AZRTOS-WB_V2.0.0, X-CUBE-AZRTOS-WL_V2.0.0, X-CUBE-BLE1_V7.1.0, X-CUBE-BLE2_V3.3.0, X-CUBE-BLEMGR_V4.1.0, X-CUBE-EEPRMA1_V5.2.0, X-CUBE-FREERTOS_V1.5.0, X-CUBE-GNSS1_V6.0.0, X-CUBE-MEMS1_V12.0.0, X-CUBE-NFC4_V3.0.0, X-CUBE-NFC7_V2.0.0, X-CUBE-SFXS2LP1_V4.0.0, X-CUBE-ST67W61_V1.2.0, X-CUBE-SUBG2_V5.0.0, X-CUBE-TOF1_V3.4.3]
2026-05-21 13:41:42,409 [INFO] DbBoardsSqlite:226 - include board P-NUCLEO-WB55-NUCLEO as a kit item of type 'Nucleo-64'
2026-05-21 13:41:42,409 [INFO] DbBoardsSqlite:226 - include board P-NUCLEO-WB55-USBDONGLE as a kit item of type 'Nucleo USB Dongle'
2026-05-21 13:41:42,410 [INFO] DbBoardsSqlite:226 - include board STEVAL-IDP005V1 as a kit item of type 'Evaluation Board'
2026-05-21 13:41:42,411 [INFO] DbBoardsSqlite:226 - include board STEVAL-IDP005V2 as a kit item of type 'Evaluation Board'
2026-05-21 13:41:42,992 [INFO] ApiDb:240 - Found 880 in-development CPN: [B-G473E-ZEST1S, B-WB1M-WPAN1, B-WBA5M-WPAN, B-WL5M-SUBG1, NUCLEO-C031C6, NUCLEO-C051C8, NUCLEO-C071RB, NUCLEO-C092RC, NUCLEO-H503RB, NUCLEO-H533RE, NUCLEO-H563ZI, NUCLEO-H7S3L8, NUCLEO-N657X0-Q, NUCLEO-U031R8, NUCLEO-U083RC, NUCLEO-U385RG-Q, NUCLEO-U545RE-Q, NUCLEO-U5A5ZJ-Q, NUCLEO-WB05KZ, NUCLEO-WB07CC, NUCLEO-WB09KE, NUCLEO-WBA52CG, NUCLEO-WBA55CG, NUCLEO-WL33CC1, NUCLEO-WL33CC2, STEVAL-PROTEUS1, STEVAL-SMARTAG2, STEVAL-STWINBX1, STM320518-EVAL, STM32C0116-DK, STM32C011D6Y3TR, STM32C011D6Y6TR, STM32C011F4P3, STM32C011F4P6, STM32C011F4U3, STM32C011F4U6TR, STM32C011F6P3, STM32C011F6P6, STM32C011F6U3, STM32C011F6U6TR, STM32C011J4M3, STM32C011J4M6, STM32C011J6M3, STM32C011J6M6, STM32C0316-DK, STM32C031C4T3, STM32C031C4T6, STM32C031C4U3, STM32C031C4U6, STM32C031C6T3, STM32C031C6T6, STM32C031C6U3, STM32C031C6U6, STM32C031F4P3, STM32C031F4P6, STM32C031F6P3, STM32C031F6P6, STM32C031G4U3, STM32C031G4U6, STM32C031G6U3, STM32C031G6U6, STM32C031K4T3, STM32C031K4T6, STM32C031K4U3, STM32C031K4U6, STM32C031K6T3, STM32C031K6T6, STM32C031K6U3, STM32C031K6U6, STM32C051C6T6, STM32C051C6U6, STM32C051C8T6, STM32C051C8U6, STM32C051D8Y6TR, STM32C051F6P6, STM32C051F8P6, STM32C051G6U6, STM32C051G8U6, STM32C051K6T6, STM32C051K6U6, STM32C051K8T6, STM32C071C8T6, STM32C071C8T6N, STM32C071C8U6, STM32C071C8U6N, STM32C071CBT6, STM32C071CBT6N, STM32C071CBU6, STM32C071CBU6N, STM32C071F8P6, STM32C071F8P6N, STM32C071FBP6, STM32C071FBP6N, STM32C071FBY6TR, STM32C071G8U6, STM32C071G8U6N, STM32C071GBU6, STM32C071GBU6N, STM32C071K8T6, STM32C071K8T6N, STM32C071K8U6, STM32C071K8U6N, STM32C071KBT6, STM32C071KBT6N, STM32C071KBU6, STM32C071KBU6N, STM32C071R8T6, STM32C071R8T6N, STM32C071RBI6N, STM32C071RBT6, STM32C071RBT6N, STM32C091CBT6, STM32C091CBU6, STM32C091CCT6, STM32C091CCU6, STM32C091ECY6TR, STM32C091FBP6, STM32C091FCP6, STM32C091GBU6, STM32C091GCU6, STM32C091KBT6, STM32C091KBU6, STM32C091KCT6, STM32C091KCU6, STM32C091RBT6, STM32C091RCI6, STM32C091RCT6, STM32C092CBT6, STM32C092CBU6, STM32C092CCT6, STM32C092CCU6, STM32C092ECY6TR, STM32C092FBP6, STM32C092FCP6, STM32C092GBU6, STM32C092GCU6, STM32C092KBT6, STM32C092KBU6, STM32C092KCT6, STM32C092KCU6, STM32C092RBT6, STM32C092RCI6, STM32C092RCT6, STM32G071K8TXN, STM32G071K8UXN, STM32G081GBU6N, STM32G081KBT6N, STM32G081KBUXN, STM32G0B1CCT6N, STM32G0B1KCT6, STM32G0B1NEY6TR, STM32G0B1RCT6N, STM32G0C1CCT6, STM32G0C1CCT6N, STM32G0C1CCU6N, STM32G0C1CET6N, STM32G0C1CEU6N, STM32G0C1KCT6, STM32G0C1NEY6TR, STM32G0C1RCI6N, STM32G0C1RCT6N, STM32G0C1REI6N, STM32G0C1RET6N, STM32G0C1VCI6, STM32G0C1VEI6, STM32G411C6T3, STM32G411C6T6, STM32G411C6U3, STM32G411C6U6, STM32G411C8T3, STM32G411C8T6, STM32G411C8U3, STM32G411C8U6, STM32G411CBT3, STM32G411CBT6, STM32G411CBU3, STM32G411CBU6, STM32G411K6T3, STM32G411K6T6, STM32G411K6U3, STM32G411K6U6, STM32G411K8T3, STM32G411K8T6, STM32G411K8U3, STM32G411K8U6, STM32G411KBT3, STM32G411KBT6, STM32G411KBU3, STM32G411KBU6, STM32G411M6T3, STM32G411M6T6, STM32G411M8T3, STM32G411M8T6, STM32G411MBT3, STM32G411MBT6, STM32G411R6T3, STM32G411R6T6, STM32G411R8T3, STM32G411R8T6, STM32G411RBT3, STM32G411RBT6, STM32G414CBT3, STM32G414CBT6, STM32G414CBU3, STM32G414CBU6, STM32G414CCT3, STM32G414CCT6, STM32G414CCU3, STM32G414CCU6, STM32G414MBT3, STM32G414MBT6, STM32G414MCT3, STM32G414MCT6, STM32G414RBT3, STM32G414RBT6, STM32G414RCT3, STM32G414RCT6, STM32G414VBT3, STM32G414VBT6, STM32G414VCT3, STM32G414VCT6, STM32G431CBT3Z, STM32G431RBT3Z, STM32G471CCT6, STM32G471CCU6, STM32G471CET3, STM32G471CET6, STM32G471CEU3, STM32G471CEU6, STM32G471MCT6, STM32G471MET3, STM32G471MET6, STM32G471MEY6TR, STM32G471QCT6, STM32G471QET3, STM32G471RCT6, STM32G471RET3, STM32G471RET6, STM32G471VCH6, STM32G471VCI6, STM32G471VCT6, STM32G471VEH3, STM32G471VEH6, STM32G471VEI3, STM32G471VEI6, STM32G471VET3, STM32G471VET6, STM32G473QET3Z, STM32G473RET3Z, STM32G474CCT6, STM32G491RET3Z, STM32H503CBT6, STM32H503CBU6, STM32H503EBY6TR, STM32H503KBU6, STM32H503RBT6, STM32H523CCT6, STM32H523CCU6, STM32H523CET6, STM32H523CEU6, STM32H523HEY6TR, STM32H523RCT6, STM32H523RET6, STM32H523VCI6, STM32H523VCT6, STM32H523VEI6, STM32H523VET6, STM32H523ZCJ6, STM32H523ZCT6, STM32H523ZEJ6, STM32H523ZET6, STM32H533CET6, STM32H533CEU6, STM32H533HEY6TR, STM32H533RET6, STM32H533VEI6, STM32H533VET6, STM32H533ZEJ6, STM32H533ZET6, STM32H562AGI6, STM32H562AII6, STM32H562IGK6, STM32H562IGT6, STM32H562IIK6, STM32H562IIT6, STM32H562RGT6, STM32H562RGV6, STM32H562RIT6, STM32H562RIV6, STM32H562VGT6, STM32H562VIT6, STM32H562ZGT6, STM32H562ZIT6, STM32H563AGI6, STM32H563AII3Q, STM32H563AII6, STM32H563IGK6, STM32H563IGT6, STM32H563IIK3Q, STM32H563IIK6, STM32H563IIT3Q, STM32H563IIT6, STM32H563MIY3QTR, STM32H563RGT6, STM32H563RGV6, STM32H563RIT6, STM32H563RIV6, STM32H563VGT6, STM32H563VIT3Q, STM32H563VIT6, STM32H563ZGT6, STM32H563ZIT3Q, STM32H563ZIT6, STM32H573AII3Q, STM32H573AII6, STM32H573I-DK, STM32H573IIK3Q, STM32H573IIK6, STM32H573IIT3Q, STM32H573IIT6, STM32H573MIY3QTR, STM32H573RIT6, STM32H573RIV6, STM32H573VIT3Q, STM32H573VIT6, STM32H573ZIT3Q, STM32H573ZIT6, STM32H7R3A8I6, STM32H7R3I8K6, STM32H7R3I8T6, STM32H7R3L8H6, STM32H7R3L8H6H, STM32H7R3R8V6, STM32H7R3V8H6, STM32H7R3V8T6, STM32H7R3V8Y6TR, STM32H7R3Z8J6, STM32H7R3Z8T6, STM32H7R7A8I6, STM32H7R7I8K6, STM32H7R7I8T6, STM32H7R7L8H6, STM32H7R7L8H6H, STM32H7R7Z8J6, STM32H7S3A8I6, STM32H7S3I8K6, STM32H7S3I8T6, STM32H7S3L8H6, STM32H7S3L8H6H, STM32H7S3R8V6, STM32H7S3V8H6, STM32H7S3V8T6, STM32H7S3V8Y6TR, STM32H7S3Z8J6, STM32H7S3Z8T6, STM32H7S78-DK, STM32H7S7A8I6, STM32H7S7I8K6, STM32H7S7I8T6, STM32H7S7L8H6, STM32H7S7L8H6H, STM32H7S7Z8J6, STM32L4R5QGI6STR, STM32MP131AAE3, STM32MP131AAF3, STM32MP131AAG3, STM32MP131CAE3, STM32MP131CAF3, STM32MP131CAG3, STM32MP131DAE7, STM32MP131DAF7, STM32MP131DAG7, STM32MP131FAE7, STM32MP131FAF7, STM32MP131FAG7, STM32MP133AAE3, STM32MP133AAF3, STM32MP133AAG3, STM32MP133CAE3, STM32MP133CAF3, STM32MP133CAG3, STM32MP133DAE7, STM32MP133DAF7, STM32MP133DAG7, STM32MP133FAE7, STM32MP133FAF7, STM32MP133FAG7, STM32MP135AAE3, STM32MP135AAF3, STM32MP135AAG3, STM32MP135CAE3, STM32MP135CAF3, STM32MP135CAG3, STM32MP135DAE7, STM32MP135DAF7, STM32MP135DAG7, STM32MP135F-DK, STM32MP135FAE7, STM32MP135FAF7, STM32MP135FAF7T, STM32MP135FAF7U, STM32MP135FAG7, STM32MP211AAL3, STM32MP211AAM3, STM32MP211AAN3, STM32MP211AAO3, STM32MP211CAL3, STM32MP211CAM3, STM32MP211CAN3, STM32MP211CAO3, STM32MP211DAL3, STM32MP211DAM3, STM32MP211DAN3, STM32MP211DAO3, STM32MP211FAL3, STM32MP211FAM3, STM32MP211FAN3, STM32MP211FAO3, STM32MP213AAL3, STM32MP213AAM3, STM32MP213AAN3, STM32MP213AAO3, STM32MP213CAL3, STM32MP213CAM3, STM32MP213CAN3, STM32MP213CAO3, STM32MP213DAL3, STM32MP213DAM3, STM32MP213DAN3, STM32MP213DAO3, STM32MP213FAL3, STM32MP213FAM3, STM32MP213FAN3, STM32MP213FAO3, STM32MP215AAL3, STM32MP215AAM3, STM32MP215AAN3, STM32MP215AAO3, STM32MP215CAL3, STM32MP215CAM3, STM32MP215CAN3, STM32MP215CAO3, STM32MP215DAL3, STM32MP215DAM3, STM32MP215DAN3, STM32MP215DAO3, STM32MP215F-DK, STM32MP215FAL3, STM32MP215FAM3, STM32MP215FAN3, STM32MP215FAO3, STM32MP231AAJ3, STM32MP231AAK3, STM32MP231AAL3, STM32MP231CAJ3, STM32MP231CAK3, STM32MP231CAL3, STM32MP231DAJ3, STM32MP231DAK3, STM32MP231DAL3, STM32MP231FAJ3, STM32MP231FAK3, STM32MP231FAL3, STM32MP233AAJ3, STM32MP233AAK3, STM32MP233AAL3, STM32MP233CAJ3, STM32MP233CAK3, STM32MP233CAL3, STM32MP233DAJ3, STM32MP233DAK3, STM32MP233DAL3, STM32MP233FAJ3, STM32MP233FAK3, STM32MP233FAL3, STM32MP235AAJ3, STM32MP235AAK3, STM32MP235AAL3, STM32MP235CAJ3, STM32MP235CAK3, STM32MP235CAL3, STM32MP235DAJ3, STM32MP235DAK3, STM32MP235DAL3, STM32MP235FAJ3, STM32MP235FAK3, STM32MP235FAL3, STM32MP251AAI3, STM32MP251AAK3, STM32MP251AAL3, STM32MP251CAI3, STM32MP251CAK3, STM32MP251CAL3, STM32MP251DAI3, STM32MP251DAK3, STM32MP251DAL3, STM32MP251FAI3, STM32MP251FAK3, STM32MP251FAL3, STM32MP253AAI3, STM32MP253AAK3, STM32MP253AAL3, STM32MP253CAI3, STM32MP253CAK3, STM32MP253CAL3, STM32MP253DAI3, STM32MP253DAK3, STM32MP253DAL3, STM32MP253FAI3, STM32MP253FAK3, STM32MP253FAL3, STM32MP255AAI3, STM32MP255AAK3, STM32MP255AAL3, STM32MP255CAI3, STM32MP255CAK3, STM32MP255CAL3, STM32MP255DAI3, STM32MP255DAK3, STM32MP255DAL3, STM32MP255FAI3, STM32MP255FAK3, STM32MP255FAL3, STM32MP257AAI3, STM32MP257AAK3, STM32MP257AAL3, STM32MP257CAI3, STM32MP257CAK3, STM32MP257CAL3, STM32MP257DAI3, STM32MP257DAK3, STM32MP257DAL3, STM32MP257F-DK, STM32MP257F-EV1, STM32MP257FAI3, STM32MP257FAK3, STM32MP257FAL3, STM32N645A0H3Q, STM32N645B0H3Q, STM32N645I0H3Q, STM32N645L0H3Q, STM32N645X0H3Q, STM32N645Z0H3Q, STM32N647A0H3Q, STM32N647B0H3Q, STM32N647I0H3Q, STM32N647L0H3Q, STM32N647X0H3Q, STM32N647Z0H3Q, STM32N655A0H3Q, STM32N655B0H3Q, STM32N655I0H3Q, STM32N655L0H3Q, STM32N655X0H3Q, STM32N655Z0H3Q, STM32N6570-DK, STM32N657A0H3Q, STM32N657B0H3Q, STM32N657I0H3Q, STM32N657L0H3Q, STM32N657X0H3Q, STM32N657Z0H3Q, STM32U031C6T6, STM32U031C6U6, STM32U031C8T6, STM32U031C8U6, STM32U031F4P6, STM32U031F6P6, STM32U031F8P6, STM32U031G6Y6TR, STM32U031G8Y6TR, STM32U031K4U6, STM32U031K6U6, STM32U031K8U6, STM32U031R6I6, STM32U031R6T6, STM32U031R8I6, STM32U031R8T6, STM32U073C8T6, STM32U073C8U6, STM32U073CBT6, STM32U073CBU6, STM32U073CCT6, STM32U073CCU6, STM32U073H8Y6TR, STM32U073HBY6TR, STM32U073HCY6TR, STM32U073K8U6, STM32U073KBU6, STM32U073KCU6, STM32U073M8I6, STM32U073M8T6, STM32U073MBI6, STM32U073MBT6, STM32U073MCI6, STM32U073MCT6, STM32U073R8I6, STM32U073R8T6, STM32U073RBI6, STM32U073RBT6, STM32U073RCI6, STM32U073RCT6, STM32U083C-DK, STM32U083CCT6, STM32U083CCU6, STM32U083HCY6TR, STM32U083KCU6, STM32U083MCI6, STM32U083MCT6, STM32U083RCI6, STM32U083RCT6, STM32U375CET6, STM32U375CET6Q, STM32U375CEU6, STM32U375CEU6Q, STM32U375CEY6QTR, STM32U375CGT6, STM32U375CGT6Q, STM32U375CGU6, STM32U375CGU6Q, STM32U375CGY6QTR, STM32U375KEU6, STM32U375KGU6, STM32U375REI6, STM32U375REI6Q, STM32U375RET6, STM32U375RET6Q, STM32U375REY6GTR, STM32U375REY6QTR, STM32U375RGI6, STM32U375RGI6Q, STM32U375RGT6, STM32U375RGT6Q, STM32U375RGY6GTR, STM32U375RGY6QTR, STM32U375VEI6, STM32U375VEI6Q, STM32U375VET6, STM32U375VET6Q, STM32U375VGI6, STM32U375VGI6Q, STM32U375VGT6, STM32U375VGT6Q, STM32U385CGT6, STM32U385CGT6Q, STM32U385CGU6, STM32U385CGU6Q, STM32U385CGY6QTR, STM32U385KGU6, STM32U385RGI6, STM32U385RGI6Q, STM32U385RGT6, STM32U385RGT6Q, STM32U385RGY6GTR, STM32U385RGY6QTR, STM32U385VGI6, STM32U385VGI6Q, STM32U385VGT6, STM32U385VGT6Q, STM32U535CBT6, STM32U535CBT6Q, STM32U535CBU6, STM32U535CBU6Q, STM32U535CCT6, STM32U535CCT6Q, STM32U535CCU6, STM32U535CCU6Q, STM32U535CET6, STM32U535CET6Q, STM32U535CEU6, STM32U535CEU6Q, STM32U535JEY6QTR, STM32U535NCY6QTR, STM32U535NEY6QTR, STM32U535RBI6, STM32U535RBI6Q, STM32U535RBT6, STM32U535RBT6Q, STM32U535RCI6, STM32U535RCI6Q, STM32U535RCT6, STM32U535RCT6Q, STM32U535REI6, STM32U535REI6Q, STM32U535RET6, STM32U535RET6Q, STM32U535VCI6, STM32U535VCI6Q, STM32U535VCT6, STM32U535VCT6Q, STM32U535VEI6, STM32U535VEI6Q, STM32U535VET6, STM32U535VET6Q, STM32U545CET6, STM32U545CET6Q, STM32U545CEU6, STM32U545CEU6Q, STM32U545JEY6QTR, STM32U545NEY6QTR, STM32U545REI6, STM32U545REI6Q, STM32U545RET6, STM32U545RET6Q, STM32U545VEI6, STM32U545VEI6Q, STM32U545VET6, STM32U545VET6Q, STM32U595AIH6, STM32U595AIH6Q, STM32U595AJH6, STM32U595AJH6Q, STM32U595QII6, STM32U595QII6Q, STM32U595QJI6, STM32U595QJI6Q, STM32U595RIT6, STM32U595RIT6Q, STM32U595RJT6, STM32U595RJT6Q, STM32U595VIT6, STM32U595VIT6Q, STM32U595VJT6, STM32U595VJT6Q, STM32U595ZIT6, STM32U595ZIT6Q, STM32U595ZIY6QTR, STM32U595ZJT6, STM32U595ZJT6Q, STM32U595ZJY6QTR, STM32U599BJY6QTR, STM32U599NIH6Q, STM32U599NJH6Q, STM32U599VIT6Q, STM32U599VJT6, STM32U599VJT6Q, STM32U599ZIT6Q, STM32U599ZIY6QTR, STM32U599ZJT6Q, STM32U599ZJY6QTR, STM32U5A5AJH6, STM32U5A5AJH6Q, STM32U5A5QII3Q , STM32U5A5QJI6, STM32U5A5QJI6Q, STM32U5A5RJT6, STM32U5A5RJT6Q, STM32U5A5VJT6, STM32U5A5VJT6Q, STM32U5A5ZJT6, STM32U5A5ZJT6Q, STM32U5A5ZJY6QTR, STM32U5A9BJY6QTR, STM32U5A9J-DK, STM32U5A9NJH6Q, STM32U5A9VJT6Q, STM32U5A9ZJT6Q, STM32U5A9ZJY6QTR, STM32U5F7VIT6, STM32U5F7VIT6Q, STM32U5F7VJT6, STM32U5F7VJT6Q, STM32U5F9BJY6QTR, STM32U5F9NJH6Q, STM32U5F9VIT6Q, STM32U5F9VJT6Q, STM32U5F9ZIJ6QTR, STM32U5F9ZIT6Q, STM32U5F9ZJJ6QTR, STM32U5F9ZJT6Q, STM32U5G7VJT6, STM32U5G7VJT6Q, STM32U5G9BJY6QTR, STM32U5G9J-DK1, STM32U5G9J-DK2, STM32U5G9NJH6Q, STM32U5G9VJT6Q, STM32U5G9ZJJ6QTR, STM32U5G9ZJT6Q, STM32WB05KZV6TR, STM32WB05KZV7TR, STM32WB05TZF6TR, STM32WB05TZF7TR, STM32WB06CCF6TR, STM32WB06CCF7TR, STM32WB06CCV6TR, STM32WB06CCV7TR, STM32WB06KCV6TR, STM32WB06KCV7TR, STM32WB07CCF6TR, STM32WB07CCF7TR, STM32WB07CCV6TR, STM32WB07CCV7TR, STM32WB07KCV6TR, STM32WB07KCV7TR, STM32WB09KEV6TR, STM32WB09KEV7TR, STM32WB09TEF6TR, STM32WB09TEF7TR, STM32WB1MMCH6, STM32WBA50KGU6, STM32WBA50KGU6TR, STM32WBA52CEU6, STM32WBA52CEU6TR, STM32WBA52CEU7, STM32WBA52CEU7TR, STM32WBA52CGU6, STM32WBA52CGU6TR, STM32WBA52CGU6U, STM32WBA52CGU7, STM32WBA52CGU7TR, STM32WBA52KEU6, STM32WBA52KEU6TR, STM32WBA52KGU6, STM32WBA52KGU6TR, STM32WBA54CEU6, STM32WBA54CEU6TR, STM32WBA54CEU7, STM32WBA54CEU7TR, STM32WBA54CGU6, STM32WBA54CGU6TR, STM32WBA54CGU7, STM32WBA54CGU7TR, STM32WBA54KEU6, STM32WBA54KEU6TR, STM32WBA54KEU7, STM32WBA54KEU7TR, STM32WBA54KGU6, STM32WBA54KGU6TR, STM32WBA54KGU7, STM32WBA54KGU7TR, STM32WBA55CEU6, STM32WBA55CEU6TR, STM32WBA55CEU7, STM32WBA55CEU7TR, STM32WBA55CGU6, STM32WBA55CGU6TR, STM32WBA55CGU6U, STM32WBA55CGU7, STM32WBA55CGU7TR, STM32WBA55G-DK1, STM32WBA55HEF6, STM32WBA55HEF7, STM32WBA55HGF6, STM32WBA55HGF7, STM32WBA55UEI6, STM32WBA55UEI6TR, STM32WBA55UEI7, STM32WBA55UEI7TR, STM32WBA55UGI6, STM32WBA55UGI6TR, STM32WBA55UGI7, STM32WBA55UGI7TR, STM32WBA5MMGH6TR, STM32WBA62MGF6, STM32WBA62MIF6, STM32WBA65MGF7, STM32WBA65MIF6, STM32WBA65MIF7, STM32WL30K8V6, STM32WL30KBV6, STM32WL31C8V6, STM32WL31CBV6, STM32WL31K8V6, STM32WL31KBV6, STM32WL33C8V6, STM32WL33C8V6X, STM32WL33CBV6, STM32WL33CBV6X, STM32WL33CCV6, STM32WL33CCV6A, STM32WL33CCV6X, STM32WL33K8V7, STM32WL33K8V7X, STM32WL33KBV7 , STM32WL33KBV7X, STM32WL33KCV7, STM32WL33KCV7X, STM32WL5MOCH6, STM32WL5MOCH6TR]
2026-05-21 13:41:42,996 [INFO] ApiDb:668 - CubeFinder database Data Model version=2.1
2026-05-21 13:41:42,996 [INFO] ApiDb:669 - CubeFinder database Configuration version=3.0.42
2026-05-21 13:41:42,996 [INFO] ApiDb:670 - CubeFinder database generation date=2026-03-11 (1773229989)
2026-05-21 13:41:42,996 [INFO] ApiDb:671 - CubeFinder database FW Pack versions=[FP-ATR-ASTRA1_V2.0.0, FP-SNS-FLIGHT1_V5.1.0, FP-SNS-MOTENV1_V5.1.0, FP-SNS-MOTENVWB1_V1.5.0, FP-SNS-SMARTAG2_V1.2.0, FP-SNS-STBOX1_V2.1.0, STM32Cube_FW_C0_V1.4.0, STM32Cube_FW_F4_V1.28.3, STM32Cube_FW_F7_V1.17.4, STM32Cube_FW_G0_V1.6.3, STM32Cube_FW_G4_V1.6.2, STM32Cube_FW_H5_V1.6.0, STM32Cube_FW_H7RS_V1.3.0, STM32Cube_FW_H7_V1.13.0, STM32Cube_FW_L0_V1.12.2, STM32Cube_FW_L4_V1.18.2, STM32Cube_FW_L5_V1.6.0, STM32Cube_FW_N6_V1.3.0, STM32Cube_FW_U0_V1.3.0, STM32Cube_FW_U3_V1.3.0, STM32Cube_FW_U5_V1.8.0, STM32Cube_FW_WB0_V1.4.0, STM32Cube_FW_WBA_V1.9.0, STM32Cube_FW_WB_V1.24.0, STM32Cube_FW_WL3_V1.4.0, STM32Cube_FW_WL_V1.5.0, X-CUBE-ALGOBUILD_V1.4.0, X-CUBE-ALS_V1.0.2, X-CUBE-AZRTOS-F4_V1.1.0, X-CUBE-AZRTOS-F7_V1.1.0, X-CUBE-AZRTOS-G0_V1.1.0, X-CUBE-AZRTOS-G4_V2.0.0, X-CUBE-AZRTOS-H7RS_V1.1.0, X-CUBE-AZRTOS-H7_V3.4.0, X-CUBE-AZRTOS-L4_V2.0.0, X-CUBE-AZRTOS-L5_V2.0.0, X-CUBE-AZRTOS-WB_V2.0.0, X-CUBE-AZRTOS-WL_V2.0.0, X-CUBE-BLE1_V7.1.0, X-CUBE-BLE2_V3.3.0, X-CUBE-BLEMGR_V4.1.0, X-CUBE-EEPRMA1_V5.2.0, X-CUBE-FREERTOS_V1.5.0, X-CUBE-GNSS1_V6.0.0, X-CUBE-MEMS1_V12.0.0, X-CUBE-NFC4_V3.0.0, X-CUBE-NFC7_V2.0.0, X-CUBE-SFXS2LP1_V4.0.0, X-CUBE-ST67W61_V1.2.0, X-CUBE-SUBG2_V5.0.0, X-CUBE-TOF1_V3.4.3]
2026-05-21 13:41:45,867 [INFO] ApiDb:240 - Found 880 in-development CPN: [B-G473E-ZEST1S, B-WB1M-WPAN1, B-WBA5M-WPAN, B-WL5M-SUBG1, NUCLEO-C031C6, NUCLEO-C051C8, NUCLEO-C071RB, NUCLEO-C092RC, NUCLEO-H503RB, NUCLEO-H533RE, NUCLEO-H563ZI, NUCLEO-H7S3L8, NUCLEO-N657X0-Q, NUCLEO-U031R8, NUCLEO-U083RC, NUCLEO-U385RG-Q, NUCLEO-U545RE-Q, NUCLEO-U5A5ZJ-Q, NUCLEO-WB05KZ, NUCLEO-WB07CC, NUCLEO-WB09KE, NUCLEO-WBA52CG, NUCLEO-WBA55CG, NUCLEO-WL33CC1, NUCLEO-WL33CC2, STEVAL-PROTEUS1, STEVAL-SMARTAG2, STEVAL-STWINBX1, STM320518-EVAL, STM32C0116-DK, STM32C011D6Y3TR, STM32C011D6Y6TR, STM32C011F4P3, STM32C011F4P6, STM32C011F4U3, STM32C011F4U6TR, STM32C011F6P3, STM32C011F6P6, STM32C011F6U3, STM32C011F6U6TR, STM32C011J4M3, STM32C011J4M6, STM32C011J6M3, STM32C011J6M6, STM32C0316-DK, STM32C031C4T3, STM32C031C4T6, STM32C031C4U3, STM32C031C4U6, STM32C031C6T3, STM32C031C6T6, STM32C031C6U3, STM32C031C6U6, STM32C031F4P3, STM32C031F4P6, STM32C031F6P3, STM32C031F6P6, STM32C031G4U3, STM32C031G4U6, STM32C031G6U3, STM32C031G6U6, STM32C031K4T3, STM32C031K4T6, STM32C031K4U3, STM32C031K4U6, STM32C031K6T3, STM32C031K6T6, STM32C031K6U3, STM32C031K6U6, STM32C051C6T6, STM32C051C6U6, STM32C051C8T6, STM32C051C8U6, STM32C051D8Y6TR, STM32C051F6P6, STM32C051F8P6, STM32C051G6U6, STM32C051G8U6, STM32C051K6T6, STM32C051K6U6, STM32C051K8T6, STM32C071C8T6, STM32C071C8T6N, STM32C071C8U6, STM32C071C8U6N, STM32C071CBT6, STM32C071CBT6N, STM32C071CBU6, STM32C071CBU6N, STM32C071F8P6, STM32C071F8P6N, STM32C071FBP6, STM32C071FBP6N, STM32C071FBY6TR, STM32C071G8U6, STM32C071G8U6N, STM32C071GBU6, STM32C071GBU6N, STM32C071K8T6, STM32C071K8T6N, STM32C071K8U6, STM32C071K8U6N, STM32C071KBT6, STM32C071KBT6N, STM32C071KBU6, STM32C071KBU6N, STM32C071R8T6, STM32C071R8T6N, STM32C071RBI6N, STM32C071RBT6, STM32C071RBT6N, STM32C091CBT6, STM32C091CBU6, STM32C091CCT6, STM32C091CCU6, STM32C091ECY6TR, STM32C091FBP6, STM32C091FCP6, STM32C091GBU6, STM32C091GCU6, STM32C091KBT6, STM32C091KBU6, STM32C091KCT6, STM32C091KCU6, STM32C091RBT6, STM32C091RCI6, STM32C091RCT6, STM32C092CBT6, STM32C092CBU6, STM32C092CCT6, STM32C092CCU6, STM32C092ECY6TR, STM32C092FBP6, STM32C092FCP6, STM32C092GBU6, STM32C092GCU6, STM32C092KBT6, STM32C092KBU6, STM32C092KCT6, STM32C092KCU6, STM32C092RBT6, STM32C092RCI6, STM32C092RCT6, STM32G071K8TXN, STM32G071K8UXN, STM32G081GBU6N, STM32G081KBT6N, STM32G081KBUXN, STM32G0B1CCT6N, STM32G0B1KCT6, STM32G0B1NEY6TR, STM32G0B1RCT6N, STM32G0C1CCT6, STM32G0C1CCT6N, STM32G0C1CCU6N, STM32G0C1CET6N, STM32G0C1CEU6N, STM32G0C1KCT6, STM32G0C1NEY6TR, STM32G0C1RCI6N, STM32G0C1RCT6N, STM32G0C1REI6N, STM32G0C1RET6N, STM32G0C1VCI6, STM32G0C1VEI6, STM32G411C6T3, STM32G411C6T6, STM32G411C6U3, STM32G411C6U6, STM32G411C8T3, STM32G411C8T6, STM32G411C8U3, STM32G411C8U6, STM32G411CBT3, STM32G411CBT6, STM32G411CBU3, STM32G411CBU6, STM32G411K6T3, STM32G411K6T6, STM32G411K6U3, STM32G411K6U6, STM32G411K8T3, STM32G411K8T6, STM32G411K8U3, STM32G411K8U6, STM32G411KBT3, STM32G411KBT6, STM32G411KBU3, STM32G411KBU6, STM32G411M6T3, STM32G411M6T6, STM32G411M8T3, STM32G411M8T6, STM32G411MBT3, STM32G411MBT6, STM32G411R6T3, STM32G411R6T6, STM32G411R8T3, STM32G411R8T6, STM32G411RBT3, STM32G411RBT6, STM32G414CBT3, STM32G414CBT6, STM32G414CBU3, STM32G414CBU6, STM32G414CCT3, STM32G414CCT6, STM32G414CCU3, STM32G414CCU6, STM32G414MBT3, STM32G414MBT6, STM32G414MCT3, STM32G414MCT6, STM32G414RBT3, STM32G414RBT6, STM32G414RCT3, STM32G414RCT6, STM32G414VBT3, STM32G414VBT6, STM32G414VCT3, STM32G414VCT6, STM32G431CBT3Z, STM32G431RBT3Z, STM32G471CCT6, STM32G471CCU6, STM32G471CET3, STM32G471CET6, STM32G471CEU3, STM32G471CEU6, STM32G471MCT6, STM32G471MET3, STM32G471MET6, STM32G471MEY6TR, STM32G471QCT6, STM32G471QET3, STM32G471RCT6, STM32G471RET3, STM32G471RET6, STM32G471VCH6, STM32G471VCI6, STM32G471VCT6, STM32G471VEH3, STM32G471VEH6, STM32G471VEI3, STM32G471VEI6, STM32G471VET3, STM32G471VET6, STM32G473QET3Z, STM32G473RET3Z, STM32G474CCT6, STM32G491RET3Z, STM32H503CBT6, STM32H503CBU6, STM32H503EBY6TR, STM32H503KBU6, STM32H503RBT6, STM32H523CCT6, STM32H523CCU6, STM32H523CET6, STM32H523CEU6, STM32H523HEY6TR, STM32H523RCT6, STM32H523RET6, STM32H523VCI6, STM32H523VCT6, STM32H523VEI6, STM32H523VET6, STM32H523ZCJ6, STM32H523ZCT6, STM32H523ZEJ6, STM32H523ZET6, STM32H533CET6, STM32H533CEU6, STM32H533HEY6TR, STM32H533RET6, STM32H533VEI6, STM32H533VET6, STM32H533ZEJ6, STM32H533ZET6, STM32H562AGI6, STM32H562AII6, STM32H562IGK6, STM32H562IGT6, STM32H562IIK6, STM32H562IIT6, STM32H562RGT6, STM32H562RGV6, STM32H562RIT6, STM32H562RIV6, STM32H562VGT6, STM32H562VIT6, STM32H562ZGT6, STM32H562ZIT6, STM32H563AGI6, STM32H563AII3Q, STM32H563AII6, STM32H563IGK6, STM32H563IGT6, STM32H563IIK3Q, STM32H563IIK6, STM32H563IIT3Q, STM32H563IIT6, STM32H563MIY3QTR, STM32H563RGT6, STM32H563RGV6, STM32H563RIT6, STM32H563RIV6, STM32H563VGT6, STM32H563VIT3Q, STM32H563VIT6, STM32H563ZGT6, STM32H563ZIT3Q, STM32H563ZIT6, STM32H573AII3Q, STM32H573AII6, STM32H573I-DK, STM32H573IIK3Q, STM32H573IIK6, STM32H573IIT3Q, STM32H573IIT6, STM32H573MIY3QTR, STM32H573RIT6, STM32H573RIV6, STM32H573VIT3Q, STM32H573VIT6, STM32H573ZIT3Q, STM32H573ZIT6, STM32H7R3A8I6, STM32H7R3I8K6, STM32H7R3I8T6, STM32H7R3L8H6, STM32H7R3L8H6H, STM32H7R3R8V6, STM32H7R3V8H6, STM32H7R3V8T6, STM32H7R3V8Y6TR, STM32H7R3Z8J6, STM32H7R3Z8T6, STM32H7R7A8I6, STM32H7R7I8K6, STM32H7R7I8T6, STM32H7R7L8H6, STM32H7R7L8H6H, STM32H7R7Z8J6, STM32H7S3A8I6, STM32H7S3I8K6, STM32H7S3I8T6, STM32H7S3L8H6, STM32H7S3L8H6H, STM32H7S3R8V6, STM32H7S3V8H6, STM32H7S3V8T6, STM32H7S3V8Y6TR, STM32H7S3Z8J6, STM32H7S3Z8T6, STM32H7S78-DK, STM32H7S7A8I6, STM32H7S7I8K6, STM32H7S7I8T6, STM32H7S7L8H6, STM32H7S7L8H6H, STM32H7S7Z8J6, STM32L4R5QGI6STR, STM32MP131AAE3, STM32MP131AAF3, STM32MP131AAG3, STM32MP131CAE3, STM32MP131CAF3, STM32MP131CAG3, STM32MP131DAE7, STM32MP131DAF7, STM32MP131DAG7, STM32MP131FAE7, STM32MP131FAF7, STM32MP131FAG7, STM32MP133AAE3, STM32MP133AAF3, STM32MP133AAG3, STM32MP133CAE3, STM32MP133CAF3, STM32MP133CAG3, STM32MP133DAE7, STM32MP133DAF7, STM32MP133DAG7, STM32MP133FAE7, STM32MP133FAF7, STM32MP133FAG7, STM32MP135AAE3, STM32MP135AAF3, STM32MP135AAG3, STM32MP135CAE3, STM32MP135CAF3, STM32MP135CAG3, STM32MP135DAE7, STM32MP135DAF7, STM32MP135DAG7, STM32MP135F-DK, STM32MP135FAE7, STM32MP135FAF7, STM32MP135FAF7T, STM32MP135FAF7U, STM32MP135FAG7, STM32MP211AAL3, STM32MP211AAM3, STM32MP211AAN3, STM32MP211AAO3, STM32MP211CAL3, STM32MP211CAM3, STM32MP211CAN3, STM32MP211CAO3, STM32MP211DAL3, STM32MP211DAM3, STM32MP211DAN3, STM32MP211DAO3, STM32MP211FAL3, STM32MP211FAM3, STM32MP211FAN3, STM32MP211FAO3, STM32MP213AAL3, STM32MP213AAM3, STM32MP213AAN3, STM32MP213AAO3, STM32MP213CAL3, STM32MP213CAM3, STM32MP213CAN3, STM32MP213CAO3, STM32MP213DAL3, STM32MP213DAM3, STM32MP213DAN3, STM32MP213DAO3, STM32MP213FAL3, STM32MP213FAM3, STM32MP213FAN3, STM32MP213FAO3, STM32MP215AAL3, STM32MP215AAM3, STM32MP215AAN3, STM32MP215AAO3, STM32MP215CAL3, STM32MP215CAM3, STM32MP215CAN3, STM32MP215CAO3, STM32MP215DAL3, STM32MP215DAM3, STM32MP215DAN3, STM32MP215DAO3, STM32MP215F-DK, STM32MP215FAL3, STM32MP215FAM3, STM32MP215FAN3, STM32MP215FAO3, STM32MP231AAJ3, STM32MP231AAK3, STM32MP231AAL3, STM32MP231CAJ3, STM32MP231CAK3, STM32MP231CAL3, STM32MP231DAJ3, STM32MP231DAK3, STM32MP231DAL3, STM32MP231FAJ3, STM32MP231FAK3, STM32MP231FAL3, STM32MP233AAJ3, STM32MP233AAK3, STM32MP233AAL3, STM32MP233CAJ3, STM32MP233CAK3, STM32MP233CAL3, STM32MP233DAJ3, STM32MP233DAK3, STM32MP233DAL3, STM32MP233FAJ3, STM32MP233FAK3, STM32MP233FAL3, STM32MP235AAJ3, STM32MP235AAK3, STM32MP235AAL3, STM32MP235CAJ3, STM32MP235CAK3, STM32MP235CAL3, STM32MP235DAJ3, STM32MP235DAK3, STM32MP235DAL3, STM32MP235FAJ3, STM32MP235FAK3, STM32MP235FAL3, STM32MP251AAI3, STM32MP251AAK3, STM32MP251AAL3, STM32MP251CAI3, STM32MP251CAK3, STM32MP251CAL3, STM32MP251DAI3, STM32MP251DAK3, STM32MP251DAL3, STM32MP251FAI3, STM32MP251FAK3, STM32MP251FAL3, STM32MP253AAI3, STM32MP253AAK3, STM32MP253AAL3, STM32MP253CAI3, STM32MP253CAK3, STM32MP253CAL3, STM32MP253DAI3, STM32MP253DAK3, STM32MP253DAL3, STM32MP253FAI3, STM32MP253FAK3, STM32MP253FAL3, STM32MP255AAI3, STM32MP255AAK3, STM32MP255AAL3, STM32MP255CAI3, STM32MP255CAK3, STM32MP255CAL3, STM32MP255DAI3, STM32MP255DAK3, STM32MP255DAL3, STM32MP255FAI3, STM32MP255FAK3, STM32MP255FAL3, STM32MP257AAI3, STM32MP257AAK3, STM32MP257AAL3, STM32MP257CAI3, STM32MP257CAK3, STM32MP257CAL3, STM32MP257DAI3, STM32MP257DAK3, STM32MP257DAL3, STM32MP257F-DK, STM32MP257F-EV1, STM32MP257FAI3, STM32MP257FAK3, STM32MP257FAL3, STM32N645A0H3Q, STM32N645B0H3Q, STM32N645I0H3Q, STM32N645L0H3Q, STM32N645X0H3Q, STM32N645Z0H3Q, STM32N647A0H3Q, STM32N647B0H3Q, STM32N647I0H3Q, STM32N647L0H3Q, STM32N647X0H3Q, STM32N647Z0H3Q, STM32N655A0H3Q, STM32N655B0H3Q, STM32N655I0H3Q, STM32N655L0H3Q, STM32N655X0H3Q, STM32N655Z0H3Q, STM32N6570-DK, STM32N657A0H3Q, STM32N657B0H3Q, STM32N657I0H3Q, STM32N657L0H3Q, STM32N657X0H3Q, STM32N657Z0H3Q, STM32U031C6T6, STM32U031C6U6, STM32U031C8T6, STM32U031C8U6, STM32U031F4P6, STM32U031F6P6, STM32U031F8P6, STM32U031G6Y6TR, STM32U031G8Y6TR, STM32U031K4U6, STM32U031K6U6, STM32U031K8U6, STM32U031R6I6, STM32U031R6T6, STM32U031R8I6, STM32U031R8T6, STM32U073C8T6, STM32U073C8U6, STM32U073CBT6, STM32U073CBU6, STM32U073CCT6, STM32U073CCU6, STM32U073H8Y6TR, STM32U073HBY6TR, STM32U073HCY6TR, STM32U073K8U6, STM32U073KBU6, STM32U073KCU6, STM32U073M8I6, STM32U073M8T6, STM32U073MBI6, STM32U073MBT6, STM32U073MCI6, STM32U073MCT6, STM32U073R8I6, STM32U073R8T6, STM32U073RBI6, STM32U073RBT6, STM32U073RCI6, STM32U073RCT6, STM32U083C-DK, STM32U083CCT6, STM32U083CCU6, STM32U083HCY6TR, STM32U083KCU6, STM32U083MCI6, STM32U083MCT6, STM32U083RCI6, STM32U083RCT6, STM32U375CET6, STM32U375CET6Q, STM32U375CEU6, STM32U375CEU6Q, STM32U375CEY6QTR, STM32U375CGT6, STM32U375CGT6Q, STM32U375CGU6, STM32U375CGU6Q, STM32U375CGY6QTR, STM32U375KEU6, STM32U375KGU6, STM32U375REI6, STM32U375REI6Q, STM32U375RET6, STM32U375RET6Q, STM32U375REY6GTR, STM32U375REY6QTR, STM32U375RGI6, STM32U375RGI6Q, STM32U375RGT6, STM32U375RGT6Q, STM32U375RGY6GTR, STM32U375RGY6QTR, STM32U375VEI6, STM32U375VEI6Q, STM32U375VET6, STM32U375VET6Q, STM32U375VGI6, STM32U375VGI6Q, STM32U375VGT6, STM32U375VGT6Q, STM32U385CGT6, STM32U385CGT6Q, STM32U385CGU6, STM32U385CGU6Q, STM32U385CGY6QTR, STM32U385KGU6, STM32U385RGI6, STM32U385RGI6Q, STM32U385RGT6, STM32U385RGT6Q, STM32U385RGY6GTR, STM32U385RGY6QTR, STM32U385VGI6, STM32U385VGI6Q, STM32U385VGT6, STM32U385VGT6Q, STM32U535CBT6, STM32U535CBT6Q, STM32U535CBU6, STM32U535CBU6Q, STM32U535CCT6, STM32U535CCT6Q, STM32U535CCU6, STM32U535CCU6Q, STM32U535CET6, STM32U535CET6Q, STM32U535CEU6, STM32U535CEU6Q, STM32U535JEY6QTR, STM32U535NCY6QTR, STM32U535NEY6QTR, STM32U535RBI6, STM32U535RBI6Q, STM32U535RBT6, STM32U535RBT6Q, STM32U535RCI6, STM32U535RCI6Q, STM32U535RCT6, STM32U535RCT6Q, STM32U535REI6, STM32U535REI6Q, STM32U535RET6, STM32U535RET6Q, STM32U535VCI6, STM32U535VCI6Q, STM32U535VCT6, STM32U535VCT6Q, STM32U535VEI6, STM32U535VEI6Q, STM32U535VET6, STM32U535VET6Q, STM32U545CET6, STM32U545CET6Q, STM32U545CEU6, STM32U545CEU6Q, STM32U545JEY6QTR, STM32U545NEY6QTR, STM32U545REI6, STM32U545REI6Q, STM32U545RET6, STM32U545RET6Q, STM32U545VEI6, STM32U545VEI6Q, STM32U545VET6, STM32U545VET6Q, STM32U595AIH6, STM32U595AIH6Q, STM32U595AJH6, STM32U595AJH6Q, STM32U595QII6, STM32U595QII6Q, STM32U595QJI6, STM32U595QJI6Q, STM32U595RIT6, STM32U595RIT6Q, STM32U595RJT6, STM32U595RJT6Q, STM32U595VIT6, STM32U595VIT6Q, STM32U595VJT6, STM32U595VJT6Q, STM32U595ZIT6, STM32U595ZIT6Q, STM32U595ZIY6QTR, STM32U595ZJT6, STM32U595ZJT6Q, STM32U595ZJY6QTR, STM32U599BJY6QTR, STM32U599NIH6Q, STM32U599NJH6Q, STM32U599VIT6Q, STM32U599VJT6, STM32U599VJT6Q, STM32U599ZIT6Q, STM32U599ZIY6QTR, STM32U599ZJT6Q, STM32U599ZJY6QTR, STM32U5A5AJH6, STM32U5A5AJH6Q, STM32U5A5QII3Q , STM32U5A5QJI6, STM32U5A5QJI6Q, STM32U5A5RJT6, STM32U5A5RJT6Q, STM32U5A5VJT6, STM32U5A5VJT6Q, STM32U5A5ZJT6, STM32U5A5ZJT6Q, STM32U5A5ZJY6QTR, STM32U5A9BJY6QTR, STM32U5A9J-DK, STM32U5A9NJH6Q, STM32U5A9VJT6Q, STM32U5A9ZJT6Q, STM32U5A9ZJY6QTR, STM32U5F7VIT6, STM32U5F7VIT6Q, STM32U5F7VJT6, STM32U5F7VJT6Q, STM32U5F9BJY6QTR, STM32U5F9NJH6Q, STM32U5F9VIT6Q, STM32U5F9VJT6Q, STM32U5F9ZIJ6QTR, STM32U5F9ZIT6Q, STM32U5F9ZJJ6QTR, STM32U5F9ZJT6Q, STM32U5G7VJT6, STM32U5G7VJT6Q, STM32U5G9BJY6QTR, STM32U5G9J-DK1, STM32U5G9J-DK2, STM32U5G9NJH6Q, STM32U5G9VJT6Q, STM32U5G9ZJJ6QTR, STM32U5G9ZJT6Q, STM32WB05KZV6TR, STM32WB05KZV7TR, STM32WB05TZF6TR, STM32WB05TZF7TR, STM32WB06CCF6TR, STM32WB06CCF7TR, STM32WB06CCV6TR, STM32WB06CCV7TR, STM32WB06KCV6TR, STM32WB06KCV7TR, STM32WB07CCF6TR, STM32WB07CCF7TR, STM32WB07CCV6TR, STM32WB07CCV7TR, STM32WB07KCV6TR, STM32WB07KCV7TR, STM32WB09KEV6TR, STM32WB09KEV7TR, STM32WB09TEF6TR, STM32WB09TEF7TR, STM32WB1MMCH6, STM32WBA50KGU6, STM32WBA50KGU6TR, STM32WBA52CEU6, STM32WBA52CEU6TR, STM32WBA52CEU7, STM32WBA52CEU7TR, STM32WBA52CGU6, STM32WBA52CGU6TR, STM32WBA52CGU6U, STM32WBA52CGU7, STM32WBA52CGU7TR, STM32WBA52KEU6, STM32WBA52KEU6TR, STM32WBA52KGU6, STM32WBA52KGU6TR, STM32WBA54CEU6, STM32WBA54CEU6TR, STM32WBA54CEU7, STM32WBA54CEU7TR, STM32WBA54CGU6, STM32WBA54CGU6TR, STM32WBA54CGU7, STM32WBA54CGU7TR, STM32WBA54KEU6, STM32WBA54KEU6TR, STM32WBA54KEU7, STM32WBA54KEU7TR, STM32WBA54KGU6, STM32WBA54KGU6TR, STM32WBA54KGU7, STM32WBA54KGU7TR, STM32WBA55CEU6, STM32WBA55CEU6TR, STM32WBA55CEU7, STM32WBA55CEU7TR, STM32WBA55CGU6, STM32WBA55CGU6TR, STM32WBA55CGU6U, STM32WBA55CGU7, STM32WBA55CGU7TR, STM32WBA55G-DK1, STM32WBA55HEF6, STM32WBA55HEF7, STM32WBA55HGF6, STM32WBA55HGF7, STM32WBA55UEI6, STM32WBA55UEI6TR, STM32WBA55UEI7, STM32WBA55UEI7TR, STM32WBA55UGI6, STM32WBA55UGI6TR, STM32WBA55UGI7, STM32WBA55UGI7TR, STM32WBA5MMGH6TR, STM32WBA62MGF6, STM32WBA62MIF6, STM32WBA65MGF7, STM32WBA65MIF6, STM32WBA65MIF7, STM32WL30K8V6, STM32WL30KBV6, STM32WL31C8V6, STM32WL31CBV6, STM32WL31K8V6, STM32WL31KBV6, STM32WL33C8V6, STM32WL33C8V6X, STM32WL33CBV6, STM32WL33CBV6X, STM32WL33CCV6, STM32WL33CCV6A, STM32WL33CCV6X, STM32WL33K8V7, STM32WL33K8V7X, STM32WL33KBV7 , STM32WL33KBV7X, STM32WL33KCV7, STM32WL33KCV7X, STM32WL5MOCH6, STM32WL5MOCH6TR]
2026-05-21 13:41:45,872 [INFO] DbMcus:218 - Found 5055 MCUs, 4968 are supported
2026-05-21 13:41:45,872 [INFO] ApiDb:423 - Load user favorites file /Users/admin/.stm32cubeide/favorites.mcus.txt: 0 item(s)
2026-05-21 13:41:45,873 [INFO] ApiDb:427 - User favorites MCUs=[]
2026-05-21 13:41:45,873 [INFO] DbMcus:224 - Set 0 / 0 favorites MCUs
2026-05-21 13:41:46,569 [INFO] BoardInfo:889 - No configuration file found for board NUCLEO-H5E5ZJ
2026-05-21 13:41:46,570 [INFO] DbBoards:161 - Board is not supported: NUCLEO-H5E5ZJ
2026-05-21 13:41:46,633 [INFO] BoardInfo:889 - No configuration file found for board NUCLEO-U3C5ZI-Q
2026-05-21 13:41:46,634 [INFO] DbBoards:161 - Board is not supported: NUCLEO-U3C5ZI-Q
2026-05-21 13:41:46,651 [INFO] BoardInfo:889 - No configuration file found for board NUCLEO-WBA25CE1
2026-05-21 13:41:46,651 [INFO] DbBoards:161 - Board is not supported: NUCLEO-WBA25CE1
2026-05-21 13:41:46,663 [INFO] BoardInfo:889 - No configuration file found for board NUCLEO-WL3RKB1
2026-05-21 13:41:46,663 [INFO] DbBoards:161 - Board is not supported: NUCLEO-WL3RKB1
2026-05-21 13:41:46,665 [INFO] BoardInfo:889 - No configuration file found for board NUCLEO-WL3RKB2
2026-05-21 13:41:46,665 [INFO] DbBoards:161 - Board is not supported: NUCLEO-WL3RKB2
2026-05-21 13:41:46,675 [INFO] BoardInfo:889 - No configuration file found for board P-NUCLEO-WB55
2026-05-21 13:41:46,676 [INFO] DbBoards:161 - Kit is not supported: P-NUCLEO-WB55
2026-05-21 13:41:46,684 [INFO] BoardInfo:889 - No configuration file found for board STEVAL-BFA001V1B
2026-05-21 13:41:46,684 [INFO] DbBoards:161 - Kit is not supported: STEVAL-BFA001V1B
2026-05-21 13:41:46,686 [INFO] BoardInfo:889 - No configuration file found for board STEVAL-BFA001V2B
2026-05-21 13:41:46,686 [INFO] DbBoards:161 - Kit is not supported: STEVAL-BFA001V2B
2026-05-21 13:41:46,899 [INFO] BoardInfo:889 - No configuration file found for board STM32H5F5J-DK
2026-05-21 13:41:46,900 [INFO] DbBoards:161 - Board is not supported: STM32H5F5J-DK
2026-05-21 13:41:47,003 [INFO] DbBoards:168 - Found 218 boards, 209 are supported
2026-05-21 13:41:47,003 [INFO] DbBoards:169 - Found 218 boards, 43 of them is supported for  Bsp
2026-05-21 13:41:47,008 [INFO] ApiDb:423 - Load user favorites file /Users/admin/.stm32cubeide/favorites.boards.txt: 0 item(s)
2026-05-21 13:41:47,008 [INFO] ApiDb:427 - User favorites Boards=[]
2026-05-21 13:41:47,009 [INFO] DbBoards:198 - Set 0 / 0 favorites Boards
2026-05-21 13:41:47,061 [INFO] UtilMem:75 - End LoadConfig() Used Memory: 759062424 Bytes (1073741824)
2026-05-21 13:41:47,436 [WARN] ThirdParty:833 - waiting for thirdparty lock release [change project]
2026-05-21 13:41:47,436 [INFO] ThirdParty:835 - entering critical section [change project]
2026-05-21 13:41:47,437 [INFO] ThirdParty:1030 - CMSIS Pack Vendor :STMicroelectronics X-CUBE-AZRTOS-H7 3.5.0
2026-05-21 13:41:47,437 [INFO] ThirdParty:1030 - CMSIS Pack Vendor :STMicroelectronics X-CUBE-PM33A1 1.0.0
2026-05-21 13:41:47,437 [INFO] ThirdParty:1030 - CMSIS Pack Vendor :STMicroelectronics USBPD 4.1
2026-05-21 13:41:47,437 [INFO] ThirdParty:1030 - CMSIS Pack Vendor :STMicroelectronics X-CUBE-GNSS1 6.0.0
2026-05-21 13:41:47,437 [INFO] ThirdParty:1030 - CMSIS Pack Vendor :STMicroelectronics USB_HOST 2.0.0
2026-05-21 13:41:47,437 [INFO] ThirdParty:1030 - CMSIS Pack Vendor :STMicroelectronics FP-SNS-MOTENVWB1 1.4.0
2026-05-21 13:41:47,437 [INFO] ThirdParty:1030 - CMSIS Pack Vendor :STMicroelectronics X-CUBE-AZRTOS-F4 1.1.0
2026-05-21 13:41:47,437 [INFO] ThirdParty:1030 - CMSIS Pack Vendor :STMicroelectronics LIBJPEG 8.0.0
2026-05-21 13:41:47,437 [INFO] ThirdParty:1030 - CMSIS Pack Vendor :STMicroelectronics FP-ATR-ASTRA1 2.0.2
2026-05-21 13:41:47,437 [INFO] ThirdParty:1030 - CMSIS Pack Vendor :STMicroelectronics FP-ATR-ASTRA1 2.0.1
2026-05-21 13:41:47,438 [INFO] ThirdParty:1030 - CMSIS Pack Vendor :Avnet-IotConnect X-CUBE-IoTC-DA16k-PMOD 1.0.0
2026-05-21 13:41:47,438 [INFO] ThirdParty:1030 - CMSIS Pack Vendor :STMicroelectronics X-CUBE-SMBUS 2.1.0
2026-05-21 13:41:47,438 [INFO] ThirdParty:1030 - CMSIS Pack Vendor :STMicroelectronics X-CUBE-WB05N 1.1.0
2026-05-21 13:41:47,438 [INFO] ThirdParty:1030 - CMSIS Pack Vendor :STMicroelectronics X-CUBE-ISPU 2.1.0
2026-05-21 13:41:47,438 [INFO] ThirdParty:1030 - CMSIS Pack Vendor :STMicroelectronics X-CUBE-IPS 3.2.0
2026-05-21 13:41:47,438 [INFO] ThirdParty:1030 - CMSIS Pack Vendor :STMicroelectronics eDS-WB_DPC_TT-BIDIR 2.1.1
2026-05-21 13:41:47,438 [INFO] ThirdParty:1030 - CMSIS Pack Vendor :STMicroelectronics X-CUBE-FREERTOS 1.2.0
2026-05-21 13:41:47,438 [INFO] ThirdParty:1030 - CMSIS Pack Vendor :STMicroelectronics X-CUBE-ST60 1.0.0
2026-05-21 13:41:47,438 [INFO] ThirdParty:1030 - CMSIS Pack Vendor :STMicroelectronics X-CUBE-NFC12 1.0.0
2026-05-21 13:41:47,439 [INFO] ThirdParty:1030 - CMSIS Pack Vendor :STMicroelectronics X-CUBE-TOUCHGFX 4.23.2
2026-05-21 13:41:47,439 [INFO] ThirdParty:1030 - CMSIS Pack Vendor :STMicroelectronics X-CUBE-AZRTOS-F7 1.1.0
2026-05-21 13:41:47,439 [INFO] ThirdParty:1030 - CMSIS Pack Vendor :STMicroelectronics X-CUBE-AZRTOS-L5 2.0.0
2026-05-21 13:41:47,439 [INFO] ThirdParty:1030 - CMSIS Pack Vendor :STMicroelectronics USB_DEVICE 2.0.0
2026-05-21 13:41:47,439 [INFO] ThirdParty:1030 - CMSIS Pack Vendor :STMicroelectronics X-CUBE-NFC6 3.1.0
2026-05-21 13:41:47,439 [INFO] ThirdParty:1030 - CMSIS Pack Vendor :STMicroelectronics FP-SNS-MOTENV1 4.3.2
2026-05-21 13:41:47,439 [INFO] ThirdParty:1030 - CMSIS Pack Vendor :STMicroelectronics X-CUBE-MEMS1 11.0.0
2026-05-21 13:41:47,439 [INFO] ThirdParty:1030 - CMSIS Pack Vendor :STMicroelectronics FP-SNS-MOTENV1 5.1.0
2026-05-21 13:41:47,439 [INFO] ThirdParty:1030 - CMSIS Pack Vendor :STMicroelectronics FreeRTOS 0.0.1
2026-05-21 13:41:47,439 [INFO] ThirdParty:1030 - CMSIS Pack Vendor :STMicroelectronics X-CUBE-DPower 1.2.0
2026-05-21 13:41:47,440 [INFO] ThirdParty:1030 - CMSIS Pack Vendor :STMicroelectronics eDS-WB_DPC_VIENNA 1.2.0
2026-05-21 13:41:47,440 [INFO] ThirdParty:1030 - CMSIS Pack Vendor :STMicroelectronics FP-SNS-FLIGHT1 5.0.2
2026-05-21 13:41:47,440 [INFO] ThirdParty:1030 - CMSIS Pack Vendor :STMicroelectronics eDS-WB_DPC_3PH2L-BIDIR 1.1.1
2026-05-21 13:41:47,440 [INFO] ThirdParty:1030 - CMSIS Pack Vendor :STMicroelectronics X-CUBE-AI 9.0.0
2026-05-21 13:41:47,441 [INFO] ThirdParty:1030 - CMSIS Pack Vendor :STMicroelectronics PDM2PCM 3.3.0
2026-05-21 13:41:47,441 [INFO] ThirdParty:1030 - CMSIS Pack Vendor :STMicroelectronics X-CUBE-AZRTOS-H7 3.4.0
2026-05-21 13:41:47,441 [INFO] ThirdParty:1030 - CMSIS Pack Vendor :STMicroelectronics X-CUBE-DISPLAY 3.0.0
2026-05-21 13:41:47,441 [INFO] ThirdParty:1030 - CMSIS Pack Vendor :STMicroelectronics X-CUBE-GNSS1 7.1.1
2026-05-21 13:41:47,441 [INFO] ThirdParty:1030 - CMSIS Pack Vendor :STMicroelectronics FP-SNS-MOTENVWB1 1.5.0
2026-05-21 13:41:47,441 [INFO] ThirdParty:1030 - CMSIS Pack Vendor :STMicroelectronics X-CUBE-BLE1 7.0.0
2026-05-21 13:41:47,441 [INFO] ThirdParty:1030 - CMSIS Pack Vendor :STMicroelectronics X-CUBE-NFC10 1.0.0
2026-05-21 13:41:47,441 [INFO] ThirdParty:1030 - CMSIS Pack Vendor :STMicroelectronics X-CUBE-BLEMGR 4.0.0
2026-05-21 13:41:47,442 [INFO] ThirdParty:1030 - CMSIS Pack Vendor :STMicroelectronics X-CUBE-FREERTOS 1.3.1
2026-05-21 13:41:47,442 [INFO] ThirdParty:1030 - CMSIS Pack Vendor :STMicroelectronics HAL Drivers 0.0.0
2026-05-21 13:41:47,442 [INFO] ThirdParty:1030 - CMSIS Pack Vendor :STMicroelectronics X-CUBE-ST60 1.1.0
2026-05-21 13:41:47,442 [INFO] ThirdParty:1030 - CMSIS Pack Vendor :emotas I-CUBE-CANOPEN 1.3.0
2026-05-21 13:41:47,442 [INFO] ThirdParty:1030 - CMSIS Pack Vendor :STMicroelectronics X-CUBE-FREERTOS 1.3.0
2026-05-21 13:41:47,442 [INFO] ThirdParty:1030 - CMSIS Pack Vendor :STMicroelectronics X-CUBE-NFC7 1.0.1
2026-05-21 13:41:47,442 [INFO] ThirdParty:1030 - CMSIS Pack Vendor :STMicroelectronics MBEDTLS 2.14.1
2026-05-21 13:41:47,442 [INFO] ThirdParty:1030 - CMSIS Pack Vendor :STMicroelectronics X-CUBE-GNSS1 7.1.0
2026-05-21 13:41:47,442 [INFO] ThirdParty:1030 - CMSIS Pack Vendor :wolfSSL I-CUBE-wolfTPM 3.2.0
2026-05-21 13:41:47,442 [INFO] ThirdParty:1030 - CMSIS Pack Vendor :STMicroelectronics X-CUBE-TOUCHGFX 4.26.0
2026-05-21 13:41:47,442 [INFO] ThirdParty:1030 - CMSIS Pack Vendor :STMicroelectronics X-CUBE-TOUCHGFX 4.26.1
2026-05-21 13:41:47,443 [INFO] ThirdParty:1030 - CMSIS Pack Vendor :STMicroelectronics X-CUBE-BLEMGR 3.1.0
2026-05-21 13:41:47,443 [INFO] ThirdParty:1030 - CMSIS Pack Vendor :STMicroelectronics X-CUBE-AI 10.0.0
2026-05-21 13:41:47,443 [INFO] ThirdParty:1030 - CMSIS Pack Vendor :STMicroelectronics FP-SNS-STBOX1 2.1.0
2026-05-21 13:41:47,443 [INFO] ThirdParty:1030 - CMSIS Pack Vendor :STMicroelectronics FP-SNS-STAIOTCFT 1.0.0
2026-05-21 13:41:47,443 [INFO] ThirdParty:1030 - CMSIS Pack Vendor :STMicroelectronics FP-SNS-SMARTAG2 1.2.0
2026-05-21 13:41:47,443 [INFO] ThirdParty:1030 - CMSIS Pack Vendor :STMicroelectronics FP-SNS-FLIGHT1 5.1.0
2026-05-21 13:41:47,443 [INFO] ThirdParty:1030 - CMSIS Pack Vendor :STMicroelectronics X-CUBE-MEMS1 11.1.0
2026-05-21 13:41:47,443 [INFO] ThirdParty:1030 - CMSIS Pack Vendor :STMicroelectronics X-CUBE-AZRTOS-WL 2.0.0
2026-05-21 13:41:47,443 [INFO] ThirdParty:1030 - CMSIS Pack Vendor :STMicroelectronics X-CUBE-DPower 1.3.0
2026-05-21 13:41:47,443 [INFO] ThirdParty:1030 - CMSIS Pack Vendor :STMicroelectronics FP-SNS-MOTENV1 5.0.0
2026-05-21 13:41:47,444 [INFO] ThirdParty:1030 - CMSIS Pack Vendor :STMicroelectronics USB_DEVICE 1.0.0
2026-05-21 13:41:47,444 [INFO] ThirdParty:1030 - CMSIS Pack Vendor :STMicroelectronics X-CUBE-AZRTOS-H7RS 1.2.0
2026-05-21 13:41:47,444 [INFO] ThirdParty:1030 - CMSIS Pack Vendor :STMicroelectronics X-CUBE-AI 8.1.0
2026-05-21 13:41:47,444 [INFO] ThirdParty:1030 - CMSIS Pack Vendor :wolfSSL I-CUBE-wolfMQTT 1.19.0
2026-05-21 13:41:47,444 [INFO] ThirdParty:1030 - CMSIS Pack Vendor :STMicroelectronics X-CUBE-AZRTOS-L4 2.0.0
2026-05-21 13:41:47,444 [INFO] ThirdParty:1030 - CMSIS Pack Vendor :STMicroelectronics ThreadX 0.0.2
2026-05-21 13:41:47,444 [INFO] ThirdParty:1030 - CMSIS Pack Vendor :WES I-CUBE-Cesium 1.3.0
2026-05-21 13:41:47,444 [INFO] ThirdParty:1030 - CMSIS Pack Vendor :STMicroelectronics lwIP 2.1.2
2026-05-21 13:41:47,444 [INFO] ThirdParty:1030 - CMSIS Pack Vendor :STMicroelectronics X-CUBE-SFXS2LP1 4.0.0
2026-05-21 13:41:47,444 [INFO] ThirdParty:1030 - CMSIS Pack Vendor :STMicroelectronics X-CUBE-BLE2 3.3.0
2026-05-21 13:41:47,445 [INFO] ThirdParty:1030 - CMSIS Pack Vendor :Avnet-IOTCONNECT X-CUBE-iotc-st67-sdk 1.0.0
2026-05-21 13:41:47,445 [INFO] ThirdParty:1030 - CMSIS Pack Vendor :STMicroelectronics PDM2PCM 3.2.0
2026-05-21 13:41:47,445 [INFO] ThirdParty:1030 - CMSIS Pack Vendor :STMicroelectronics X-CUBE-WB05N 2.1.0
2026-05-21 13:41:47,445 [INFO] ThirdParty:1030 - CMSIS Pack Vendor :STMicroelectronics X-CUBE-ST67W61 1.2.0
2026-05-21 13:41:47,445 [INFO] ThirdParty:1030 - CMSIS Pack Vendor :STMicroelectronics X-CUBE-AZRTOS-H7 3.3.0
2026-05-21 13:41:47,445 [INFO] ThirdParty:1030 - CMSIS Pack Vendor :STMicroelectronics X-CUBE-NFC9 1.0.0
2026-05-21 13:41:47,445 [INFO] ThirdParty:1030 - CMSIS Pack Vendor :STMicroelectronics X-CUBE-BLE1 7.1.0
2026-05-21 13:41:47,445 [INFO] ThirdParty:1030 - CMSIS Pack Vendor :STMicroelectronics USB_DEVICE 3.0.0
2026-05-21 13:41:47,445 [INFO] ThirdParty:1030 - CMSIS Pack Vendor :STMicroelectronics X-CUBE-TCPP 4.1.0
2026-05-21 13:41:47,446 [INFO] ThirdParty:1030 - CMSIS Pack Vendor :STMicroelectronics X-CUBE-FREERTOS 1.4.0
2026-05-21 13:41:47,446 [INFO] ThirdParty:1030 - CMSIS Pack Vendor :STMicroelectronics X-CUBE-EEPRMA1 5.2.0
2026-05-21 13:41:47,446 [INFO] ThirdParty:1030 - CMSIS Pack Vendor :STMicroelectronics X-CUBE-BLEMGR 4.1.0
2026-05-21 13:41:47,446 [INFO] ThirdParty:1030 - CMSIS Pack Vendor :STMicroelectronics X-CUBE-IPS 3.0.0
2026-05-21 13:41:47,446 [INFO] ThirdParty:1030 - CMSIS Pack Vendor :STMicroelectronics X-CUBE-AZRTOS-WB 2.0.0
2026-05-21 13:41:47,446 [INFO] ThirdParty:1030 - CMSIS Pack Vendor :STMicroelectronics X-CUBE-GNSS1 7.0.0
2026-05-21 13:41:47,446 [INFO] ThirdParty:1030 - CMSIS Pack Vendor :STMicroelectronics X-CUBE-GNSS1 7.0.1
2026-05-21 13:41:47,446 [INFO] ThirdParty:1030 - CMSIS Pack Vendor :STMicroelectronics X-CUBE-TOUCHGFX 4.25.0
2026-05-21 13:41:47,446 [INFO] ThirdParty:1030 - CMSIS Pack Vendor :STMicroelectronics X-CUBE-ST67W61 1.1.0
2026-05-21 13:41:47,446 [INFO] ThirdParty:1030 - CMSIS Pack Vendor :STMicroelectronics X-CUBE-AI 10.1.0
2026-05-21 13:41:47,446 [INFO] ThirdParty:1030 - CMSIS Pack Vendor :STMicroelectronics FP-SNS-STBOX1 2.0.0
2026-05-21 13:41:47,447 [INFO] ThirdParty:1030 - CMSIS Pack Vendor :STMicroelectronics FP-SNS-STAIOTCFT 1.1.0
2026-05-21 13:41:47,447 [INFO] ThirdParty:1030 - CMSIS Pack Vendor :STMicroelectronics X-CUBE-MEMS1 12.0.0
2026-05-21 13:41:47,447 [INFO] ThirdParty:1030 - CMSIS Pack Vendor :STMicroelectronics X-CUBE-ALGOBUILD 1.3.0
2026-05-21 13:41:47,447 [INFO] ThirdParty:1030 - CMSIS Pack Vendor :STMicroelectronics X-CUBE-STSE01 2.0.0
2026-05-21 13:41:47,447 [INFO] ThirdParty:1030 - CMSIS Pack Vendor :STMicroelectronics X-CUBE-MEMS1 11.2.0
2026-05-21 13:41:47,447 [INFO] ThirdParty:1030 - CMSIS Pack Vendor :STMicroelectronics X-CUBE-AZRTOS-G0 1.1.0
2026-05-21 13:41:47,447 [INFO] ThirdParty:1030 - CMSIS Pack Vendor :STMicroelectronics X-CUBE-SAFEA1 1.2.2
2026-05-21 13:41:47,447 [INFO] ThirdParty:1030 - CMSIS Pack Vendor :STMicroelectronics X-CUBE-NFC4 3.0.0
2026-05-21 13:41:47,447 [INFO] ThirdParty:1030 - CMSIS Pack Vendor :STMicroelectronics X-CUBE-SUBG2 5.0.0
2026-05-21 13:41:47,448 [INFO] ThirdParty:1030 - CMSIS Pack Vendor :STMicroelectronics X-CUBE-AZRTOS-H7RS 1.1.0
2026-05-21 13:41:47,448 [INFO] ThirdParty:1030 - CMSIS Pack Vendor :STMicroelectronics STM32_WPAN 1.0.0
2026-05-21 13:41:47,448 [INFO] ThirdParty:1030 - CMSIS Pack Vendor :EmbeddedOffice I-CUBE-FS-RTOS 1.0.1
2026-05-21 13:41:47,448 [INFO] ThirdParty:1030 - CMSIS Pack Vendor :STMicroelectronics lwIP 2.0.3
2026-05-21 13:41:47,448 [INFO] ThirdParty:1030 - CMSIS Pack Vendor :Cesanta I-CUBE-Mongoose 7.13.0
2026-05-21 13:41:47,448 [INFO] ThirdParty:1030 - CMSIS Pack Vendor :STMicroelectronics USB_HOST 1.0.0
2026-05-21 13:41:47,448 [INFO] ThirdParty:1030 - CMSIS Pack Vendor :STMicroelectronics X-CUBE-AZRTOS-G4 2.0.0
2026-05-21 13:41:47,448 [INFO] ThirdParty:1030 - CMSIS Pack Vendor :STMicroelectronics X-CUBE-WB05N 2.0.0
2026-05-21 13:41:47,448 [INFO] ThirdParty:1030 - CMSIS Pack Vendor :STMicroelectronics PDM2PCM 3.1.0
2026-05-21 13:41:47,448 [INFO] ThirdParty:1030 - CMSIS Pack Vendor :STMicroelectronics X-CUBE-NFC7 2.0.0
2026-05-21 13:41:47,449 [INFO] ThirdParty:1030 - CMSIS Pack Vendor :STMicroelectronics X-CUBE-TCPP 4.2.0
2026-05-21 13:41:47,449 [INFO] ThirdParty:1030 - CMSIS Pack Vendor :RealThread X-CUBE-RT-Thread_Nano 4.1.1
2026-05-21 13:41:47,449 [INFO] ThirdParty:1030 - CMSIS Pack Vendor :wolfSSL I-CUBE-wolfSSL 5.7.0
2026-05-21 13:41:47,449 [INFO] ThirdParty:1030 - CMSIS Pack Vendor :STMicroelectronics FP-SNS-MOTENVWB1 1.3.1
2026-05-21 13:41:47,449 [INFO] ThirdParty:1030 - CMSIS Pack Vendor :STMicroelectronics FP-ATR-SIGFOX1 3.2.0
2026-05-21 13:41:47,449 [INFO] ThirdParty:1030 - CMSIS Pack Vendor :quantropi X-CUBE-qispace-sdk-base 1.9.3
2026-05-21 13:41:47,449 [INFO] ThirdParty:1030 - CMSIS Pack Vendor :STMicroelectronics X-CUBE-ISPU 2.0.0
2026-05-21 13:41:47,449 [INFO] ThirdParty:1030 - CMSIS Pack Vendor :STMicroelectronics X-CUBE-EEPRMA1 5.1.0
2026-05-21 13:41:47,449 [INFO] ThirdParty:1030 - CMSIS Pack Vendor :STMicroelectronics X-CUBE-FREERTOS 1.5.0
2026-05-21 13:41:47,449 [INFO] ThirdParty:1030 - CMSIS Pack Vendor :STMicroelectronics MBEDTLS 2.16.2
2026-05-21 13:41:47,449 [INFO] ThirdParty:1030 - CMSIS Pack Vendor :STMicroelectronics X-CUBE-IPS 3.1.0
2026-05-21 13:41:47,449 [INFO] ThirdParty:1030 - CMSIS Pack Vendor :STMicroelectronics X-CUBE-ALS 1.0.2
2026-05-21 13:41:47,449 [INFO] ThirdParty:1030 - CMSIS Pack Vendor :STMicroelectronics X-CUBE-MEMS1 10.0.0
2026-05-21 13:41:47,450 [INFO] ThirdParty:1030 - CMSIS Pack Vendor :STMicroelectronics X-CUBE-FREERTOS 1.1.0
2026-05-21 13:41:47,450 [INFO] ThirdParty:1030 - CMSIS Pack Vendor :STMicroelectronics X-CUBE-TOUCHGFX 4.24.0
2026-05-21 13:41:47,450 [INFO] ThirdParty:1030 - CMSIS Pack Vendor :ITTIA_DB I-CUBE-ITTIADB 8.9.0
2026-05-21 13:41:47,450 [INFO] ThirdParty:1030 - CMSIS Pack Vendor :STMicroelectronics X-CUBE-TOUCHGFX 4.24.2
2026-05-21 13:41:47,450 [INFO] ThirdParty:1030 - CMSIS Pack Vendor :STMicroelectronics X-CUBE-TOUCHGFX 4.24.1
2026-05-21 13:41:47,450 [INFO] ThirdParty:1030 - CMSIS Pack Vendor :STMicroelectronics X-CUBE-STSE01 1.0.0
2026-05-21 13:41:47,450 [INFO] ThirdParty:1030 - CMSIS Pack Vendor :portGmbH I-Cube-SoM-uGOAL 1.1.0
2026-05-21 13:41:47,450 [INFO] ThirdParty:1030 - CMSIS Pack Vendor :STMicroelectronics X-CUBE-ALS 1.0.1
2026-05-21 13:41:47,450 [INFO] ThirdParty:1030 - CMSIS Pack Vendor :STMicroelectronics X-CUBE-NFC6 3.2.0
2026-05-21 13:41:47,450 [INFO] ThirdParty:1030 - CMSIS Pack Vendor :STMicroelectronics X-CUBE-ST67W61 1.0.0
2026-05-21 13:41:47,450 [INFO] ThirdParty:1030 - CMSIS Pack Vendor :STMicroelectronics X-CUBE-AI 10.2.0
2026-05-21 13:41:47,451 [INFO] ThirdParty:1030 - CMSIS Pack Vendor :STMicroelectronics ThreadX 1.0.0
2026-05-21 13:41:47,451 [INFO] ThirdParty:1030 - CMSIS Pack Vendor :STMicroelectronics X-CUBE-MEMS1 12.1.0
2026-05-21 13:41:47,451 [INFO] ThirdParty:1030 - CMSIS Pack Vendor :SEGGER I-CUBE-embOS 1.3.1
2026-05-21 13:41:47,451 [INFO] ThirdParty:1030 - CMSIS Pack Vendor :STMicroelectronics X-CUBE-ALGOBUILD 1.4.0
2026-05-21 13:41:47,451 [INFO] ThirdParty:1030 - CMSIS Pack Vendor :STMicroelectronics X-CUBE-MEMS1 11.3.0
2026-05-21 13:41:47,451 [INFO] ThirdParty:1030 - CMSIS Pack Vendor :STMicroelectronics X-CUBE-AZRTOS-H7RS 1.0.0
2026-05-21 13:41:47,451 [INFO] ThirdParty:1030 - CMSIS Pack Vendor :STMicroelectronics FP-ATR-ASTRA1 2.0.0
2026-05-21 13:41:47,451 [INFO] ThirdParty:1030 - CMSIS Pack Vendor :STMicroelectronics X-CUBE-TOF1 3.4.2
2026-05-21 13:41:47,451 [INFO] ThirdParty:1030 - CMSIS Pack Vendor :STMicroelectronics X-CUBE-TOF1 3.4.3
2026-05-21 13:41:47,451 [INFO] ThirdParty:1030 - CMSIS Pack Vendor :STMicroelectronics X-CUBE-AI 9.1.0
2026-05-21 13:41:47,451 [INFO] ThirdParty:1030 - CMSIS Pack Vendor :STMicroelectronics X-CUBE-TOF1 3.4.1
2026-05-21 13:41:47,451 [INFO] ThirdParty:1030 - CMSIS Pack Vendor :STMicroelectronics X-CUBE-AZRTOS-H7 3.2.0
2026-05-21 13:41:47,452 [INFO] ThirdParty:1030 - CMSIS Pack Vendor :Infineon AIROC-Wi-Fi-Bluetooth-STM32 1.6.0
2026-05-21 13:41:47,452 [INFO] ThirdParty:1030 - CMSIS Pack Vendor :wolfSSL I-CUBE-wolfSSH 1.4.17
2026-05-21 13:41:47,452 [INFO] ThirdParty:841 - exiting critical section [change project]
2026-05-21 13:41:47,794 [INFO] PinOutPanel:1589 - setPackage(No Configuration,No Configuration)
2026-05-21 13:41:47,795 [INFO] PinOutPanel:1589 - setPackage(STM32L010K8Tx,LQFP32)
2026-05-21 13:41:48,875 [INFO] UtilMem:75 - Before build in PCC Used Memory: 946834520 Bytes (1073741824)
2026-05-21 13:41:49,800 [INFO] UtilMem:75 - After build in PCC Used Memory: 782766672 Bytes (1073741824)
2026-05-21 13:41:49,841 [INFO] IPUIPlugin:80 - create IPUIPlugin
2026-05-21 13:41:49,841 [INFO] IPUIPlugin:80 - create IPUIPlugin
2026-05-21 13:41:49,842 [INFO] IPUIPlugin:80 - create IPUIPlugin
2026-05-21 13:41:49,842 [INFO] IPUIPlugin:80 - create IPUIPlugin
2026-05-21 13:41:49,842 [INFO] IPUIPlugin:80 - create IPUIPlugin
2026-05-21 13:41:49,843 [INFO] IPUIPlugin:80 - create IPUIPlugin
2026-05-21 13:41:49,843 [INFO] IPUIPlugin:80 - create IPUIPlugin
2026-05-21 13:41:49,843 [INFO] IPUIPlugin:80 - create IPUIPlugin
2026-05-21 13:41:49,844 [INFO] IPUIPlugin:80 - create IPUIPlugin
2026-05-21 13:41:49,844 [INFO] IPUIPlugin:80 - create IPUIPlugin
2026-05-21 13:41:49,844 [INFO] IPUIPlugin:80 - create IPUIPlugin
2026-05-21 13:41:49,845 [INFO] IPUIPlugin:80 - create IPUIPlugin
2026-05-21 13:41:49,845 [INFO] IPUIPlugin:80 - create IPUIPlugin
2026-05-21 13:41:49,845 [INFO] IPUIPlugin:80 - create IPUIPlugin
2026-05-21 13:41:49,846 [INFO] IPUIPlugin:80 - create IPUIPlugin
2026-05-21 13:41:49,846 [INFO] IPUIPlugin:80 - create IPUIPlugin
2026-05-21 13:41:49,846 [INFO] IPUIPlugin:80 - create IPUIPlugin
2026-05-21 13:41:49,847 [INFO] IPUIPlugin:80 - create IPUIPlugin
2026-05-21 13:41:50,138 [INFO] CADModel:165 - CPN selected for project levelSTM32L010K8T6
2026-05-21 13:41:50,139 [INFO] CADModel:114 - Register for checkConnection events
2026-05-21 13:41:50,179 [INFO] OpenFileManager:386 - Restore cursor
2026-05-21 13:52:18,235 [INFO] UtilMem:75 - End SaveConfig() Used Memory: 908589000 Bytes (1073741824)
2026-05-21 13:52:19,363 [INFO] BlockDiagram:2775 - set Specific Code input for plugin: ADC
2026-05-21 13:52:19,364 [INFO] BlockDiagram:2775 - set Specific Code input for plugin: RTC
2026-05-21 13:52:19,364 [INFO] BlockDiagram:2775 - set Specific Code input for plugin: SPI
2026-05-21 13:52:19,364 [INFO] BlockDiagram:2775 - set Specific Code input for plugin: NVIC
2026-05-21 13:52:19,364 [INFO] BlockDiagram:2775 - set Specific Code input for plugin: SYS
2026-05-21 13:52:19,365 [INFO] BlockDiagram:2775 - set Specific Code input for plugin: GPIO
2026-05-21 13:52:19,365 [INFO] BlockDiagram:2775 - set Specific Code input for plugin: USART
2026-05-21 13:52:19,365 [INFO] BlockDiagram:2775 - set Specific Code input for plugin: RCC
2026-05-21 13:52:19,365 [INFO] BlockDiagram:2775 - set Specific Code input for plugin: DMA
2026-05-21 13:52:19,367 [INFO] CodeGenerator:892 - code generatio: config db path: /Applications/STM32CubeIDE.app/Contents/Eclipse/plugins/com.st.stm32cube.common.mx_6.15.0.202507011659//db/
2026-05-21 13:52:19,705 [INFO] CodeEngine:265 - oldGeneratedFile, /Users/admin/Desktop/My Projects/Bike4u/Programing/Bike4u/MXTmpFiles/license.tmp_save
2026-05-21 13:52:20,424 [INFO] CodeEngine:289 - Generated code: /Users/admin/Desktop/My Projects/Bike4u/Programing/Bike4u/MXTmpFiles/license.tmp
2026-05-21 13:52:20,700 [INFO] CodeEngine:265 - oldGeneratedFile, /Users/admin/Desktop/My Projects/Bike4u/Programing/Bike4u/MXTmpFiles/gpio.tmp_save
2026-05-21 13:52:20,922 [INFO] CodeEngine:289 - Generated code: /Users/admin/Desktop/My Projects/Bike4u/Programing/Bike4u/MXTmpFiles/gpio.tmp
2026-05-21 13:52:21,988 [INFO] CodeEngine:265 - oldGeneratedFile, /Users/admin/Desktop/My Projects/Bike4u/Programing/Bike4u/MXTmpFiles/dma.tmp_save
2026-05-21 13:52:22,153 [INFO] CodeEngine:289 - Generated code: /Users/admin/Desktop/My Projects/Bike4u/Programing/Bike4u/MXTmpFiles/dma.tmp
2026-05-21 13:52:22,158 [INFO] CodeEngine:265 - oldGeneratedFile, /Users/admin/Desktop/My Projects/Bike4u/Programing/Bike4u/MXTmpFiles/dma_GV.tmp_save
2026-05-21 13:52:22,271 [INFO] CodeEngine:289 - Generated code: /Users/admin/Desktop/My Projects/Bike4u/Programing/Bike4u/MXTmpFiles/dma_GV.tmp
2026-05-21 13:52:22,288 [INFO] CodeEngine:265 - oldGeneratedFile, /Users/admin/Desktop/My Projects/Bike4u/Programing/Bike4u/Core/Src/stm32l0xx_it.c_save
2026-05-21 13:52:22,506 [INFO] CodeEngine:289 - Generated code: /Users/admin/Desktop/My Projects/Bike4u/Programing/Bike4u/Core/Src/stm32l0xx_it.c
2026-05-21 13:52:22,512 [INFO] CodeEngine:265 - oldGeneratedFile, /Users/admin/Desktop/My Projects/Bike4u/Programing/Bike4u/Core/Inc/stm32l0xx_it.h_save
2026-05-21 13:52:22,618 [INFO] CodeEngine:289 - Generated code: /Users/admin/Desktop/My Projects/Bike4u/Programing/Bike4u/Core/Inc/stm32l0xx_it.h
2026-05-21 13:52:22,633 [INFO] CodeEngine:265 - oldGeneratedFile, /Users/admin/Desktop/My Projects/Bike4u/Programing/Bike4u/Core/Src/stm32l0xx_hal_msp.c_save
2026-05-21 13:52:22,837 [INFO] CodeEngine:289 - Generated code: /Users/admin/Desktop/My Projects/Bike4u/Programing/Bike4u/Core/Src/stm32l0xx_hal_msp.c
2026-05-21 13:52:22,841 [INFO] CodeEngine:265 - oldGeneratedFile, /Users/admin/Desktop/My Projects/Bike4u/Programing/Bike4u/MXTmpFiles/system.tmp_save
2026-05-21 13:52:22,954 [INFO] CodeEngine:289 - Generated code: /Users/admin/Desktop/My Projects/Bike4u/Programing/Bike4u/MXTmpFiles/system.tmp
2026-05-21 13:52:22,969 [INFO] CodeEngine:321 - oldGeneratedFile, /Users/admin/Desktop/My Projects/Bike4u/Programing/Bike4u/Core/Inc/stm32l0xx_hal_conf.h_save
2026-05-21 13:52:23,091 [INFO] CodeEngine:345 - Generated code: /Users/admin/Desktop/My Projects/Bike4u/Programing/Bike4u/Core/Inc/stm32l0xx_hal_conf.h
2026-05-21 13:52:23,166 [INFO] ApiDbMcu:532 - Load IP Config File for ADC
2026-05-21 13:52:23,247 [INFO] ApiDbMcu:532 - Load IP Config File for RTC
2026-05-21 13:52:23,262 [INFO] ApiDbMcu:532 - Load IP Config File for SPI1
2026-05-21 13:52:23,359 [INFO] ApiDbMcu:532 - Load IP Config File for USART2
2026-05-21 13:52:23,371 [INFO] ApiDbMcu:532 - Load IP Config File for RCC
2026-05-21 13:52:23,383 [INFO] CodeEngine:265 - oldGeneratedFile, /Users/admin/Desktop/My Projects/Bike4u/Programing/Bike4u/Core/Inc/main.h_save
2026-05-21 13:52:23,572 [INFO] CodeEngine:289 - Generated code: /Users/admin/Desktop/My Projects/Bike4u/Programing/Bike4u/Core/Inc/main.h
2026-05-21 13:52:23,578 [INFO] CodeEngine:265 - oldGeneratedFile, /Users/admin/Desktop/My Projects/Bike4u/Programing/Bike4u/Core/Src/main.c_save
2026-05-21 13:52:23,871 [INFO] CodeEngine:289 - Generated code: /Users/admin/Desktop/My Projects/Bike4u/Programing/Bike4u/Core/Src/main.c
2026-05-21 13:52:24,641 [INFO] ProjectBuilder:3606 - Time for Copy HAL[1] : 270mS.
2026-05-21 13:52:24,649 [INFO] ProjectBuilder:5216 - Project Generator version: 4.7.0-B52
2026-05-21 13:52:24,853 [INFO] ConfigFileManager:1595 - The Die is : DIE417
2026-05-21 13:52:24,876 [INFO] ApiDbMcu:532 - Load IP Config File for FATFS
2026-05-21 13:52:24,955 [INFO] ApiDbMcu:532 - Load IP Config File for FREERTOS
2026-05-21 13:52:25,999 [INFO] LogOutputStream:77 - [STDOUT_REDIRECT] 
2026-05-21 13:52:28,482 [INFO] ProjectBuilder:5496 - Time for Generating toolchain IDE Files: 3832mS.
2026-05-21 13:52:28,484 [INFO] ProjectBuilder:3463 - Time for Copy CMSIS : 1mS.
2026-05-21 13:52:28,488 [INFO] ProjectBuilder:3463 - Time for Copy CMSIS : 0mS.
2026-05-21 13:56:43,157 [INFO] UtilMem:75 - End SaveConfig() Used Memory: 874599640 Bytes (1073741824)
2026-05-21 13:56:43,512 [INFO] BlockDiagram:2775 - set Specific Code input for plugin: ADC
2026-05-21 13:56:43,512 [INFO] BlockDiagram:2775 - set Specific Code input for plugin: RTC
2026-05-21 13:56:43,512 [INFO] BlockDiagram:2775 - set Specific Code input for plugin: SPI
2026-05-21 13:56:43,512 [INFO] BlockDiagram:2775 - set Specific Code input for plugin: NVIC
2026-05-21 13:56:43,512 [INFO] BlockDiagram:2775 - set Specific Code input for plugin: SYS
2026-05-21 13:56:43,513 [INFO] BlockDiagram:2775 - set Specific Code input for plugin: GPIO
2026-05-21 13:56:43,513 [INFO] BlockDiagram:2775 - set Specific Code input for plugin: USART
2026-05-21 13:56:43,513 [INFO] BlockDiagram:2775 - set Specific Code input for plugin: RCC
2026-05-21 13:56:43,513 [INFO] BlockDiagram:2775 - set Specific Code input for plugin: DMA
2026-05-21 13:56:43,514 [INFO] CodeGenerator:892 - code generatio: config db path: /Applications/STM32CubeIDE.app/Contents/Eclipse/plugins/com.st.stm32cube.common.mx_6.15.0.202507011659//db/
2026-05-21 13:56:43,559 [INFO] Argument:325 - Argument : hdmavalue: null
2026-05-21 13:56:43,559 [INFO] Argument:327 - 	 sub Args: 
2026-05-21 13:56:43,559 [INFO] Argument:325 - Argument : Instancevalue: DMA1_Channel5
2026-05-21 13:56:43,560 [INFO] Argument:335 - Argument : Instancevalue: DMA1_Channel5
2026-05-21 13:56:43,560 [INFO] Argument:325 - Argument : Initvalue: null
2026-05-21 13:56:43,560 [INFO] Argument:327 - 	 sub Args: 
2026-05-21 13:56:43,560 [INFO] Argument:325 - Argument : Requestvalue: DMA_REQUEST_4
2026-05-21 13:56:43,560 [INFO] Argument:335 - Argument : Requestvalue: DMA_REQUEST_4
2026-05-21 13:56:43,560 [INFO] Argument:325 - Argument : Directionvalue: DMA_PERIPH_TO_MEMORY
2026-05-21 13:56:43,560 [INFO] Argument:335 - Argument : Directionvalue: DMA_PERIPH_TO_MEMORY
2026-05-21 13:56:43,560 [INFO] Argument:325 - Argument : PeriphIncvalue: DMA_PINC_DISABLE
2026-05-21 13:56:43,560 [INFO] Argument:335 - Argument : PeriphIncvalue: DMA_PINC_DISABLE
2026-05-21 13:56:43,560 [INFO] Argument:325 - Argument : MemIncvalue: DMA_MINC_ENABLE
2026-05-21 13:56:43,560 [INFO] Argument:335 - Argument : MemIncvalue: DMA_MINC_ENABLE
2026-05-21 13:56:43,560 [INFO] Argument:325 - Argument : PeriphDataAlignmentvalue: DMA_PDATAALIGN_BYTE
2026-05-21 13:56:43,561 [INFO] Argument:335 - Argument : PeriphDataAlignmentvalue: DMA_PDATAALIGN_BYTE
2026-05-21 13:56:43,561 [INFO] Argument:325 - Argument : MemDataAlignmentvalue: DMA_MDATAALIGN_BYTE
2026-05-21 13:56:43,561 [INFO] Argument:335 - Argument : MemDataAlignmentvalue: DMA_MDATAALIGN_BYTE
2026-05-21 13:56:43,561 [INFO] Argument:325 - Argument : Modevalue: DMA_NORMAL
2026-05-21 13:56:43,561 [INFO] Argument:335 - Argument : Modevalue: DMA_NORMAL
2026-05-21 13:56:43,561 [INFO] Argument:325 - Argument : Priorityvalue: DMA_PRIORITY_LOW
2026-05-21 13:56:43,561 [INFO] Argument:335 - Argument : Priorityvalue: DMA_PRIORITY_LOW
2026-05-21 13:56:43,561 [INFO] Argument:325 - Argument : Lockvalue: null
2026-05-21 13:56:43,561 [INFO] Argument:335 - Argument : Lockvalue: null
2026-05-21 13:56:43,561 [INFO] Argument:325 - Argument : Statevalue: null
2026-05-21 13:56:43,561 [INFO] Argument:335 - Argument : Statevalue: null
2026-05-21 13:56:43,561 [INFO] Argument:325 - Argument : Parentvalue: null
2026-05-21 13:56:43,561 [INFO] Argument:335 - Argument : Parentvalue: null
2026-05-21 13:56:43,561 [INFO] Argument:325 - Argument : XferCpltCallbackvalue: null
2026-05-21 13:56:43,562 [INFO] Argument:335 - Argument : XferCpltCallbackvalue: null
2026-05-21 13:56:43,562 [INFO] Argument:325 - Argument : XferHalfCpltCallbackvalue: null
2026-05-21 13:56:43,562 [INFO] Argument:335 - Argument : XferHalfCpltCallbackvalue: null
2026-05-21 13:56:43,562 [INFO] Argument:325 - Argument : XferErrorCallbackvalue: null
2026-05-21 13:56:43,562 [INFO] Argument:335 - Argument : XferErrorCallbackvalue: null
2026-05-21 13:56:43,562 [INFO] Argument:325 - Argument : ErrorCodevalue: null
2026-05-21 13:56:43,562 [INFO] Argument:335 - Argument : ErrorCodevalue: null
2026-05-21 13:56:43,732 [INFO] CodeEngine:265 - oldGeneratedFile, /Users/admin/Desktop/My Projects/Bike4u/Programing/Bike4u/MXTmpFiles/license.tmp_save
2026-05-21 13:56:43,893 [INFO] CodeEngine:289 - Generated code: /Users/admin/Desktop/My Projects/Bike4u/Programing/Bike4u/MXTmpFiles/license.tmp
2026-05-21 13:56:44,049 [INFO] CodeEngine:265 - oldGeneratedFile, /Users/admin/Desktop/My Projects/Bike4u/Programing/Bike4u/MXTmpFiles/gpio.tmp_save
2026-05-21 13:56:44,188 [INFO] CodeEngine:289 - Generated code: /Users/admin/Desktop/My Projects/Bike4u/Programing/Bike4u/MXTmpFiles/gpio.tmp
2026-05-21 13:56:44,970 [INFO] CodeEngine:265 - oldGeneratedFile, /Users/admin/Desktop/My Projects/Bike4u/Programing/Bike4u/MXTmpFiles/dma.tmp_save
2026-05-21 13:56:45,099 [INFO] CodeEngine:289 - Generated code: /Users/admin/Desktop/My Projects/Bike4u/Programing/Bike4u/MXTmpFiles/dma.tmp
2026-05-21 13:56:45,105 [INFO] CodeEngine:265 - oldGeneratedFile, /Users/admin/Desktop/My Projects/Bike4u/Programing/Bike4u/MXTmpFiles/dma_GV.tmp_save
2026-05-21 13:56:45,210 [INFO] CodeEngine:289 - Generated code: /Users/admin/Desktop/My Projects/Bike4u/Programing/Bike4u/MXTmpFiles/dma_GV.tmp
2026-05-21 13:56:45,228 [INFO] CodeEngine:265 - oldGeneratedFile, /Users/admin/Desktop/My Projects/Bike4u/Programing/Bike4u/Core/Src/stm32l0xx_it.c_save
2026-05-21 13:56:45,447 [INFO] CodeEngine:289 - Generated code: /Users/admin/Desktop/My Projects/Bike4u/Programing/Bike4u/Core/Src/stm32l0xx_it.c
2026-05-21 13:56:45,453 [INFO] CodeEngine:265 - oldGeneratedFile, /Users/admin/Desktop/My Projects/Bike4u/Programing/Bike4u/Core/Inc/stm32l0xx_it.h_save
2026-05-21 13:56:45,556 [INFO] CodeEngine:289 - Generated code: /Users/admin/Desktop/My Projects/Bike4u/Programing/Bike4u/Core/Inc/stm32l0xx_it.h
2026-05-21 13:56:45,572 [INFO] CodeEngine:265 - oldGeneratedFile, /Users/admin/Desktop/My Projects/Bike4u/Programing/Bike4u/Core/Src/stm32l0xx_hal_msp.c_save
2026-05-21 13:56:45,763 [INFO] CodeEngine:289 - Generated code: /Users/admin/Desktop/My Projects/Bike4u/Programing/Bike4u/Core/Src/stm32l0xx_hal_msp.c
2026-05-21 13:56:45,771 [INFO] CodeEngine:265 - oldGeneratedFile, /Users/admin/Desktop/My Projects/Bike4u/Programing/Bike4u/MXTmpFiles/system.tmp_save
2026-05-21 13:56:45,909 [INFO] CodeEngine:289 - Generated code: /Users/admin/Desktop/My Projects/Bike4u/Programing/Bike4u/MXTmpFiles/system.tmp
2026-05-21 13:56:45,930 [INFO] CodeEngine:321 - oldGeneratedFile, /Users/admin/Desktop/My Projects/Bike4u/Programing/Bike4u/Core/Inc/stm32l0xx_hal_conf.h_save
2026-05-21 13:56:46,057 [INFO] CodeEngine:345 - Generated code: /Users/admin/Desktop/My Projects/Bike4u/Programing/Bike4u/Core/Inc/stm32l0xx_hal_conf.h
2026-05-21 13:56:46,089 [INFO] CodeEngine:265 - oldGeneratedFile, /Users/admin/Desktop/My Projects/Bike4u/Programing/Bike4u/Core/Inc/main.h_save
2026-05-21 13:56:46,208 [INFO] CodeEngine:289 - Generated code: /Users/admin/Desktop/My Projects/Bike4u/Programing/Bike4u/Core/Inc/main.h
2026-05-21 13:56:46,214 [INFO] CodeEngine:265 - oldGeneratedFile, /Users/admin/Desktop/My Projects/Bike4u/Programing/Bike4u/Core/Src/main.c_save
2026-05-21 13:56:46,403 [INFO] CodeEngine:289 - Generated code: /Users/admin/Desktop/My Projects/Bike4u/Programing/Bike4u/Core/Src/main.c
2026-05-21 13:56:46,901 [INFO] ProjectBuilder:3606 - Time for Copy HAL[1] : 206mS.
2026-05-21 13:56:46,904 [INFO] ProjectBuilder:5216 - Project Generator version: 4.7.0-B52
2026-05-21 13:56:47,065 [INFO] ConfigFileManager:1595 - The Die is : DIE417
2026-05-21 13:56:48,848 [INFO] ProjectBuilder:5496 - Time for Generating toolchain IDE Files: 1945mS.
2026-05-21 13:56:48,849 [INFO] ProjectBuilder:3463 - Time for Copy CMSIS : 0mS.
2026-05-21 13:56:48,851 [INFO] ProjectBuilder:3463 - Time for Copy CMSIS : 0mS.
2026-05-21 13:57:33,417 [ERROR] LogOutputStream:75 - [STDERR_REDIRECT] 
2026-05-21 13:57:43,940 [INFO] Activator:176 - 


2026-05-21 13:57:43,942 [INFO] Activator:177 - !SESSION log4j initialized
2026-05-21 13:57:48,847 [INFO] LogOutputStream:77 - [STDOUT_REDIRECT] 
2026-05-21 13:57:55,810 [INFO] LogOutputStream:77 - [STDOUT_REDIRECT] 
2026-05-21 13:57:56,428 [ERROR] LogOutputStream:75 - [STDERR_REDIRECT] 
2026-05-21 13:57:56,888 [ERROR] LogOutputStream:75 - [STDERR_REDIRECT] java.net.URISyntaxException: Illegal character in path at index 28: file:/Users/admin/Desktop/My Projects/Bike4u/Programing/.metadata/.log4j2.xml
2026-05-21 13:57:56,889 [ERROR] LogOutputStream:75 - [STDERR_REDIRECT] 	at java.base/java.net.URI$Parser.fail(URI.java:2995)
2026-05-21 13:57:56,889 [ERROR] LogOutputStream:75 - [STDERR_REDIRECT] 	at java.base/java.net.URI$Parser.checkChars(URI.java:3166)
2026-05-21 13:57:56,889 [ERROR] LogOutputStream:75 - [STDERR_REDIRECT] 	at java.base/java.net.URI$Parser.parseHierarchical(URI.java:3248)
2026-05-21 13:57:56,890 [ERROR] LogOutputStream:75 - [STDERR_REDIRECT] 	at java.base/java.net.URI$Parser.parse(URI.java:3196)
2026-05-21 13:57:56,890 [ERROR] LogOutputStream:75 - [STDERR_REDIRECT] 	at java.base/java.net.URI.<init>(URI.java:645)
2026-05-21 13:57:56,891 [ERROR] LogOutputStream:75 - [STDERR_REDIRECT] 	at java.base/java.net.URL.toURI(URL.java:1220)
2026-05-21 13:57:56,891 [ERROR] LogOutputStream:75 - [STDERR_REDIRECT] 	at com.st.stm32cube.common.mx.core.CubeMxInstance.getInstance(CubeMxInstance.java:81)
2026-05-21 13:57:56,891 [ERROR] LogOutputStream:75 - [STDERR_REDIRECT] 	at com.st.stm32cube.common.mx.userauth.UserAuthAdapter.<init>(UserAuthAdapter.java:25)
2026-05-21 13:57:56,892 [ERROR] LogOutputStream:75 - [STDERR_REDIRECT] 	at com.st.stm32cube.common.mx.userauth.UserAuthProvider.getUserAuthAdapter(UserAuthProvider.java:16)
2026-05-21 13:57:56,892 [ERROR] LogOutputStream:75 - [STDERR_REDIRECT] 	at com.st.stm32cube.common.ecosystemintegration.ui.core.MCUEcoSystemIntegrationUiHelper.getUserAuth(MCUEcoSystemIntegrationUiHelper.java:100)
2026-05-21 13:57:56,893 [ERROR] LogOutputStream:75 - [STDERR_REDIRECT] 	at com.st.stm32cube.ide.mcu.userauth.UserAuthStartup.earlyStartup(UserAuthStartup.java:32)
2026-05-21 13:57:56,893 [ERROR] LogOutputStream:75 - [STDERR_REDIRECT] 	at org.eclipse.ui.internal.EarlyStartupRunnable.runEarlyStartup(EarlyStartupRunnable.java:79)
2026-05-21 13:57:56,894 [ERROR] LogOutputStream:75 - [STDERR_REDIRECT] 	at org.eclipse.ui.internal.EarlyStartupRunnable.run(EarlyStartupRunnable.java:55)
2026-05-21 13:57:56,894 [ERROR] LogOutputStream:75 - [STDERR_REDIRECT] 	at org.eclipse.core.runtime.SafeRunner.run(SafeRunner.java:47)
2026-05-21 13:57:56,894 [ERROR] LogOutputStream:75 - [STDERR_REDIRECT] 	at org.eclipse.ui.internal.Workbench$39.run(Workbench.java:2733)
2026-05-21 13:57:56,895 [ERROR] LogOutputStream:75 - [STDERR_REDIRECT] 	at org.eclipse.core.internal.jobs.Worker.run(Worker.java:63)
2026-05-21 13:57:57,427 [INFO] ApplicationProperties:184 - Using Application install path: /Applications/STM32CubeIDE.app/Contents/Eclipse/plugins/com.st.stm32cube.common.mx_6.15.0.202507011659
2026-05-21 13:57:57,488 [INFO] DbMcusXml:78 - Set database path to: /Applications/STM32CubeIDE.app/Contents/Eclipse/plugins/com.st.stm32cube.common.mx_6.15.0.202507011659//db//mcu/
2026-05-21 13:57:57,489 [INFO] ApiDb:274 - Set plugin database path to: /Applications/STM32CubeIDE.app/Contents/Eclipse/plugins/com.st.stm32cube.common.mx_6.15.0.202507011659//db//plugins/boardmanager/
2026-05-21 13:57:57,489 [WARN] ApiDb:259 - Overriding images path with different value:  => /Applications/STM32CubeIDE.app/Contents/Eclipse/plugins/com.st.stm32cube.common.mx_6.15.0.202507011659//db//plugins/mcufinder/images/
2026-05-21 13:57:57,510 [INFO] ApiDb:250 - Set database path to: /Users/admin/.stmcufinder/plugins/mcufinder//mcu/
2026-05-21 13:57:57,515 [INFO] DbMcusAds:125 - Set database path to: /Users/admin/.stmcufinder/plugins/mcufinder//mcu/
2026-05-21 13:57:57,524 [INFO] CrossReferenceDbSqlite:203 - Set database path to: /Users/admin/.stmcufinder/plugins/mcufinder//mcu/cs/
2026-05-21 13:57:57,869 [INFO] RulesReader:64 - Compatibility file has been processed (317 Rules)
2026-05-21 13:57:57,995 [INFO] DbMcusXml:78 - Set database path to: /Applications/STM32CubeIDE.app/Contents/Eclipse/plugins/com.st.stm32cube.common.mx_6.15.0.202507011659//db//mcu/
2026-05-21 13:57:57,995 [INFO] ApiDb:274 - Set plugin database path to: /Applications/STM32CubeIDE.app/Contents/Eclipse/plugins/com.st.stm32cube.common.mx_6.15.0.202507011659//db//plugins/boardmanager/
2026-05-21 13:57:57,995 [INFO] ApiDb:261 - Set plugin images path to: /Applications/STM32CubeIDE.app/Contents/Eclipse/plugins/com.st.stm32cube.common.mx_6.15.0.202507011659//db//plugins/mcufinder/images/
2026-05-21 13:57:57,996 [WARN] DbFile:41 - Overriding database path with different value: /Users/admin/.stmcufinder/plugins/mcufinder/ => /Users/admin/.stmcufinder/plugins/mcufinder
2026-05-21 13:57:57,996 [INFO] ApiDb:250 - Set database path to: /Users/admin/.stmcufinder/plugins/mcufinder//mcu/
2026-05-21 13:57:57,996 [WARN] DbFile:41 - Overriding database path with different value: /Users/admin/.stmcufinder/plugins/mcufinder/ => /Users/admin/.stmcufinder/plugins/mcufinder
2026-05-21 13:57:57,996 [INFO] DbMcusAds:125 - Set database path to: /Users/admin/.stmcufinder/plugins/mcufinder//mcu/
2026-05-21 13:57:57,997 [WARN] DbFile:41 - Overriding database path with different value: /Users/admin/.stmcufinder/plugins/mcufinder/ => /Users/admin/.stmcufinder/plugins/mcufinder
2026-05-21 13:57:57,997 [WARN] DbFile:41 - Overriding database path with different value: /Users/admin/.stmcufinder/plugins/mcufinder/ => /Users/admin/.stmcufinder/plugins/mcufinder
2026-05-21 13:57:57,998 [INFO] CrossReferenceDbSqlite:203 - Set database path to: /Users/admin/.stmcufinder/plugins/mcufinder//mcu/cs/
2026-05-21 13:57:58,171 [INFO] MainPanel:274 - HeapMemory: 268435456
2026-05-21 13:57:59,053 [INFO] DbMcusXml:78 - Set database path to: /Applications/STM32CubeIDE.app/Contents/Eclipse/plugins/com.st.stm32cube.common.mx_6.15.0.202507011659//db//mcu/
2026-05-21 13:57:59,053 [INFO] ApiDb:274 - Set plugin database path to: /Applications/STM32CubeIDE.app/Contents/Eclipse/plugins/com.st.stm32cube.common.mx_6.15.0.202507011659//db//plugins/boardmanager/
2026-05-21 13:57:59,054 [INFO] ApiDb:261 - Set plugin images path to: /Applications/STM32CubeIDE.app/Contents/Eclipse/plugins/com.st.stm32cube.common.mx_6.15.0.202507011659//db//plugins/mcufinder/images/
2026-05-21 13:57:59,055 [WARN] DbFile:41 - Overriding database path with different value: /Users/admin/.stmcufinder/plugins/mcufinder/ => /Users/admin/.stmcufinder/plugins/mcufinder
2026-05-21 13:57:59,055 [INFO] ApiDb:250 - Set database path to: /Users/admin/.stmcufinder/plugins/mcufinder//mcu/
2026-05-21 13:57:59,055 [WARN] DbFile:41 - Overriding database path with different value: /Users/admin/.stmcufinder/plugins/mcufinder/ => /Users/admin/.stmcufinder/plugins/mcufinder
2026-05-21 13:57:59,055 [INFO] DbMcusAds:125 - Set database path to: /Users/admin/.stmcufinder/plugins/mcufinder//mcu/
2026-05-21 13:57:59,055 [WARN] DbFile:41 - Overriding database path with different value: /Users/admin/.stmcufinder/plugins/mcufinder/ => /Users/admin/.stmcufinder/plugins/mcufinder
2026-05-21 13:57:59,056 [WARN] DbFile:41 - Overriding database path with different value: /Users/admin/.stmcufinder/plugins/mcufinder/ => /Users/admin/.stmcufinder/plugins/mcufinder
2026-05-21 13:57:59,056 [INFO] CrossReferenceDbSqlite:203 - Set database path to: /Users/admin/.stmcufinder/plugins/mcufinder//mcu/cs/
2026-05-21 13:57:59,111 [INFO] ApplicationProperties:184 - Using Application install path: /Applications/STM32CubeIDE.app/Contents/Eclipse/plugins/com.st.stm32cube.common.mx_6.15.0.202507011659
2026-05-21 13:57:59,120 [INFO] PluginManage:196 - Search for loadable plugins [exclusion list=, ]
2026-05-21 13:57:59,123 [INFO] PluginManage:310 - Check plugin analytics
2026-05-21 13:57:59,594 [INFO] AnalyticsPlugin:253 - Accepted Software Licenses: 
2026-05-21 13:57:59,594 [INFO] AnalyticsPlugin:255 - Accepted CMSIS Pack Licenses: Infineon.AIROC-Wi-Fi-Bluetooth-STM32.1.6.0,STMicroelectronics.X-CUBE-BLE1.7.0.0
2026-05-21 13:57:59,595 [INFO] AnalyticsPlugin:257 - Accepted Firmware Licenses: FW.G0.1.6.0,FW.WB.1.19.0,FW.WB.1.21.0
2026-05-21 13:57:59,606 [INFO] PluginManage:359 - Loaded plugin analytics (category:tool,tabindex:-1)
2026-05-21 13:57:59,606 [INFO] PluginManage:310 - Check plugin cadmodel
2026-05-21 13:57:59,613 [INFO] CADModel:105 - Init CAD model plugin
2026-05-21 13:57:59,613 [INFO] PluginManage:359 - Loaded plugin cadmodel (category:power,tabindex:5)
2026-05-21 13:57:59,614 [INFO] PluginManage:310 - Check plugin clock
2026-05-21 13:57:59,629 [INFO] PluginManage:359 - Loaded plugin clock (category:base,tabindex:2)
2026-05-21 13:57:59,629 [INFO] PluginManage:310 - Check plugin ddr
2026-05-21 13:57:59,633 [INFO] PluginManage:359 - Loaded plugin ddr (category:tool,tabindex:6)
2026-05-21 13:57:59,633 [INFO] PluginManage:310 - Check plugin filemanager
2026-05-21 13:57:59,904 [INFO] PluginManage:359 - Loaded plugin filemanager (category:base,tabindex:10)
2026-05-21 13:57:59,904 [INFO] PluginManage:310 - Check plugin ipmanager
2026-05-21 13:57:59,915 [INFO] PluginManage:359 - Loaded plugin ipmanager (category:base,tabindex:5)
2026-05-21 13:57:59,915 [INFO] PluginManage:310 - Check plugin lpbam
2026-05-21 13:57:59,939 [INFO] PluginManage:359 - Loaded plugin lpbam (category:base,tabindex:0)
2026-05-21 13:57:59,939 [INFO] PluginManage:310 - Check plugin memorymap
2026-05-21 13:57:59,965 [INFO] PluginManage:359 - Loaded plugin memorymap (category:base,tabindex:4)
2026-05-21 13:57:59,965 [INFO] PluginManage:310 - Check plugin pinoutandconfiguration
2026-05-21 13:57:59,982 [INFO] PluginManage:359 - Loaded plugin pinoutandconfiguration (category:base,tabindex:1)
2026-05-21 13:57:59,982 [INFO] PluginManage:310 - Check plugin pinoutconfig
2026-05-21 13:58:00,220 [WARN] SupportedApi:132 - Cannot load RTOS API schema: s4s-elt-must-match.1: The content of 'definitions' must match (annotation?, (simpleType | complexType)?, (unique | key | keyref)*)). A problem was found starting at: attribute.
2026-05-21 13:58:00,539 [INFO] PluginManage:359 - Loaded plugin pinoutconfig (category:base,tabindex:0)
2026-05-21 13:58:00,540 [INFO] PluginManage:310 - Check plugin power
2026-05-21 13:58:00,555 [INFO] PluginManage:359 - Loaded plugin power (category:power,tabindex:4)
2026-05-21 13:58:00,555 [INFO] PluginManage:310 - Check plugin projectmanager
2026-05-21 13:58:00,581 [INFO] PluginManage:359 - Loaded plugin projectmanager (category:projectmanager,tabindex:4)
2026-05-21 13:58:00,581 [INFO] PluginManage:310 - Check plugin rif
2026-05-21 13:58:00,598 [INFO] PluginManage:359 - Loaded plugin rif (category:base,tabindex:3)
2026-05-21 13:58:00,598 [INFO] PluginManage:310 - Check plugin thirdparty
2026-05-21 13:58:00,816 [INFO] PluginManage:359 - Loaded plugin thirdparty (category:base,tabindex:-1)
2026-05-21 13:58:00,816 [WARN] IntegrityCheckThread:84 - waiting for thirdparty lock release [integrity check]
2026-05-21 13:58:00,816 [INFO] PluginManage:310 - Check plugin tools
2026-05-21 13:58:00,816 [INFO] IntegrityCheckThread:86 - entering critical section [integrity check]
2026-05-21 13:58:00,817 [INFO] ThirdPartyUpdaterWithRetryManager:70 - Updater plugin not ready yet. [1/15]
2026-05-21 13:58:00,819 [INFO] PluginManage:359 - Loaded plugin tools (category:base,tabindex:7)
2026-05-21 13:58:00,819 [INFO] PluginManage:310 - Check plugin tutovideos
2026-05-21 13:58:01,192 [INFO] PluginManage:359 - Loaded plugin tutovideos (category:base,tabindex:-1)
2026-05-21 13:58:01,193 [INFO] PluginManage:310 - Check plugin updater
2026-05-21 13:58:01,224 [INFO] PluginManage:359 - Loaded plugin updater (category:base,tabindex:12)
2026-05-21 13:58:01,224 [INFO] PluginManage:310 - Check plugin userauth
2026-05-21 13:58:01,230 [INFO] UserAuth:118 - Init User Auth plugin
2026-05-21 13:58:01,231 [INFO] PluginManage:359 - Loaded plugin userauth (category:base,tabindex:14)
2026-05-21 13:58:01,232 [INFO] PluginManage:283 - PluginManage : Loaded plugins [18]
2026-05-21 13:58:01,525 [INFO] PinOutPanel:1589 - setPackage(No Configuration,No Configuration)
2026-05-21 13:58:01,645 [INFO] CADModel:165 - CPN selected for project level
2026-05-21 13:58:01,645 [INFO] CADModel:114 - Register for checkConnection events
2026-05-21 13:58:01,665 [INFO] IPUIPlugin:80 - create IPUIPlugin
2026-05-21 13:58:01,666 [INFO] PluginManager:220 - loadIPPluginJar : add mdma
2026-05-21 13:58:01,677 [INFO] IPUIPlugin:80 - create IPUIPlugin
2026-05-21 13:58:01,677 [INFO] PluginManager:220 - loadIPPluginJar : add freertos
2026-05-21 13:58:01,686 [INFO] IPUIPlugin:80 - create IPUIPlugin
2026-05-21 13:58:01,687 [INFO] PluginManager:220 - loadIPPluginJar : add gic
2026-05-21 13:58:01,702 [INFO] IPUIPlugin:80 - create IPUIPlugin
2026-05-21 13:58:01,702 [INFO] PluginManager:220 - loadIPPluginJar : add adc
2026-05-21 13:58:01,706 [INFO] IPUIPlugin:80 - create IPUIPlugin
2026-05-21 13:58:01,706 [INFO] PluginManager:220 - loadIPPluginJar : add gtzc
2026-05-21 13:58:01,708 [INFO] IPUIPlugin:80 - create IPUIPlugin
2026-05-21 13:58:01,708 [INFO] PluginManager:220 - loadIPPluginJar : add quadspi
2026-05-21 13:58:01,712 [INFO] IPUIPlugin:80 - create IPUIPlugin
2026-05-21 13:58:01,712 [INFO] PluginManager:220 - loadIPPluginJar : add aes
2026-05-21 13:58:01,716 [INFO] IPUIPlugin:80 - create IPUIPlugin
2026-05-21 13:58:01,716 [INFO] PluginManager:220 - loadIPPluginJar : add pdm2pcm
2026-05-21 13:58:01,720 [INFO] IPUIPlugin:80 - create IPUIPlugin
2026-05-21 13:58:01,720 [INFO] PluginManager:220 - loadIPPluginJar : add hash
2026-05-21 13:58:01,722 [INFO] IPUIPlugin:80 - create IPUIPlugin
2026-05-21 13:58:01,722 [INFO] PluginManager:220 - loadIPPluginJar : add tim
2026-05-21 13:58:01,724 [INFO] IPUIPlugin:80 - create IPUIPlugin
2026-05-21 13:58:01,724 [INFO] PluginManager:220 - loadIPPluginJar : add tsc
2026-05-21 13:58:01,728 [INFO] IPUIPlugin:80 - create IPUIPlugin
2026-05-21 13:58:01,728 [INFO] PluginManager:220 - loadIPPluginJar : add extmemmanager
2026-05-21 13:58:01,730 [INFO] IPUIPlugin:80 - create IPUIPlugin
2026-05-21 13:58:01,730 [INFO] PluginManager:220 - loadIPPluginJar : add ts
2026-05-21 13:58:01,732 [INFO] IPUIPlugin:80 - create IPUIPlugin
2026-05-21 13:58:01,733 [INFO] PluginManager:220 - loadIPPluginJar : add radio
2026-05-21 13:58:01,737 [INFO] IPUIPlugin:80 - create IPUIPlugin
2026-05-21 13:58:01,737 [INFO] PluginManager:220 - loadIPPluginJar : add can
2026-05-21 13:58:01,740 [INFO] IPUIPlugin:80 - create IPUIPlugin
2026-05-21 13:58:01,741 [INFO] PluginManager:220 - loadIPPluginJar : add dma3
2026-05-21 13:58:01,744 [INFO] IPUIPlugin:80 - create IPUIPlugin
2026-05-21 13:58:01,744 [INFO] PluginManager:220 - loadIPPluginJar : add dfsdm
2026-05-21 13:58:01,746 [INFO] IPUIPlugin:80 - create IPUIPlugin
2026-05-21 13:58:01,746 [INFO] PluginManager:220 - loadIPPluginJar : add spi
2026-05-21 13:58:01,750 [INFO] IPUIPlugin:80 - create IPUIPlugin
2026-05-21 13:58:01,750 [INFO] PluginManager:220 - loadIPPluginJar : add gfxmmu
2026-05-21 13:58:01,752 [INFO] IPUIPlugin:80 - create IPUIPlugin
2026-05-21 13:58:01,752 [INFO] PluginManager:220 - loadIPPluginJar : add genericplugin
2026-05-21 13:58:01,755 [INFO] IPUIPlugin:80 - create IPUIPlugin
2026-05-21 13:58:01,756 [INFO] PluginManager:220 - loadIPPluginJar : add cryp
2026-05-21 13:58:01,762 [INFO] IPUIPlugin:80 - create IPUIPlugin
2026-05-21 13:58:01,762 [INFO] PluginManager:220 - loadIPPluginJar : add gpio
2026-05-21 13:58:01,767 [INFO] IPUIPlugin:80 - create IPUIPlugin
2026-05-21 13:58:01,767 [INFO] PluginManager:220 - loadIPPluginJar : add ddr_ctrl_phy
2026-05-21 13:58:01,770 [INFO] IPUIPlugin:80 - create IPUIPlugin
2026-05-21 13:58:01,770 [INFO] PluginManager:220 - loadIPPluginJar : add comp
2026-05-21 13:58:01,773 [INFO] IPUIPlugin:80 - create IPUIPlugin
2026-05-21 13:58:01,773 [INFO] PluginManager:220 - loadIPPluginJar : add tracer_emb
2026-05-21 13:58:01,777 [INFO] IPUIPlugin:80 - create IPUIPlugin
2026-05-21 13:58:01,777 [INFO] PluginManager:220 - loadIPPluginJar : add openamp
2026-05-21 13:58:01,786 [INFO] IPUIPlugin:80 - create IPUIPlugin
2026-05-21 13:58:01,786 [INFO] PluginManager:220 - loadIPPluginJar : add stm32_wpan
2026-05-21 13:58:01,795 [INFO] IPUIPlugin:80 - create IPUIPlugin
2026-05-21 13:58:01,799 [INFO] PluginManager:220 - loadIPPluginJar : add plateformsettings
2026-05-21 13:58:01,809 [INFO] IPUIPlugin:80 - create IPUIPlugin
2026-05-21 13:58:01,809 [INFO] PluginManager:220 - loadIPPluginJar : add ipddr
2026-05-21 13:58:01,813 [INFO] IPUIPlugin:80 - create IPUIPlugin
2026-05-21 13:58:01,814 [INFO] PluginManager:220 - loadIPPluginJar : add usart
2026-05-21 13:58:01,816 [INFO] IPUIPlugin:80 - create IPUIPlugin
2026-05-21 13:58:01,816 [INFO] PluginManager:220 - loadIPPluginJar : add ltdc
2026-05-21 13:58:01,823 [INFO] IPUIPlugin:80 - create IPUIPlugin
2026-05-21 13:58:01,824 [INFO] PluginManager:220 - loadIPPluginJar : add nvic
2026-05-21 13:58:01,825 [INFO] IPUIPlugin:80 - create IPUIPlugin
2026-05-21 13:58:01,826 [INFO] PluginManager:220 - loadIPPluginJar : add fatfs
2026-05-21 13:58:01,869 [INFO] IPUIPlugin:80 - create IPUIPlugin
2026-05-21 13:58:01,869 [INFO] PluginManager:220 - loadIPPluginJar : add linkedlist
2026-05-21 13:58:01,887 [INFO] IPUIPlugin:80 - create IPUIPlugin
2026-05-21 13:58:01,888 [INFO] PluginManager:220 - loadIPPluginJar : add dma
2026-05-21 13:58:01,904 [INFO] IPUIPlugin:80 - create IPUIPlugin
2026-05-21 13:58:01,904 [INFO] PluginManager:220 - loadIPPluginJar : add fmc
2026-05-21 13:58:01,911 [INFO] IPUIPlugin:80 - create IPUIPlugin
2026-05-21 13:58:01,912 [INFO] PluginManager:220 - loadIPPluginJar : add i2s
2026-05-21 13:58:01,915 [INFO] IPUIPlugin:80 - create IPUIPlugin
2026-05-21 13:58:01,915 [INFO] PluginManager:220 - loadIPPluginJar : add ucpd
2026-05-21 13:58:01,918 [INFO] IPUIPlugin:80 - create IPUIPlugin
2026-05-21 13:58:01,918 [INFO] PluginManager:220 - loadIPPluginJar : add lorawan
2026-05-21 13:58:01,924 [INFO] IPUIPlugin:80 - create IPUIPlugin
2026-05-21 13:58:01,924 [INFO] PluginManager:220 - loadIPPluginJar : add opamp
2026-05-21 13:58:01,932 [INFO] IPUIPlugin:80 - create IPUIPlugin
2026-05-21 13:58:01,932 [INFO] PluginManager:220 - loadIPPluginJar : add i3c
2026-05-21 13:58:01,939 [INFO] IPUIPlugin:80 - create IPUIPlugin
2026-05-21 13:58:01,940 [INFO] PluginManager:220 - loadIPPluginJar : add touchsensing
2026-05-21 13:58:01,943 [INFO] IPUIPlugin:80 - create IPUIPlugin
2026-05-21 13:58:01,943 [INFO] PluginManager:220 - loadIPPluginJar : add i2c
2026-05-21 13:58:01,952 [INFO] IPUIPlugin:80 - create IPUIPlugin
2026-05-21 13:58:01,952 [INFO] PluginManager:220 - loadIPPluginJar : add resmgrutility
2026-05-21 13:58:01,956 [INFO] IPUIPlugin:80 - create IPUIPlugin
2026-05-21 13:58:01,956 [INFO] PluginManager:220 - loadIPPluginJar : add sai
2026-05-21 13:58:01,962 [INFO] IPUIPlugin:80 - create IPUIPlugin
2026-05-21 13:58:01,963 [INFO] PluginManager:220 - loadIPPluginJar : add usbx
2026-05-21 13:58:02,094 [FATAL] Updater:351 - Updater called before beeing initialized
2026-05-21 13:58:02,161 [INFO] RulesReader:64 - Compatibility file has been processed (317 Rules)
2026-05-21 13:58:02,189 [INFO] RulesReader:64 - Compatibility file has been processed (317 Rules)
2026-05-21 13:58:02,200 [INFO] CADModel:165 - CPN selected for project level
2026-05-21 13:58:02,200 [INFO] CADModel:114 - Register for checkConnection events
2026-05-21 13:58:02,201 [FATAL] Updater:351 - Updater called before beeing initialized
2026-05-21 13:58:02,201 [ERROR] CADModel:125 - Updater not yet initialized, retry later 
2026-05-21 13:58:02,477 [FATAL] Updater:351 - Updater called before beeing initialized
2026-05-21 13:58:02,479 [INFO] CADModel:165 - CPN selected for project level
2026-05-21 13:58:02,479 [INFO] CADModel:114 - Register for checkConnection events
2026-05-21 13:58:02,480 [FATAL] Updater:351 - Updater called before beeing initialized
2026-05-21 13:58:02,480 [ERROR] CADModel:125 - Updater not yet initialized, retry later 
2026-05-21 13:58:02,485 [FATAL] Updater:351 - Updater called before beeing initialized
2026-05-21 13:58:02,613 [FATAL] Updater:351 - Updater called before beeing initialized
2026-05-21 13:58:02,620 [INFO] DbMcusAds:53 - JSON generation date=Mon Apr 27 11:14:29 EEST 2026 (1777277669683)
2026-05-21 13:58:02,621 [FATAL] Updater:351 - Updater called before beeing initialized
2026-05-21 13:58:02,701 [WARN] DetailPanel:346 - Failed to get advertising image, set to default
2026-05-21 13:58:02,853 [FATAL] Updater:351 - Updater called before beeing initialized
2026-05-21 13:58:02,855 [FATAL] Updater:351 - Updater called before beeing initialized
2026-05-21 13:58:02,856 [FATAL] Updater:351 - Updater called before beeing initialized
2026-05-21 13:58:02,856 [WARN] DetailPanel:346 - Failed to get advertising image, set to default
2026-05-21 13:58:02,857 [FATAL] Updater:351 - Updater called before beeing initialized
2026-05-21 13:58:02,920 [ERROR] Updater:1198 - MainUpdater not yet initialized. External WinMGr cannot be set.
2026-05-21 13:58:02,924 [INFO] Updater:1134 - Updater Version found : 6.15.0
2026-05-21 13:58:02,955 [INFO] ApplicationProperties:184 - Using Application install path: /Applications/STM32CubeIDE.app/Contents/Eclipse/plugins/com.st.stm32cube.common.mx_6.15.0.202507011659
2026-05-21 13:58:03,564 [INFO] MainUpdater:2872 - connection check result : 10
2026-05-21 13:58:03,568 [INFO] MainUpdater:289 - Updater Check For Update Now.
2026-05-21 13:58:03,568 [INFO] MicroXplorer:498 - Change Database Version : DB.6.0.150
2026-05-21 13:58:03,590 [INFO] McuFinderGlobals:63 - Set McuFinder mode to 2 (CubeIDE integrated)
2026-05-21 13:58:03,592 [INFO] UserAuth:487 - Internet connection configuration mode: 1
2026-05-21 13:58:03,639 [INFO] JxBrowserEngine:152 - Initiate JxBrowser Engine with user profile folder
2026-05-21 13:58:03,821 [WARN] MainUpdater:1193 - Updater busy. Cannot search thirdparties
2026-05-21 13:58:03,822 [INFO] ThirdPartyUpdaterWithRetryManager:96 - Updater plugin is busy. [1/15]
2026-05-21 13:58:03,879 [INFO] CheckServerUpdateThread:120 - End of CheckServer Thread
2026-05-21 13:58:05,434 [INFO] WebApp:169 - Instantiating new browser for Auth
2026-05-21 13:58:06,672 [INFO] WebApp:463 - Apply proxy settings
2026-05-21 13:58:06,680 [INFO] WebApp:508 - Chromium authenticates against Manually configured proxy
2026-05-21 13:58:06,700 [INFO] WebApp:516 - Username used for proxy authentication: 
2026-05-21 13:58:06,800 [INFO] WebApp:900 - Register for checkConnection events
2026-05-21 13:58:06,801 [INFO] WebApp:463 - Apply proxy settings
2026-05-21 13:58:06,804 [INFO] WebApp:508 - Chromium authenticates against Manually configured proxy
2026-05-21 13:58:06,807 [INFO] WebApp:516 - Username used for proxy authentication: 
2026-05-21 13:58:07,274 [WARN] PackLoader:240 - Cannot read IP mode file for STMicroelectronics.X-CUBE-AZRTOS-H7.3.5.0
2026-05-21 13:58:07,292 [INFO] WebApp:225 - Starting web application
2026-05-21 13:58:07,292 [INFO] WebApp:593 - Web application path used /Applications/STM32CubeIDE.app/Contents/Eclipse/plugins/com.st.stm32cube.common.mx_6.15.0.202507011659/db/plugins/mcufinder/reactClient1/index.html
2026-05-21 13:58:07,292 [WARN] PackLoader:240 - Cannot read IP mode file for STMicroelectronics.FP-SNS-MOTENVWB1.1.4.0
2026-05-21 13:58:07,314 [WARN] PackLoader:240 - Cannot read IP mode file for STMicroelectronics.FP-ATR-ASTRA1.2.0.2
2026-05-21 13:58:07,327 [WARN] PackLoader:240 - Cannot read IP mode file for STMicroelectronics.FP-ATR-ASTRA1.2.0.1
2026-05-21 13:58:07,346 [WARN] PackLoader:240 - Cannot read IP mode file for STMicroelectronics.X-CUBE-SMBUS.2.1.0
2026-05-21 13:58:07,358 [WARN] PackLoader:240 - Cannot read IP mode file for STMicroelectronics.X-CUBE-WB05N.1.1.0
2026-05-21 13:58:07,366 [WARN] PackLoader:240 - Cannot read IP mode file for STMicroelectronics.X-CUBE-ST60.1.0.0
2026-05-21 13:58:07,375 [WARN] PackLoader:240 - Cannot read IP mode file for STMicroelectronics.X-CUBE-TOUCHGFX.4.23.2
2026-05-21 13:58:07,431 [INFO] UserAuth:487 - Internet connection configuration mode: 1
2026-05-21 13:58:07,464 [WARN] PackLoader:240 - Cannot read IP mode file for STMicroelectronics.X-CUBE-AZRTOS-F7.1.1.0
2026-05-21 13:58:07,480 [WARN] PackLoader:240 - Cannot read IP mode file for STMicroelectronics.FP-SNS-MOTENV1.4.3.2
2026-05-21 13:58:07,590 [WARN] PackLoader:240 - Cannot read IP mode file for STMicroelectronics.X-CUBE-MEMS1.11.0.0
2026-05-21 13:58:07,740 [INFO] WebApp:191 - Connection restablished
2026-05-21 13:58:08,210 [WARN] PackLoader:240 - Cannot read IP mode file for STMicroelectronics.FP-SNS-MOTENV1.5.1.0
2026-05-21 13:58:08,217 [WARN] PackLoader:240 - Cannot read IP mode file for STMicroelectronics.FP-SNS-FLIGHT1.5.0.2
2026-05-21 13:58:08,265 [WARN] PackLoader:240 - Cannot read IP mode file for STMicroelectronics.X-CUBE-AZRTOS-H7.3.4.0
2026-05-21 13:58:08,301 [WARN] PackLoader:240 - Cannot read IP mode file for STMicroelectronics.X-CUBE-DISPLAY.3.0.0
2026-05-21 13:58:08,319 [WARN] PackLoader:240 - Cannot read IP mode file for STMicroelectronics.X-CUBE-GNSS1.7.1.1
2026-05-21 13:58:08,333 [WARN] PackLoader:240 - Cannot read IP mode file for STMicroelectronics.FP-SNS-MOTENVWB1.1.5.0
2026-05-21 13:58:08,351 [WARN] PackLoader:240 - Cannot read IP mode file for STMicroelectronics.X-CUBE-BLE1.7.0.0
2026-05-21 13:58:08,480 [WARN] PackLoader:240 - Cannot read IP mode file for STMicroelectronics.X-CUBE-NFC10.1.0.0
2026-05-21 13:58:08,498 [WARN] PackLoader:240 - Cannot read IP mode file for STMicroelectronics.X-CUBE-BLEMGR.4.0.0
2026-05-21 13:58:08,509 [WARN] PackLoader:240 - Cannot read IP mode file for STMicroelectronics.X-CUBE-ST60.1.1.0
2026-05-21 13:58:08,521 [WARN] PackLoader:240 - Cannot read IP mode file for emotas.I-CUBE-CANOPEN.1.3.0
2026-05-21 13:58:08,532 [WARN] PackLoader:240 - Cannot read IP mode file for STMicroelectronics.X-CUBE-GNSS1.7.1.0
2026-05-21 13:58:08,551 [WARN] PackLoader:240 - Cannot read IP mode file for STMicroelectronics.X-CUBE-BLEMGR.3.1.0
2026-05-21 13:58:08,559 [WARN] PackLoader:240 - Cannot read IP mode file for STMicroelectronics.X-CUBE-AI.10.0.0
2026-05-21 13:58:08,574 [WARN] PackLoader:240 - Cannot read IP mode file for STMicroelectronics.FP-SNS-STBOX1.2.1.0
2026-05-21 13:58:08,600 [WARN] PackLoader:240 - Cannot read IP mode file for STMicroelectronics.FP-SNS-SMARTAG2.1.2.0
2026-05-21 13:58:08,609 [WARN] PackLoader:240 - Cannot read IP mode file for STMicroelectronics.FP-SNS-FLIGHT1.5.1.0
2026-05-21 13:58:08,703 [WARN] PackLoader:240 - Cannot read IP mode file for STMicroelectronics.X-CUBE-MEMS1.11.1.0
2026-05-21 13:58:08,931 [INFO] LogOutputStream:77 - [STDOUT_REDIRECT] 1 : Invalid condition id : UX_CORESTACK_Condition cause : null
2026-05-21 13:58:08,932 [INFO] LogOutputStream:77 - [STDOUT_REDIRECT] 1 : Invalid condition id : UX_CORESTACK_Condition cause : null
2026-05-21 13:58:08,933 [INFO] LogOutputStream:77 - [STDOUT_REDIRECT] 1 : Invalid condition id : UX_CORESTACK_Condition cause : null
2026-05-21 13:58:08,933 [INFO] LogOutputStream:77 - [STDOUT_REDIRECT] 1 : Invalid condition id : UX_CORESTACK_Condition cause : null
2026-05-21 13:58:08,933 [INFO] LogOutputStream:77 - [STDOUT_REDIRECT] 1 : Invalid condition id : UX_CORESTACK_Condition cause : null
2026-05-21 13:58:08,938 [WARN] PackLoader:240 - Cannot read IP mode file for STMicroelectronics.X-CUBE-AZRTOS-WL.2.0.0
2026-05-21 13:58:08,944 [WARN] PackLoader:240 - Cannot read IP mode file for STMicroelectronics.FP-SNS-MOTENV1.5.0.0
2026-05-21 13:58:08,975 [WARN] PackLoader:240 - Cannot read IP mode file for STMicroelectronics.X-CUBE-AZRTOS-H7RS.1.2.0
2026-05-21 13:58:08,981 [WARN] PackLoader:240 - Cannot read IP mode file for wolfSSL.I-CUBE-wolfMQTT.1.19.0
2026-05-21 13:58:08,989 [WARN] PackLoader:240 - Cannot read IP mode file for WES.I-CUBE-Cesium.1.3.0
2026-05-21 13:58:08,996 [WARN] PackLoader:240 - Cannot read IP mode file for STMicroelectronics.X-CUBE-BLE2.3.3.0
2026-05-21 13:58:09,016 [WARN] PackLoader:240 - Cannot read IP mode file for STMicroelectronics.X-CUBE-NFC9.1.0.0
2026-05-21 13:58:09,024 [WARN] PackLoader:240 - Cannot read IP mode file for STMicroelectronics.X-CUBE-BLE1.7.1.0
2026-05-21 13:58:09,032 [WARN] PackLoader:240 - Cannot read IP mode file for STMicroelectronics.X-CUBE-TCPP.4.1.0
2026-05-21 13:58:09,043 [WARN] PackLoader:240 - Cannot read IP mode file for STMicroelectronics.X-CUBE-FREERTOS.1.4.0
2026-05-21 13:58:09,051 [WARN] PackLoader:240 - Cannot read IP mode file for STMicroelectronics.X-CUBE-EEPRMA1.5.2.0
2026-05-21 13:58:09,060 [WARN] PackLoader:240 - Cannot read IP mode file for STMicroelectronics.X-CUBE-ST67W61.1.1.0
2026-05-21 13:58:09,065 [WARN] PackLoader:240 - Cannot read IP mode file for STMicroelectronics.X-CUBE-AI.10.1.0
2026-05-21 13:58:09,072 [WARN] PackLoader:240 - Cannot read IP mode file for STMicroelectronics.FP-SNS-STAIOTCFT.1.1.0
2026-05-21 13:58:09,180 [WARN] PackLoader:240 - Cannot read IP mode file for STMicroelectronics.X-CUBE-MEMS1.12.0.0
2026-05-21 13:58:09,402 [WARN] PackLoader:240 - Cannot read IP mode file for STMicroelectronics.X-CUBE-ALGOBUILD.1.3.0
2026-05-21 13:58:09,518 [WARN] PackLoader:240 - Cannot read IP mode file for STMicroelectronics.X-CUBE-MEMS1.11.2.0
2026-05-21 13:58:09,731 [WARN] PackLoader:240 - Cannot read IP mode file for STMicroelectronics.X-CUBE-AZRTOS-G0.1.1.0
2026-05-21 13:58:09,740 [WARN] PackLoader:240 - Cannot read IP mode file for STMicroelectronics.X-CUBE-SAFEA1.1.2.2
2026-05-21 13:58:09,747 [WARN] PackLoader:240 - Cannot read IP mode file for STMicroelectronics.X-CUBE-NFC4.3.0.0
2026-05-21 13:58:09,759 [WARN] PackLoader:240 - Cannot read IP mode file for EmbeddedOffice.I-CUBE-FS-RTOS.1.0.1
2026-05-21 13:58:09,765 [WARN] PackLoader:240 - Cannot read IP mode file for STMicroelectronics.X-CUBE-WB05N.2.0.0
2026-05-21 13:58:09,773 [WARN] PackLoader:240 - Cannot read IP mode file for STMicroelectronics.X-CUBE-TCPP.4.2.0
2026-05-21 13:58:09,781 [WARN] PackLoader:240 - Cannot read IP mode file for RealThread.X-CUBE-RT-Thread_Nano.4.1.1
2026-05-21 13:58:09,786 [WARN] PackLoader:240 - Cannot read IP mode file for wolfSSL.I-CUBE-wolfSSL.5.7.0
2026-05-21 13:58:09,790 [WARN] PackLoader:240 - Cannot read IP mode file for STMicroelectronics.FP-ATR-SIGFOX1.3.2.0
2026-05-21 13:58:09,795 [WARN] ConditionMgr:438 - getConditionDescription Invalid condition id : Cortex-A Device cause : null
2026-05-21 13:58:09,802 [WARN] ConditionMgr:1044 - genDependencies : Invalid condition id : Cortex-A Device cause : null
2026-05-21 13:58:09,802 [WARN] ConditionMgr:1044 - genDependencies : Invalid condition id : Cortex-A Device cause : null
2026-05-21 13:58:09,803 [WARN] ConditionMgr:1044 - genDependencies : Invalid condition id : Cortex-A Device cause : null
2026-05-21 13:58:09,810 [WARN] PackLoader:240 - Cannot read IP mode file for STMicroelectronics.X-CUBE-EEPRMA1.5.1.0
2026-05-21 13:58:09,819 [WARN] PackLoader:240 - Cannot read IP mode file for STMicroelectronics.X-CUBE-FREERTOS.1.5.0
2026-05-21 13:58:09,827 [WARN] PackLoader:240 - Cannot read IP mode file for ITTIA_DB.I-CUBE-ITTIADB.8.9.0
2026-05-21 13:58:09,838 [WARN] PackLoader:240 - Cannot read IP mode file for STMicroelectronics.X-CUBE-NFC6.3.2.0
2026-05-21 13:58:09,848 [WARN] PackLoader:240 - Cannot read IP mode file for STMicroelectronics.X-CUBE-ST67W61.1.0.0
2026-05-21 13:58:09,853 [WARN] PackLoader:240 - Cannot read IP mode file for STMicroelectronics.X-CUBE-AI.10.2.0
2026-05-21 13:58:09,921 [WARN] PackLoader:240 - Cannot read IP mode file for STMicroelectronics.X-CUBE-MEMS1.12.1.0
2026-05-21 13:58:10,083 [WARN] PackLoader:240 - Cannot read IP mode file for SEGGER.I-CUBE-embOS.1.3.1
2026-05-21 13:58:10,146 [WARN] PackLoader:240 - Cannot read IP mode file for STMicroelectronics.X-CUBE-ALGOBUILD.1.4.0
2026-05-21 13:58:10,217 [WARN] PackLoader:240 - Cannot read IP mode file for STMicroelectronics.X-CUBE-MEMS1.11.3.0
2026-05-21 13:58:10,379 [WARN] PackLoader:240 - Cannot read IP mode file for STMicroelectronics.X-CUBE-AI.9.1.0
2026-05-21 13:58:10,383 [WARN] PackLoader:240 - Cannot read IP mode file for STMicroelectronics.X-CUBE-PM33A1.1.0.0
2026-05-21 13:58:10,389 [WARN] PackLoader:240 - Cannot read IP mode file for STMicroelectronics.X-CUBE-GNSS1.6.0.0
2026-05-21 13:58:10,411 [WARN] PackLoader:240 - Cannot read IP mode file for STMicroelectronics.X-CUBE-AZRTOS-F4.1.1.0
2026-05-21 13:58:10,418 [WARN] PackLoader:240 - Cannot read IP mode file for Avnet-IotConnect.X-CUBE-IoTC-DA16k-PMOD.1.0.0
2026-05-21 13:58:10,423 [WARN] PackLoader:240 - Cannot read IP mode file for STMicroelectronics.X-CUBE-ISPU.2.1.0
2026-05-21 13:58:10,438 [WARN] PackLoader:240 - Cannot read IP mode file for STMicroelectronics.X-CUBE-IPS.3.2.0
2026-05-21 13:58:10,447 [WARN] PackLoader:240 - Cannot read IP mode file for STMicroelectronics.eDS-WB_DPC_TT-BIDIR.2.1.1
2026-05-21 13:58:10,453 [WARN] PackLoader:240 - Cannot read IP mode file for STMicroelectronics.X-CUBE-FREERTOS.1.2.0
2026-05-21 13:58:10,508 [WARN] PackLoader:240 - Cannot read IP mode file for STMicroelectronics.X-CUBE-NFC12.1.0.0
2026-05-21 13:58:10,551 [WARN] PackLoader:240 - Cannot read IP mode file for STMicroelectronics.X-CUBE-AZRTOS-L5.2.0.0
2026-05-21 13:58:10,582 [WARN] PackLoader:240 - Cannot read IP mode file for STMicroelectronics.X-CUBE-NFC6.3.1.0
2026-05-21 13:58:10,598 [WARN] PackLoader:240 - Cannot read IP mode file for STMicroelectronics.X-CUBE-DPower.1.2.0
2026-05-21 13:58:10,603 [WARN] PackLoader:240 - Cannot read IP mode file for STMicroelectronics.eDS-WB_DPC_VIENNA.1.2.0
2026-05-21 13:58:10,606 [WARN] PackLoader:240 - Cannot read IP mode file for STMicroelectronics.eDS-WB_DPC_3PH2L-BIDIR.1.1.1
2026-05-21 13:58:10,610 [WARN] PackLoader:240 - Cannot read IP mode file for STMicroelectronics.X-CUBE-AI.9.0.0
2026-05-21 13:58:10,617 [ERROR] Engine:466 - /Users/admin/.stm32cubemx/thirdparties/pdsc/STMicroelectronics.X-CUBE-ST67W61.1.3.0.pdsc: PDSC version is not supported
2026-05-21 13:58:10,623 [WARN] PackLoader:240 - Cannot read IP mode file for STMicroelectronics.X-CUBE-FREERTOS.1.3.1
2026-05-21 13:58:10,628 [WARN] PackLoader:240 - Cannot read IP mode file for STMicroelectronics.X-CUBE-FREERTOS.1.3.0
2026-05-21 13:58:10,635 [WARN] PackLoader:240 - Cannot read IP mode file for STMicroelectronics.X-CUBE-NFC7.1.0.1
2026-05-21 13:58:10,640 [WARN] PackLoader:240 - Cannot read IP mode file for wolfSSL.I-CUBE-wolfTPM.3.2.0
2026-05-21 13:58:10,644 [WARN] PackLoader:240 - Cannot read IP mode file for STMicroelectronics.X-CUBE-TOUCHGFX.4.26.0
2026-05-21 13:58:10,647 [WARN] PackLoader:240 - Cannot read IP mode file for STMicroelectronics.X-CUBE-TOUCHGFX.4.26.1
2026-05-21 13:58:10,653 [WARN] PackLoader:240 - Cannot read IP mode file for STMicroelectronics.FP-SNS-STAIOTCFT.1.0.0
2026-05-21 13:58:10,659 [WARN] PackLoader:240 - Cannot read IP mode file for STMicroelectronics.X-CUBE-DPower.1.3.0
2026-05-21 13:58:10,663 [WARN] PackLoader:240 - Cannot read IP mode file for STMicroelectronics.X-CUBE-AI.8.1.0
2026-05-21 13:58:10,694 [WARN] ConditionMgr:438 - getConditionDescription Invalid condition id : LAN8742 Phy interface Condition cause : null
2026-05-21 13:58:10,697 [WARN] PackLoader:240 - Cannot read IP mode file for STMicroelectronics.X-CUBE-AZRTOS-L4.2.0.0
2026-05-21 13:58:10,700 [WARN] ConditionMgr:1044 - genDependencies : Invalid condition id : LAN8742 Phy interface Condition cause : null
2026-05-21 13:58:10,701 [WARN] ConditionMgr:1044 - genDependencies : Invalid condition id : LAN8742 Phy interface Condition cause : null
2026-05-21 13:58:10,702 [WARN] ConditionMgr:1044 - genDependencies : Invalid condition id : LAN8742 Phy interface Condition cause : null
2026-05-21 13:58:10,715 [WARN] PackLoader:240 - Cannot read IP mode file for STMicroelectronics.X-CUBE-SFXS2LP1.4.0.0
2026-05-21 13:58:10,731 [WARN] PackLoader:240 - Cannot read IP mode file for STMicroelectronics.X-CUBE-WB05N.2.1.0
2026-05-21 13:58:10,741 [WARN] PackLoader:240 - Cannot read IP mode file for STMicroelectronics.X-CUBE-ST67W61.1.2.0
2026-05-21 13:58:10,784 [WARN] PackLoader:240 - Cannot read IP mode file for STMicroelectronics.X-CUBE-AZRTOS-H7.3.3.0
2026-05-21 13:58:10,805 [WARN] PackLoader:240 - Cannot read IP mode file for STMicroelectronics.X-CUBE-BLEMGR.4.1.0
2026-05-21 13:58:10,831 [WARN] PackLoader:240 - Cannot read IP mode file for STMicroelectronics.X-CUBE-IPS.3.0.0
2026-05-21 13:58:10,861 [WARN] ConditionMgr:438 - getConditionDescription Invalid condition id : UX DEVICE CLASS RTOS Condition cause : null
2026-05-21 13:58:10,862 [WARN] ConditionMgr:438 - getConditionDescription Invalid condition id : UX DEVICE CLASS RTOS Condition cause : null
2026-05-21 13:58:10,867 [WARN] PackLoader:240 - Cannot read IP mode file for STMicroelectronics.X-CUBE-AZRTOS-WB.2.0.0
2026-05-21 13:58:10,868 [WARN] ConditionMgr:1044 - genDependencies : Invalid condition id : UX DEVICE CLASS RTOS Condition cause : null
2026-05-21 13:58:10,868 [WARN] ConditionMgr:1044 - genDependencies : Invalid condition id : UX DEVICE CLASS RTOS Condition cause : null
2026-05-21 13:58:10,870 [WARN] ConditionMgr:1044 - genDependencies : Invalid condition id : UX DEVICE CLASS RTOS Condition cause : null
2026-05-21 13:58:10,870 [WARN] ConditionMgr:1044 - genDependencies : Invalid condition id : UX DEVICE CLASS RTOS Condition cause : null
2026-05-21 13:58:10,870 [WARN] ConditionMgr:1044 - genDependencies : Invalid condition id : UX DEVICE CLASS RTOS Condition cause : null
2026-05-21 13:58:10,879 [WARN] PackLoader:240 - Cannot read IP mode file for STMicroelectronics.X-CUBE-GNSS1.7.0.0
2026-05-21 13:58:10,885 [WARN] PackLoader:240 - Cannot read IP mode file for STMicroelectronics.X-CUBE-GNSS1.7.0.1
2026-05-21 13:58:10,891 [WARN] PackLoader:240 - Cannot read IP mode file for STMicroelectronics.X-CUBE-TOUCHGFX.4.25.0
2026-05-21 13:58:10,900 [WARN] PackLoader:240 - Cannot read IP mode file for STMicroelectronics.FP-SNS-STBOX1.2.0.0
2026-05-21 13:58:10,914 [WARN] PackLoader:240 - Cannot read IP mode file for STMicroelectronics.X-CUBE-STSE01.2.0.0
2026-05-21 13:58:10,929 [WARN] PackLoader:240 - Cannot read IP mode file for STMicroelectronics.X-CUBE-SUBG2.5.0.0
2026-05-21 13:58:10,974 [WARN] PackLoader:240 - Cannot read IP mode file for STMicroelectronics.X-CUBE-AZRTOS-H7RS.1.1.0
2026-05-21 13:58:10,983 [WARN] PackLoader:240 - Cannot read IP mode file for Cesanta.I-CUBE-Mongoose.7.13.0
2026-05-21 13:58:11,001 [WARN] PackLoader:240 - Cannot read IP mode file for STMicroelectronics.X-CUBE-AZRTOS-G4.2.0.0
2026-05-21 13:58:11,008 [WARN] PackLoader:240 - Cannot read IP mode file for STMicroelectronics.X-CUBE-NFC7.2.0.0
2026-05-21 13:58:11,012 [WARN] PackLoader:240 - Cannot read IP mode file for STMicroelectronics.FP-SNS-MOTENVWB1.1.3.1
2026-05-21 13:58:11,018 [WARN] PackLoader:240 - Cannot read IP mode file for STMicroelectronics.X-CUBE-ISPU.2.0.0
2026-05-21 13:58:11,034 [WARN] PackLoader:240 - Cannot read IP mode file for STMicroelectronics.X-CUBE-IPS.3.1.0
2026-05-21 13:58:11,047 [WARN] PackLoader:240 - Cannot read IP mode file for STMicroelectronics.X-CUBE-ALS.1.0.2
2026-05-21 13:58:11,110 [WARN] PackLoader:240 - Cannot read IP mode file for STMicroelectronics.X-CUBE-MEMS1.10.0.0
2026-05-21 13:58:11,256 [WARN] PackLoader:240 - Cannot read IP mode file for STMicroelectronics.X-CUBE-FREERTOS.1.1.0
2026-05-21 13:58:11,260 [WARN] PackLoader:240 - Cannot read IP mode file for STMicroelectronics.X-CUBE-TOUCHGFX.4.24.0
2026-05-21 13:58:11,265 [WARN] PackLoader:240 - Cannot read IP mode file for STMicroelectronics.X-CUBE-TOUCHGFX.4.24.2
2026-05-21 13:58:11,269 [WARN] PackLoader:240 - Cannot read IP mode file for STMicroelectronics.X-CUBE-TOUCHGFX.4.24.1
2026-05-21 13:58:11,275 [WARN] PackLoader:240 - Cannot read IP mode file for STMicroelectronics.X-CUBE-STSE01.1.0.0
2026-05-21 13:58:11,282 [WARN] PackLoader:240 - Cannot read IP mode file for portGmbH.I-Cube-SoM-uGOAL.1.1.0
2026-05-21 13:58:11,286 [WARN] PackLoader:240 - Cannot read IP mode file for STMicroelectronics.X-CUBE-ALS.1.0.1
2026-05-21 13:58:11,307 [WARN] PackLoader:240 - Cannot read IP mode file for STMicroelectronics.X-CUBE-AZRTOS-H7RS.1.0.0
2026-05-21 13:58:11,314 [WARN] PackLoader:240 - Cannot read IP mode file for STMicroelectronics.FP-ATR-ASTRA1.2.0.0
2026-05-21 13:58:11,328 [WARN] PackLoader:240 - Cannot read IP mode file for STMicroelectronics.X-CUBE-TOF1.3.4.2
2026-05-21 13:58:11,353 [WARN] PackLoader:240 - Cannot read IP mode file for STMicroelectronics.X-CUBE-TOF1.3.4.3
2026-05-21 13:58:11,380 [WARN] PackLoader:240 - Cannot read IP mode file for STMicroelectronics.X-CUBE-TOF1.3.4.1
2026-05-21 13:58:11,417 [WARN] PackLoader:240 - Cannot read IP mode file for STMicroelectronics.X-CUBE-AZRTOS-H7.3.2.0
2026-05-21 13:58:11,435 [WARN] PackLoader:240 - Cannot read IP mode file for Infineon.AIROC-Wi-Fi-Bluetooth-STM32.1.6.0
2026-05-21 13:58:11,560 [WARN] PackLoader:240 - Cannot read IP mode file for wolfSSL.I-CUBE-wolfSSH.1.4.17
2026-05-21 13:58:11,561 [INFO] ThirdParty:978 - Integrity check success = true
2026-05-21 13:58:11,561 [INFO] IntegrityCheckThread:100 - exiting critical section [integrity check]
2026-05-21 13:58:11,561 [INFO] IntegrityCheckThread:103 - End integrity checks thread
2026-05-21 14:24:29,662 [INFO] McuFinderGlobals:63 - Set McuFinder mode to 2 (CubeIDE integrated)
2026-05-21 14:24:29,682 [INFO] MainUpdater:2872 - connection check result : 10
2026-05-21 14:24:29,683 [INFO] MainUpdater:2872 - connection check result : 10
2026-05-21 14:24:31,676 [INFO] MicroXplorer:468 - Change Database Path : 
2026-05-21 14:24:31,677 [INFO] MicroXplorer:498 - Change Database Version : DB.6.0.150
2026-05-21 14:24:31,695 [WARN] ThirdParty:871 - waiting for thirdparty lock release [close project]
2026-05-21 14:24:31,696 [INFO] ThirdParty:873 - entering critical section [close project]
2026-05-21 14:24:31,701 [INFO] ThirdParty:883 - exiting critical section [close project]
2026-05-21 14:24:31,708 [INFO] PinOutPanel:1589 - setPackage(No Configuration,No Configuration)
2026-05-21 14:24:31,726 [INFO] UtilMem:75 - Begin LoadConfig() Used Memory: 876395880 Bytes (1073741824)
2026-05-21 14:24:31,733 [INFO] MicroXplorer:468 - Change Database Path : 
2026-05-21 14:24:31,734 [INFO] MicroXplorer:498 - Change Database Version : DB.6.0.150
2026-05-21 14:24:31,735 [INFO] OpenFileManager:355 - Change cursor
2026-05-21 14:24:31,865 [INFO] Mcu:2029 - Initializing MCU STM32L010K8Tx STM32L010K8Tx STM32L010K8T6
2026-05-21 14:24:33,672 [INFO] Context:786 - Trying to add GPIOservice into a context  which must be forbidden
2026-05-21 14:24:34,174 [INFO] ImportTextPane:234 - (OptionalMessage_ERROR) Pin25 (VP_RIF_VS_RIF1) cannot be retrieved for this MCU
2026-05-21 14:24:34,817 [INFO] RtosManager:558 - Registered RTOS mode: class=CMSIS, group=RTOS, mode=CMSIS_V1, owner=FREERTOS
2026-05-21 14:24:34,818 [INFO] RtosManager:558 - Registered RTOS mode: class=CMSIS, group=RTOS2, mode=CMSIS_V2, owner=FREERTOS
2026-05-21 14:24:34,818 [INFO] RtosManager:558 - Registered RTOS mode: class=RTOS, group=Core, mode=CMSIS_V1, owner=FREERTOS
2026-05-21 14:24:34,818 [INFO] RtosManager:558 - Registered RTOS mode: class=RTOS, group=Core, mode=CMSIS_V2, owner=FREERTOS
2026-05-21 14:24:34,818 [WARN] ModelIntegratedComponent:184 - Missing modes for component STMicroelectronics:FreeRTOS:0.0.1:STMicroelectronics:RTOS:FreeRTOS:Core:::10.2.0:
2026-05-21 14:24:34,844 [WARN] ModelIntegratedComponent:63 - No mode defined for component null
2026-05-21 14:24:34,845 [WARN] ModelIntegratedComponent:63 - No mode defined for component null
2026-05-21 14:24:34,845 [WARN] ModelIntegratedComponent:63 - No mode defined for component null
2026-05-21 14:24:34,845 [WARN] ModelIntegratedComponent:63 - No mode defined for component null
2026-05-21 14:24:34,845 [WARN] ModelIntegratedComponent:63 - No mode defined for component null
2026-05-21 14:24:34,845 [WARN] ModelIntegratedComponent:63 - No mode defined for component null
2026-05-21 14:24:34,845 [WARN] ModelIntegratedComponent:63 - No mode defined for component null
2026-05-21 14:24:34,845 [WARN] ModelIntegratedComponent:63 - No mode defined for component null
2026-05-21 14:24:34,846 [WARN] ModelIntegratedComponent:63 - No mode defined for component null
2026-05-21 14:24:34,846 [WARN] ModelIntegratedComponent:63 - No mode defined for component null
2026-05-21 14:24:34,847 [WARN] ModelIntegratedComponent:63 - No mode defined for component null
2026-05-21 14:24:34,847 [WARN] ModelIntegratedComponent:63 - No mode defined for component null
2026-05-21 14:24:34,848 [WARN] ModelIntegratedComponent:63 - No mode defined for component null
2026-05-21 14:24:34,848 [WARN] ModelIntegratedComponent:63 - No mode defined for component null
2026-05-21 14:24:34,848 [WARN] ModelIntegratedComponent:63 - No mode defined for component null
2026-05-21 14:24:34,848 [WARN] ModelIntegratedComponent:63 - No mode defined for component null
2026-05-21 14:24:34,848 [WARN] ModelIntegratedComponent:63 - No mode defined for component null
2026-05-21 14:24:34,848 [WARN] ModelIntegratedComponent:63 - No mode defined for component null
2026-05-21 14:24:34,849 [WARN] ModelIntegratedComponent:63 - No mode defined for component null
2026-05-21 14:24:34,849 [WARN] ModelIntegratedComponent:63 - No mode defined for component null
2026-05-21 14:24:34,849 [WARN] ModelIntegratedComponent:63 - No mode defined for component null
2026-05-21 14:24:34,849 [WARN] ModelIntegratedComponent:63 - No mode defined for component null
2026-05-21 14:24:34,849 [WARN] ModelIntegratedComponent:63 - No mode defined for component null
2026-05-21 14:24:34,850 [WARN] ModelIntegratedComponent:63 - No mode defined for component null
2026-05-21 14:24:34,850 [WARN] ModelIntegratedComponent:63 - No mode defined for component null
2026-05-21 14:24:34,850 [WARN] ModelIntegratedComponent:63 - No mode defined for component null
2026-05-21 14:24:34,850 [WARN] ModelIntegratedComponent:63 - No mode defined for component null
2026-05-21 14:24:34,850 [WARN] ModelIntegratedComponent:63 - No mode defined for component null
2026-05-21 14:24:34,851 [WARN] ModelIntegratedComponent:63 - No mode defined for component null
2026-05-21 14:24:34,851 [WARN] ModelIntegratedComponent:63 - No mode defined for component null
2026-05-21 14:24:34,851 [WARN] ModelIntegratedComponent:63 - No mode defined for component null
2026-05-21 14:24:34,851 [WARN] ModelIntegratedComponent:63 - No mode defined for component null
2026-05-21 14:24:34,851 [WARN] ModelIntegratedComponent:63 - No mode defined for component null
2026-05-21 14:24:34,852 [WARN] ModelIntegratedComponent:63 - No mode defined for component null
2026-05-21 14:24:34,852 [WARN] ModelIntegratedComponent:63 - No mode defined for component null
2026-05-21 14:24:34,852 [WARN] ModelPack:524 - Component already loaded: STMicroelectronics:HAL Drivers:0.0.0:STMicroelectronics:Device:STMicro_Driver:XSPI:HAL::0.0.1:HAL_XSPI
2026-05-21 14:24:36,441 [INFO] ThirdPartyModel:298 - Start build external matchings
2026-05-21 14:24:51,732 [INFO] ThirdPartyModel:316 - End build external matchings
2026-05-21 14:24:52,401 [INFO] ImportTextPane:234 - (OptionalMessage_ERROR) IP (DMA) : Parameter (Instance) has Id (USART2_RX) currently not set
2026-05-21 14:24:52,402 [INFO] ImportTextPane:234 - (OptionalMessage_ERROR) IP (DMA) : Parameter (Request) has Id (USART2_RX) currently not set
2026-05-21 14:24:52,403 [INFO] ImportTextPane:234 - (OptionalMessage_ERROR) IP (DMA) : Parameter (Direction) has Id (USART2_RX) currently not set
2026-05-21 14:24:52,404 [INFO] ImportTextPane:234 - (OptionalMessage_ERROR) IP (DMA) : Parameter (PeriphInc) has Id (USART2_RX) currently not set
2026-05-21 14:24:52,407 [INFO] ImportTextPane:234 - (OptionalMessage_ERROR) IP (DMA) : Parameter (MemInc) has Id (USART2_RX) currently not set
2026-05-21 14:24:52,416 [INFO] ImportTextPane:234 - (OptionalMessage_ERROR) IP (DMA) : Parameter (PeriphDataAlignment) has Id (USART2_RX) currently not set
2026-05-21 14:24:52,419 [INFO] ImportTextPane:234 - (OptionalMessage_ERROR) IP (DMA) : Parameter (MemDataAlignment) has Id (USART2_RX) currently not set
2026-05-21 14:24:52,420 [INFO] ImportTextPane:234 - (OptionalMessage_ERROR) IP (DMA) : Parameter (Mode) has Id (USART2_RX) currently not set
2026-05-21 14:24:52,421 [INFO] ImportTextPane:234 - (OptionalMessage_ERROR) IP (DMA) : Parameter (Priority) has Id (USART2_RX) currently not set
2026-05-21 14:24:52,433 [INFO] ImportTextPane:234 - (OptionalMessage_ERROR) IP (RCC) : Invalid parameter (FamilyName)
2026-05-21 14:24:52,447 [INFO] ImportTextPane:234 - (OptionalMessage_ERROR) IP (RCC) : Invalid parameter (TIMFreq_Value)
2026-05-21 14:24:53,295 [INFO] ApiDb:581 - Connected to CubeFinder SQLite database (/Users/admin/.stmcufinder/plugins/mcufinder/mcu/cube-finder-db.db)
2026-05-21 14:24:53,675 [INFO] ApiDb:668 - CubeFinder database Data Model version=2.1
2026-05-21 14:24:53,676 [INFO] ApiDb:669 - CubeFinder database Configuration version=3.0.42
2026-05-21 14:24:53,677 [INFO] ApiDb:670 - CubeFinder database generation date=2026-03-11 (1773229989)
2026-05-21 14:24:53,677 [INFO] ApiDb:671 - CubeFinder database FW Pack versions=[FP-ATR-ASTRA1_V2.0.0, FP-SNS-FLIGHT1_V5.1.0, FP-SNS-MOTENV1_V5.1.0, FP-SNS-MOTENVWB1_V1.5.0, FP-SNS-SMARTAG2_V1.2.0, FP-SNS-STBOX1_V2.1.0, STM32Cube_FW_C0_V1.4.0, STM32Cube_FW_F4_V1.28.3, STM32Cube_FW_F7_V1.17.4, STM32Cube_FW_G0_V1.6.3, STM32Cube_FW_G4_V1.6.2, STM32Cube_FW_H5_V1.6.0, STM32Cube_FW_H7RS_V1.3.0, STM32Cube_FW_H7_V1.13.0, STM32Cube_FW_L0_V1.12.2, STM32Cube_FW_L4_V1.18.2, STM32Cube_FW_L5_V1.6.0, STM32Cube_FW_N6_V1.3.0, STM32Cube_FW_U0_V1.3.0, STM32Cube_FW_U3_V1.3.0, STM32Cube_FW_U5_V1.8.0, STM32Cube_FW_WB0_V1.4.0, STM32Cube_FW_WBA_V1.9.0, STM32Cube_FW_WB_V1.24.0, STM32Cube_FW_WL3_V1.4.0, STM32Cube_FW_WL_V1.5.0, X-CUBE-ALGOBUILD_V1.4.0, X-CUBE-ALS_V1.0.2, X-CUBE-AZRTOS-F4_V1.1.0, X-CUBE-AZRTOS-F7_V1.1.0, X-CUBE-AZRTOS-G0_V1.1.0, X-CUBE-AZRTOS-G4_V2.0.0, X-CUBE-AZRTOS-H7RS_V1.1.0, X-CUBE-AZRTOS-H7_V3.4.0, X-CUBE-AZRTOS-L4_V2.0.0, X-CUBE-AZRTOS-L5_V2.0.0, X-CUBE-AZRTOS-WB_V2.0.0, X-CUBE-AZRTOS-WL_V2.0.0, X-CUBE-BLE1_V7.1.0, X-CUBE-BLE2_V3.3.0, X-CUBE-BLEMGR_V4.1.0, X-CUBE-EEPRMA1_V5.2.0, X-CUBE-FREERTOS_V1.5.0, X-CUBE-GNSS1_V6.0.0, X-CUBE-MEMS1_V12.0.0, X-CUBE-NFC4_V3.0.0, X-CUBE-NFC7_V2.0.0, X-CUBE-SFXS2LP1_V4.0.0, X-CUBE-ST67W61_V1.2.0, X-CUBE-SUBG2_V5.0.0, X-CUBE-TOF1_V3.4.3]
2026-05-21 14:24:54,226 [INFO] DbBoardsSqlite:226 - include board P-NUCLEO-WB55-NUCLEO as a kit item of type 'Nucleo-64'
2026-05-21 14:24:54,228 [INFO] DbBoardsSqlite:226 - include board P-NUCLEO-WB55-USBDONGLE as a kit item of type 'Nucleo USB Dongle'
2026-05-21 14:24:54,230 [INFO] DbBoardsSqlite:226 - include board STEVAL-IDP005V1 as a kit item of type 'Evaluation Board'
2026-05-21 14:24:54,232 [INFO] DbBoardsSqlite:226 - include board STEVAL-IDP005V2 as a kit item of type 'Evaluation Board'
2026-05-21 14:24:56,176 [INFO] ApiDb:240 - Found 880 in-development CPN: [B-G473E-ZEST1S, B-WB1M-WPAN1, B-WBA5M-WPAN, B-WL5M-SUBG1, NUCLEO-C031C6, NUCLEO-C051C8, NUCLEO-C071RB, NUCLEO-C092RC, NUCLEO-H503RB, NUCLEO-H533RE, NUCLEO-H563ZI, NUCLEO-H7S3L8, NUCLEO-N657X0-Q, NUCLEO-U031R8, NUCLEO-U083RC, NUCLEO-U385RG-Q, NUCLEO-U545RE-Q, NUCLEO-U5A5ZJ-Q, NUCLEO-WB05KZ, NUCLEO-WB07CC, NUCLEO-WB09KE, NUCLEO-WBA52CG, NUCLEO-WBA55CG, NUCLEO-WL33CC1, NUCLEO-WL33CC2, STEVAL-PROTEUS1, STEVAL-SMARTAG2, STEVAL-STWINBX1, STM320518-EVAL, STM32C0116-DK, STM32C011D6Y3TR, STM32C011D6Y6TR, STM32C011F4P3, STM32C011F4P6, STM32C011F4U3, STM32C011F4U6TR, STM32C011F6P3, STM32C011F6P6, STM32C011F6U3, STM32C011F6U6TR, STM32C011J4M3, STM32C011J4M6, STM32C011J6M3, STM32C011J6M6, STM32C0316-DK, STM32C031C4T3, STM32C031C4T6, STM32C031C4U3, STM32C031C4U6, STM32C031C6T3, STM32C031C6T6, STM32C031C6U3, STM32C031C6U6, STM32C031F4P3, STM32C031F4P6, STM32C031F6P3, STM32C031F6P6, STM32C031G4U3, STM32C031G4U6, STM32C031G6U3, STM32C031G6U6, STM32C031K4T3, STM32C031K4T6, STM32C031K4U3, STM32C031K4U6, STM32C031K6T3, STM32C031K6T6, STM32C031K6U3, STM32C031K6U6, STM32C051C6T6, STM32C051C6U6, STM32C051C8T6, STM32C051C8U6, STM32C051D8Y6TR, STM32C051F6P6, STM32C051F8P6, STM32C051G6U6, STM32C051G8U6, STM32C051K6T6, STM32C051K6U6, STM32C051K8T6, STM32C071C8T6, STM32C071C8T6N, STM32C071C8U6, STM32C071C8U6N, STM32C071CBT6, STM32C071CBT6N, STM32C071CBU6, STM32C071CBU6N, STM32C071F8P6, STM32C071F8P6N, STM32C071FBP6, STM32C071FBP6N, STM32C071FBY6TR, STM32C071G8U6, STM32C071G8U6N, STM32C071GBU6, STM32C071GBU6N, STM32C071K8T6, STM32C071K8T6N, STM32C071K8U6, STM32C071K8U6N, STM32C071KBT6, STM32C071KBT6N, STM32C071KBU6, STM32C071KBU6N, STM32C071R8T6, STM32C071R8T6N, STM32C071RBI6N, STM32C071RBT6, STM32C071RBT6N, STM32C091CBT6, STM32C091CBU6, STM32C091CCT6, STM32C091CCU6, STM32C091ECY6TR, STM32C091FBP6, STM32C091FCP6, STM32C091GBU6, STM32C091GCU6, STM32C091KBT6, STM32C091KBU6, STM32C091KCT6, STM32C091KCU6, STM32C091RBT6, STM32C091RCI6, STM32C091RCT6, STM32C092CBT6, STM32C092CBU6, STM32C092CCT6, STM32C092CCU6, STM32C092ECY6TR, STM32C092FBP6, STM32C092FCP6, STM32C092GBU6, STM32C092GCU6, STM32C092KBT6, STM32C092KBU6, STM32C092KCT6, STM32C092KCU6, STM32C092RBT6, STM32C092RCI6, STM32C092RCT6, STM32G071K8TXN, STM32G071K8UXN, STM32G081GBU6N, STM32G081KBT6N, STM32G081KBUXN, STM32G0B1CCT6N, STM32G0B1KCT6, STM32G0B1NEY6TR, STM32G0B1RCT6N, STM32G0C1CCT6, STM32G0C1CCT6N, STM32G0C1CCU6N, STM32G0C1CET6N, STM32G0C1CEU6N, STM32G0C1KCT6, STM32G0C1NEY6TR, STM32G0C1RCI6N, STM32G0C1RCT6N, STM32G0C1REI6N, STM32G0C1RET6N, STM32G0C1VCI6, STM32G0C1VEI6, STM32G411C6T3, STM32G411C6T6, STM32G411C6U3, STM32G411C6U6, STM32G411C8T3, STM32G411C8T6, STM32G411C8U3, STM32G411C8U6, STM32G411CBT3, STM32G411CBT6, STM32G411CBU3, STM32G411CBU6, STM32G411K6T3, STM32G411K6T6, STM32G411K6U3, STM32G411K6U6, STM32G411K8T3, STM32G411K8T6, STM32G411K8U3, STM32G411K8U6, STM32G411KBT3, STM32G411KBT6, STM32G411KBU3, STM32G411KBU6, STM32G411M6T3, STM32G411M6T6, STM32G411M8T3, STM32G411M8T6, STM32G411MBT3, STM32G411MBT6, STM32G411R6T3, STM32G411R6T6, STM32G411R8T3, STM32G411R8T6, STM32G411RBT3, STM32G411RBT6, STM32G414CBT3, STM32G414CBT6, STM32G414CBU3, STM32G414CBU6, STM32G414CCT3, STM32G414CCT6, STM32G414CCU3, STM32G414CCU6, STM32G414MBT3, STM32G414MBT6, STM32G414MCT3, STM32G414MCT6, STM32G414RBT3, STM32G414RBT6, STM32G414RCT3, STM32G414RCT6, STM32G414VBT3, STM32G414VBT6, STM32G414VCT3, STM32G414VCT6, STM32G431CBT3Z, STM32G431RBT3Z, STM32G471CCT6, STM32G471CCU6, STM32G471CET3, STM32G471CET6, STM32G471CEU3, STM32G471CEU6, STM32G471MCT6, STM32G471MET3, STM32G471MET6, STM32G471MEY6TR, STM32G471QCT6, STM32G471QET3, STM32G471RCT6, STM32G471RET3, STM32G471RET6, STM32G471VCH6, STM32G471VCI6, STM32G471VCT6, STM32G471VEH3, STM32G471VEH6, STM32G471VEI3, STM32G471VEI6, STM32G471VET3, STM32G471VET6, STM32G473QET3Z, STM32G473RET3Z, STM32G474CCT6, STM32G491RET3Z, STM32H503CBT6, STM32H503CBU6, STM32H503EBY6TR, STM32H503KBU6, STM32H503RBT6, STM32H523CCT6, STM32H523CCU6, STM32H523CET6, STM32H523CEU6, STM32H523HEY6TR, STM32H523RCT6, STM32H523RET6, STM32H523VCI6, STM32H523VCT6, STM32H523VEI6, STM32H523VET6, STM32H523ZCJ6, STM32H523ZCT6, STM32H523ZEJ6, STM32H523ZET6, STM32H533CET6, STM32H533CEU6, STM32H533HEY6TR, STM32H533RET6, STM32H533VEI6, STM32H533VET6, STM32H533ZEJ6, STM32H533ZET6, STM32H562AGI6, STM32H562AII6, STM32H562IGK6, STM32H562IGT6, STM32H562IIK6, STM32H562IIT6, STM32H562RGT6, STM32H562RGV6, STM32H562RIT6, STM32H562RIV6, STM32H562VGT6, STM32H562VIT6, STM32H562ZGT6, STM32H562ZIT6, STM32H563AGI6, STM32H563AII3Q, STM32H563AII6, STM32H563IGK6, STM32H563IGT6, STM32H563IIK3Q, STM32H563IIK6, STM32H563IIT3Q, STM32H563IIT6, STM32H563MIY3QTR, STM32H563RGT6, STM32H563RGV6, STM32H563RIT6, STM32H563RIV6, STM32H563VGT6, STM32H563VIT3Q, STM32H563VIT6, STM32H563ZGT6, STM32H563ZIT3Q, STM32H563ZIT6, STM32H573AII3Q, STM32H573AII6, STM32H573I-DK, STM32H573IIK3Q, STM32H573IIK6, STM32H573IIT3Q, STM32H573IIT6, STM32H573MIY3QTR, STM32H573RIT6, STM32H573RIV6, STM32H573VIT3Q, STM32H573VIT6, STM32H573ZIT3Q, STM32H573ZIT6, STM32H7R3A8I6, STM32H7R3I8K6, STM32H7R3I8T6, STM32H7R3L8H6, STM32H7R3L8H6H, STM32H7R3R8V6, STM32H7R3V8H6, STM32H7R3V8T6, STM32H7R3V8Y6TR, STM32H7R3Z8J6, STM32H7R3Z8T6, STM32H7R7A8I6, STM32H7R7I8K6, STM32H7R7I8T6, STM32H7R7L8H6, STM32H7R7L8H6H, STM32H7R7Z8J6, STM32H7S3A8I6, STM32H7S3I8K6, STM32H7S3I8T6, STM32H7S3L8H6, STM32H7S3L8H6H, STM32H7S3R8V6, STM32H7S3V8H6, STM32H7S3V8T6, STM32H7S3V8Y6TR, STM32H7S3Z8J6, STM32H7S3Z8T6, STM32H7S78-DK, STM32H7S7A8I6, STM32H7S7I8K6, STM32H7S7I8T6, STM32H7S7L8H6, STM32H7S7L8H6H, STM32H7S7Z8J6, STM32L4R5QGI6STR, STM32MP131AAE3, STM32MP131AAF3, STM32MP131AAG3, STM32MP131CAE3, STM32MP131CAF3, STM32MP131CAG3, STM32MP131DAE7, STM32MP131DAF7, STM32MP131DAG7, STM32MP131FAE7, STM32MP131FAF7, STM32MP131FAG7, STM32MP133AAE3, STM32MP133AAF3, STM32MP133AAG3, STM32MP133CAE3, STM32MP133CAF3, STM32MP133CAG3, STM32MP133DAE7, STM32MP133DAF7, STM32MP133DAG7, STM32MP133FAE7, STM32MP133FAF7, STM32MP133FAG7, STM32MP135AAE3, STM32MP135AAF3, STM32MP135AAG3, STM32MP135CAE3, STM32MP135CAF3, STM32MP135CAG3, STM32MP135DAE7, STM32MP135DAF7, STM32MP135DAG7, STM32MP135F-DK, STM32MP135FAE7, STM32MP135FAF7, STM32MP135FAF7T, STM32MP135FAF7U, STM32MP135FAG7, STM32MP211AAL3, STM32MP211AAM3, STM32MP211AAN3, STM32MP211AAO3, STM32MP211CAL3, STM32MP211CAM3, STM32MP211CAN3, STM32MP211CAO3, STM32MP211DAL3, STM32MP211DAM3, STM32MP211DAN3, STM32MP211DAO3, STM32MP211FAL3, STM32MP211FAM3, STM32MP211FAN3, STM32MP211FAO3, STM32MP213AAL3, STM32MP213AAM3, STM32MP213AAN3, STM32MP213AAO3, STM32MP213CAL3, STM32MP213CAM3, STM32MP213CAN3, STM32MP213CAO3, STM32MP213DAL3, STM32MP213DAM3, STM32MP213DAN3, STM32MP213DAO3, STM32MP213FAL3, STM32MP213FAM3, STM32MP213FAN3, STM32MP213FAO3, STM32MP215AAL3, STM32MP215AAM3, STM32MP215AAN3, STM32MP215AAO3, STM32MP215CAL3, STM32MP215CAM3, STM32MP215CAN3, STM32MP215CAO3, STM32MP215DAL3, STM32MP215DAM3, STM32MP215DAN3, STM32MP215DAO3, STM32MP215F-DK, STM32MP215FAL3, STM32MP215FAM3, STM32MP215FAN3, STM32MP215FAO3, STM32MP231AAJ3, STM32MP231AAK3, STM32MP231AAL3, STM32MP231CAJ3, STM32MP231CAK3, STM32MP231CAL3, STM32MP231DAJ3, STM32MP231DAK3, STM32MP231DAL3, STM32MP231FAJ3, STM32MP231FAK3, STM32MP231FAL3, STM32MP233AAJ3, STM32MP233AAK3, STM32MP233AAL3, STM32MP233CAJ3, STM32MP233CAK3, STM32MP233CAL3, STM32MP233DAJ3, STM32MP233DAK3, STM32MP233DAL3, STM32MP233FAJ3, STM32MP233FAK3, STM32MP233FAL3, STM32MP235AAJ3, STM32MP235AAK3, STM32MP235AAL3, STM32MP235CAJ3, STM32MP235CAK3, STM32MP235CAL3, STM32MP235DAJ3, STM32MP235DAK3, STM32MP235DAL3, STM32MP235FAJ3, STM32MP235FAK3, STM32MP235FAL3, STM32MP251AAI3, STM32MP251AAK3, STM32MP251AAL3, STM32MP251CAI3, STM32MP251CAK3, STM32MP251CAL3, STM32MP251DAI3, STM32MP251DAK3, STM32MP251DAL3, STM32MP251FAI3, STM32MP251FAK3, STM32MP251FAL3, STM32MP253AAI3, STM32MP253AAK3, STM32MP253AAL3, STM32MP253CAI3, STM32MP253CAK3, STM32MP253CAL3, STM32MP253DAI3, STM32MP253DAK3, STM32MP253DAL3, STM32MP253FAI3, STM32MP253FAK3, STM32MP253FAL3, STM32MP255AAI3, STM32MP255AAK3, STM32MP255AAL3, STM32MP255CAI3, STM32MP255CAK3, STM32MP255CAL3, STM32MP255DAI3, STM32MP255DAK3, STM32MP255DAL3, STM32MP255FAI3, STM32MP255FAK3, STM32MP255FAL3, STM32MP257AAI3, STM32MP257AAK3, STM32MP257AAL3, STM32MP257CAI3, STM32MP257CAK3, STM32MP257CAL3, STM32MP257DAI3, STM32MP257DAK3, STM32MP257DAL3, STM32MP257F-DK, STM32MP257F-EV1, STM32MP257FAI3, STM32MP257FAK3, STM32MP257FAL3, STM32N645A0H3Q, STM32N645B0H3Q, STM32N645I0H3Q, STM32N645L0H3Q, STM32N645X0H3Q, STM32N645Z0H3Q, STM32N647A0H3Q, STM32N647B0H3Q, STM32N647I0H3Q, STM32N647L0H3Q, STM32N647X0H3Q, STM32N647Z0H3Q, STM32N655A0H3Q, STM32N655B0H3Q, STM32N655I0H3Q, STM32N655L0H3Q, STM32N655X0H3Q, STM32N655Z0H3Q, STM32N6570-DK, STM32N657A0H3Q, STM32N657B0H3Q, STM32N657I0H3Q, STM32N657L0H3Q, STM32N657X0H3Q, STM32N657Z0H3Q, STM32U031C6T6, STM32U031C6U6, STM32U031C8T6, STM32U031C8U6, STM32U031F4P6, STM32U031F6P6, STM32U031F8P6, STM32U031G6Y6TR, STM32U031G8Y6TR, STM32U031K4U6, STM32U031K6U6, STM32U031K8U6, STM32U031R6I6, STM32U031R6T6, STM32U031R8I6, STM32U031R8T6, STM32U073C8T6, STM32U073C8U6, STM32U073CBT6, STM32U073CBU6, STM32U073CCT6, STM32U073CCU6, STM32U073H8Y6TR, STM32U073HBY6TR, STM32U073HCY6TR, STM32U073K8U6, STM32U073KBU6, STM32U073KCU6, STM32U073M8I6, STM32U073M8T6, STM32U073MBI6, STM32U073MBT6, STM32U073MCI6, STM32U073MCT6, STM32U073R8I6, STM32U073R8T6, STM32U073RBI6, STM32U073RBT6, STM32U073RCI6, STM32U073RCT6, STM32U083C-DK, STM32U083CCT6, STM32U083CCU6, STM32U083HCY6TR, STM32U083KCU6, STM32U083MCI6, STM32U083MCT6, STM32U083RCI6, STM32U083RCT6, STM32U375CET6, STM32U375CET6Q, STM32U375CEU6, STM32U375CEU6Q, STM32U375CEY6QTR, STM32U375CGT6, STM32U375CGT6Q, STM32U375CGU6, STM32U375CGU6Q, STM32U375CGY6QTR, STM32U375KEU6, STM32U375KGU6, STM32U375REI6, STM32U375REI6Q, STM32U375RET6, STM32U375RET6Q, STM32U375REY6GTR, STM32U375REY6QTR, STM32U375RGI6, STM32U375RGI6Q, STM32U375RGT6, STM32U375RGT6Q, STM32U375RGY6GTR, STM32U375RGY6QTR, STM32U375VEI6, STM32U375VEI6Q, STM32U375VET6, STM32U375VET6Q, STM32U375VGI6, STM32U375VGI6Q, STM32U375VGT6, STM32U375VGT6Q, STM32U385CGT6, STM32U385CGT6Q, STM32U385CGU6, STM32U385CGU6Q, STM32U385CGY6QTR, STM32U385KGU6, STM32U385RGI6, STM32U385RGI6Q, STM32U385RGT6, STM32U385RGT6Q, STM32U385RGY6GTR, STM32U385RGY6QTR, STM32U385VGI6, STM32U385VGI6Q, STM32U385VGT6, STM32U385VGT6Q, STM32U535CBT6, STM32U535CBT6Q, STM32U535CBU6, STM32U535CBU6Q, STM32U535CCT6, STM32U535CCT6Q, STM32U535CCU6, STM32U535CCU6Q, STM32U535CET6, STM32U535CET6Q, STM32U535CEU6, STM32U535CEU6Q, STM32U535JEY6QTR, STM32U535NCY6QTR, STM32U535NEY6QTR, STM32U535RBI6, STM32U535RBI6Q, STM32U535RBT6, STM32U535RBT6Q, STM32U535RCI6, STM32U535RCI6Q, STM32U535RCT6, STM32U535RCT6Q, STM32U535REI6, STM32U535REI6Q, STM32U535RET6, STM32U535RET6Q, STM32U535VCI6, STM32U535VCI6Q, STM32U535VCT6, STM32U535VCT6Q, STM32U535VEI6, STM32U535VEI6Q, STM32U535VET6, STM32U535VET6Q, STM32U545CET6, STM32U545CET6Q, STM32U545CEU6, STM32U545CEU6Q, STM32U545JEY6QTR, STM32U545NEY6QTR, STM32U545REI6, STM32U545REI6Q, STM32U545RET6, STM32U545RET6Q, STM32U545VEI6, STM32U545VEI6Q, STM32U545VET6, STM32U545VET6Q, STM32U595AIH6, STM32U595AIH6Q, STM32U595AJH6, STM32U595AJH6Q, STM32U595QII6, STM32U595QII6Q, STM32U595QJI6, STM32U595QJI6Q, STM32U595RIT6, STM32U595RIT6Q, STM32U595RJT6, STM32U595RJT6Q, STM32U595VIT6, STM32U595VIT6Q, STM32U595VJT6, STM32U595VJT6Q, STM32U595ZIT6, STM32U595ZIT6Q, STM32U595ZIY6QTR, STM32U595ZJT6, STM32U595ZJT6Q, STM32U595ZJY6QTR, STM32U599BJY6QTR, STM32U599NIH6Q, STM32U599NJH6Q, STM32U599VIT6Q, STM32U599VJT6, STM32U599VJT6Q, STM32U599ZIT6Q, STM32U599ZIY6QTR, STM32U599ZJT6Q, STM32U599ZJY6QTR, STM32U5A5AJH6, STM32U5A5AJH6Q, STM32U5A5QII3Q , STM32U5A5QJI6, STM32U5A5QJI6Q, STM32U5A5RJT6, STM32U5A5RJT6Q, STM32U5A5VJT6, STM32U5A5VJT6Q, STM32U5A5ZJT6, STM32U5A5ZJT6Q, STM32U5A5ZJY6QTR, STM32U5A9BJY6QTR, STM32U5A9J-DK, STM32U5A9NJH6Q, STM32U5A9VJT6Q, STM32U5A9ZJT6Q, STM32U5A9ZJY6QTR, STM32U5F7VIT6, STM32U5F7VIT6Q, STM32U5F7VJT6, STM32U5F7VJT6Q, STM32U5F9BJY6QTR, STM32U5F9NJH6Q, STM32U5F9VIT6Q, STM32U5F9VJT6Q, STM32U5F9ZIJ6QTR, STM32U5F9ZIT6Q, STM32U5F9ZJJ6QTR, STM32U5F9ZJT6Q, STM32U5G7VJT6, STM32U5G7VJT6Q, STM32U5G9BJY6QTR, STM32U5G9J-DK1, STM32U5G9J-DK2, STM32U5G9NJH6Q, STM32U5G9VJT6Q, STM32U5G9ZJJ6QTR, STM32U5G9ZJT6Q, STM32WB05KZV6TR, STM32WB05KZV7TR, STM32WB05TZF6TR, STM32WB05TZF7TR, STM32WB06CCF6TR, STM32WB06CCF7TR, STM32WB06CCV6TR, STM32WB06CCV7TR, STM32WB06KCV6TR, STM32WB06KCV7TR, STM32WB07CCF6TR, STM32WB07CCF7TR, STM32WB07CCV6TR, STM32WB07CCV7TR, STM32WB07KCV6TR, STM32WB07KCV7TR, STM32WB09KEV6TR, STM32WB09KEV7TR, STM32WB09TEF6TR, STM32WB09TEF7TR, STM32WB1MMCH6, STM32WBA50KGU6, STM32WBA50KGU6TR, STM32WBA52CEU6, STM32WBA52CEU6TR, STM32WBA52CEU7, STM32WBA52CEU7TR, STM32WBA52CGU6, STM32WBA52CGU6TR, STM32WBA52CGU6U, STM32WBA52CGU7, STM32WBA52CGU7TR, STM32WBA52KEU6, STM32WBA52KEU6TR, STM32WBA52KGU6, STM32WBA52KGU6TR, STM32WBA54CEU6, STM32WBA54CEU6TR, STM32WBA54CEU7, STM32WBA54CEU7TR, STM32WBA54CGU6, STM32WBA54CGU6TR, STM32WBA54CGU7, STM32WBA54CGU7TR, STM32WBA54KEU6, STM32WBA54KEU6TR, STM32WBA54KEU7, STM32WBA54KEU7TR, STM32WBA54KGU6, STM32WBA54KGU6TR, STM32WBA54KGU7, STM32WBA54KGU7TR, STM32WBA55CEU6, STM32WBA55CEU6TR, STM32WBA55CEU7, STM32WBA55CEU7TR, STM32WBA55CGU6, STM32WBA55CGU6TR, STM32WBA55CGU6U, STM32WBA55CGU7, STM32WBA55CGU7TR, STM32WBA55G-DK1, STM32WBA55HEF6, STM32WBA55HEF7, STM32WBA55HGF6, STM32WBA55HGF7, STM32WBA55UEI6, STM32WBA55UEI6TR, STM32WBA55UEI7, STM32WBA55UEI7TR, STM32WBA55UGI6, STM32WBA55UGI6TR, STM32WBA55UGI7, STM32WBA55UGI7TR, STM32WBA5MMGH6TR, STM32WBA62MGF6, STM32WBA62MIF6, STM32WBA65MGF7, STM32WBA65MIF6, STM32WBA65MIF7, STM32WL30K8V6, STM32WL30KBV6, STM32WL31C8V6, STM32WL31CBV6, STM32WL31K8V6, STM32WL31KBV6, STM32WL33C8V6, STM32WL33C8V6X, STM32WL33CBV6, STM32WL33CBV6X, STM32WL33CCV6, STM32WL33CCV6A, STM32WL33CCV6X, STM32WL33K8V7, STM32WL33K8V7X, STM32WL33KBV7 , STM32WL33KBV7X, STM32WL33KCV7, STM32WL33KCV7X, STM32WL5MOCH6, STM32WL5MOCH6TR]
2026-05-21 14:24:56,186 [INFO] ApiDb:668 - CubeFinder database Data Model version=2.1
2026-05-21 14:24:56,186 [INFO] ApiDb:669 - CubeFinder database Configuration version=3.0.42
2026-05-21 14:24:56,187 [INFO] ApiDb:670 - CubeFinder database generation date=2026-03-11 (1773229989)
2026-05-21 14:24:56,187 [INFO] ApiDb:671 - CubeFinder database FW Pack versions=[FP-ATR-ASTRA1_V2.0.0, FP-SNS-FLIGHT1_V5.1.0, FP-SNS-MOTENV1_V5.1.0, FP-SNS-MOTENVWB1_V1.5.0, FP-SNS-SMARTAG2_V1.2.0, FP-SNS-STBOX1_V2.1.0, STM32Cube_FW_C0_V1.4.0, STM32Cube_FW_F4_V1.28.3, STM32Cube_FW_F7_V1.17.4, STM32Cube_FW_G0_V1.6.3, STM32Cube_FW_G4_V1.6.2, STM32Cube_FW_H5_V1.6.0, STM32Cube_FW_H7RS_V1.3.0, STM32Cube_FW_H7_V1.13.0, STM32Cube_FW_L0_V1.12.2, STM32Cube_FW_L4_V1.18.2, STM32Cube_FW_L5_V1.6.0, STM32Cube_FW_N6_V1.3.0, STM32Cube_FW_U0_V1.3.0, STM32Cube_FW_U3_V1.3.0, STM32Cube_FW_U5_V1.8.0, STM32Cube_FW_WB0_V1.4.0, STM32Cube_FW_WBA_V1.9.0, STM32Cube_FW_WB_V1.24.0, STM32Cube_FW_WL3_V1.4.0, STM32Cube_FW_WL_V1.5.0, X-CUBE-ALGOBUILD_V1.4.0, X-CUBE-ALS_V1.0.2, X-CUBE-AZRTOS-F4_V1.1.0, X-CUBE-AZRTOS-F7_V1.1.0, X-CUBE-AZRTOS-G0_V1.1.0, X-CUBE-AZRTOS-G4_V2.0.0, X-CUBE-AZRTOS-H7RS_V1.1.0, X-CUBE-AZRTOS-H7_V3.4.0, X-CUBE-AZRTOS-L4_V2.0.0, X-CUBE-AZRTOS-L5_V2.0.0, X-CUBE-AZRTOS-WB_V2.0.0, X-CUBE-AZRTOS-WL_V2.0.0, X-CUBE-BLE1_V7.1.0, X-CUBE-BLE2_V3.3.0, X-CUBE-BLEMGR_V4.1.0, X-CUBE-EEPRMA1_V5.2.0, X-CUBE-FREERTOS_V1.5.0, X-CUBE-GNSS1_V6.0.0, X-CUBE-MEMS1_V12.0.0, X-CUBE-NFC4_V3.0.0, X-CUBE-NFC7_V2.0.0, X-CUBE-SFXS2LP1_V4.0.0, X-CUBE-ST67W61_V1.2.0, X-CUBE-SUBG2_V5.0.0, X-CUBE-TOF1_V3.4.3]
2026-05-21 14:25:01,953 [INFO] ApiDb:240 - Found 880 in-development CPN: [B-G473E-ZEST1S, B-WB1M-WPAN1, B-WBA5M-WPAN, B-WL5M-SUBG1, NUCLEO-C031C6, NUCLEO-C051C8, NUCLEO-C071RB, NUCLEO-C092RC, NUCLEO-H503RB, NUCLEO-H533RE, NUCLEO-H563ZI, NUCLEO-H7S3L8, NUCLEO-N657X0-Q, NUCLEO-U031R8, NUCLEO-U083RC, NUCLEO-U385RG-Q, NUCLEO-U545RE-Q, NUCLEO-U5A5ZJ-Q, NUCLEO-WB05KZ, NUCLEO-WB07CC, NUCLEO-WB09KE, NUCLEO-WBA52CG, NUCLEO-WBA55CG, NUCLEO-WL33CC1, NUCLEO-WL33CC2, STEVAL-PROTEUS1, STEVAL-SMARTAG2, STEVAL-STWINBX1, STM320518-EVAL, STM32C0116-DK, STM32C011D6Y3TR, STM32C011D6Y6TR, STM32C011F4P3, STM32C011F4P6, STM32C011F4U3, STM32C011F4U6TR, STM32C011F6P3, STM32C011F6P6, STM32C011F6U3, STM32C011F6U6TR, STM32C011J4M3, STM32C011J4M6, STM32C011J6M3, STM32C011J6M6, STM32C0316-DK, STM32C031C4T3, STM32C031C4T6, STM32C031C4U3, STM32C031C4U6, STM32C031C6T3, STM32C031C6T6, STM32C031C6U3, STM32C031C6U6, STM32C031F4P3, STM32C031F4P6, STM32C031F6P3, STM32C031F6P6, STM32C031G4U3, STM32C031G4U6, STM32C031G6U3, STM32C031G6U6, STM32C031K4T3, STM32C031K4T6, STM32C031K4U3, STM32C031K4U6, STM32C031K6T3, STM32C031K6T6, STM32C031K6U3, STM32C031K6U6, STM32C051C6T6, STM32C051C6U6, STM32C051C8T6, STM32C051C8U6, STM32C051D8Y6TR, STM32C051F6P6, STM32C051F8P6, STM32C051G6U6, STM32C051G8U6, STM32C051K6T6, STM32C051K6U6, STM32C051K8T6, STM32C071C8T6, STM32C071C8T6N, STM32C071C8U6, STM32C071C8U6N, STM32C071CBT6, STM32C071CBT6N, STM32C071CBU6, STM32C071CBU6N, STM32C071F8P6, STM32C071F8P6N, STM32C071FBP6, STM32C071FBP6N, STM32C071FBY6TR, STM32C071G8U6, STM32C071G8U6N, STM32C071GBU6, STM32C071GBU6N, STM32C071K8T6, STM32C071K8T6N, STM32C071K8U6, STM32C071K8U6N, STM32C071KBT6, STM32C071KBT6N, STM32C071KBU6, STM32C071KBU6N, STM32C071R8T6, STM32C071R8T6N, STM32C071RBI6N, STM32C071RBT6, STM32C071RBT6N, STM32C091CBT6, STM32C091CBU6, STM32C091CCT6, STM32C091CCU6, STM32C091ECY6TR, STM32C091FBP6, STM32C091FCP6, STM32C091GBU6, STM32C091GCU6, STM32C091KBT6, STM32C091KBU6, STM32C091KCT6, STM32C091KCU6, STM32C091RBT6, STM32C091RCI6, STM32C091RCT6, STM32C092CBT6, STM32C092CBU6, STM32C092CCT6, STM32C092CCU6, STM32C092ECY6TR, STM32C092FBP6, STM32C092FCP6, STM32C092GBU6, STM32C092GCU6, STM32C092KBT6, STM32C092KBU6, STM32C092KCT6, STM32C092KCU6, STM32C092RBT6, STM32C092RCI6, STM32C092RCT6, STM32G071K8TXN, STM32G071K8UXN, STM32G081GBU6N, STM32G081KBT6N, STM32G081KBUXN, STM32G0B1CCT6N, STM32G0B1KCT6, STM32G0B1NEY6TR, STM32G0B1RCT6N, STM32G0C1CCT6, STM32G0C1CCT6N, STM32G0C1CCU6N, STM32G0C1CET6N, STM32G0C1CEU6N, STM32G0C1KCT6, STM32G0C1NEY6TR, STM32G0C1RCI6N, STM32G0C1RCT6N, STM32G0C1REI6N, STM32G0C1RET6N, STM32G0C1VCI6, STM32G0C1VEI6, STM32G411C6T3, STM32G411C6T6, STM32G411C6U3, STM32G411C6U6, STM32G411C8T3, STM32G411C8T6, STM32G411C8U3, STM32G411C8U6, STM32G411CBT3, STM32G411CBT6, STM32G411CBU3, STM32G411CBU6, STM32G411K6T3, STM32G411K6T6, STM32G411K6U3, STM32G411K6U6, STM32G411K8T3, STM32G411K8T6, STM32G411K8U3, STM32G411K8U6, STM32G411KBT3, STM32G411KBT6, STM32G411KBU3, STM32G411KBU6, STM32G411M6T3, STM32G411M6T6, STM32G411M8T3, STM32G411M8T6, STM32G411MBT3, STM32G411MBT6, STM32G411R6T3, STM32G411R6T6, STM32G411R8T3, STM32G411R8T6, STM32G411RBT3, STM32G411RBT6, STM32G414CBT3, STM32G414CBT6, STM32G414CBU3, STM32G414CBU6, STM32G414CCT3, STM32G414CCT6, STM32G414CCU3, STM32G414CCU6, STM32G414MBT3, STM32G414MBT6, STM32G414MCT3, STM32G414MCT6, STM32G414RBT3, STM32G414RBT6, STM32G414RCT3, STM32G414RCT6, STM32G414VBT3, STM32G414VBT6, STM32G414VCT3, STM32G414VCT6, STM32G431CBT3Z, STM32G431RBT3Z, STM32G471CCT6, STM32G471CCU6, STM32G471CET3, STM32G471CET6, STM32G471CEU3, STM32G471CEU6, STM32G471MCT6, STM32G471MET3, STM32G471MET6, STM32G471MEY6TR, STM32G471QCT6, STM32G471QET3, STM32G471RCT6, STM32G471RET3, STM32G471RET6, STM32G471VCH6, STM32G471VCI6, STM32G471VCT6, STM32G471VEH3, STM32G471VEH6, STM32G471VEI3, STM32G471VEI6, STM32G471VET3, STM32G471VET6, STM32G473QET3Z, STM32G473RET3Z, STM32G474CCT6, STM32G491RET3Z, STM32H503CBT6, STM32H503CBU6, STM32H503EBY6TR, STM32H503KBU6, STM32H503RBT6, STM32H523CCT6, STM32H523CCU6, STM32H523CET6, STM32H523CEU6, STM32H523HEY6TR, STM32H523RCT6, STM32H523RET6, STM32H523VCI6, STM32H523VCT6, STM32H523VEI6, STM32H523VET6, STM32H523ZCJ6, STM32H523ZCT6, STM32H523ZEJ6, STM32H523ZET6, STM32H533CET6, STM32H533CEU6, STM32H533HEY6TR, STM32H533RET6, STM32H533VEI6, STM32H533VET6, STM32H533ZEJ6, STM32H533ZET6, STM32H562AGI6, STM32H562AII6, STM32H562IGK6, STM32H562IGT6, STM32H562IIK6, STM32H562IIT6, STM32H562RGT6, STM32H562RGV6, STM32H562RIT6, STM32H562RIV6, STM32H562VGT6, STM32H562VIT6, STM32H562ZGT6, STM32H562ZIT6, STM32H563AGI6, STM32H563AII3Q, STM32H563AII6, STM32H563IGK6, STM32H563IGT6, STM32H563IIK3Q, STM32H563IIK6, STM32H563IIT3Q, STM32H563IIT6, STM32H563MIY3QTR, STM32H563RGT6, STM32H563RGV6, STM32H563RIT6, STM32H563RIV6, STM32H563VGT6, STM32H563VIT3Q, STM32H563VIT6, STM32H563ZGT6, STM32H563ZIT3Q, STM32H563ZIT6, STM32H573AII3Q, STM32H573AII6, STM32H573I-DK, STM32H573IIK3Q, STM32H573IIK6, STM32H573IIT3Q, STM32H573IIT6, STM32H573MIY3QTR, STM32H573RIT6, STM32H573RIV6, STM32H573VIT3Q, STM32H573VIT6, STM32H573ZIT3Q, STM32H573ZIT6, STM32H7R3A8I6, STM32H7R3I8K6, STM32H7R3I8T6, STM32H7R3L8H6, STM32H7R3L8H6H, STM32H7R3R8V6, STM32H7R3V8H6, STM32H7R3V8T6, STM32H7R3V8Y6TR, STM32H7R3Z8J6, STM32H7R3Z8T6, STM32H7R7A8I6, STM32H7R7I8K6, STM32H7R7I8T6, STM32H7R7L8H6, STM32H7R7L8H6H, STM32H7R7Z8J6, STM32H7S3A8I6, STM32H7S3I8K6, STM32H7S3I8T6, STM32H7S3L8H6, STM32H7S3L8H6H, STM32H7S3R8V6, STM32H7S3V8H6, STM32H7S3V8T6, STM32H7S3V8Y6TR, STM32H7S3Z8J6, STM32H7S3Z8T6, STM32H7S78-DK, STM32H7S7A8I6, STM32H7S7I8K6, STM32H7S7I8T6, STM32H7S7L8H6, STM32H7S7L8H6H, STM32H7S7Z8J6, STM32L4R5QGI6STR, STM32MP131AAE3, STM32MP131AAF3, STM32MP131AAG3, STM32MP131CAE3, STM32MP131CAF3, STM32MP131CAG3, STM32MP131DAE7, STM32MP131DAF7, STM32MP131DAG7, STM32MP131FAE7, STM32MP131FAF7, STM32MP131FAG7, STM32MP133AAE3, STM32MP133AAF3, STM32MP133AAG3, STM32MP133CAE3, STM32MP133CAF3, STM32MP133CAG3, STM32MP133DAE7, STM32MP133DAF7, STM32MP133DAG7, STM32MP133FAE7, STM32MP133FAF7, STM32MP133FAG7, STM32MP135AAE3, STM32MP135AAF3, STM32MP135AAG3, STM32MP135CAE3, STM32MP135CAF3, STM32MP135CAG3, STM32MP135DAE7, STM32MP135DAF7, STM32MP135DAG7, STM32MP135F-DK, STM32MP135FAE7, STM32MP135FAF7, STM32MP135FAF7T, STM32MP135FAF7U, STM32MP135FAG7, STM32MP211AAL3, STM32MP211AAM3, STM32MP211AAN3, STM32MP211AAO3, STM32MP211CAL3, STM32MP211CAM3, STM32MP211CAN3, STM32MP211CAO3, STM32MP211DAL3, STM32MP211DAM3, STM32MP211DAN3, STM32MP211DAO3, STM32MP211FAL3, STM32MP211FAM3, STM32MP211FAN3, STM32MP211FAO3, STM32MP213AAL3, STM32MP213AAM3, STM32MP213AAN3, STM32MP213AAO3, STM32MP213CAL3, STM32MP213CAM3, STM32MP213CAN3, STM32MP213CAO3, STM32MP213DAL3, STM32MP213DAM3, STM32MP213DAN3, STM32MP213DAO3, STM32MP213FAL3, STM32MP213FAM3, STM32MP213FAN3, STM32MP213FAO3, STM32MP215AAL3, STM32MP215AAM3, STM32MP215AAN3, STM32MP215AAO3, STM32MP215CAL3, STM32MP215CAM3, STM32MP215CAN3, STM32MP215CAO3, STM32MP215DAL3, STM32MP215DAM3, STM32MP215DAN3, STM32MP215DAO3, STM32MP215F-DK, STM32MP215FAL3, STM32MP215FAM3, STM32MP215FAN3, STM32MP215FAO3, STM32MP231AAJ3, STM32MP231AAK3, STM32MP231AAL3, STM32MP231CAJ3, STM32MP231CAK3, STM32MP231CAL3, STM32MP231DAJ3, STM32MP231DAK3, STM32MP231DAL3, STM32MP231FAJ3, STM32MP231FAK3, STM32MP231FAL3, STM32MP233AAJ3, STM32MP233AAK3, STM32MP233AAL3, STM32MP233CAJ3, STM32MP233CAK3, STM32MP233CAL3, STM32MP233DAJ3, STM32MP233DAK3, STM32MP233DAL3, STM32MP233FAJ3, STM32MP233FAK3, STM32MP233FAL3, STM32MP235AAJ3, STM32MP235AAK3, STM32MP235AAL3, STM32MP235CAJ3, STM32MP235CAK3, STM32MP235CAL3, STM32MP235DAJ3, STM32MP235DAK3, STM32MP235DAL3, STM32MP235FAJ3, STM32MP235FAK3, STM32MP235FAL3, STM32MP251AAI3, STM32MP251AAK3, STM32MP251AAL3, STM32MP251CAI3, STM32MP251CAK3, STM32MP251CAL3, STM32MP251DAI3, STM32MP251DAK3, STM32MP251DAL3, STM32MP251FAI3, STM32MP251FAK3, STM32MP251FAL3, STM32MP253AAI3, STM32MP253AAK3, STM32MP253AAL3, STM32MP253CAI3, STM32MP253CAK3, STM32MP253CAL3, STM32MP253DAI3, STM32MP253DAK3, STM32MP253DAL3, STM32MP253FAI3, STM32MP253FAK3, STM32MP253FAL3, STM32MP255AAI3, STM32MP255AAK3, STM32MP255AAL3, STM32MP255CAI3, STM32MP255CAK3, STM32MP255CAL3, STM32MP255DAI3, STM32MP255DAK3, STM32MP255DAL3, STM32MP255FAI3, STM32MP255FAK3, STM32MP255FAL3, STM32MP257AAI3, STM32MP257AAK3, STM32MP257AAL3, STM32MP257CAI3, STM32MP257CAK3, STM32MP257CAL3, STM32MP257DAI3, STM32MP257DAK3, STM32MP257DAL3, STM32MP257F-DK, STM32MP257F-EV1, STM32MP257FAI3, STM32MP257FAK3, STM32MP257FAL3, STM32N645A0H3Q, STM32N645B0H3Q, STM32N645I0H3Q, STM32N645L0H3Q, STM32N645X0H3Q, STM32N645Z0H3Q, STM32N647A0H3Q, STM32N647B0H3Q, STM32N647I0H3Q, STM32N647L0H3Q, STM32N647X0H3Q, STM32N647Z0H3Q, STM32N655A0H3Q, STM32N655B0H3Q, STM32N655I0H3Q, STM32N655L0H3Q, STM32N655X0H3Q, STM32N655Z0H3Q, STM32N6570-DK, STM32N657A0H3Q, STM32N657B0H3Q, STM32N657I0H3Q, STM32N657L0H3Q, STM32N657X0H3Q, STM32N657Z0H3Q, STM32U031C6T6, STM32U031C6U6, STM32U031C8T6, STM32U031C8U6, STM32U031F4P6, STM32U031F6P6, STM32U031F8P6, STM32U031G6Y6TR, STM32U031G8Y6TR, STM32U031K4U6, STM32U031K6U6, STM32U031K8U6, STM32U031R6I6, STM32U031R6T6, STM32U031R8I6, STM32U031R8T6, STM32U073C8T6, STM32U073C8U6, STM32U073CBT6, STM32U073CBU6, STM32U073CCT6, STM32U073CCU6, STM32U073H8Y6TR, STM32U073HBY6TR, STM32U073HCY6TR, STM32U073K8U6, STM32U073KBU6, STM32U073KCU6, STM32U073M8I6, STM32U073M8T6, STM32U073MBI6, STM32U073MBT6, STM32U073MCI6, STM32U073MCT6, STM32U073R8I6, STM32U073R8T6, STM32U073RBI6, STM32U073RBT6, STM32U073RCI6, STM32U073RCT6, STM32U083C-DK, STM32U083CCT6, STM32U083CCU6, STM32U083HCY6TR, STM32U083KCU6, STM32U083MCI6, STM32U083MCT6, STM32U083RCI6, STM32U083RCT6, STM32U375CET6, STM32U375CET6Q, STM32U375CEU6, STM32U375CEU6Q, STM32U375CEY6QTR, STM32U375CGT6, STM32U375CGT6Q, STM32U375CGU6, STM32U375CGU6Q, STM32U375CGY6QTR, STM32U375KEU6, STM32U375KGU6, STM32U375REI6, STM32U375REI6Q, STM32U375RET6, STM32U375RET6Q, STM32U375REY6GTR, STM32U375REY6QTR, STM32U375RGI6, STM32U375RGI6Q, STM32U375RGT6, STM32U375RGT6Q, STM32U375RGY6GTR, STM32U375RGY6QTR, STM32U375VEI6, STM32U375VEI6Q, STM32U375VET6, STM32U375VET6Q, STM32U375VGI6, STM32U375VGI6Q, STM32U375VGT6, STM32U375VGT6Q, STM32U385CGT6, STM32U385CGT6Q, STM32U385CGU6, STM32U385CGU6Q, STM32U385CGY6QTR, STM32U385KGU6, STM32U385RGI6, STM32U385RGI6Q, STM32U385RGT6, STM32U385RGT6Q, STM32U385RGY6GTR, STM32U385RGY6QTR, STM32U385VGI6, STM32U385VGI6Q, STM32U385VGT6, STM32U385VGT6Q, STM32U535CBT6, STM32U535CBT6Q, STM32U535CBU6, STM32U535CBU6Q, STM32U535CCT6, STM32U535CCT6Q, STM32U535CCU6, STM32U535CCU6Q, STM32U535CET6, STM32U535CET6Q, STM32U535CEU6, STM32U535CEU6Q, STM32U535JEY6QTR, STM32U535NCY6QTR, STM32U535NEY6QTR, STM32U535RBI6, STM32U535RBI6Q, STM32U535RBT6, STM32U535RBT6Q, STM32U535RCI6, STM32U535RCI6Q, STM32U535RCT6, STM32U535RCT6Q, STM32U535REI6, STM32U535REI6Q, STM32U535RET6, STM32U535RET6Q, STM32U535VCI6, STM32U535VCI6Q, STM32U535VCT6, STM32U535VCT6Q, STM32U535VEI6, STM32U535VEI6Q, STM32U535VET6, STM32U535VET6Q, STM32U545CET6, STM32U545CET6Q, STM32U545CEU6, STM32U545CEU6Q, STM32U545JEY6QTR, STM32U545NEY6QTR, STM32U545REI6, STM32U545REI6Q, STM32U545RET6, STM32U545RET6Q, STM32U545VEI6, STM32U545VEI6Q, STM32U545VET6, STM32U545VET6Q, STM32U595AIH6, STM32U595AIH6Q, STM32U595AJH6, STM32U595AJH6Q, STM32U595QII6, STM32U595QII6Q, STM32U595QJI6, STM32U595QJI6Q, STM32U595RIT6, STM32U595RIT6Q, STM32U595RJT6, STM32U595RJT6Q, STM32U595VIT6, STM32U595VIT6Q, STM32U595VJT6, STM32U595VJT6Q, STM32U595ZIT6, STM32U595ZIT6Q, STM32U595ZIY6QTR, STM32U595ZJT6, STM32U595ZJT6Q, STM32U595ZJY6QTR, STM32U599BJY6QTR, STM32U599NIH6Q, STM32U599NJH6Q, STM32U599VIT6Q, STM32U599VJT6, STM32U599VJT6Q, STM32U599ZIT6Q, STM32U599ZIY6QTR, STM32U599ZJT6Q, STM32U599ZJY6QTR, STM32U5A5AJH6, STM32U5A5AJH6Q, STM32U5A5QII3Q , STM32U5A5QJI6, STM32U5A5QJI6Q, STM32U5A5RJT6, STM32U5A5RJT6Q, STM32U5A5VJT6, STM32U5A5VJT6Q, STM32U5A5ZJT6, STM32U5A5ZJT6Q, STM32U5A5ZJY6QTR, STM32U5A9BJY6QTR, STM32U5A9J-DK, STM32U5A9NJH6Q, STM32U5A9VJT6Q, STM32U5A9ZJT6Q, STM32U5A9ZJY6QTR, STM32U5F7VIT6, STM32U5F7VIT6Q, STM32U5F7VJT6, STM32U5F7VJT6Q, STM32U5F9BJY6QTR, STM32U5F9NJH6Q, STM32U5F9VIT6Q, STM32U5F9VJT6Q, STM32U5F9ZIJ6QTR, STM32U5F9ZIT6Q, STM32U5F9ZJJ6QTR, STM32U5F9ZJT6Q, STM32U5G7VJT6, STM32U5G7VJT6Q, STM32U5G9BJY6QTR, STM32U5G9J-DK1, STM32U5G9J-DK2, STM32U5G9NJH6Q, STM32U5G9VJT6Q, STM32U5G9ZJJ6QTR, STM32U5G9ZJT6Q, STM32WB05KZV6TR, STM32WB05KZV7TR, STM32WB05TZF6TR, STM32WB05TZF7TR, STM32WB06CCF6TR, STM32WB06CCF7TR, STM32WB06CCV6TR, STM32WB06CCV7TR, STM32WB06KCV6TR, STM32WB06KCV7TR, STM32WB07CCF6TR, STM32WB07CCF7TR, STM32WB07CCV6TR, STM32WB07CCV7TR, STM32WB07KCV6TR, STM32WB07KCV7TR, STM32WB09KEV6TR, STM32WB09KEV7TR, STM32WB09TEF6TR, STM32WB09TEF7TR, STM32WB1MMCH6, STM32WBA50KGU6, STM32WBA50KGU6TR, STM32WBA52CEU6, STM32WBA52CEU6TR, STM32WBA52CEU7, STM32WBA52CEU7TR, STM32WBA52CGU6, STM32WBA52CGU6TR, STM32WBA52CGU6U, STM32WBA52CGU7, STM32WBA52CGU7TR, STM32WBA52KEU6, STM32WBA52KEU6TR, STM32WBA52KGU6, STM32WBA52KGU6TR, STM32WBA54CEU6, STM32WBA54CEU6TR, STM32WBA54CEU7, STM32WBA54CEU7TR, STM32WBA54CGU6, STM32WBA54CGU6TR, STM32WBA54CGU7, STM32WBA54CGU7TR, STM32WBA54KEU6, STM32WBA54KEU6TR, STM32WBA54KEU7, STM32WBA54KEU7TR, STM32WBA54KGU6, STM32WBA54KGU6TR, STM32WBA54KGU7, STM32WBA54KGU7TR, STM32WBA55CEU6, STM32WBA55CEU6TR, STM32WBA55CEU7, STM32WBA55CEU7TR, STM32WBA55CGU6, STM32WBA55CGU6TR, STM32WBA55CGU6U, STM32WBA55CGU7, STM32WBA55CGU7TR, STM32WBA55G-DK1, STM32WBA55HEF6, STM32WBA55HEF7, STM32WBA55HGF6, STM32WBA55HGF7, STM32WBA55UEI6, STM32WBA55UEI6TR, STM32WBA55UEI7, STM32WBA55UEI7TR, STM32WBA55UGI6, STM32WBA55UGI6TR, STM32WBA55UGI7, STM32WBA55UGI7TR, STM32WBA5MMGH6TR, STM32WBA62MGF6, STM32WBA62MIF6, STM32WBA65MGF7, STM32WBA65MIF6, STM32WBA65MIF7, STM32WL30K8V6, STM32WL30KBV6, STM32WL31C8V6, STM32WL31CBV6, STM32WL31K8V6, STM32WL31KBV6, STM32WL33C8V6, STM32WL33C8V6X, STM32WL33CBV6, STM32WL33CBV6X, STM32WL33CCV6, STM32WL33CCV6A, STM32WL33CCV6X, STM32WL33K8V7, STM32WL33K8V7X, STM32WL33KBV7 , STM32WL33KBV7X, STM32WL33KCV7, STM32WL33KCV7X, STM32WL5MOCH6, STM32WL5MOCH6TR]
2026-05-21 14:25:01,957 [INFO] DbMcus:218 - Found 5055 MCUs, 4968 are supported
2026-05-21 14:25:01,958 [INFO] ApiDb:423 - Load user favorites file /Users/admin/.stm32cubeide/favorites.mcus.txt: 0 item(s)
2026-05-21 14:25:01,958 [INFO] ApiDb:427 - User favorites MCUs=[]
2026-05-21 14:25:01,958 [INFO] DbMcus:224 - Set 0 / 0 favorites MCUs
2026-05-21 14:25:03,082 [INFO] BoardInfo:889 - No configuration file found for board NUCLEO-H5E5ZJ
2026-05-21 14:25:03,083 [INFO] DbBoards:161 - Board is not supported: NUCLEO-H5E5ZJ
2026-05-21 14:25:03,206 [INFO] BoardInfo:889 - No configuration file found for board NUCLEO-U3C5ZI-Q
2026-05-21 14:25:03,207 [INFO] DbBoards:161 - Board is not supported: NUCLEO-U3C5ZI-Q
2026-05-21 14:25:03,243 [INFO] BoardInfo:889 - No configuration file found for board NUCLEO-WBA25CE1
2026-05-21 14:25:03,245 [INFO] DbBoards:161 - Board is not supported: NUCLEO-WBA25CE1
2026-05-21 14:25:03,267 [INFO] BoardInfo:889 - No configuration file found for board NUCLEO-WL3RKB1
2026-05-21 14:25:03,268 [INFO] DbBoards:161 - Board is not supported: NUCLEO-WL3RKB1
2026-05-21 14:25:03,271 [INFO] BoardInfo:889 - No configuration file found for board NUCLEO-WL3RKB2
2026-05-21 14:25:03,272 [INFO] DbBoards:161 - Board is not supported: NUCLEO-WL3RKB2
2026-05-21 14:25:03,291 [INFO] BoardInfo:889 - No configuration file found for board P-NUCLEO-WB55
2026-05-21 14:25:03,292 [INFO] DbBoards:161 - Kit is not supported: P-NUCLEO-WB55
2026-05-21 14:25:03,318 [INFO] BoardInfo:889 - No configuration file found for board STEVAL-BFA001V1B
2026-05-21 14:25:03,319 [INFO] DbBoards:161 - Kit is not supported: STEVAL-BFA001V1B
2026-05-21 14:25:03,324 [INFO] BoardInfo:889 - No configuration file found for board STEVAL-BFA001V2B
2026-05-21 14:25:03,325 [INFO] DbBoards:161 - Kit is not supported: STEVAL-BFA001V2B
2026-05-21 14:25:03,508 [INFO] BoardInfo:889 - No configuration file found for board STM32H5F5J-DK
2026-05-21 14:25:03,509 [INFO] DbBoards:161 - Board is not supported: STM32H5F5J-DK
2026-05-21 14:25:03,745 [INFO] DbBoards:168 - Found 218 boards, 209 are supported
2026-05-21 14:25:03,745 [INFO] DbBoards:169 - Found 218 boards, 43 of them is supported for  Bsp
2026-05-21 14:25:03,752 [INFO] ApiDb:423 - Load user favorites file /Users/admin/.stm32cubeide/favorites.boards.txt: 0 item(s)
2026-05-21 14:25:03,752 [INFO] ApiDb:427 - User favorites Boards=[]
2026-05-21 14:25:03,752 [INFO] DbBoards:198 - Set 0 / 0 favorites Boards
2026-05-21 14:25:03,807 [INFO] UtilMem:75 - End LoadConfig() Used Memory: 863045656 Bytes (1073741824)
2026-05-21 14:25:04,216 [WARN] ThirdParty:833 - waiting for thirdparty lock release [change project]
2026-05-21 14:25:04,217 [INFO] ThirdParty:835 - entering critical section [change project]
2026-05-21 14:25:04,217 [INFO] ThirdParty:1030 - CMSIS Pack Vendor :STMicroelectronics X-CUBE-AZRTOS-H7 3.5.0
2026-05-21 14:25:04,217 [INFO] ThirdParty:1030 - CMSIS Pack Vendor :STMicroelectronics X-CUBE-PM33A1 1.0.0
2026-05-21 14:25:04,217 [INFO] ThirdParty:1030 - CMSIS Pack Vendor :STMicroelectronics USBPD 4.1
2026-05-21 14:25:04,217 [INFO] ThirdParty:1030 - CMSIS Pack Vendor :STMicroelectronics X-CUBE-GNSS1 6.0.0
2026-05-21 14:25:04,217 [INFO] ThirdParty:1030 - CMSIS Pack Vendor :STMicroelectronics USB_HOST 2.0.0
2026-05-21 14:25:04,217 [INFO] ThirdParty:1030 - CMSIS Pack Vendor :STMicroelectronics FP-SNS-MOTENVWB1 1.4.0
2026-05-21 14:25:04,217 [INFO] ThirdParty:1030 - CMSIS Pack Vendor :STMicroelectronics X-CUBE-AZRTOS-F4 1.1.0
2026-05-21 14:25:04,217 [INFO] ThirdParty:1030 - CMSIS Pack Vendor :STMicroelectronics LIBJPEG 8.0.0
2026-05-21 14:25:04,218 [INFO] ThirdParty:1030 - CMSIS Pack Vendor :STMicroelectronics FP-ATR-ASTRA1 2.0.2
2026-05-21 14:25:04,218 [INFO] ThirdParty:1030 - CMSIS Pack Vendor :STMicroelectronics FP-ATR-ASTRA1 2.0.1
2026-05-21 14:25:04,218 [INFO] ThirdParty:1030 - CMSIS Pack Vendor :Avnet-IotConnect X-CUBE-IoTC-DA16k-PMOD 1.0.0
2026-05-21 14:25:04,218 [INFO] ThirdParty:1030 - CMSIS Pack Vendor :STMicroelectronics X-CUBE-SMBUS 2.1.0
2026-05-21 14:25:04,218 [INFO] ThirdParty:1030 - CMSIS Pack Vendor :STMicroelectronics X-CUBE-WB05N 1.1.0
2026-05-21 14:25:04,218 [INFO] ThirdParty:1030 - CMSIS Pack Vendor :STMicroelectronics X-CUBE-ISPU 2.1.0
2026-05-21 14:25:04,218 [INFO] ThirdParty:1030 - CMSIS Pack Vendor :STMicroelectronics X-CUBE-IPS 3.2.0
2026-05-21 14:25:04,219 [INFO] ThirdParty:1030 - CMSIS Pack Vendor :STMicroelectronics eDS-WB_DPC_TT-BIDIR 2.1.1
2026-05-21 14:25:04,219 [INFO] ThirdParty:1030 - CMSIS Pack Vendor :STMicroelectronics X-CUBE-FREERTOS 1.2.0
2026-05-21 14:25:04,219 [INFO] ThirdParty:1030 - CMSIS Pack Vendor :STMicroelectronics X-CUBE-ST60 1.0.0
2026-05-21 14:25:04,219 [INFO] ThirdParty:1030 - CMSIS Pack Vendor :STMicroelectronics X-CUBE-NFC12 1.0.0
2026-05-21 14:25:04,219 [INFO] ThirdParty:1030 - CMSIS Pack Vendor :STMicroelectronics X-CUBE-TOUCHGFX 4.23.2
2026-05-21 14:25:04,219 [INFO] ThirdParty:1030 - CMSIS Pack Vendor :STMicroelectronics X-CUBE-AZRTOS-F7 1.1.0
2026-05-21 14:25:04,219 [INFO] ThirdParty:1030 - CMSIS Pack Vendor :STMicroelectronics X-CUBE-AZRTOS-L5 2.0.0
2026-05-21 14:25:04,219 [INFO] ThirdParty:1030 - CMSIS Pack Vendor :STMicroelectronics USB_DEVICE 2.0.0
2026-05-21 14:25:04,219 [INFO] ThirdParty:1030 - CMSIS Pack Vendor :STMicroelectronics X-CUBE-NFC6 3.1.0
2026-05-21 14:25:04,220 [INFO] ThirdParty:1030 - CMSIS Pack Vendor :STMicroelectronics FP-SNS-MOTENV1 4.3.2
2026-05-21 14:25:04,220 [INFO] ThirdParty:1030 - CMSIS Pack Vendor :STMicroelectronics X-CUBE-MEMS1 11.0.0
2026-05-21 14:25:04,220 [INFO] ThirdParty:1030 - CMSIS Pack Vendor :STMicroelectronics FP-SNS-MOTENV1 5.1.0
2026-05-21 14:25:04,220 [INFO] ThirdParty:1030 - CMSIS Pack Vendor :STMicroelectronics FreeRTOS 0.0.1
2026-05-21 14:25:04,220 [INFO] ThirdParty:1030 - CMSIS Pack Vendor :STMicroelectronics X-CUBE-DPower 1.2.0
2026-05-21 14:25:04,220 [INFO] ThirdParty:1030 - CMSIS Pack Vendor :STMicroelectronics eDS-WB_DPC_VIENNA 1.2.0
2026-05-21 14:25:04,220 [INFO] ThirdParty:1030 - CMSIS Pack Vendor :STMicroelectronics FP-SNS-FLIGHT1 5.0.2
2026-05-21 14:25:04,221 [INFO] ThirdParty:1030 - CMSIS Pack Vendor :STMicroelectronics eDS-WB_DPC_3PH2L-BIDIR 1.1.1
2026-05-21 14:25:04,221 [INFO] ThirdParty:1030 - CMSIS Pack Vendor :STMicroelectronics X-CUBE-AI 9.0.0
2026-05-21 14:25:04,222 [INFO] ThirdParty:1030 - CMSIS Pack Vendor :STMicroelectronics PDM2PCM 3.3.0
2026-05-21 14:25:04,222 [INFO] ThirdParty:1030 - CMSIS Pack Vendor :STMicroelectronics X-CUBE-AZRTOS-H7 3.4.0
2026-05-21 14:25:04,222 [INFO] ThirdParty:1030 - CMSIS Pack Vendor :STMicroelectronics X-CUBE-DISPLAY 3.0.0
2026-05-21 14:25:04,222 [INFO] ThirdParty:1030 - CMSIS Pack Vendor :STMicroelectronics X-CUBE-GNSS1 7.1.1
2026-05-21 14:25:04,222 [INFO] ThirdParty:1030 - CMSIS Pack Vendor :STMicroelectronics FP-SNS-MOTENVWB1 1.5.0
2026-05-21 14:25:04,222 [INFO] ThirdParty:1030 - CMSIS Pack Vendor :STMicroelectronics X-CUBE-BLE1 7.0.0
2026-05-21 14:25:04,222 [INFO] ThirdParty:1030 - CMSIS Pack Vendor :STMicroelectronics X-CUBE-NFC10 1.0.0
2026-05-21 14:25:04,222 [INFO] ThirdParty:1030 - CMSIS Pack Vendor :STMicroelectronics X-CUBE-BLEMGR 4.0.0
2026-05-21 14:25:04,222 [INFO] ThirdParty:1030 - CMSIS Pack Vendor :STMicroelectronics X-CUBE-FREERTOS 1.3.1
2026-05-21 14:25:04,223 [INFO] ThirdParty:1030 - CMSIS Pack Vendor :STMicroelectronics HAL Drivers 0.0.0
2026-05-21 14:25:04,223 [INFO] ThirdParty:1030 - CMSIS Pack Vendor :STMicroelectronics X-CUBE-ST60 1.1.0
2026-05-21 14:25:04,223 [INFO] ThirdParty:1030 - CMSIS Pack Vendor :emotas I-CUBE-CANOPEN 1.3.0
2026-05-21 14:25:04,223 [INFO] ThirdParty:1030 - CMSIS Pack Vendor :STMicroelectronics X-CUBE-FREERTOS 1.3.0
2026-05-21 14:25:04,223 [INFO] ThirdParty:1030 - CMSIS Pack Vendor :STMicroelectronics X-CUBE-NFC7 1.0.1
2026-05-21 14:25:04,223 [INFO] ThirdParty:1030 - CMSIS Pack Vendor :STMicroelectronics MBEDTLS 2.14.1
2026-05-21 14:25:04,223 [INFO] ThirdParty:1030 - CMSIS Pack Vendor :STMicroelectronics X-CUBE-GNSS1 7.1.0
2026-05-21 14:25:04,223 [INFO] ThirdParty:1030 - CMSIS Pack Vendor :wolfSSL I-CUBE-wolfTPM 3.2.0
2026-05-21 14:25:04,223 [INFO] ThirdParty:1030 - CMSIS Pack Vendor :STMicroelectronics X-CUBE-TOUCHGFX 4.26.0
2026-05-21 14:25:04,223 [INFO] ThirdParty:1030 - CMSIS Pack Vendor :STMicroelectronics X-CUBE-TOUCHGFX 4.26.1
2026-05-21 14:25:04,224 [INFO] ThirdParty:1030 - CMSIS Pack Vendor :STMicroelectronics X-CUBE-BLEMGR 3.1.0
2026-05-21 14:25:04,224 [INFO] ThirdParty:1030 - CMSIS Pack Vendor :STMicroelectronics X-CUBE-AI 10.0.0
2026-05-21 14:25:04,224 [INFO] ThirdParty:1030 - CMSIS Pack Vendor :STMicroelectronics FP-SNS-STBOX1 2.1.0
2026-05-21 14:25:04,224 [INFO] ThirdParty:1030 - CMSIS Pack Vendor :STMicroelectronics FP-SNS-STAIOTCFT 1.0.0
2026-05-21 14:25:04,224 [INFO] ThirdParty:1030 - CMSIS Pack Vendor :STMicroelectronics FP-SNS-SMARTAG2 1.2.0
2026-05-21 14:25:04,224 [INFO] ThirdParty:1030 - CMSIS Pack Vendor :STMicroelectronics FP-SNS-FLIGHT1 5.1.0
2026-05-21 14:25:04,224 [INFO] ThirdParty:1030 - CMSIS Pack Vendor :STMicroelectronics X-CUBE-MEMS1 11.1.0
2026-05-21 14:25:04,224 [INFO] ThirdParty:1030 - CMSIS Pack Vendor :STMicroelectronics X-CUBE-AZRTOS-WL 2.0.0
2026-05-21 14:25:04,224 [INFO] ThirdParty:1030 - CMSIS Pack Vendor :STMicroelectronics X-CUBE-DPower 1.3.0
2026-05-21 14:25:04,224 [INFO] ThirdParty:1030 - CMSIS Pack Vendor :STMicroelectronics FP-SNS-MOTENV1 5.0.0
2026-05-21 14:25:04,224 [INFO] ThirdParty:1030 - CMSIS Pack Vendor :STMicroelectronics USB_DEVICE 1.0.0
2026-05-21 14:25:04,224 [INFO] ThirdParty:1030 - CMSIS Pack Vendor :STMicroelectronics X-CUBE-AZRTOS-H7RS 1.2.0
2026-05-21 14:25:04,225 [INFO] ThirdParty:1030 - CMSIS Pack Vendor :STMicroelectronics X-CUBE-AI 8.1.0
2026-05-21 14:25:04,225 [INFO] ThirdParty:1030 - CMSIS Pack Vendor :wolfSSL I-CUBE-wolfMQTT 1.19.0
2026-05-21 14:25:04,225 [INFO] ThirdParty:1030 - CMSIS Pack Vendor :STMicroelectronics X-CUBE-AZRTOS-L4 2.0.0
2026-05-21 14:25:04,225 [INFO] ThirdParty:1030 - CMSIS Pack Vendor :STMicroelectronics ThreadX 0.0.2
2026-05-21 14:25:04,225 [INFO] ThirdParty:1030 - CMSIS Pack Vendor :WES I-CUBE-Cesium 1.3.0
2026-05-21 14:25:04,225 [INFO] ThirdParty:1030 - CMSIS Pack Vendor :STMicroelectronics lwIP 2.1.2
2026-05-21 14:25:04,225 [INFO] ThirdParty:1030 - CMSIS Pack Vendor :STMicroelectronics X-CUBE-SFXS2LP1 4.0.0
2026-05-21 14:25:04,225 [INFO] ThirdParty:1030 - CMSIS Pack Vendor :STMicroelectronics X-CUBE-BLE2 3.3.0
2026-05-21 14:25:04,225 [INFO] ThirdParty:1030 - CMSIS Pack Vendor :Avnet-IOTCONNECT X-CUBE-iotc-st67-sdk 1.0.0
2026-05-21 14:25:04,225 [INFO] ThirdParty:1030 - CMSIS Pack Vendor :STMicroelectronics PDM2PCM 3.2.0
2026-05-21 14:25:04,225 [INFO] ThirdParty:1030 - CMSIS Pack Vendor :STMicroelectronics X-CUBE-WB05N 2.1.0
2026-05-21 14:25:04,225 [INFO] ThirdParty:1030 - CMSIS Pack Vendor :STMicroelectronics X-CUBE-ST67W61 1.2.0
2026-05-21 14:25:04,225 [INFO] ThirdParty:1030 - CMSIS Pack Vendor :STMicroelectronics X-CUBE-AZRTOS-H7 3.3.0
2026-05-21 14:25:04,226 [INFO] ThirdParty:1030 - CMSIS Pack Vendor :STMicroelectronics X-CUBE-NFC9 1.0.0
2026-05-21 14:25:04,226 [INFO] ThirdParty:1030 - CMSIS Pack Vendor :STMicroelectronics X-CUBE-BLE1 7.1.0
2026-05-21 14:25:04,226 [INFO] ThirdParty:1030 - CMSIS Pack Vendor :STMicroelectronics USB_DEVICE 3.0.0
2026-05-21 14:25:04,226 [INFO] ThirdParty:1030 - CMSIS Pack Vendor :STMicroelectronics X-CUBE-TCPP 4.1.0
2026-05-21 14:25:04,226 [INFO] ThirdParty:1030 - CMSIS Pack Vendor :STMicroelectronics X-CUBE-FREERTOS 1.4.0
2026-05-21 14:25:04,226 [INFO] ThirdParty:1030 - CMSIS Pack Vendor :STMicroelectronics X-CUBE-EEPRMA1 5.2.0
2026-05-21 14:25:04,226 [INFO] ThirdParty:1030 - CMSIS Pack Vendor :STMicroelectronics X-CUBE-BLEMGR 4.1.0
2026-05-21 14:25:04,226 [INFO] ThirdParty:1030 - CMSIS Pack Vendor :STMicroelectronics X-CUBE-IPS 3.0.0
2026-05-21 14:25:04,226 [INFO] ThirdParty:1030 - CMSIS Pack Vendor :STMicroelectronics X-CUBE-AZRTOS-WB 2.0.0
2026-05-21 14:25:04,226 [INFO] ThirdParty:1030 - CMSIS Pack Vendor :STMicroelectronics X-CUBE-GNSS1 7.0.0
2026-05-21 14:25:04,226 [INFO] ThirdParty:1030 - CMSIS Pack Vendor :STMicroelectronics X-CUBE-GNSS1 7.0.1
2026-05-21 14:25:04,226 [INFO] ThirdParty:1030 - CMSIS Pack Vendor :STMicroelectronics X-CUBE-TOUCHGFX 4.25.0
2026-05-21 14:25:04,226 [INFO] ThirdParty:1030 - CMSIS Pack Vendor :STMicroelectronics X-CUBE-ST67W61 1.1.0
2026-05-21 14:25:04,227 [INFO] ThirdParty:1030 - CMSIS Pack Vendor :STMicroelectronics X-CUBE-AI 10.1.0
2026-05-21 14:25:04,227 [INFO] ThirdParty:1030 - CMSIS Pack Vendor :STMicroelectronics FP-SNS-STBOX1 2.0.0
2026-05-21 14:25:04,227 [INFO] ThirdParty:1030 - CMSIS Pack Vendor :STMicroelectronics FP-SNS-STAIOTCFT 1.1.0
2026-05-21 14:25:04,227 [INFO] ThirdParty:1030 - CMSIS Pack Vendor :STMicroelectronics X-CUBE-MEMS1 12.0.0
2026-05-21 14:25:04,227 [INFO] ThirdParty:1030 - CMSIS Pack Vendor :STMicroelectronics X-CUBE-ALGOBUILD 1.3.0
2026-05-21 14:25:04,227 [INFO] ThirdParty:1030 - CMSIS Pack Vendor :STMicroelectronics X-CUBE-STSE01 2.0.0
2026-05-21 14:25:04,227 [INFO] ThirdParty:1030 - CMSIS Pack Vendor :STMicroelectronics X-CUBE-MEMS1 11.2.0
2026-05-21 14:25:04,227 [INFO] ThirdParty:1030 - CMSIS Pack Vendor :STMicroelectronics X-CUBE-AZRTOS-G0 1.1.0
2026-05-21 14:25:04,228 [INFO] ThirdParty:1030 - CMSIS Pack Vendor :STMicroelectronics X-CUBE-SAFEA1 1.2.2
2026-05-21 14:25:04,228 [INFO] ThirdParty:1030 - CMSIS Pack Vendor :STMicroelectronics X-CUBE-NFC4 3.0.0
2026-05-21 14:25:04,228 [INFO] ThirdParty:1030 - CMSIS Pack Vendor :STMicroelectronics X-CUBE-SUBG2 5.0.0
2026-05-21 14:25:04,228 [INFO] ThirdParty:1030 - CMSIS Pack Vendor :STMicroelectronics X-CUBE-AZRTOS-H7RS 1.1.0
2026-05-21 14:25:04,228 [INFO] ThirdParty:1030 - CMSIS Pack Vendor :STMicroelectronics STM32_WPAN 1.0.0
2026-05-21 14:25:04,228 [INFO] ThirdParty:1030 - CMSIS Pack Vendor :EmbeddedOffice I-CUBE-FS-RTOS 1.0.1
2026-05-21 14:25:04,228 [INFO] ThirdParty:1030 - CMSIS Pack Vendor :STMicroelectronics lwIP 2.0.3
2026-05-21 14:25:04,228 [INFO] ThirdParty:1030 - CMSIS Pack Vendor :Cesanta I-CUBE-Mongoose 7.13.0
2026-05-21 14:25:04,228 [INFO] ThirdParty:1030 - CMSIS Pack Vendor :STMicroelectronics USB_HOST 1.0.0
2026-05-21 14:25:04,228 [INFO] ThirdParty:1030 - CMSIS Pack Vendor :STMicroelectronics X-CUBE-AZRTOS-G4 2.0.0
2026-05-21 14:25:04,228 [INFO] ThirdParty:1030 - CMSIS Pack Vendor :STMicroelectronics X-CUBE-WB05N 2.0.0
2026-05-21 14:25:04,228 [INFO] ThirdParty:1030 - CMSIS Pack Vendor :STMicroelectronics PDM2PCM 3.1.0
2026-05-21 14:25:04,228 [INFO] ThirdParty:1030 - CMSIS Pack Vendor :STMicroelectronics X-CUBE-NFC7 2.0.0
2026-05-21 14:25:04,228 [INFO] ThirdParty:1030 - CMSIS Pack Vendor :STMicroelectronics X-CUBE-TCPP 4.2.0
2026-05-21 14:25:04,229 [INFO] ThirdParty:1030 - CMSIS Pack Vendor :RealThread X-CUBE-RT-Thread_Nano 4.1.1
2026-05-21 14:25:04,229 [INFO] ThirdParty:1030 - CMSIS Pack Vendor :wolfSSL I-CUBE-wolfSSL 5.7.0
2026-05-21 14:25:04,229 [INFO] ThirdParty:1030 - CMSIS Pack Vendor :STMicroelectronics FP-SNS-MOTENVWB1 1.3.1
2026-05-21 14:25:04,229 [INFO] ThirdParty:1030 - CMSIS Pack Vendor :STMicroelectronics FP-ATR-SIGFOX1 3.2.0
2026-05-21 14:25:04,229 [INFO] ThirdParty:1030 - CMSIS Pack Vendor :quantropi X-CUBE-qispace-sdk-base 1.9.3
2026-05-21 14:25:04,229 [INFO] ThirdParty:1030 - CMSIS Pack Vendor :STMicroelectronics X-CUBE-ISPU 2.0.0
2026-05-21 14:25:04,229 [INFO] ThirdParty:1030 - CMSIS Pack Vendor :STMicroelectronics X-CUBE-EEPRMA1 5.1.0
2026-05-21 14:25:04,229 [INFO] ThirdParty:1030 - CMSIS Pack Vendor :STMicroelectronics X-CUBE-FREERTOS 1.5.0
2026-05-21 14:25:04,229 [INFO] ThirdParty:1030 - CMSIS Pack Vendor :STMicroelectronics MBEDTLS 2.16.2
2026-05-21 14:25:04,229 [INFO] ThirdParty:1030 - CMSIS Pack Vendor :STMicroelectronics X-CUBE-IPS 3.1.0
2026-05-21 14:25:04,229 [INFO] ThirdParty:1030 - CMSIS Pack Vendor :STMicroelectronics X-CUBE-ALS 1.0.2
2026-05-21 14:25:04,229 [INFO] ThirdParty:1030 - CMSIS Pack Vendor :STMicroelectronics X-CUBE-MEMS1 10.0.0
2026-05-21 14:25:04,229 [INFO] ThirdParty:1030 - CMSIS Pack Vendor :STMicroelectronics X-CUBE-FREERTOS 1.1.0
2026-05-21 14:25:04,229 [INFO] ThirdParty:1030 - CMSIS Pack Vendor :STMicroelectronics X-CUBE-TOUCHGFX 4.24.0
2026-05-21 14:25:04,230 [INFO] ThirdParty:1030 - CMSIS Pack Vendor :ITTIA_DB I-CUBE-ITTIADB 8.9.0
2026-05-21 14:25:04,230 [INFO] ThirdParty:1030 - CMSIS Pack Vendor :STMicroelectronics X-CUBE-TOUCHGFX 4.24.2
2026-05-21 14:25:04,230 [INFO] ThirdParty:1030 - CMSIS Pack Vendor :STMicroelectronics X-CUBE-TOUCHGFX 4.24.1
2026-05-21 14:25:04,230 [INFO] ThirdParty:1030 - CMSIS Pack Vendor :STMicroelectronics X-CUBE-STSE01 1.0.0
2026-05-21 14:25:04,230 [INFO] ThirdParty:1030 - CMSIS Pack Vendor :portGmbH I-Cube-SoM-uGOAL 1.1.0
2026-05-21 14:25:04,230 [INFO] ThirdParty:1030 - CMSIS Pack Vendor :STMicroelectronics X-CUBE-ALS 1.0.1
2026-05-21 14:25:04,230 [INFO] ThirdParty:1030 - CMSIS Pack Vendor :STMicroelectronics X-CUBE-NFC6 3.2.0
2026-05-21 14:25:04,230 [INFO] ThirdParty:1030 - CMSIS Pack Vendor :STMicroelectronics X-CUBE-ST67W61 1.0.0
2026-05-21 14:25:04,230 [INFO] ThirdParty:1030 - CMSIS Pack Vendor :STMicroelectronics X-CUBE-AI 10.2.0
2026-05-21 14:25:04,230 [INFO] ThirdParty:1030 - CMSIS Pack Vendor :STMicroelectronics ThreadX 1.0.0
2026-05-21 14:25:04,230 [INFO] ThirdParty:1030 - CMSIS Pack Vendor :STMicroelectronics X-CUBE-MEMS1 12.1.0
2026-05-21 14:25:04,230 [INFO] ThirdParty:1030 - CMSIS Pack Vendor :SEGGER I-CUBE-embOS 1.3.1
2026-05-21 14:25:04,230 [INFO] ThirdParty:1030 - CMSIS Pack Vendor :STMicroelectronics X-CUBE-ALGOBUILD 1.4.0
2026-05-21 14:25:04,230 [INFO] ThirdParty:1030 - CMSIS Pack Vendor :STMicroelectronics X-CUBE-MEMS1 11.3.0
2026-05-21 14:25:04,231 [INFO] ThirdParty:1030 - CMSIS Pack Vendor :STMicroelectronics X-CUBE-AZRTOS-H7RS 1.0.0
2026-05-21 14:25:04,231 [INFO] ThirdParty:1030 - CMSIS Pack Vendor :STMicroelectronics FP-ATR-ASTRA1 2.0.0
2026-05-21 14:25:04,231 [INFO] ThirdParty:1030 - CMSIS Pack Vendor :STMicroelectronics X-CUBE-TOF1 3.4.2
2026-05-21 14:25:04,231 [INFO] ThirdParty:1030 - CMSIS Pack Vendor :STMicroelectronics X-CUBE-TOF1 3.4.3
2026-05-21 14:25:04,231 [INFO] ThirdParty:1030 - CMSIS Pack Vendor :STMicroelectronics X-CUBE-AI 9.1.0
2026-05-21 14:25:04,231 [INFO] ThirdParty:1030 - CMSIS Pack Vendor :STMicroelectronics X-CUBE-TOF1 3.4.1
2026-05-21 14:25:04,231 [INFO] ThirdParty:1030 - CMSIS Pack Vendor :STMicroelectronics X-CUBE-AZRTOS-H7 3.2.0
2026-05-21 14:25:04,231 [INFO] ThirdParty:1030 - CMSIS Pack Vendor :Infineon AIROC-Wi-Fi-Bluetooth-STM32 1.6.0
2026-05-21 14:25:04,231 [INFO] ThirdParty:1030 - CMSIS Pack Vendor :wolfSSL I-CUBE-wolfSSH 1.4.17
2026-05-21 14:25:04,231 [INFO] ThirdParty:841 - exiting critical section [change project]
2026-05-21 14:25:04,646 [INFO] PinOutPanel:1589 - setPackage(No Configuration,No Configuration)
2026-05-21 14:25:04,647 [INFO] PinOutPanel:1589 - setPackage(STM32L010K8Tx,LQFP32)
2026-05-21 14:25:06,319 [INFO] UtilMem:75 - Before build in PCC Used Memory: 872929272 Bytes (1073741824)
2026-05-21 14:25:07,344 [INFO] UtilMem:75 - After build in PCC Used Memory: 1001316896 Bytes (1073741824)
2026-05-21 14:25:07,394 [INFO] IPUIPlugin:80 - create IPUIPlugin
2026-05-21 14:25:07,394 [INFO] IPUIPlugin:80 - create IPUIPlugin
2026-05-21 14:25:07,395 [INFO] IPUIPlugin:80 - create IPUIPlugin
2026-05-21 14:25:07,395 [INFO] IPUIPlugin:80 - create IPUIPlugin
2026-05-21 14:25:07,395 [INFO] IPUIPlugin:80 - create IPUIPlugin
2026-05-21 14:25:07,396 [INFO] IPUIPlugin:80 - create IPUIPlugin
2026-05-21 14:25:07,396 [INFO] IPUIPlugin:80 - create IPUIPlugin
2026-05-21 14:25:07,397 [INFO] IPUIPlugin:80 - create IPUIPlugin
2026-05-21 14:25:07,397 [INFO] IPUIPlugin:80 - create IPUIPlugin
2026-05-21 14:25:07,398 [INFO] IPUIPlugin:80 - create IPUIPlugin
2026-05-21 14:25:07,399 [INFO] IPUIPlugin:80 - create IPUIPlugin
2026-05-21 14:25:07,399 [INFO] IPUIPlugin:80 - create IPUIPlugin
2026-05-21 14:25:07,400 [INFO] IPUIPlugin:80 - create IPUIPlugin
2026-05-21 14:25:07,400 [INFO] IPUIPlugin:80 - create IPUIPlugin
2026-05-21 14:25:07,400 [INFO] IPUIPlugin:80 - create IPUIPlugin
2026-05-21 14:25:07,401 [INFO] IPUIPlugin:80 - create IPUIPlugin
2026-05-21 14:25:07,401 [INFO] IPUIPlugin:80 - create IPUIPlugin
2026-05-21 14:25:07,419 [INFO] IPUIPlugin:80 - create IPUIPlugin
2026-05-21 14:25:07,794 [INFO] CADModel:165 - CPN selected for project levelSTM32L010K8T6
2026-05-21 14:25:07,795 [INFO] CADModel:114 - Register for checkConnection events
2026-05-21 14:25:07,844 [INFO] OpenFileManager:386 - Restore cursor
2026-05-21 14:25:14,739 [INFO] NvicIntPanel:101 - NVIC parent = com.st.microxplorer.plugins.ip.nvic.MultiNvicIntPanel[,0,0,0x0,invalid,layout=javax.swing.BoxLayout,alignmentX=0.0,alignmentY=0.0,border=,flags=9,maximumSize=,minimumSize=,preferredSize=]
2026-05-21 14:25:19,105 [INFO] NvicIntPanel:101 - NVIC parent = com.st.microxplorer.plugins.ip.nvic.MultiNvicIntPanel[,0,0,0x0,invalid,layout=javax.swing.BoxLayout,alignmentX=0.0,alignmentY=0.0,border=,flags=9,maximumSize=,minimumSize=,preferredSize=]
2026-05-21 14:25:22,297 [INFO] UtilMem:75 - End SaveConfig() Used Memory: 983978072 Bytes (1073741824)
2026-05-21 14:25:23,792 [INFO] UtilMem:75 - End SaveConfig() Used Memory: 807375592 Bytes (1073741824)
2026-05-21 14:25:24,766 [INFO] BlockDiagram:2775 - set Specific Code input for plugin: ADC
2026-05-21 14:25:24,766 [INFO] BlockDiagram:2775 - set Specific Code input for plugin: RTC
2026-05-21 14:25:24,766 [INFO] BlockDiagram:2775 - set Specific Code input for plugin: SPI
2026-05-21 14:25:24,766 [INFO] BlockDiagram:2775 - set Specific Code input for plugin: NVIC
2026-05-21 14:25:24,766 [INFO] BlockDiagram:2775 - set Specific Code input for plugin: SYS
2026-05-21 14:25:24,767 [INFO] BlockDiagram:2775 - set Specific Code input for plugin: GPIO
2026-05-21 14:25:24,767 [INFO] BlockDiagram:2775 - set Specific Code input for plugin: USART
2026-05-21 14:25:24,767 [INFO] BlockDiagram:2775 - set Specific Code input for plugin: RCC
2026-05-21 14:25:24,767 [INFO] BlockDiagram:2775 - set Specific Code input for plugin: DMA
2026-05-21 14:25:24,768 [INFO] CodeGenerator:892 - code generatio: config db path: /Applications/STM32CubeIDE.app/Contents/Eclipse/plugins/com.st.stm32cube.common.mx_6.15.0.202507011659//db/
2026-05-21 14:25:25,051 [INFO] CodeEngine:265 - oldGeneratedFile, /Users/admin/Desktop/My Projects/Bike4u/Programing/Bike4u/MXTmpFiles/license.tmp_save
2026-05-21 14:25:25,663 [INFO] CodeEngine:289 - Generated code: /Users/admin/Desktop/My Projects/Bike4u/Programing/Bike4u/MXTmpFiles/license.tmp
2026-05-21 14:25:25,952 [INFO] CodeEngine:265 - oldGeneratedFile, /Users/admin/Desktop/My Projects/Bike4u/Programing/Bike4u/MXTmpFiles/gpio.tmp_save
2026-05-21 14:25:26,197 [INFO] CodeEngine:289 - Generated code: /Users/admin/Desktop/My Projects/Bike4u/Programing/Bike4u/MXTmpFiles/gpio.tmp
2026-05-21 14:25:27,447 [INFO] CodeEngine:265 - oldGeneratedFile, /Users/admin/Desktop/My Projects/Bike4u/Programing/Bike4u/MXTmpFiles/dma.tmp_save
2026-05-21 14:25:27,609 [INFO] CodeEngine:289 - Generated code: /Users/admin/Desktop/My Projects/Bike4u/Programing/Bike4u/MXTmpFiles/dma.tmp
2026-05-21 14:25:27,613 [INFO] CodeEngine:265 - oldGeneratedFile, /Users/admin/Desktop/My Projects/Bike4u/Programing/Bike4u/MXTmpFiles/dma_GV.tmp_save
2026-05-21 14:25:27,749 [INFO] CodeEngine:289 - Generated code: /Users/admin/Desktop/My Projects/Bike4u/Programing/Bike4u/MXTmpFiles/dma_GV.tmp
2026-05-21 14:25:27,771 [INFO] CodeEngine:265 - oldGeneratedFile, /Users/admin/Desktop/My Projects/Bike4u/Programing/Bike4u/Core/Src/stm32l0xx_it.c_save
2026-05-21 14:25:28,028 [INFO] CodeEngine:289 - Generated code: /Users/admin/Desktop/My Projects/Bike4u/Programing/Bike4u/Core/Src/stm32l0xx_it.c
2026-05-21 14:25:28,034 [INFO] CodeEngine:265 - oldGeneratedFile, /Users/admin/Desktop/My Projects/Bike4u/Programing/Bike4u/Core/Inc/stm32l0xx_it.h_save
2026-05-21 14:25:28,178 [INFO] CodeEngine:289 - Generated code: /Users/admin/Desktop/My Projects/Bike4u/Programing/Bike4u/Core/Inc/stm32l0xx_it.h
2026-05-21 14:25:28,194 [INFO] CodeEngine:265 - oldGeneratedFile, /Users/admin/Desktop/My Projects/Bike4u/Programing/Bike4u/Core/Src/stm32l0xx_hal_msp.c_save
2026-05-21 14:25:28,496 [INFO] CodeEngine:289 - Generated code: /Users/admin/Desktop/My Projects/Bike4u/Programing/Bike4u/Core/Src/stm32l0xx_hal_msp.c
2026-05-21 14:25:28,503 [INFO] CodeEngine:265 - oldGeneratedFile, /Users/admin/Desktop/My Projects/Bike4u/Programing/Bike4u/MXTmpFiles/system.tmp_save
2026-05-21 14:25:28,656 [INFO] CodeEngine:289 - Generated code: /Users/admin/Desktop/My Projects/Bike4u/Programing/Bike4u/MXTmpFiles/system.tmp
2026-05-21 14:25:28,670 [INFO] CodeEngine:321 - oldGeneratedFile, /Users/admin/Desktop/My Projects/Bike4u/Programing/Bike4u/Core/Inc/stm32l0xx_hal_conf.h_save
2026-05-21 14:25:28,820 [INFO] CodeEngine:345 - Generated code: /Users/admin/Desktop/My Projects/Bike4u/Programing/Bike4u/Core/Inc/stm32l0xx_hal_conf.h
2026-05-21 14:25:28,925 [INFO] ApiDbMcu:532 - Load IP Config File for ADC
2026-05-21 14:25:29,014 [INFO] ApiDbMcu:532 - Load IP Config File for RTC
2026-05-21 14:25:29,032 [INFO] ApiDbMcu:532 - Load IP Config File for SPI1
2026-05-21 14:25:29,146 [INFO] ApiDbMcu:532 - Load IP Config File for USART2
2026-05-21 14:25:29,162 [INFO] ApiDbMcu:532 - Load IP Config File for RCC
2026-05-21 14:25:29,181 [INFO] CodeEngine:265 - oldGeneratedFile, /Users/admin/Desktop/My Projects/Bike4u/Programing/Bike4u/Core/Inc/main.h_save
2026-05-21 14:25:29,396 [INFO] CodeEngine:289 - Generated code: /Users/admin/Desktop/My Projects/Bike4u/Programing/Bike4u/Core/Inc/main.h
2026-05-21 14:25:29,403 [INFO] CodeEngine:265 - oldGeneratedFile, /Users/admin/Desktop/My Projects/Bike4u/Programing/Bike4u/Core/Src/main.c_save
2026-05-21 14:25:29,819 [INFO] CodeEngine:289 - Generated code: /Users/admin/Desktop/My Projects/Bike4u/Programing/Bike4u/Core/Src/main.c
2026-05-21 14:25:30,784 [INFO] ProjectBuilder:3606 - Time for Copy HAL[1] : 315mS.
2026-05-21 14:25:30,817 [INFO] ProjectBuilder:5216 - Project Generator version: 4.7.0-B52
2026-05-21 14:25:31,281 [INFO] ConfigFileManager:1595 - The Die is : DIE417
2026-05-21 14:25:31,314 [INFO] ApiDbMcu:532 - Load IP Config File for FATFS
2026-05-21 14:25:31,444 [INFO] ApiDbMcu:532 - Load IP Config File for FREERTOS
2026-05-21 14:25:32,654 [INFO] LogOutputStream:77 - [STDOUT_REDIRECT] 
2026-05-21 14:25:35,122 [INFO] ProjectBuilder:5496 - Time for Generating toolchain IDE Files: 4302mS.
2026-05-21 14:25:35,124 [INFO] ProjectBuilder:3463 - Time for Copy CMSIS : 1mS.
2026-05-21 14:25:35,128 [INFO] ProjectBuilder:3463 - Time for Copy CMSIS : 0mS.
2026-05-21 14:38:12,522 [INFO] WebApp:194 - Connection lost
2026-05-21 14:38:17,575 [INFO] WebApp:191 - Connection restablished
2026-05-21 14:47:02,157 [INFO] WebApp:194 - Connection lost
2026-05-21 14:47:04,807 [INFO] WebApp:191 - Connection restablished
2026-05-21 15:46:06,135 [INFO] WebApp:194 - Connection lost
2026-05-21 17:33:52,282 [INFO] WebApp:191 - Connection restablished
2026-05-21 17:36:09,457 [INFO] UtilMem:75 - End SaveConfig() Used Memory: 983905784 Bytes (1073741824)
2026-05-21 17:36:09,703 [INFO] BlockDiagram:2775 - set Specific Code input for plugin: ADC
2026-05-21 17:36:09,704 [INFO] BlockDiagram:2775 - set Specific Code input for plugin: RTC
2026-05-21 17:36:09,704 [INFO] BlockDiagram:2775 - set Specific Code input for plugin: SPI
2026-05-21 17:36:09,704 [INFO] BlockDiagram:2775 - set Specific Code input for plugin: NVIC
2026-05-21 17:36:09,704 [INFO] BlockDiagram:2775 - set Specific Code input for plugin: SYS
2026-05-21 17:36:09,704 [INFO] BlockDiagram:2775 - set Specific Code input for plugin: GPIO
2026-05-21 17:36:09,704 [INFO] BlockDiagram:2775 - set Specific Code input for plugin: USART
2026-05-21 17:36:09,704 [INFO] BlockDiagram:2775 - set Specific Code input for plugin: RCC
2026-05-21 17:36:09,705 [INFO] BlockDiagram:2775 - set Specific Code input for plugin: DMA
2026-05-21 17:36:09,705 [INFO] CodeGenerator:892 - code generatio: config db path: /Applications/STM32CubeIDE.app/Contents/Eclipse/plugins/com.st.stm32cube.common.mx_6.15.0.202507011659//db/
2026-05-21 17:36:09,737 [INFO] Argument:325 - Argument : hdmavalue: null
2026-05-21 17:36:09,737 [INFO] Argument:327 - 	 sub Args: 
2026-05-21 17:36:09,737 [INFO] Argument:325 - Argument : Instancevalue: DMA1_Channel5
2026-05-21 17:36:09,737 [INFO] Argument:335 - Argument : Instancevalue: DMA1_Channel5
2026-05-21 17:36:09,737 [INFO] Argument:325 - Argument : Initvalue: null
2026-05-21 17:36:09,737 [INFO] Argument:327 - 	 sub Args: 
2026-05-21 17:36:09,737 [INFO] Argument:325 - Argument : Requestvalue: DMA_REQUEST_4
2026-05-21 17:36:09,737 [INFO] Argument:335 - Argument : Requestvalue: DMA_REQUEST_4
2026-05-21 17:36:09,738 [INFO] Argument:325 - Argument : Directionvalue: DMA_PERIPH_TO_MEMORY
2026-05-21 17:36:09,738 [INFO] Argument:335 - Argument : Directionvalue: DMA_PERIPH_TO_MEMORY
2026-05-21 17:36:09,738 [INFO] Argument:325 - Argument : PeriphIncvalue: DMA_PINC_DISABLE
2026-05-21 17:36:09,738 [INFO] Argument:335 - Argument : PeriphIncvalue: DMA_PINC_DISABLE
2026-05-21 17:36:09,738 [INFO] Argument:325 - Argument : MemIncvalue: DMA_MINC_ENABLE
2026-05-21 17:36:09,738 [INFO] Argument:335 - Argument : MemIncvalue: DMA_MINC_ENABLE
2026-05-21 17:36:09,738 [INFO] Argument:325 - Argument : PeriphDataAlignmentvalue: DMA_PDATAALIGN_BYTE
2026-05-21 17:36:09,738 [INFO] Argument:335 - Argument : PeriphDataAlignmentvalue: DMA_PDATAALIGN_BYTE
2026-05-21 17:36:09,738 [INFO] Argument:325 - Argument : MemDataAlignmentvalue: DMA_MDATAALIGN_BYTE
2026-05-21 17:36:09,738 [INFO] Argument:335 - Argument : MemDataAlignmentvalue: DMA_MDATAALIGN_BYTE
2026-05-21 17:36:09,738 [INFO] Argument:325 - Argument : Modevalue: DMA_CIRCULAR
2026-05-21 17:36:09,738 [INFO] Argument:335 - Argument : Modevalue: DMA_CIRCULAR
2026-05-21 17:36:09,739 [INFO] Argument:325 - Argument : Priorityvalue: DMA_PRIORITY_LOW
2026-05-21 17:36:09,739 [INFO] Argument:335 - Argument : Priorityvalue: DMA_PRIORITY_LOW
2026-05-21 17:36:09,739 [INFO] Argument:325 - Argument : Lockvalue: null
2026-05-21 17:36:09,739 [INFO] Argument:335 - Argument : Lockvalue: null
2026-05-21 17:36:09,739 [INFO] Argument:325 - Argument : Statevalue: null
2026-05-21 17:36:09,739 [INFO] Argument:335 - Argument : Statevalue: null
2026-05-21 17:36:09,739 [INFO] Argument:325 - Argument : Parentvalue: null
2026-05-21 17:36:09,739 [INFO] Argument:335 - Argument : Parentvalue: null
2026-05-21 17:36:09,739 [INFO] Argument:325 - Argument : XferCpltCallbackvalue: null
2026-05-21 17:36:09,739 [INFO] Argument:335 - Argument : XferCpltCallbackvalue: null
2026-05-21 17:36:09,739 [INFO] Argument:325 - Argument : XferHalfCpltCallbackvalue: null
2026-05-21 17:36:09,739 [INFO] Argument:335 - Argument : XferHalfCpltCallbackvalue: null
2026-05-21 17:36:09,739 [INFO] Argument:325 - Argument : XferErrorCallbackvalue: null
2026-05-21 17:36:09,739 [INFO] Argument:335 - Argument : XferErrorCallbackvalue: null
2026-05-21 17:36:09,740 [INFO] Argument:325 - Argument : ErrorCodevalue: null
2026-05-21 17:36:09,740 [INFO] Argument:335 - Argument : ErrorCodevalue: null
2026-05-21 17:36:09,874 [INFO] CodeEngine:265 - oldGeneratedFile, /Users/admin/Desktop/My Projects/Bike4u/Programing/Bike4u/MXTmpFiles/license.tmp_save
2026-05-21 17:36:09,976 [INFO] CodeEngine:289 - Generated code: /Users/admin/Desktop/My Projects/Bike4u/Programing/Bike4u/MXTmpFiles/license.tmp
2026-05-21 17:36:10,080 [INFO] CodeEngine:265 - oldGeneratedFile, /Users/admin/Desktop/My Projects/Bike4u/Programing/Bike4u/MXTmpFiles/gpio.tmp_save
2026-05-21 17:36:10,196 [INFO] CodeEngine:289 - Generated code: /Users/admin/Desktop/My Projects/Bike4u/Programing/Bike4u/MXTmpFiles/gpio.tmp
2026-05-21 17:36:10,862 [INFO] CodeEngine:265 - oldGeneratedFile, /Users/admin/Desktop/My Projects/Bike4u/Programing/Bike4u/MXTmpFiles/dma.tmp_save
2026-05-21 17:36:10,948 [INFO] CodeEngine:289 - Generated code: /Users/admin/Desktop/My Projects/Bike4u/Programing/Bike4u/MXTmpFiles/dma.tmp
2026-05-21 17:36:10,951 [INFO] CodeEngine:265 - oldGeneratedFile, /Users/admin/Desktop/My Projects/Bike4u/Programing/Bike4u/MXTmpFiles/dma_GV.tmp_save
2026-05-21 17:36:11,039 [INFO] CodeEngine:289 - Generated code: /Users/admin/Desktop/My Projects/Bike4u/Programing/Bike4u/MXTmpFiles/dma_GV.tmp
2026-05-21 17:36:11,051 [INFO] CodeEngine:265 - oldGeneratedFile, /Users/admin/Desktop/My Projects/Bike4u/Programing/Bike4u/Core/Src/stm32l0xx_it.c_save
2026-05-21 17:36:11,426 [INFO] CodeEngine:289 - Generated code: /Users/admin/Desktop/My Projects/Bike4u/Programing/Bike4u/Core/Src/stm32l0xx_it.c
2026-05-21 17:36:11,431 [INFO] CodeEngine:265 - oldGeneratedFile, /Users/admin/Desktop/My Projects/Bike4u/Programing/Bike4u/Core/Inc/stm32l0xx_it.h_save
2026-05-21 17:36:11,518 [INFO] CodeEngine:289 - Generated code: /Users/admin/Desktop/My Projects/Bike4u/Programing/Bike4u/Core/Inc/stm32l0xx_it.h
2026-05-21 17:36:11,529 [INFO] CodeEngine:265 - oldGeneratedFile, /Users/admin/Desktop/My Projects/Bike4u/Programing/Bike4u/Core/Src/stm32l0xx_hal_msp.c_save
2026-05-21 17:36:11,657 [INFO] CodeEngine:289 - Generated code: /Users/admin/Desktop/My Projects/Bike4u/Programing/Bike4u/Core/Src/stm32l0xx_hal_msp.c
2026-05-21 17:36:11,661 [INFO] CodeEngine:265 - oldGeneratedFile, /Users/admin/Desktop/My Projects/Bike4u/Programing/Bike4u/MXTmpFiles/system.tmp_save
2026-05-21 17:36:11,733 [INFO] CodeEngine:289 - Generated code: /Users/admin/Desktop/My Projects/Bike4u/Programing/Bike4u/MXTmpFiles/system.tmp
2026-05-21 17:36:11,741 [INFO] CodeEngine:321 - oldGeneratedFile, /Users/admin/Desktop/My Projects/Bike4u/Programing/Bike4u/Core/Inc/stm32l0xx_hal_conf.h_save
2026-05-21 17:36:11,805 [INFO] CodeEngine:345 - Generated code: /Users/admin/Desktop/My Projects/Bike4u/Programing/Bike4u/Core/Inc/stm32l0xx_hal_conf.h
2026-05-21 17:36:11,825 [INFO] CodeEngine:265 - oldGeneratedFile, /Users/admin/Desktop/My Projects/Bike4u/Programing/Bike4u/Core/Inc/main.h_save
2026-05-21 17:36:11,918 [INFO] CodeEngine:289 - Generated code: /Users/admin/Desktop/My Projects/Bike4u/Programing/Bike4u/Core/Inc/main.h
2026-05-21 17:36:11,924 [INFO] CodeEngine:265 - oldGeneratedFile, /Users/admin/Desktop/My Projects/Bike4u/Programing/Bike4u/Core/Src/main.c_save
2026-05-21 17:36:12,087 [INFO] CodeEngine:289 - Generated code: /Users/admin/Desktop/My Projects/Bike4u/Programing/Bike4u/Core/Src/main.c
2026-05-21 17:36:12,508 [INFO] ProjectBuilder:3606 - Time for Copy HAL[1] : 158mS.
2026-05-21 17:36:12,512 [INFO] ProjectBuilder:5216 - Project Generator version: 4.7.0-B52
2026-05-21 17:36:12,615 [INFO] ConfigFileManager:1595 - The Die is : DIE417
2026-05-21 17:36:13,865 [INFO] ProjectBuilder:5496 - Time for Generating toolchain IDE Files: 1353mS.
2026-05-21 17:36:13,865 [INFO] ProjectBuilder:3463 - Time for Copy CMSIS : 0mS.
2026-05-21 17:36:13,868 [INFO] ProjectBuilder:3463 - Time for Copy CMSIS : 0mS.
2026-05-21 17:48:58,701 [ERROR] LogOutputStream:75 - [STDERR_REDIRECT] 
2026-05-21 18:22:07,185 [INFO] Activator:176 - 


2026-05-21 18:22:07,187 [INFO] Activator:177 - !SESSION log4j initialized
2026-05-21 18:22:10,758 [INFO] LogOutputStream:77 - [STDOUT_REDIRECT] 
2026-05-21 18:22:16,875 [INFO] LogOutputStream:77 - [STDOUT_REDIRECT] 
2026-05-21 18:22:18,038 [ERROR] LogOutputStream:75 - [STDERR_REDIRECT] 
2026-05-21 18:22:18,196 [ERROR] LogOutputStream:75 - [STDERR_REDIRECT] java.net.URISyntaxException: Illegal character in path at index 28: file:/Users/admin/Desktop/My Projects/Bike4u/Programing/.metadata/.log4j2.xml
2026-05-21 18:22:18,196 [ERROR] LogOutputStream:75 - [STDERR_REDIRECT] 	at java.base/java.net.URI$Parser.fail(URI.java:2995)
2026-05-21 18:22:18,197 [ERROR] LogOutputStream:75 - [STDERR_REDIRECT] 	at java.base/java.net.URI$Parser.checkChars(URI.java:3166)
2026-05-21 18:22:18,197 [ERROR] LogOutputStream:75 - [STDERR_REDIRECT] 	at java.base/java.net.URI$Parser.parseHierarchical(URI.java:3248)
2026-05-21 18:22:18,198 [ERROR] LogOutputStream:75 - [STDERR_REDIRECT] 	at java.base/java.net.URI$Parser.parse(URI.java:3196)
2026-05-21 18:22:18,198 [ERROR] LogOutputStream:75 - [STDERR_REDIRECT] 	at java.base/java.net.URI.<init>(URI.java:645)
2026-05-21 18:22:18,198 [ERROR] LogOutputStream:75 - [STDERR_REDIRECT] 	at java.base/java.net.URL.toURI(URL.java:1220)
2026-05-21 18:22:18,199 [ERROR] LogOutputStream:75 - [STDERR_REDIRECT] 	at com.st.stm32cube.common.mx.core.CubeMxInstance.getInstance(CubeMxInstance.java:81)
2026-05-21 18:22:18,199 [ERROR] LogOutputStream:75 - [STDERR_REDIRECT] 	at com.st.stm32cube.common.mx.userauth.UserAuthAdapter.<init>(UserAuthAdapter.java:25)
2026-05-21 18:22:18,199 [ERROR] LogOutputStream:75 - [STDERR_REDIRECT] 	at com.st.stm32cube.common.mx.userauth.UserAuthProvider.getUserAuthAdapter(UserAuthProvider.java:16)
2026-05-21 18:22:18,200 [ERROR] LogOutputStream:75 - [STDERR_REDIRECT] 	at com.st.stm32cube.common.ecosystemintegration.ui.core.MCUEcoSystemIntegrationUiHelper.getUserAuth(MCUEcoSystemIntegrationUiHelper.java:100)
2026-05-21 18:22:18,200 [ERROR] LogOutputStream:75 - [STDERR_REDIRECT] 	at com.st.stm32cube.ide.mcu.userauth.UserAuthStartup.earlyStartup(UserAuthStartup.java:32)
2026-05-21 18:22:18,200 [ERROR] LogOutputStream:75 - [STDERR_REDIRECT] 	at org.eclipse.ui.internal.EarlyStartupRunnable.runEarlyStartup(EarlyStartupRunnable.java:79)
2026-05-21 18:22:18,201 [ERROR] LogOutputStream:75 - [STDERR_REDIRECT] 	at org.eclipse.ui.internal.EarlyStartupRunnable.run(EarlyStartupRunnable.java:55)
2026-05-21 18:22:18,201 [ERROR] LogOutputStream:75 - [STDERR_REDIRECT] 	at org.eclipse.core.runtime.SafeRunner.run(SafeRunner.java:47)
2026-05-21 18:22:18,201 [ERROR] LogOutputStream:75 - [STDERR_REDIRECT] 	at org.eclipse.ui.internal.Workbench$39.run(Workbench.java:2733)
2026-05-21 18:22:18,201 [ERROR] LogOutputStream:75 - [STDERR_REDIRECT] 	at org.eclipse.core.internal.jobs.Worker.run(Worker.java:63)
2026-05-21 18:22:18,538 [INFO] ApplicationProperties:184 - Using Application install path: /Applications/STM32CubeIDE.app/Contents/Eclipse/plugins/com.st.stm32cube.common.mx_6.15.0.202507011659
2026-05-21 18:22:18,567 [INFO] DbMcusXml:78 - Set database path to: /Applications/STM32CubeIDE.app/Contents/Eclipse/plugins/com.st.stm32cube.common.mx_6.15.0.202507011659//db//mcu/
2026-05-21 18:22:18,567 [INFO] ApiDb:274 - Set plugin database path to: /Applications/STM32CubeIDE.app/Contents/Eclipse/plugins/com.st.stm32cube.common.mx_6.15.0.202507011659//db//plugins/boardmanager/
2026-05-21 18:22:18,568 [WARN] ApiDb:259 - Overriding images path with different value:  => /Applications/STM32CubeIDE.app/Contents/Eclipse/plugins/com.st.stm32cube.common.mx_6.15.0.202507011659//db//plugins/mcufinder/images/
2026-05-21 18:22:18,575 [INFO] ApiDb:250 - Set database path to: /Users/admin/.stmcufinder/plugins/mcufinder//mcu/
2026-05-21 18:22:18,579 [INFO] DbMcusAds:125 - Set database path to: /Users/admin/.stmcufinder/plugins/mcufinder//mcu/
2026-05-21 18:22:18,582 [INFO] CrossReferenceDbSqlite:203 - Set database path to: /Users/admin/.stmcufinder/plugins/mcufinder//mcu/cs/
2026-05-21 18:22:18,776 [INFO] RulesReader:64 - Compatibility file has been processed (317 Rules)
2026-05-21 18:22:18,858 [INFO] DbMcusXml:78 - Set database path to: /Applications/STM32CubeIDE.app/Contents/Eclipse/plugins/com.st.stm32cube.common.mx_6.15.0.202507011659//db//mcu/
2026-05-21 18:22:18,859 [INFO] ApiDb:274 - Set plugin database path to: /Applications/STM32CubeIDE.app/Contents/Eclipse/plugins/com.st.stm32cube.common.mx_6.15.0.202507011659//db//plugins/boardmanager/
2026-05-21 18:22:18,859 [INFO] ApiDb:261 - Set plugin images path to: /Applications/STM32CubeIDE.app/Contents/Eclipse/plugins/com.st.stm32cube.common.mx_6.15.0.202507011659//db//plugins/mcufinder/images/
2026-05-21 18:22:18,859 [WARN] DbFile:41 - Overriding database path with different value: /Users/admin/.stmcufinder/plugins/mcufinder/ => /Users/admin/.stmcufinder/plugins/mcufinder
2026-05-21 18:22:18,859 [INFO] ApiDb:250 - Set database path to: /Users/admin/.stmcufinder/plugins/mcufinder//mcu/
2026-05-21 18:22:18,860 [WARN] DbFile:41 - Overriding database path with different value: /Users/admin/.stmcufinder/plugins/mcufinder/ => /Users/admin/.stmcufinder/plugins/mcufinder
2026-05-21 18:22:18,860 [INFO] DbMcusAds:125 - Set database path to: /Users/admin/.stmcufinder/plugins/mcufinder//mcu/
2026-05-21 18:22:18,860 [WARN] DbFile:41 - Overriding database path with different value: /Users/admin/.stmcufinder/plugins/mcufinder/ => /Users/admin/.stmcufinder/plugins/mcufinder
2026-05-21 18:22:18,860 [WARN] DbFile:41 - Overriding database path with different value: /Users/admin/.stmcufinder/plugins/mcufinder/ => /Users/admin/.stmcufinder/plugins/mcufinder
2026-05-21 18:22:18,860 [INFO] CrossReferenceDbSqlite:203 - Set database path to: /Users/admin/.stmcufinder/plugins/mcufinder//mcu/cs/
2026-05-21 18:22:18,949 [INFO] MainPanel:274 - HeapMemory: 293601280
2026-05-21 18:22:19,346 [INFO] DbMcusXml:78 - Set database path to: /Applications/STM32CubeIDE.app/Contents/Eclipse/plugins/com.st.stm32cube.common.mx_6.15.0.202507011659//db//mcu/
2026-05-21 18:22:19,347 [INFO] ApiDb:274 - Set plugin database path to: /Applications/STM32CubeIDE.app/Contents/Eclipse/plugins/com.st.stm32cube.common.mx_6.15.0.202507011659//db//plugins/boardmanager/
2026-05-21 18:22:19,347 [INFO] ApiDb:261 - Set plugin images path to: /Applications/STM32CubeIDE.app/Contents/Eclipse/plugins/com.st.stm32cube.common.mx_6.15.0.202507011659//db//plugins/mcufinder/images/
2026-05-21 18:22:19,347 [WARN] DbFile:41 - Overriding database path with different value: /Users/admin/.stmcufinder/plugins/mcufinder/ => /Users/admin/.stmcufinder/plugins/mcufinder
2026-05-21 18:22:19,347 [INFO] ApiDb:250 - Set database path to: /Users/admin/.stmcufinder/plugins/mcufinder//mcu/
2026-05-21 18:22:19,347 [WARN] DbFile:41 - Overriding database path with different value: /Users/admin/.stmcufinder/plugins/mcufinder/ => /Users/admin/.stmcufinder/plugins/mcufinder
2026-05-21 18:22:19,348 [INFO] DbMcusAds:125 - Set database path to: /Users/admin/.stmcufinder/plugins/mcufinder//mcu/
2026-05-21 18:22:19,348 [WARN] DbFile:41 - Overriding database path with different value: /Users/admin/.stmcufinder/plugins/mcufinder/ => /Users/admin/.stmcufinder/plugins/mcufinder
2026-05-21 18:22:19,348 [WARN] DbFile:41 - Overriding database path with different value: /Users/admin/.stmcufinder/plugins/mcufinder/ => /Users/admin/.stmcufinder/plugins/mcufinder
2026-05-21 18:22:19,348 [INFO] CrossReferenceDbSqlite:203 - Set database path to: /Users/admin/.stmcufinder/plugins/mcufinder//mcu/cs/
2026-05-21 18:22:19,363 [INFO] ApplicationProperties:184 - Using Application install path: /Applications/STM32CubeIDE.app/Contents/Eclipse/plugins/com.st.stm32cube.common.mx_6.15.0.202507011659
2026-05-21 18:22:19,366 [INFO] PluginManage:196 - Search for loadable plugins [exclusion list=, ]
2026-05-21 18:22:19,367 [INFO] PluginManage:310 - Check plugin analytics
2026-05-21 18:22:19,577 [INFO] AnalyticsPlugin:253 - Accepted Software Licenses: 
2026-05-21 18:22:19,577 [INFO] AnalyticsPlugin:255 - Accepted CMSIS Pack Licenses: Infineon.AIROC-Wi-Fi-Bluetooth-STM32.1.6.0,STMicroelectronics.X-CUBE-BLE1.7.0.0
2026-05-21 18:22:19,577 [INFO] AnalyticsPlugin:257 - Accepted Firmware Licenses: FW.G0.1.6.0,FW.WB.1.19.0,FW.WB.1.21.0
2026-05-21 18:22:19,581 [INFO] PluginManage:359 - Loaded plugin analytics (category:tool,tabindex:-1)
2026-05-21 18:22:19,581 [INFO] PluginManage:310 - Check plugin cadmodel
2026-05-21 18:22:19,587 [INFO] CADModel:105 - Init CAD model plugin
2026-05-21 18:22:19,587 [INFO] PluginManage:359 - Loaded plugin cadmodel (category:power,tabindex:5)
2026-05-21 18:22:19,587 [INFO] PluginManage:310 - Check plugin clock
2026-05-21 18:22:19,597 [INFO] PluginManage:359 - Loaded plugin clock (category:base,tabindex:2)
2026-05-21 18:22:19,598 [INFO] PluginManage:310 - Check plugin ddr
2026-05-21 18:22:19,601 [INFO] PluginManage:359 - Loaded plugin ddr (category:tool,tabindex:6)
2026-05-21 18:22:19,601 [INFO] PluginManage:310 - Check plugin filemanager
2026-05-21 18:22:19,827 [INFO] PluginManage:359 - Loaded plugin filemanager (category:base,tabindex:10)
2026-05-21 18:22:19,827 [INFO] PluginManage:310 - Check plugin ipmanager
2026-05-21 18:22:19,838 [INFO] PluginManage:359 - Loaded plugin ipmanager (category:base,tabindex:5)
2026-05-21 18:22:19,839 [INFO] PluginManage:310 - Check plugin lpbam
2026-05-21 18:22:19,853 [INFO] PluginManage:359 - Loaded plugin lpbam (category:base,tabindex:0)
2026-05-21 18:22:19,853 [INFO] PluginManage:310 - Check plugin memorymap
2026-05-21 18:22:19,880 [INFO] PluginManage:359 - Loaded plugin memorymap (category:base,tabindex:4)
2026-05-21 18:22:19,880 [INFO] PluginManage:310 - Check plugin pinoutandconfiguration
2026-05-21 18:22:19,892 [INFO] PluginManage:359 - Loaded plugin pinoutandconfiguration (category:base,tabindex:1)
2026-05-21 18:22:19,892 [INFO] PluginManage:310 - Check plugin pinoutconfig
2026-05-21 18:22:20,027 [WARN] SupportedApi:132 - Cannot load RTOS API schema: s4s-elt-must-match.1: The content of 'definitions' must match (annotation?, (simpleType | complexType)?, (unique | key | keyref)*)). A problem was found starting at: attribute.
2026-05-21 18:22:20,232 [INFO] PluginManage:359 - Loaded plugin pinoutconfig (category:base,tabindex:0)
2026-05-21 18:22:20,233 [INFO] PluginManage:310 - Check plugin power
2026-05-21 18:22:20,243 [INFO] PluginManage:359 - Loaded plugin power (category:power,tabindex:4)
2026-05-21 18:22:20,244 [INFO] PluginManage:310 - Check plugin projectmanager
2026-05-21 18:22:20,271 [INFO] PluginManage:359 - Loaded plugin projectmanager (category:projectmanager,tabindex:4)
2026-05-21 18:22:20,271 [INFO] PluginManage:310 - Check plugin rif
2026-05-21 18:22:20,284 [INFO] PluginManage:359 - Loaded plugin rif (category:base,tabindex:3)
2026-05-21 18:22:20,284 [INFO] PluginManage:310 - Check plugin thirdparty
2026-05-21 18:22:20,445 [WARN] IntegrityCheckThread:84 - waiting for thirdparty lock release [integrity check]
2026-05-21 18:22:20,445 [INFO] PluginManage:359 - Loaded plugin thirdparty (category:base,tabindex:-1)
2026-05-21 18:22:20,446 [INFO] IntegrityCheckThread:86 - entering critical section [integrity check]
2026-05-21 18:22:20,446 [INFO] PluginManage:310 - Check plugin tools
2026-05-21 18:22:20,446 [INFO] ThirdPartyUpdaterWithRetryManager:70 - Updater plugin not ready yet. [1/15]
2026-05-21 18:22:20,449 [INFO] PluginManage:359 - Loaded plugin tools (category:base,tabindex:7)
2026-05-21 18:22:20,449 [INFO] PluginManage:310 - Check plugin tutovideos
2026-05-21 18:22:20,753 [INFO] PluginManage:359 - Loaded plugin tutovideos (category:base,tabindex:-1)
2026-05-21 18:22:20,753 [INFO] PluginManage:310 - Check plugin updater
2026-05-21 18:22:20,783 [INFO] PluginManage:359 - Loaded plugin updater (category:base,tabindex:12)
2026-05-21 18:22:20,784 [INFO] PluginManage:310 - Check plugin userauth
2026-05-21 18:22:20,789 [INFO] UserAuth:118 - Init User Auth plugin
2026-05-21 18:22:20,791 [INFO] PluginManage:359 - Loaded plugin userauth (category:base,tabindex:14)
2026-05-21 18:22:20,792 [INFO] PluginManage:283 - PluginManage : Loaded plugins [18]
2026-05-21 18:22:21,048 [INFO] PinOutPanel:1589 - setPackage(No Configuration,No Configuration)
2026-05-21 18:22:21,382 [INFO] CADModel:165 - CPN selected for project level
2026-05-21 18:22:21,383 [INFO] CADModel:114 - Register for checkConnection events
2026-05-21 18:22:21,406 [INFO] IPUIPlugin:80 - create IPUIPlugin
2026-05-21 18:22:21,406 [INFO] PluginManager:220 - loadIPPluginJar : add mdma
2026-05-21 18:22:21,416 [INFO] IPUIPlugin:80 - create IPUIPlugin
2026-05-21 18:22:21,417 [INFO] PluginManager:220 - loadIPPluginJar : add freertos
2026-05-21 18:22:21,426 [INFO] IPUIPlugin:80 - create IPUIPlugin
2026-05-21 18:22:21,427 [INFO] PluginManager:220 - loadIPPluginJar : add gic
2026-05-21 18:22:21,444 [INFO] IPUIPlugin:80 - create IPUIPlugin
2026-05-21 18:22:21,445 [INFO] PluginManager:220 - loadIPPluginJar : add adc
2026-05-21 18:22:21,449 [INFO] IPUIPlugin:80 - create IPUIPlugin
2026-05-21 18:22:21,450 [INFO] PluginManager:220 - loadIPPluginJar : add gtzc
2026-05-21 18:22:21,452 [INFO] IPUIPlugin:80 - create IPUIPlugin
2026-05-21 18:22:21,452 [INFO] PluginManager:220 - loadIPPluginJar : add quadspi
2026-05-21 18:22:21,456 [INFO] IPUIPlugin:80 - create IPUIPlugin
2026-05-21 18:22:21,457 [INFO] PluginManager:220 - loadIPPluginJar : add aes
2026-05-21 18:22:21,463 [INFO] IPUIPlugin:80 - create IPUIPlugin
2026-05-21 18:22:21,463 [INFO] PluginManager:220 - loadIPPluginJar : add pdm2pcm
2026-05-21 18:22:21,467 [INFO] IPUIPlugin:80 - create IPUIPlugin
2026-05-21 18:22:21,468 [INFO] PluginManager:220 - loadIPPluginJar : add hash
2026-05-21 18:22:21,476 [INFO] IPUIPlugin:80 - create IPUIPlugin
2026-05-21 18:22:21,477 [INFO] PluginManager:220 - loadIPPluginJar : add tim
2026-05-21 18:22:21,480 [INFO] IPUIPlugin:80 - create IPUIPlugin
2026-05-21 18:22:21,481 [INFO] PluginManager:220 - loadIPPluginJar : add tsc
2026-05-21 18:22:21,485 [INFO] IPUIPlugin:80 - create IPUIPlugin
2026-05-21 18:22:21,486 [INFO] PluginManager:220 - loadIPPluginJar : add extmemmanager
2026-05-21 18:22:21,488 [INFO] IPUIPlugin:80 - create IPUIPlugin
2026-05-21 18:22:21,488 [INFO] PluginManager:220 - loadIPPluginJar : add ts
2026-05-21 18:22:21,490 [INFO] IPUIPlugin:80 - create IPUIPlugin
2026-05-21 18:22:21,491 [INFO] PluginManager:220 - loadIPPluginJar : add radio
2026-05-21 18:22:21,497 [INFO] IPUIPlugin:80 - create IPUIPlugin
2026-05-21 18:22:21,498 [INFO] PluginManager:220 - loadIPPluginJar : add can
2026-05-21 18:22:21,502 [INFO] IPUIPlugin:80 - create IPUIPlugin
2026-05-21 18:22:21,503 [INFO] PluginManager:220 - loadIPPluginJar : add dma3
2026-05-21 18:22:21,506 [INFO] IPUIPlugin:80 - create IPUIPlugin
2026-05-21 18:22:21,506 [INFO] PluginManager:220 - loadIPPluginJar : add dfsdm
2026-05-21 18:22:21,508 [INFO] IPUIPlugin:80 - create IPUIPlugin
2026-05-21 18:22:21,509 [INFO] PluginManager:220 - loadIPPluginJar : add spi
2026-05-21 18:22:21,512 [INFO] IPUIPlugin:80 - create IPUIPlugin
2026-05-21 18:22:21,512 [INFO] PluginManager:220 - loadIPPluginJar : add gfxmmu
2026-05-21 18:22:21,514 [INFO] IPUIPlugin:80 - create IPUIPlugin
2026-05-21 18:22:21,514 [INFO] PluginManager:220 - loadIPPluginJar : add genericplugin
2026-05-21 18:22:21,517 [INFO] IPUIPlugin:80 - create IPUIPlugin
2026-05-21 18:22:21,517 [INFO] PluginManager:220 - loadIPPluginJar : add cryp
2026-05-21 18:22:21,523 [INFO] IPUIPlugin:80 - create IPUIPlugin
2026-05-21 18:22:21,524 [INFO] PluginManager:220 - loadIPPluginJar : add gpio
2026-05-21 18:22:21,529 [INFO] IPUIPlugin:80 - create IPUIPlugin
2026-05-21 18:22:21,529 [INFO] PluginManager:220 - loadIPPluginJar : add ddr_ctrl_phy
2026-05-21 18:22:21,532 [INFO] IPUIPlugin:80 - create IPUIPlugin
2026-05-21 18:22:21,532 [INFO] PluginManager:220 - loadIPPluginJar : add comp
2026-05-21 18:22:21,536 [INFO] IPUIPlugin:80 - create IPUIPlugin
2026-05-21 18:22:21,536 [INFO] PluginManager:220 - loadIPPluginJar : add tracer_emb
2026-05-21 18:22:21,543 [INFO] IPUIPlugin:80 - create IPUIPlugin
2026-05-21 18:22:21,543 [INFO] PluginManager:220 - loadIPPluginJar : add openamp
2026-05-21 18:22:21,560 [INFO] IPUIPlugin:80 - create IPUIPlugin
2026-05-21 18:22:21,561 [INFO] PluginManager:220 - loadIPPluginJar : add stm32_wpan
2026-05-21 18:22:21,574 [INFO] IPUIPlugin:80 - create IPUIPlugin
2026-05-21 18:22:21,581 [INFO] PluginManager:220 - loadIPPluginJar : add plateformsettings
2026-05-21 18:22:21,589 [INFO] IPUIPlugin:80 - create IPUIPlugin
2026-05-21 18:22:21,589 [INFO] PluginManager:220 - loadIPPluginJar : add ipddr
2026-05-21 18:22:21,592 [INFO] IPUIPlugin:80 - create IPUIPlugin
2026-05-21 18:22:21,592 [INFO] PluginManager:220 - loadIPPluginJar : add usart
2026-05-21 18:22:21,594 [INFO] IPUIPlugin:80 - create IPUIPlugin
2026-05-21 18:22:21,595 [INFO] PluginManager:220 - loadIPPluginJar : add ltdc
2026-05-21 18:22:21,601 [INFO] IPUIPlugin:80 - create IPUIPlugin
2026-05-21 18:22:21,601 [INFO] PluginManager:220 - loadIPPluginJar : add nvic
2026-05-21 18:22:21,603 [INFO] IPUIPlugin:80 - create IPUIPlugin
2026-05-21 18:22:21,603 [INFO] PluginManager:220 - loadIPPluginJar : add fatfs
2026-05-21 18:22:21,616 [INFO] IPUIPlugin:80 - create IPUIPlugin
2026-05-21 18:22:21,617 [INFO] PluginManager:220 - loadIPPluginJar : add linkedlist
2026-05-21 18:22:21,629 [INFO] IPUIPlugin:80 - create IPUIPlugin
2026-05-21 18:22:21,630 [INFO] PluginManager:220 - loadIPPluginJar : add dma
2026-05-21 18:22:21,638 [INFO] IPUIPlugin:80 - create IPUIPlugin
2026-05-21 18:22:21,639 [INFO] PluginManager:220 - loadIPPluginJar : add fmc
2026-05-21 18:22:21,643 [INFO] IPUIPlugin:80 - create IPUIPlugin
2026-05-21 18:22:21,643 [INFO] PluginManager:220 - loadIPPluginJar : add i2s
2026-05-21 18:22:21,645 [INFO] IPUIPlugin:80 - create IPUIPlugin
2026-05-21 18:22:21,645 [INFO] PluginManager:220 - loadIPPluginJar : add ucpd
2026-05-21 18:22:21,648 [INFO] IPUIPlugin:80 - create IPUIPlugin
2026-05-21 18:22:21,649 [INFO] PluginManager:220 - loadIPPluginJar : add lorawan
2026-05-21 18:22:21,653 [INFO] IPUIPlugin:80 - create IPUIPlugin
2026-05-21 18:22:21,653 [INFO] PluginManager:220 - loadIPPluginJar : add opamp
2026-05-21 18:22:21,659 [INFO] IPUIPlugin:80 - create IPUIPlugin
2026-05-21 18:22:21,659 [INFO] PluginManager:220 - loadIPPluginJar : add i3c
2026-05-21 18:22:21,665 [INFO] IPUIPlugin:80 - create IPUIPlugin
2026-05-21 18:22:21,666 [INFO] PluginManager:220 - loadIPPluginJar : add touchsensing
2026-05-21 18:22:21,672 [INFO] IPUIPlugin:80 - create IPUIPlugin
2026-05-21 18:22:21,672 [INFO] PluginManager:220 - loadIPPluginJar : add i2c
2026-05-21 18:22:21,680 [INFO] IPUIPlugin:80 - create IPUIPlugin
2026-05-21 18:22:21,681 [INFO] PluginManager:220 - loadIPPluginJar : add resmgrutility
2026-05-21 18:22:21,687 [INFO] IPUIPlugin:80 - create IPUIPlugin
2026-05-21 18:22:21,688 [INFO] PluginManager:220 - loadIPPluginJar : add sai
2026-05-21 18:22:21,694 [INFO] IPUIPlugin:80 - create IPUIPlugin
2026-05-21 18:22:21,694 [INFO] PluginManager:220 - loadIPPluginJar : add usbx
2026-05-21 18:22:21,859 [FATAL] Updater:351 - Updater called before beeing initialized
2026-05-21 18:22:21,947 [INFO] RulesReader:64 - Compatibility file has been processed (317 Rules)
2026-05-21 18:22:22,030 [INFO] RulesReader:64 - Compatibility file has been processed (317 Rules)
2026-05-21 18:22:22,070 [INFO] CADModel:165 - CPN selected for project level
2026-05-21 18:22:22,070 [INFO] CADModel:114 - Register for checkConnection events
2026-05-21 18:22:22,071 [FATAL] Updater:351 - Updater called before beeing initialized
2026-05-21 18:22:22,071 [ERROR] CADModel:125 - Updater not yet initialized, retry later 
2026-05-21 18:22:23,287 [FATAL] Updater:351 - Updater called before beeing initialized
2026-05-21 18:22:23,292 [INFO] CADModel:165 - CPN selected for project level
2026-05-21 18:22:23,292 [INFO] CADModel:114 - Register for checkConnection events
2026-05-21 18:22:23,292 [FATAL] Updater:351 - Updater called before beeing initialized
2026-05-21 18:22:23,292 [ERROR] CADModel:125 - Updater not yet initialized, retry later 
2026-05-21 18:22:23,300 [FATAL] Updater:351 - Updater called before beeing initialized
2026-05-21 18:22:23,451 [INFO] ThirdPartyUpdaterWithRetryManager:70 - Updater plugin not ready yet. [2/15]
2026-05-21 18:22:23,805 [FATAL] Updater:351 - Updater called before beeing initialized
2026-05-21 18:22:23,815 [INFO] DbMcusAds:53 - JSON generation date=Mon Apr 27 11:14:29 EEST 2026 (1777277669683)
2026-05-21 18:22:23,815 [FATAL] Updater:351 - Updater called before beeing initialized
2026-05-21 18:22:24,259 [WARN] DetailPanel:346 - Failed to get advertising image, set to default
2026-05-21 18:22:24,526 [FATAL] Updater:351 - Updater called before beeing initialized
2026-05-21 18:22:24,529 [FATAL] Updater:351 - Updater called before beeing initialized
2026-05-21 18:22:24,530 [FATAL] Updater:351 - Updater called before beeing initialized
2026-05-21 18:22:24,531 [WARN] DetailPanel:346 - Failed to get advertising image, set to default
2026-05-21 18:22:24,534 [FATAL] Updater:351 - Updater called before beeing initialized
2026-05-21 18:22:24,629 [ERROR] Updater:1198 - MainUpdater not yet initialized. External WinMGr cannot be set.
2026-05-21 18:22:24,635 [INFO] Updater:1134 - Updater Version found : 6.15.0
2026-05-21 18:22:24,684 [INFO] ApplicationProperties:184 - Using Application install path: /Applications/STM32CubeIDE.app/Contents/Eclipse/plugins/com.st.stm32cube.common.mx_6.15.0.202507011659
2026-05-21 18:22:26,454 [FATAL] Updater:351 - Updater called before beeing initialized
2026-05-21 18:22:26,455 [ERROR] IntegrityCheckThread:130 - Cannot retrieve database content from updater: error 21
2026-05-21 18:22:26,455 [INFO] ThirdParty:978 - Integrity check success = false
2026-05-21 18:22:26,456 [INFO] IntegrityCheckThread:100 - exiting critical section [integrity check]
2026-05-21 18:22:26,456 [INFO] IntegrityCheckThread:103 - End integrity checks thread
2026-05-21 18:22:26,850 [INFO] MainUpdater:2872 - connection check result : 10
2026-05-21 18:22:26,851 [INFO] MainUpdater:289 - Updater Check For Update Now.
2026-05-21 18:22:26,852 [INFO] MicroXplorer:498 - Change Database Version : DB.6.0.150
2026-05-21 18:22:26,864 [INFO] McuFinderGlobals:63 - Set McuFinder mode to 2 (CubeIDE integrated)
2026-05-21 18:22:26,867 [INFO] UserAuth:487 - Internet connection configuration mode: 1
2026-05-21 18:22:26,898 [INFO] JxBrowserEngine:152 - Initiate JxBrowser Engine with user profile folder
2026-05-21 18:22:27,241 [INFO] CheckServerUpdateThread:120 - End of CheckServer Thread
2026-05-21 18:22:28,995 [INFO] WebApp:169 - Instantiating new browser for Auth
2026-05-21 18:22:30,730 [INFO] WebApp:463 - Apply proxy settings
2026-05-21 18:22:30,738 [INFO] WebApp:508 - Chromium authenticates against Manually configured proxy
2026-05-21 18:22:30,757 [INFO] WebApp:516 - Username used for proxy authentication: 
2026-05-21 18:22:30,814 [INFO] WebApp:900 - Register for checkConnection events
2026-05-21 18:22:30,814 [INFO] WebApp:463 - Apply proxy settings
2026-05-21 18:22:30,818 [INFO] WebApp:508 - Chromium authenticates against Manually configured proxy
2026-05-21 18:22:30,819 [INFO] WebApp:516 - Username used for proxy authentication: 
2026-05-21 18:22:31,028 [INFO] WebApp:191 - Connection restablished
2026-05-21 18:22:31,458 [INFO] WebApp:225 - Starting web application
2026-05-21 18:22:31,459 [INFO] WebApp:593 - Web application path used /Applications/STM32CubeIDE.app/Contents/Eclipse/plugins/com.st.stm32cube.common.mx_6.15.0.202507011659/db/plugins/mcufinder/reactClient1/index.html
2026-05-21 18:22:31,681 [INFO] UserAuth:487 - Internet connection configuration mode: 1
