2026-05-20 15:16:29,235 [INFO] Activator:176 - 


2026-05-20 15:16:29,255 [INFO] Activator:177 - !SESSION log4j initialized
2026-05-20 15:16:41,936 [INFO] LogOutputStream:77 - [STDOUT_REDIRECT] 
2026-05-20 15:16:56,617 [INFO] LogOutputStream:77 - [STDOUT_REDIRECT] 
2026-05-20 15:16:58,365 [ERROR] LogOutputStream:75 - [STDERR_REDIRECT] 
2026-05-20 15:16:59,151 [ERROR] LogOutputStream:75 - [STDERR_REDIRECT] java.net.URISyntaxException: Illegal character in path at index 28: file:/Users/admin/Desktop/My Projects/Bike4u/Programing/.metadata/.log4j2.xml
2026-05-20 15:16:59,153 [ERROR] LogOutputStream:75 - [STDERR_REDIRECT] 	at java.base/java.net.URI$Parser.fail(URI.java:2995)
2026-05-20 15:16:59,154 [ERROR] LogOutputStream:75 - [STDERR_REDIRECT] 	at java.base/java.net.URI$Parser.checkChars(URI.java:3166)
2026-05-20 15:16:59,155 [ERROR] LogOutputStream:75 - [STDERR_REDIRECT] 	at java.base/java.net.URI$Parser.parseHierarchical(URI.java:3248)
2026-05-20 15:16:59,157 [ERROR] LogOutputStream:75 - [STDERR_REDIRECT] 	at java.base/java.net.URI$Parser.parse(URI.java:3196)
2026-05-20 15:16:59,161 [ERROR] LogOutputStream:75 - [STDERR_REDIRECT] 	at java.base/java.net.URI.<init>(URI.java:645)
2026-05-20 15:16:59,163 [ERROR] LogOutputStream:75 - [STDERR_REDIRECT] 	at java.base/java.net.URL.toURI(URL.java:1220)
2026-05-20 15:16:59,165 [ERROR] LogOutputStream:75 - [STDERR_REDIRECT] 	at com.st.stm32cube.common.mx.core.CubeMxInstance.getInstance(CubeMxInstance.java:81)
2026-05-20 15:16:59,167 [ERROR] LogOutputStream:75 - [STDERR_REDIRECT] 	at com.st.stm32cube.common.mx.userauth.UserAuthAdapter.<init>(UserAuthAdapter.java:25)
2026-05-20 15:16:59,168 [ERROR] LogOutputStream:75 - [STDERR_REDIRECT] 	at com.st.stm32cube.common.mx.userauth.UserAuthProvider.getUserAuthAdapter(UserAuthProvider.java:16)
2026-05-20 15:16:59,170 [ERROR] LogOutputStream:75 - [STDERR_REDIRECT] 	at com.st.stm32cube.common.ecosystemintegration.ui.core.MCUEcoSystemIntegrationUiHelper.getUserAuth(MCUEcoSystemIntegrationUiHelper.java:100)
2026-05-20 15:16:59,171 [ERROR] LogOutputStream:75 - [STDERR_REDIRECT] 	at com.st.stm32cube.ide.mcu.userauth.UserAuthStartup.earlyStartup(UserAuthStartup.java:32)
2026-05-20 15:16:59,173 [ERROR] LogOutputStream:75 - [STDERR_REDIRECT] 	at org.eclipse.ui.internal.EarlyStartupRunnable.runEarlyStartup(EarlyStartupRunnable.java:79)
2026-05-20 15:16:59,174 [ERROR] LogOutputStream:75 - [STDERR_REDIRECT] 	at org.eclipse.ui.internal.EarlyStartupRunnable.run(EarlyStartupRunnable.java:55)
2026-05-20 15:16:59,176 [ERROR] LogOutputStream:75 - [STDERR_REDIRECT] 	at org.eclipse.core.runtime.SafeRunner.run(SafeRunner.java:47)
2026-05-20 15:16:59,178 [ERROR] LogOutputStream:75 - [STDERR_REDIRECT] 	at org.eclipse.ui.internal.Workbench$39.run(Workbench.java:2733)
2026-05-20 15:16:59,179 [ERROR] LogOutputStream:75 - [STDERR_REDIRECT] 	at org.eclipse.core.internal.jobs.Worker.run(Worker.java:63)
2026-05-20 15:17:00,402 [INFO] ApplicationProperties:184 - Using Application install path: /Applications/STM32CubeIDE.app/Contents/Eclipse/plugins/com.st.stm32cube.common.mx_6.15.0.202507011659
2026-05-20 15:17:00,483 [INFO] DbMcusXml:78 - Set database path to: /Applications/STM32CubeIDE.app/Contents/Eclipse/plugins/com.st.stm32cube.common.mx_6.15.0.202507011659//db//mcu/
2026-05-20 15:17:00,484 [INFO] ApiDb:274 - Set plugin database path to: /Applications/STM32CubeIDE.app/Contents/Eclipse/plugins/com.st.stm32cube.common.mx_6.15.0.202507011659//db//plugins/boardmanager/
2026-05-20 15:17:00,485 [WARN] ApiDb:259 - Overriding images path with different value:  => /Applications/STM32CubeIDE.app/Contents/Eclipse/plugins/com.st.stm32cube.common.mx_6.15.0.202507011659//db//plugins/mcufinder/images/
2026-05-20 15:17:00,508 [INFO] ApiDb:250 - Set database path to: /Users/admin/.stmcufinder/plugins/mcufinder//mcu/
2026-05-20 15:17:00,516 [INFO] DbMcusAds:125 - Set database path to: /Users/admin/.stmcufinder/plugins/mcufinder//mcu/
2026-05-20 15:17:00,527 [INFO] CrossReferenceDbSqlite:203 - Set database path to: /Users/admin/.stmcufinder/plugins/mcufinder//mcu/cs/
2026-05-20 15:17:00,995 [INFO] RulesReader:64 - Compatibility file has been processed (317 Rules)
2026-05-20 15:17:01,292 [INFO] DbMcusXml:78 - Set database path to: /Applications/STM32CubeIDE.app/Contents/Eclipse/plugins/com.st.stm32cube.common.mx_6.15.0.202507011659//db//mcu/
2026-05-20 15:17:01,293 [INFO] ApiDb:274 - Set plugin database path to: /Applications/STM32CubeIDE.app/Contents/Eclipse/plugins/com.st.stm32cube.common.mx_6.15.0.202507011659//db//plugins/boardmanager/
2026-05-20 15:17:01,294 [INFO] ApiDb:261 - Set plugin images path to: /Applications/STM32CubeIDE.app/Contents/Eclipse/plugins/com.st.stm32cube.common.mx_6.15.0.202507011659//db//plugins/mcufinder/images/
2026-05-20 15:17:01,295 [WARN] DbFile:41 - Overriding database path with different value: /Users/admin/.stmcufinder/plugins/mcufinder/ => /Users/admin/.stmcufinder/plugins/mcufinder
2026-05-20 15:17:01,296 [INFO] ApiDb:250 - Set database path to: /Users/admin/.stmcufinder/plugins/mcufinder//mcu/
2026-05-20 15:17:01,296 [WARN] DbFile:41 - Overriding database path with different value: /Users/admin/.stmcufinder/plugins/mcufinder/ => /Users/admin/.stmcufinder/plugins/mcufinder
2026-05-20 15:17:01,296 [INFO] DbMcusAds:125 - Set database path to: /Users/admin/.stmcufinder/plugins/mcufinder//mcu/
2026-05-20 15:17:01,297 [WARN] DbFile:41 - Overriding database path with different value: /Users/admin/.stmcufinder/plugins/mcufinder/ => /Users/admin/.stmcufinder/plugins/mcufinder
2026-05-20 15:17:01,297 [WARN] DbFile:41 - Overriding database path with different value: /Users/admin/.stmcufinder/plugins/mcufinder/ => /Users/admin/.stmcufinder/plugins/mcufinder
2026-05-20 15:17:01,297 [INFO] CrossReferenceDbSqlite:203 - Set database path to: /Users/admin/.stmcufinder/plugins/mcufinder//mcu/cs/
2026-05-20 15:17:01,557 [INFO] MainPanel:274 - HeapMemory: 268435456
2026-05-20 15:17:03,944 [INFO] DbMcusXml:78 - Set database path to: /Applications/STM32CubeIDE.app/Contents/Eclipse/plugins/com.st.stm32cube.common.mx_6.15.0.202507011659//db//mcu/
2026-05-20 15:17:03,946 [INFO] ApiDb:274 - Set plugin database path to: /Applications/STM32CubeIDE.app/Contents/Eclipse/plugins/com.st.stm32cube.common.mx_6.15.0.202507011659//db//plugins/boardmanager/
2026-05-20 15:17:03,947 [INFO] ApiDb:261 - Set plugin images path to: /Applications/STM32CubeIDE.app/Contents/Eclipse/plugins/com.st.stm32cube.common.mx_6.15.0.202507011659//db//plugins/mcufinder/images/
2026-05-20 15:17:03,948 [WARN] DbFile:41 - Overriding database path with different value: /Users/admin/.stmcufinder/plugins/mcufinder/ => /Users/admin/.stmcufinder/plugins/mcufinder
2026-05-20 15:17:03,949 [INFO] ApiDb:250 - Set database path to: /Users/admin/.stmcufinder/plugins/mcufinder//mcu/
2026-05-20 15:17:03,949 [WARN] DbFile:41 - Overriding database path with different value: /Users/admin/.stmcufinder/plugins/mcufinder/ => /Users/admin/.stmcufinder/plugins/mcufinder
2026-05-20 15:17:03,949 [INFO] DbMcusAds:125 - Set database path to: /Users/admin/.stmcufinder/plugins/mcufinder//mcu/
2026-05-20 15:17:03,949 [WARN] DbFile:41 - Overriding database path with different value: /Users/admin/.stmcufinder/plugins/mcufinder/ => /Users/admin/.stmcufinder/plugins/mcufinder
2026-05-20 15:17:03,949 [WARN] DbFile:41 - Overriding database path with different value: /Users/admin/.stmcufinder/plugins/mcufinder/ => /Users/admin/.stmcufinder/plugins/mcufinder
2026-05-20 15:17:03,949 [INFO] CrossReferenceDbSqlite:203 - Set database path to: /Users/admin/.stmcufinder/plugins/mcufinder//mcu/cs/
2026-05-20 15:17:04,010 [INFO] ApplicationProperties:184 - Using Application install path: /Applications/STM32CubeIDE.app/Contents/Eclipse/plugins/com.st.stm32cube.common.mx_6.15.0.202507011659
2026-05-20 15:17:04,016 [INFO] PluginManage:196 - Search for loadable plugins [exclusion list=, ]
2026-05-20 15:17:04,045 [INFO] PluginManage:310 - Check plugin analytics
2026-05-20 15:17:04,769 [INFO] AnalyticsPlugin:253 - Accepted Software Licenses: 
2026-05-20 15:17:04,770 [INFO] AnalyticsPlugin:255 - Accepted CMSIS Pack Licenses: Infineon.AIROC-Wi-Fi-Bluetooth-STM32.1.6.0,STMicroelectronics.X-CUBE-BLE1.7.0.0
2026-05-20 15:17:04,770 [INFO] AnalyticsPlugin:257 - Accepted Firmware Licenses: FW.G0.1.6.0,FW.WB.1.19.0,FW.WB.1.21.0
2026-05-20 15:17:04,781 [INFO] PluginManage:359 - Loaded plugin analytics (category:tool,tabindex:-1)
2026-05-20 15:17:04,783 [INFO] PluginManage:310 - Check plugin cadmodel
2026-05-20 15:17:04,796 [INFO] CADModel:105 - Init CAD model plugin
2026-05-20 15:17:04,797 [INFO] PluginManage:359 - Loaded plugin cadmodel (category:power,tabindex:5)
2026-05-20 15:17:04,797 [INFO] PluginManage:310 - Check plugin clock
2026-05-20 15:17:04,834 [INFO] PluginManage:359 - Loaded plugin clock (category:base,tabindex:2)
2026-05-20 15:17:04,835 [INFO] PluginManage:310 - Check plugin ddr
2026-05-20 15:17:04,860 [INFO] PluginManage:359 - Loaded plugin ddr (category:tool,tabindex:6)
2026-05-20 15:17:04,861 [INFO] PluginManage:310 - Check plugin filemanager
2026-05-20 15:17:05,442 [INFO] PluginManage:359 - Loaded plugin filemanager (category:base,tabindex:10)
2026-05-20 15:17:05,443 [INFO] PluginManage:310 - Check plugin ipmanager
2026-05-20 15:17:05,465 [INFO] PluginManage:359 - Loaded plugin ipmanager (category:base,tabindex:5)
2026-05-20 15:17:05,466 [INFO] PluginManage:310 - Check plugin lpbam
2026-05-20 15:17:05,499 [INFO] PluginManage:359 - Loaded plugin lpbam (category:base,tabindex:0)
2026-05-20 15:17:05,500 [INFO] PluginManage:310 - Check plugin memorymap
2026-05-20 15:17:05,553 [INFO] PluginManage:359 - Loaded plugin memorymap (category:base,tabindex:4)
2026-05-20 15:17:05,554 [INFO] PluginManage:310 - Check plugin pinoutandconfiguration
2026-05-20 15:17:05,582 [INFO] PluginManage:359 - Loaded plugin pinoutandconfiguration (category:base,tabindex:1)
2026-05-20 15:17:05,583 [INFO] PluginManage:310 - Check plugin pinoutconfig
2026-05-20 15:17:05,962 [WARN] SupportedApi:132 - Cannot load RTOS API schema: s4s-elt-must-match.1: The content of 'definitions' must match (annotation?, (simpleType | complexType)?, (unique | key | keyref)*)). A problem was found starting at: attribute.
2026-05-20 15:17:06,481 [INFO] PluginManage:359 - Loaded plugin pinoutconfig (category:base,tabindex:0)
2026-05-20 15:17:06,483 [INFO] PluginManage:310 - Check plugin power
2026-05-20 15:17:06,512 [INFO] PluginManage:359 - Loaded plugin power (category:power,tabindex:4)
2026-05-20 15:17:06,513 [INFO] PluginManage:310 - Check plugin projectmanager
2026-05-20 15:17:06,583 [INFO] PluginManage:359 - Loaded plugin projectmanager (category:projectmanager,tabindex:4)
2026-05-20 15:17:06,584 [INFO] PluginManage:310 - Check plugin rif
2026-05-20 15:17:06,631 [INFO] PluginManage:359 - Loaded plugin rif (category:base,tabindex:3)
2026-05-20 15:17:06,631 [INFO] PluginManage:310 - Check plugin thirdparty
2026-05-20 15:17:07,177 [INFO] PluginManage:359 - Loaded plugin thirdparty (category:base,tabindex:-1)
2026-05-20 15:17:07,177 [WARN] IntegrityCheckThread:84 - waiting for thirdparty lock release [integrity check]
2026-05-20 15:17:07,177 [INFO] IntegrityCheckThread:86 - entering critical section [integrity check]
2026-05-20 15:17:07,177 [INFO] PluginManage:310 - Check plugin tools
2026-05-20 15:17:07,178 [INFO] ThirdPartyUpdaterWithRetryManager:70 - Updater plugin not ready yet. [1/15]
2026-05-20 15:17:07,184 [INFO] PluginManage:359 - Loaded plugin tools (category:base,tabindex:7)
2026-05-20 15:17:07,185 [INFO] PluginManage:310 - Check plugin tutovideos
2026-05-20 15:17:07,979 [INFO] PluginManage:359 - Loaded plugin tutovideos (category:base,tabindex:-1)
2026-05-20 15:17:07,980 [INFO] PluginManage:310 - Check plugin updater
2026-05-20 15:17:08,035 [INFO] PluginManage:359 - Loaded plugin updater (category:base,tabindex:12)
2026-05-20 15:17:08,036 [INFO] PluginManage:310 - Check plugin userauth
2026-05-20 15:17:08,048 [INFO] UserAuth:118 - Init User Auth plugin
2026-05-20 15:17:08,051 [INFO] PluginManage:359 - Loaded plugin userauth (category:base,tabindex:14)
2026-05-20 15:17:08,052 [INFO] PluginManage:283 - PluginManage : Loaded plugins [18]
2026-05-20 15:17:08,625 [INFO] PinOutPanel:1589 - setPackage(No Configuration,No Configuration)
2026-05-20 15:17:08,828 [INFO] CADModel:165 - CPN selected for project level
2026-05-20 15:17:08,829 [INFO] CADModel:114 - Register for checkConnection events
2026-05-20 15:17:08,868 [INFO] IPUIPlugin:80 - create IPUIPlugin
2026-05-20 15:17:08,869 [INFO] PluginManager:220 - loadIPPluginJar : add mdma
2026-05-20 15:17:08,889 [INFO] IPUIPlugin:80 - create IPUIPlugin
2026-05-20 15:17:08,891 [INFO] PluginManager:220 - loadIPPluginJar : add freertos
2026-05-20 15:17:08,907 [INFO] IPUIPlugin:80 - create IPUIPlugin
2026-05-20 15:17:08,908 [INFO] PluginManager:220 - loadIPPluginJar : add gic
2026-05-20 15:17:08,935 [INFO] IPUIPlugin:80 - create IPUIPlugin
2026-05-20 15:17:08,936 [INFO] PluginManager:220 - loadIPPluginJar : add adc
2026-05-20 15:17:08,942 [INFO] IPUIPlugin:80 - create IPUIPlugin
2026-05-20 15:17:08,942 [INFO] PluginManager:220 - loadIPPluginJar : add gtzc
2026-05-20 15:17:08,947 [INFO] IPUIPlugin:80 - create IPUIPlugin
2026-05-20 15:17:08,948 [INFO] PluginManager:220 - loadIPPluginJar : add quadspi
2026-05-20 15:17:08,953 [INFO] IPUIPlugin:80 - create IPUIPlugin
2026-05-20 15:17:08,953 [INFO] PluginManager:220 - loadIPPluginJar : add aes
2026-05-20 15:17:08,961 [INFO] IPUIPlugin:80 - create IPUIPlugin
2026-05-20 15:17:08,961 [INFO] PluginManager:220 - loadIPPluginJar : add pdm2pcm
2026-05-20 15:17:08,965 [INFO] IPUIPlugin:80 - create IPUIPlugin
2026-05-20 15:17:08,966 [INFO] PluginManager:220 - loadIPPluginJar : add hash
2026-05-20 15:17:08,974 [INFO] IPUIPlugin:80 - create IPUIPlugin
2026-05-20 15:17:08,975 [INFO] PluginManager:220 - loadIPPluginJar : add tim
2026-05-20 15:17:08,980 [INFO] IPUIPlugin:80 - create IPUIPlugin
2026-05-20 15:17:08,981 [INFO] PluginManager:220 - loadIPPluginJar : add tsc
2026-05-20 15:17:08,989 [INFO] IPUIPlugin:80 - create IPUIPlugin
2026-05-20 15:17:08,990 [INFO] PluginManager:220 - loadIPPluginJar : add extmemmanager
2026-05-20 15:17:08,995 [INFO] IPUIPlugin:80 - create IPUIPlugin
2026-05-20 15:17:08,996 [INFO] PluginManager:220 - loadIPPluginJar : add ts
2026-05-20 15:17:09,001 [INFO] IPUIPlugin:80 - create IPUIPlugin
2026-05-20 15:17:09,002 [INFO] PluginManager:220 - loadIPPluginJar : add radio
2026-05-20 15:17:09,008 [INFO] IPUIPlugin:80 - create IPUIPlugin
2026-05-20 15:17:09,009 [INFO] PluginManager:220 - loadIPPluginJar : add can
2026-05-20 15:17:09,018 [INFO] IPUIPlugin:80 - create IPUIPlugin
2026-05-20 15:17:09,018 [INFO] PluginManager:220 - loadIPPluginJar : add dma3
2026-05-20 15:17:09,024 [INFO] IPUIPlugin:80 - create IPUIPlugin
2026-05-20 15:17:09,024 [INFO] PluginManager:220 - loadIPPluginJar : add dfsdm
2026-05-20 15:17:09,036 [INFO] IPUIPlugin:80 - create IPUIPlugin
2026-05-20 15:17:09,036 [INFO] PluginManager:220 - loadIPPluginJar : add spi
2026-05-20 15:17:09,043 [INFO] IPUIPlugin:80 - create IPUIPlugin
2026-05-20 15:17:09,043 [INFO] PluginManager:220 - loadIPPluginJar : add gfxmmu
2026-05-20 15:17:09,048 [INFO] IPUIPlugin:80 - create IPUIPlugin
2026-05-20 15:17:09,049 [INFO] PluginManager:220 - loadIPPluginJar : add genericplugin
2026-05-20 15:17:09,052 [INFO] IPUIPlugin:80 - create IPUIPlugin
2026-05-20 15:17:09,052 [INFO] PluginManager:220 - loadIPPluginJar : add cryp
2026-05-20 15:17:09,065 [INFO] IPUIPlugin:80 - create IPUIPlugin
2026-05-20 15:17:09,066 [INFO] PluginManager:220 - loadIPPluginJar : add gpio
2026-05-20 15:17:09,076 [INFO] IPUIPlugin:80 - create IPUIPlugin
2026-05-20 15:17:09,077 [INFO] PluginManager:220 - loadIPPluginJar : add ddr_ctrl_phy
2026-05-20 15:17:09,082 [INFO] IPUIPlugin:80 - create IPUIPlugin
2026-05-20 15:17:09,082 [INFO] PluginManager:220 - loadIPPluginJar : add comp
2026-05-20 15:17:09,088 [INFO] IPUIPlugin:80 - create IPUIPlugin
2026-05-20 15:17:09,088 [INFO] PluginManager:220 - loadIPPluginJar : add tracer_emb
2026-05-20 15:17:09,094 [INFO] IPUIPlugin:80 - create IPUIPlugin
2026-05-20 15:17:09,095 [INFO] PluginManager:220 - loadIPPluginJar : add openamp
2026-05-20 15:17:09,111 [INFO] IPUIPlugin:80 - create IPUIPlugin
2026-05-20 15:17:09,111 [INFO] PluginManager:220 - loadIPPluginJar : add stm32_wpan
2026-05-20 15:17:09,131 [INFO] IPUIPlugin:80 - create IPUIPlugin
2026-05-20 15:17:09,137 [INFO] PluginManager:220 - loadIPPluginJar : add plateformsettings
2026-05-20 15:17:09,146 [INFO] IPUIPlugin:80 - create IPUIPlugin
2026-05-20 15:17:09,147 [INFO] PluginManager:220 - loadIPPluginJar : add ipddr
2026-05-20 15:17:09,156 [INFO] IPUIPlugin:80 - create IPUIPlugin
2026-05-20 15:17:09,157 [INFO] PluginManager:220 - loadIPPluginJar : add usart
2026-05-20 15:17:09,161 [INFO] IPUIPlugin:80 - create IPUIPlugin
2026-05-20 15:17:09,161 [INFO] PluginManager:220 - loadIPPluginJar : add ltdc
2026-05-20 15:17:09,172 [INFO] IPUIPlugin:80 - create IPUIPlugin
2026-05-20 15:17:09,174 [INFO] PluginManager:220 - loadIPPluginJar : add nvic
2026-05-20 15:17:09,179 [INFO] IPUIPlugin:80 - create IPUIPlugin
2026-05-20 15:17:09,180 [INFO] PluginManager:220 - loadIPPluginJar : add fatfs
2026-05-20 15:17:09,198 [INFO] IPUIPlugin:80 - create IPUIPlugin
2026-05-20 15:17:09,199 [INFO] PluginManager:220 - loadIPPluginJar : add linkedlist
2026-05-20 15:17:09,212 [INFO] IPUIPlugin:80 - create IPUIPlugin
2026-05-20 15:17:09,213 [INFO] PluginManager:220 - loadIPPluginJar : add dma
2026-05-20 15:17:09,225 [INFO] IPUIPlugin:80 - create IPUIPlugin
2026-05-20 15:17:09,226 [INFO] PluginManager:220 - loadIPPluginJar : add fmc
2026-05-20 15:17:09,234 [INFO] IPUIPlugin:80 - create IPUIPlugin
2026-05-20 15:17:09,234 [INFO] PluginManager:220 - loadIPPluginJar : add i2s
2026-05-20 15:17:09,239 [INFO] IPUIPlugin:80 - create IPUIPlugin
2026-05-20 15:17:09,239 [INFO] PluginManager:220 - loadIPPluginJar : add ucpd
2026-05-20 15:17:09,243 [INFO] IPUIPlugin:80 - create IPUIPlugin
2026-05-20 15:17:09,244 [INFO] PluginManager:220 - loadIPPluginJar : add lorawan
2026-05-20 15:17:09,252 [INFO] IPUIPlugin:80 - create IPUIPlugin
2026-05-20 15:17:09,253 [INFO] PluginManager:220 - loadIPPluginJar : add opamp
2026-05-20 15:17:09,261 [INFO] IPUIPlugin:80 - create IPUIPlugin
2026-05-20 15:17:09,261 [INFO] PluginManager:220 - loadIPPluginJar : add i3c
2026-05-20 15:17:09,273 [INFO] IPUIPlugin:80 - create IPUIPlugin
2026-05-20 15:17:09,274 [INFO] PluginManager:220 - loadIPPluginJar : add touchsensing
2026-05-20 15:17:09,283 [INFO] IPUIPlugin:80 - create IPUIPlugin
2026-05-20 15:17:09,283 [INFO] PluginManager:220 - loadIPPluginJar : add i2c
2026-05-20 15:17:09,292 [INFO] IPUIPlugin:80 - create IPUIPlugin
2026-05-20 15:17:09,293 [INFO] PluginManager:220 - loadIPPluginJar : add resmgrutility
2026-05-20 15:17:09,300 [INFO] IPUIPlugin:80 - create IPUIPlugin
2026-05-20 15:17:09,300 [INFO] PluginManager:220 - loadIPPluginJar : add sai
2026-05-20 15:17:09,307 [INFO] IPUIPlugin:80 - create IPUIPlugin
2026-05-20 15:17:09,307 [INFO] PluginManager:220 - loadIPPluginJar : add usbx
2026-05-20 15:17:09,468 [FATAL] Updater:351 - Updater called before beeing initialized
2026-05-20 15:17:09,569 [INFO] RulesReader:64 - Compatibility file has been processed (317 Rules)
2026-05-20 15:17:09,607 [INFO] RulesReader:64 - Compatibility file has been processed (317 Rules)
2026-05-20 15:17:09,636 [INFO] CADModel:165 - CPN selected for project level
2026-05-20 15:17:09,637 [INFO] CADModel:114 - Register for checkConnection events
2026-05-20 15:17:09,637 [FATAL] Updater:351 - Updater called before beeing initialized
2026-05-20 15:17:09,638 [ERROR] CADModel:125 - Updater not yet initialized, retry later 
2026-05-20 15:17:10,108 [FATAL] Updater:351 - Updater called before beeing initialized
2026-05-20 15:17:10,112 [INFO] CADModel:165 - CPN selected for project level
2026-05-20 15:17:10,112 [INFO] CADModel:114 - Register for checkConnection events
2026-05-20 15:17:10,112 [FATAL] Updater:351 - Updater called before beeing initialized
2026-05-20 15:17:10,112 [ERROR] CADModel:125 - Updater not yet initialized, retry later 
2026-05-20 15:17:10,122 [FATAL] Updater:351 - Updater called before beeing initialized
2026-05-20 15:17:10,181 [INFO] ThirdPartyUpdaterWithRetryManager:70 - Updater plugin not ready yet. [2/15]
2026-05-20 15:17:10,332 [FATAL] Updater:351 - Updater called before beeing initialized
2026-05-20 15:17:10,344 [INFO] DbMcusAds:53 - JSON generation date=Mon Apr 27 11:14:29 EEST 2026 (1777277669683)
2026-05-20 15:17:10,344 [FATAL] Updater:351 - Updater called before beeing initialized
2026-05-20 15:17:10,494 [WARN] DetailPanel:346 - Failed to get advertising image, set to default
2026-05-20 15:17:10,720 [FATAL] Updater:351 - Updater called before beeing initialized
2026-05-20 15:17:10,725 [FATAL] Updater:351 - Updater called before beeing initialized
2026-05-20 15:17:10,726 [FATAL] Updater:351 - Updater called before beeing initialized
2026-05-20 15:17:10,727 [WARN] DetailPanel:346 - Failed to get advertising image, set to default
2026-05-20 15:17:10,732 [FATAL] Updater:351 - Updater called before beeing initialized
2026-05-20 15:17:10,837 [ERROR] Updater:1198 - MainUpdater not yet initialized. External WinMGr cannot be set.
2026-05-20 15:17:10,843 [INFO] Updater:1134 - Updater Version found : 6.15.0
2026-05-20 15:17:10,904 [INFO] ApplicationProperties:184 - Using Application install path: /Applications/STM32CubeIDE.app/Contents/Eclipse/plugins/com.st.stm32cube.common.mx_6.15.0.202507011659
2026-05-20 15:17:11,891 [INFO] MainUpdater:2872 - connection check result : 10
2026-05-20 15:17:11,891 [INFO] MainUpdater:289 - Updater Check For Update Now.
2026-05-20 15:17:11,892 [INFO] MicroXplorer:498 - Change Database Version : DB.6.0.150
2026-05-20 15:17:11,910 [INFO] McuFinderGlobals:63 - Set McuFinder mode to 2 (CubeIDE integrated)
2026-05-20 15:17:11,913 [INFO] UserAuth:487 - Internet connection configuration mode: 1
2026-05-20 15:17:11,998 [INFO] JxBrowserEngine:152 - Initiate JxBrowser Engine with user profile folder
2026-05-20 15:17:12,342 [INFO] CheckServerUpdateThread:120 - End of CheckServer Thread
2026-05-20 15:17:14,053 [WARN] PackLoader:240 - Cannot read IP mode file for STMicroelectronics.X-CUBE-AZRTOS-H7.3.5.0
2026-05-20 15:17:14,215 [WARN] PackLoader:240 - Cannot read IP mode file for STMicroelectronics.FP-SNS-MOTENVWB1.1.4.0
2026-05-20 15:17:14,276 [WARN] PackLoader:240 - Cannot read IP mode file for STMicroelectronics.FP-ATR-ASTRA1.2.0.2
2026-05-20 15:17:14,317 [WARN] PackLoader:240 - Cannot read IP mode file for STMicroelectronics.FP-ATR-ASTRA1.2.0.1
2026-05-20 15:17:14,368 [WARN] PackLoader:240 - Cannot read IP mode file for STMicroelectronics.X-CUBE-SMBUS.2.1.0
2026-05-20 15:17:14,404 [WARN] PackLoader:240 - Cannot read IP mode file for STMicroelectronics.X-CUBE-WB05N.1.1.0
2026-05-20 15:17:14,424 [WARN] PackLoader:240 - Cannot read IP mode file for STMicroelectronics.X-CUBE-ST60.1.0.0
2026-05-20 15:17:14,452 [WARN] PackLoader:240 - Cannot read IP mode file for STMicroelectronics.X-CUBE-TOUCHGFX.4.23.2
2026-05-20 15:17:14,622 [WARN] PackLoader:240 - Cannot read IP mode file for STMicroelectronics.X-CUBE-AZRTOS-F7.1.1.0
2026-05-20 15:17:14,652 [WARN] PackLoader:240 - Cannot read IP mode file for STMicroelectronics.FP-SNS-MOTENV1.4.3.2
2026-05-20 15:17:14,828 [WARN] PackLoader:240 - Cannot read IP mode file for STMicroelectronics.X-CUBE-MEMS1.11.0.0
2026-05-20 15:17:14,890 [INFO] WebApp:169 - Instantiating new browser for Auth
2026-05-20 15:17:15,152 [WARN] PackLoader:240 - Cannot read IP mode file for STMicroelectronics.FP-SNS-MOTENV1.5.1.0
2026-05-20 15:17:15,160 [WARN] PackLoader:240 - Cannot read IP mode file for STMicroelectronics.FP-SNS-FLIGHT1.5.0.2
2026-05-20 15:17:15,211 [WARN] PackLoader:240 - Cannot read IP mode file for STMicroelectronics.X-CUBE-AZRTOS-H7.3.4.0
2026-05-20 15:17:15,244 [WARN] PackLoader:240 - Cannot read IP mode file for STMicroelectronics.X-CUBE-DISPLAY.3.0.0
2026-05-20 15:17:15,264 [WARN] PackLoader:240 - Cannot read IP mode file for STMicroelectronics.X-CUBE-GNSS1.7.1.1
2026-05-20 15:17:15,282 [WARN] PackLoader:240 - Cannot read IP mode file for STMicroelectronics.FP-SNS-MOTENVWB1.1.5.0
2026-05-20 15:17:15,306 [WARN] PackLoader:240 - Cannot read IP mode file for STMicroelectronics.X-CUBE-BLE1.7.0.0
2026-05-20 15:17:15,573 [WARN] PackLoader:240 - Cannot read IP mode file for STMicroelectronics.X-CUBE-NFC10.1.0.0
2026-05-20 15:17:15,625 [WARN] PackLoader:240 - Cannot read IP mode file for STMicroelectronics.X-CUBE-BLEMGR.4.0.0
2026-05-20 15:17:15,663 [WARN] PackLoader:240 - Cannot read IP mode file for STMicroelectronics.X-CUBE-ST60.1.1.0
2026-05-20 15:17:15,680 [WARN] PackLoader:240 - Cannot read IP mode file for emotas.I-CUBE-CANOPEN.1.3.0
2026-05-20 15:17:15,692 [WARN] PackLoader:240 - Cannot read IP mode file for STMicroelectronics.X-CUBE-GNSS1.7.1.0
2026-05-20 15:17:15,735 [WARN] PackLoader:240 - Cannot read IP mode file for STMicroelectronics.X-CUBE-BLEMGR.3.1.0
2026-05-20 15:17:15,754 [WARN] PackLoader:240 - Cannot read IP mode file for STMicroelectronics.X-CUBE-AI.10.0.0
2026-05-20 15:17:15,785 [WARN] PackLoader:240 - Cannot read IP mode file for STMicroelectronics.FP-SNS-STBOX1.2.1.0
2026-05-20 15:17:15,807 [WARN] PackLoader:240 - Cannot read IP mode file for STMicroelectronics.FP-SNS-SMARTAG2.1.2.0
2026-05-20 15:17:15,818 [WARN] PackLoader:240 - Cannot read IP mode file for STMicroelectronics.FP-SNS-FLIGHT1.5.1.0
2026-05-20 15:17:16,004 [WARN] PackLoader:240 - Cannot read IP mode file for STMicroelectronics.X-CUBE-MEMS1.11.1.0
2026-05-20 15:17:16,517 [INFO] LogOutputStream:77 - [STDOUT_REDIRECT] 1 : Invalid condition id : UX_CORESTACK_Condition cause : null
2026-05-20 15:17:16,519 [INFO] LogOutputStream:77 - [STDOUT_REDIRECT] 1 : Invalid condition id : UX_CORESTACK_Condition cause : null
2026-05-20 15:17:16,519 [INFO] LogOutputStream:77 - [STDOUT_REDIRECT] 1 : Invalid condition id : UX_CORESTACK_Condition cause : null
2026-05-20 15:17:16,520 [INFO] LogOutputStream:77 - [STDOUT_REDIRECT] 1 : Invalid condition id : UX_CORESTACK_Condition cause : null
2026-05-20 15:17:16,520 [INFO] LogOutputStream:77 - [STDOUT_REDIRECT] 1 : Invalid condition id : UX_CORESTACK_Condition cause : null
2026-05-20 15:17:16,527 [WARN] PackLoader:240 - Cannot read IP mode file for STMicroelectronics.X-CUBE-AZRTOS-WL.2.0.0
2026-05-20 15:17:16,543 [WARN] PackLoader:240 - Cannot read IP mode file for STMicroelectronics.FP-SNS-MOTENV1.5.0.0
2026-05-20 15:17:16,606 [WARN] PackLoader:240 - Cannot read IP mode file for STMicroelectronics.X-CUBE-AZRTOS-H7RS.1.2.0
2026-05-20 15:17:16,623 [WARN] PackLoader:240 - Cannot read IP mode file for wolfSSL.I-CUBE-wolfMQTT.1.19.0
2026-05-20 15:17:16,642 [WARN] PackLoader:240 - Cannot read IP mode file for WES.I-CUBE-Cesium.1.3.0
2026-05-20 15:17:16,654 [WARN] PackLoader:240 - Cannot read IP mode file for STMicroelectronics.X-CUBE-BLE2.3.3.0
2026-05-20 15:17:16,695 [WARN] PackLoader:240 - Cannot read IP mode file for STMicroelectronics.X-CUBE-NFC9.1.0.0
2026-05-20 15:17:16,714 [WARN] PackLoader:240 - Cannot read IP mode file for STMicroelectronics.X-CUBE-BLE1.7.1.0
2026-05-20 15:17:16,727 [WARN] PackLoader:240 - Cannot read IP mode file for STMicroelectronics.X-CUBE-TCPP.4.1.0
2026-05-20 15:17:16,741 [WARN] PackLoader:240 - Cannot read IP mode file for STMicroelectronics.X-CUBE-FREERTOS.1.4.0
2026-05-20 15:17:16,757 [WARN] PackLoader:240 - Cannot read IP mode file for STMicroelectronics.X-CUBE-EEPRMA1.5.2.0
2026-05-20 15:17:16,781 [WARN] PackLoader:240 - Cannot read IP mode file for STMicroelectronics.X-CUBE-ST67W61.1.1.0
2026-05-20 15:17:16,818 [WARN] PackLoader:240 - Cannot read IP mode file for STMicroelectronics.X-CUBE-AI.10.1.0
2026-05-20 15:17:16,832 [WARN] PackLoader:240 - Cannot read IP mode file for STMicroelectronics.FP-SNS-STAIOTCFT.1.1.0
2026-05-20 15:17:17,164 [WARN] PackLoader:240 - Cannot read IP mode file for STMicroelectronics.X-CUBE-MEMS1.12.0.0
2026-05-20 15:17:17,313 [INFO] WebApp:463 - Apply proxy settings
2026-05-20 15:17:17,324 [INFO] WebApp:508 - Chromium authenticates against Manually configured proxy
2026-05-20 15:17:17,351 [INFO] WebApp:516 - Username used for proxy authentication: 
2026-05-20 15:17:17,451 [INFO] WebApp:900 - Register for checkConnection events
2026-05-20 15:17:17,451 [INFO] WebApp:463 - Apply proxy settings
2026-05-20 15:17:17,457 [INFO] WebApp:508 - Chromium authenticates against Manually configured proxy
2026-05-20 15:17:17,460 [INFO] WebApp:516 - Username used for proxy authentication: 
2026-05-20 15:17:17,482 [WARN] PackLoader:240 - Cannot read IP mode file for STMicroelectronics.X-CUBE-ALGOBUILD.1.3.0
2026-05-20 15:17:17,643 [INFO] WebApp:191 - Connection restablished
2026-05-20 15:17:17,790 [WARN] PackLoader:240 - Cannot read IP mode file for STMicroelectronics.X-CUBE-MEMS1.11.2.0
2026-05-20 15:17:18,562 [WARN] PackLoader:240 - Cannot read IP mode file for STMicroelectronics.X-CUBE-AZRTOS-G0.1.1.0
2026-05-20 15:17:18,604 [WARN] PackLoader:240 - Cannot read IP mode file for STMicroelectronics.X-CUBE-SAFEA1.1.2.2
2026-05-20 15:17:18,647 [WARN] PackLoader:240 - Cannot read IP mode file for STMicroelectronics.X-CUBE-NFC4.3.0.0
2026-05-20 15:17:18,732 [WARN] PackLoader:240 - Cannot read IP mode file for EmbeddedOffice.I-CUBE-FS-RTOS.1.0.1
2026-05-20 15:17:18,785 [WARN] PackLoader:240 - Cannot read IP mode file for STMicroelectronics.X-CUBE-WB05N.2.0.0
2026-05-20 15:17:18,805 [WARN] PackLoader:240 - Cannot read IP mode file for STMicroelectronics.X-CUBE-TCPP.4.2.0
2026-05-20 15:17:18,822 [WARN] PackLoader:240 - Cannot read IP mode file for RealThread.X-CUBE-RT-Thread_Nano.4.1.1
2026-05-20 15:17:18,831 [WARN] PackLoader:240 - Cannot read IP mode file for wolfSSL.I-CUBE-wolfSSL.5.7.0
2026-05-20 15:17:18,840 [WARN] PackLoader:240 - Cannot read IP mode file for STMicroelectronics.FP-ATR-SIGFOX1.3.2.0
2026-05-20 15:17:18,848 [WARN] ConditionMgr:438 - getConditionDescription Invalid condition id : Cortex-A Device cause : null
2026-05-20 15:17:18,940 [INFO] WebApp:225 - Starting web application
2026-05-20 15:17:18,941 [INFO] WebApp:593 - Web application path used /Applications/STM32CubeIDE.app/Contents/Eclipse/plugins/com.st.stm32cube.common.mx_6.15.0.202507011659/db/plugins/mcufinder/reactClient1/index.html
2026-05-20 15:17:19,012 [WARN] ConditionMgr:1044 - genDependencies : Invalid condition id : Cortex-A Device cause : null
2026-05-20 15:17:19,045 [WARN] ConditionMgr:1044 - genDependencies : Invalid condition id : Cortex-A Device cause : null
2026-05-20 15:17:19,045 [WARN] ConditionMgr:1044 - genDependencies : Invalid condition id : Cortex-A Device cause : null
2026-05-20 15:17:19,064 [WARN] PackLoader:240 - Cannot read IP mode file for STMicroelectronics.X-CUBE-EEPRMA1.5.1.0
2026-05-20 15:17:19,085 [WARN] PackLoader:240 - Cannot read IP mode file for STMicroelectronics.X-CUBE-FREERTOS.1.5.0
2026-05-20 15:17:19,185 [WARN] PackLoader:240 - Cannot read IP mode file for ITTIA_DB.I-CUBE-ITTIADB.8.9.0
2026-05-20 15:17:19,229 [INFO] UserAuth:487 - Internet connection configuration mode: 1
2026-05-20 15:17:19,239 [WARN] PackLoader:240 - Cannot read IP mode file for STMicroelectronics.X-CUBE-NFC6.3.2.0
2026-05-20 15:17:19,278 [WARN] PackLoader:240 - Cannot read IP mode file for STMicroelectronics.X-CUBE-ST67W61.1.0.0
2026-05-20 15:17:19,310 [WARN] PackLoader:240 - Cannot read IP mode file for STMicroelectronics.X-CUBE-AI.10.2.0
2026-05-20 15:17:19,464 [WARN] PackLoader:240 - Cannot read IP mode file for STMicroelectronics.X-CUBE-MEMS1.12.1.0
2026-05-20 15:17:19,784 [WARN] PackLoader:240 - Cannot read IP mode file for SEGGER.I-CUBE-embOS.1.3.1
2026-05-20 15:17:19,899 [WARN] PackLoader:240 - Cannot read IP mode file for STMicroelectronics.X-CUBE-ALGOBUILD.1.4.0
2026-05-20 15:17:20,019 [WARN] PackLoader:240 - Cannot read IP mode file for STMicroelectronics.X-CUBE-MEMS1.11.3.0
2026-05-20 15:17:20,353 [WARN] PackLoader:240 - Cannot read IP mode file for STMicroelectronics.X-CUBE-AI.9.1.0
2026-05-20 15:17:20,364 [WARN] PackLoader:240 - Cannot read IP mode file for STMicroelectronics.X-CUBE-PM33A1.1.0.0
2026-05-20 15:17:20,380 [WARN] PackLoader:240 - Cannot read IP mode file for STMicroelectronics.X-CUBE-GNSS1.6.0.0
2026-05-20 15:17:20,415 [WARN] PackLoader:240 - Cannot read IP mode file for STMicroelectronics.X-CUBE-AZRTOS-F4.1.1.0
2026-05-20 15:17:20,432 [WARN] PackLoader:240 - Cannot read IP mode file for Avnet-IotConnect.X-CUBE-IoTC-DA16k-PMOD.1.0.0
2026-05-20 15:17:20,445 [WARN] PackLoader:240 - Cannot read IP mode file for STMicroelectronics.X-CUBE-ISPU.2.1.0
2026-05-20 15:17:20,473 [WARN] PackLoader:240 - Cannot read IP mode file for STMicroelectronics.X-CUBE-IPS.3.2.0
2026-05-20 15:17:20,504 [WARN] PackLoader:240 - Cannot read IP mode file for STMicroelectronics.eDS-WB_DPC_TT-BIDIR.2.1.1
2026-05-20 15:17:20,515 [WARN] PackLoader:240 - Cannot read IP mode file for STMicroelectronics.X-CUBE-FREERTOS.1.2.0
2026-05-20 15:17:20,530 [WARN] PackLoader:240 - Cannot read IP mode file for STMicroelectronics.X-CUBE-NFC12.1.0.0
2026-05-20 15:17:20,571 [WARN] PackLoader:240 - Cannot read IP mode file for STMicroelectronics.X-CUBE-AZRTOS-L5.2.0.0
2026-05-20 15:17:20,593 [WARN] PackLoader:240 - Cannot read IP mode file for STMicroelectronics.X-CUBE-NFC6.3.1.0
2026-05-20 15:17:20,605 [WARN] PackLoader:240 - Cannot read IP mode file for STMicroelectronics.X-CUBE-DPower.1.2.0
2026-05-20 15:17:20,613 [WARN] PackLoader:240 - Cannot read IP mode file for STMicroelectronics.eDS-WB_DPC_VIENNA.1.2.0
2026-05-20 15:17:20,621 [WARN] PackLoader:240 - Cannot read IP mode file for STMicroelectronics.eDS-WB_DPC_3PH2L-BIDIR.1.1.1
2026-05-20 15:17:20,626 [WARN] PackLoader:240 - Cannot read IP mode file for STMicroelectronics.X-CUBE-AI.9.0.0
2026-05-20 15:17:20,639 [ERROR] Engine:466 - /Users/admin/.stm32cubemx/thirdparties/pdsc/STMicroelectronics.X-CUBE-ST67W61.1.3.0.pdsc: PDSC version is not supported
2026-05-20 15:17:20,648 [WARN] PackLoader:240 - Cannot read IP mode file for STMicroelectronics.X-CUBE-FREERTOS.1.3.1
2026-05-20 15:17:20,659 [WARN] PackLoader:240 - Cannot read IP mode file for STMicroelectronics.X-CUBE-FREERTOS.1.3.0
2026-05-20 15:17:20,670 [WARN] PackLoader:240 - Cannot read IP mode file for STMicroelectronics.X-CUBE-NFC7.1.0.1
2026-05-20 15:17:20,680 [WARN] PackLoader:240 - Cannot read IP mode file for wolfSSL.I-CUBE-wolfTPM.3.2.0
2026-05-20 15:17:20,687 [WARN] PackLoader:240 - Cannot read IP mode file for STMicroelectronics.X-CUBE-TOUCHGFX.4.26.0
2026-05-20 15:17:20,698 [WARN] PackLoader:240 - Cannot read IP mode file for STMicroelectronics.X-CUBE-TOUCHGFX.4.26.1
2026-05-20 15:17:20,706 [WARN] PackLoader:240 - Cannot read IP mode file for STMicroelectronics.FP-SNS-STAIOTCFT.1.0.0
2026-05-20 15:17:20,715 [WARN] PackLoader:240 - Cannot read IP mode file for STMicroelectronics.X-CUBE-DPower.1.3.0
2026-05-20 15:17:20,724 [WARN] PackLoader:240 - Cannot read IP mode file for STMicroelectronics.X-CUBE-AI.8.1.0
2026-05-20 15:17:20,761 [WARN] ConditionMgr:438 - getConditionDescription Invalid condition id : LAN8742 Phy interface Condition cause : null
2026-05-20 15:17:20,764 [WARN] PackLoader:240 - Cannot read IP mode file for STMicroelectronics.X-CUBE-AZRTOS-L4.2.0.0
2026-05-20 15:17:20,778 [WARN] ConditionMgr:1044 - genDependencies : Invalid condition id : LAN8742 Phy interface Condition cause : null
2026-05-20 15:17:20,779 [WARN] ConditionMgr:1044 - genDependencies : Invalid condition id : LAN8742 Phy interface Condition cause : null
2026-05-20 15:17:20,780 [WARN] ConditionMgr:1044 - genDependencies : Invalid condition id : LAN8742 Phy interface Condition cause : null
2026-05-20 15:17:20,793 [WARN] PackLoader:240 - Cannot read IP mode file for STMicroelectronics.X-CUBE-SFXS2LP1.4.0.0
2026-05-20 15:17:20,808 [WARN] PackLoader:240 - Cannot read IP mode file for STMicroelectronics.X-CUBE-WB05N.2.1.0
2026-05-20 15:17:20,825 [WARN] PackLoader:240 - Cannot read IP mode file for STMicroelectronics.X-CUBE-ST67W61.1.2.0
2026-05-20 15:17:20,876 [WARN] PackLoader:240 - Cannot read IP mode file for STMicroelectronics.X-CUBE-AZRTOS-H7.3.3.0
2026-05-20 15:17:20,909 [WARN] PackLoader:240 - Cannot read IP mode file for STMicroelectronics.X-CUBE-BLEMGR.4.1.0
2026-05-20 15:17:20,993 [WARN] PackLoader:240 - Cannot read IP mode file for STMicroelectronics.X-CUBE-IPS.3.0.0
2026-05-20 15:17:21,052 [WARN] ConditionMgr:438 - getConditionDescription Invalid condition id : UX DEVICE CLASS RTOS Condition cause : null
2026-05-20 15:17:21,054 [WARN] ConditionMgr:438 - getConditionDescription Invalid condition id : UX DEVICE CLASS RTOS Condition cause : null
2026-05-20 15:17:21,060 [WARN] PackLoader:240 - Cannot read IP mode file for STMicroelectronics.X-CUBE-AZRTOS-WB.2.0.0
2026-05-20 15:17:21,062 [WARN] ConditionMgr:1044 - genDependencies : Invalid condition id : UX DEVICE CLASS RTOS Condition cause : null
2026-05-20 15:17:21,062 [WARN] ConditionMgr:1044 - genDependencies : Invalid condition id : UX DEVICE CLASS RTOS Condition cause : null
2026-05-20 15:17:21,063 [WARN] ConditionMgr:1044 - genDependencies : Invalid condition id : UX DEVICE CLASS RTOS Condition cause : null
2026-05-20 15:17:21,063 [WARN] ConditionMgr:1044 - genDependencies : Invalid condition id : UX DEVICE CLASS RTOS Condition cause : null
2026-05-20 15:17:21,063 [WARN] ConditionMgr:1044 - genDependencies : Invalid condition id : UX DEVICE CLASS RTOS Condition cause : null
2026-05-20 15:17:21,080 [WARN] PackLoader:240 - Cannot read IP mode file for STMicroelectronics.X-CUBE-GNSS1.7.0.0
2026-05-20 15:17:21,091 [WARN] PackLoader:240 - Cannot read IP mode file for STMicroelectronics.X-CUBE-GNSS1.7.0.1
2026-05-20 15:17:21,099 [WARN] PackLoader:240 - Cannot read IP mode file for STMicroelectronics.X-CUBE-TOUCHGFX.4.25.0
2026-05-20 15:17:21,122 [WARN] PackLoader:240 - Cannot read IP mode file for STMicroelectronics.FP-SNS-STBOX1.2.0.0
2026-05-20 15:17:21,148 [WARN] PackLoader:240 - Cannot read IP mode file for STMicroelectronics.X-CUBE-STSE01.2.0.0
2026-05-20 15:17:21,184 [WARN] PackLoader:240 - Cannot read IP mode file for STMicroelectronics.X-CUBE-SUBG2.5.0.0
2026-05-20 15:17:21,251 [WARN] PackLoader:240 - Cannot read IP mode file for STMicroelectronics.X-CUBE-AZRTOS-H7RS.1.1.0
2026-05-20 15:17:21,269 [WARN] PackLoader:240 - Cannot read IP mode file for Cesanta.I-CUBE-Mongoose.7.13.0
2026-05-20 15:17:21,314 [WARN] PackLoader:240 - Cannot read IP mode file for STMicroelectronics.X-CUBE-AZRTOS-G4.2.0.0
2026-05-20 15:17:21,348 [WARN] PackLoader:240 - Cannot read IP mode file for STMicroelectronics.X-CUBE-NFC7.2.0.0
2026-05-20 15:17:21,363 [WARN] PackLoader:240 - Cannot read IP mode file for STMicroelectronics.FP-SNS-MOTENVWB1.1.3.1
2026-05-20 15:17:21,375 [WARN] PackLoader:240 - Cannot read IP mode file for STMicroelectronics.X-CUBE-ISPU.2.0.0
2026-05-20 15:17:21,433 [WARN] PackLoader:240 - Cannot read IP mode file for STMicroelectronics.X-CUBE-IPS.3.1.0
2026-05-20 15:17:21,468 [WARN] PackLoader:240 - Cannot read IP mode file for STMicroelectronics.X-CUBE-ALS.1.0.2
2026-05-20 15:17:21,601 [WARN] PackLoader:240 - Cannot read IP mode file for STMicroelectronics.X-CUBE-MEMS1.10.0.0
2026-05-20 15:17:21,885 [WARN] PackLoader:240 - Cannot read IP mode file for STMicroelectronics.X-CUBE-FREERTOS.1.1.0
2026-05-20 15:17:21,895 [WARN] PackLoader:240 - Cannot read IP mode file for STMicroelectronics.X-CUBE-TOUCHGFX.4.24.0
2026-05-20 15:17:21,901 [WARN] PackLoader:240 - Cannot read IP mode file for STMicroelectronics.X-CUBE-TOUCHGFX.4.24.2
2026-05-20 15:17:21,910 [WARN] PackLoader:240 - Cannot read IP mode file for STMicroelectronics.X-CUBE-TOUCHGFX.4.24.1
2026-05-20 15:17:21,924 [WARN] PackLoader:240 - Cannot read IP mode file for STMicroelectronics.X-CUBE-STSE01.1.0.0
2026-05-20 15:17:21,940 [WARN] PackLoader:240 - Cannot read IP mode file for portGmbH.I-Cube-SoM-uGOAL.1.1.0
2026-05-20 15:17:21,952 [WARN] PackLoader:240 - Cannot read IP mode file for STMicroelectronics.X-CUBE-ALS.1.0.1
2026-05-20 15:17:22,003 [WARN] PackLoader:240 - Cannot read IP mode file for STMicroelectronics.X-CUBE-AZRTOS-H7RS.1.0.0
2026-05-20 15:17:22,025 [WARN] PackLoader:240 - Cannot read IP mode file for STMicroelectronics.FP-ATR-ASTRA1.2.0.0
2026-05-20 15:17:22,060 [WARN] PackLoader:240 - Cannot read IP mode file for STMicroelectronics.X-CUBE-TOF1.3.4.2
2026-05-20 15:17:22,105 [WARN] PackLoader:240 - Cannot read IP mode file for STMicroelectronics.X-CUBE-TOF1.3.4.3
2026-05-20 15:17:22,170 [WARN] PackLoader:240 - Cannot read IP mode file for STMicroelectronics.X-CUBE-TOF1.3.4.1
2026-05-20 15:17:22,228 [WARN] PackLoader:240 - Cannot read IP mode file for STMicroelectronics.X-CUBE-AZRTOS-H7.3.2.0
2026-05-20 15:17:22,254 [WARN] PackLoader:240 - Cannot read IP mode file for Infineon.AIROC-Wi-Fi-Bluetooth-STM32.1.6.0
2026-05-20 15:17:22,361 [WARN] PackLoader:240 - Cannot read IP mode file for wolfSSL.I-CUBE-wolfSSH.1.4.17
2026-05-20 15:17:22,362 [INFO] ThirdParty:978 - Integrity check success = true
2026-05-20 15:17:22,362 [INFO] IntegrityCheckThread:100 - exiting critical section [integrity check]
2026-05-20 15:17:22,362 [INFO] IntegrityCheckThread:103 - End integrity checks thread
2026-05-20 15:23:41,880 [INFO] WebApp:194 - Connection lost
2026-05-20 15:23:48,555 [INFO] WebApp:191 - Connection restablished
2026-05-20 15:24:19,028 [INFO] WebApp:194 - Connection lost
2026-05-20 15:24:26,004 [INFO] WebApp:191 - Connection restablished
2026-05-20 15:24:53,025 [INFO] WebApp:194 - Connection lost
2026-05-20 15:24:59,760 [INFO] WebApp:191 - Connection restablished
2026-05-20 15:25:28,229 [INFO] WebApp:194 - Connection lost
2026-05-20 15:25:34,974 [INFO] WebApp:191 - Connection restablished
2026-05-20 15:29:51,050 [INFO] McuFinderGlobals:63 - Set McuFinder mode to 2 (CubeIDE integrated)
2026-05-20 15:29:51,056 [INFO] MainUpdater:2872 - connection check result : 10
2026-05-20 15:29:51,057 [INFO] MainUpdater:2872 - connection check result : 10
2026-05-20 15:29:52,124 [INFO] MicroXplorer:468 - Change Database Path : 
2026-05-20 15:29:52,124 [INFO] MicroXplorer:498 - Change Database Version : DB.6.0.150
2026-05-20 15:29:52,132 [WARN] ThirdParty:871 - waiting for thirdparty lock release [close project]
2026-05-20 15:29:52,132 [INFO] ThirdParty:873 - entering critical section [close project]
2026-05-20 15:29:52,133 [INFO] ThirdParty:883 - exiting critical section [close project]
2026-05-20 15:29:52,136 [INFO] PinOutPanel:1589 - setPackage(No Configuration,No Configuration)
2026-05-20 15:29:52,137 [INFO] UtilMem:75 - Begin LoadConfig() Used Memory: 886050752 Bytes (1073741824)
2026-05-20 15:29:52,140 [INFO] MicroXplorer:468 - Change Database Path : 
2026-05-20 15:29:52,140 [INFO] MicroXplorer:498 - Change Database Version : DB.6.0.150
2026-05-20 15:29:52,142 [INFO] OpenFileManager:355 - Change cursor
2026-05-20 15:29:52,184 [INFO] Mcu:2029 - Initializing MCU STM32L010K8Tx STM32L010K8Tx STM32L010K8T6
2026-05-20 15:29:52,865 [INFO] Context:786 - Trying to add GPIOservice into a context  which must be forbidden
2026-05-20 15:29:53,077 [INFO] ImportTextPane:234 - (OptionalMessage_ERROR) Pin25 (VP_RIF_VS_RIF1) cannot be retrieved for this MCU
2026-05-20 15:29:53,299 [INFO] RtosManager:558 - Registered RTOS mode: class=CMSIS, group=RTOS, mode=CMSIS_V1, owner=FREERTOS
2026-05-20 15:29:53,299 [INFO] RtosManager:558 - Registered RTOS mode: class=CMSIS, group=RTOS2, mode=CMSIS_V2, owner=FREERTOS
2026-05-20 15:29:53,299 [INFO] RtosManager:558 - Registered RTOS mode: class=RTOS, group=Core, mode=CMSIS_V1, owner=FREERTOS
2026-05-20 15:29:53,299 [INFO] RtosManager:558 - Registered RTOS mode: class=RTOS, group=Core, mode=CMSIS_V2, owner=FREERTOS
2026-05-20 15:29:53,299 [WARN] ModelIntegratedComponent:184 - Missing modes for component STMicroelectronics:FreeRTOS:0.0.1:STMicroelectronics:RTOS:FreeRTOS:Core:::10.2.0:
2026-05-20 15:29:53,307 [WARN] ModelIntegratedComponent:63 - No mode defined for component null
2026-05-20 15:29:53,307 [WARN] ModelIntegratedComponent:63 - No mode defined for component null
2026-05-20 15:29:53,307 [WARN] ModelIntegratedComponent:63 - No mode defined for component null
2026-05-20 15:29:53,307 [WARN] ModelIntegratedComponent:63 - No mode defined for component null
2026-05-20 15:29:53,307 [WARN] ModelIntegratedComponent:63 - No mode defined for component null
2026-05-20 15:29:53,307 [WARN] ModelIntegratedComponent:63 - No mode defined for component null
2026-05-20 15:29:53,307 [WARN] ModelIntegratedComponent:63 - No mode defined for component null
2026-05-20 15:29:53,307 [WARN] ModelIntegratedComponent:63 - No mode defined for component null
2026-05-20 15:29:53,307 [WARN] ModelIntegratedComponent:63 - No mode defined for component null
2026-05-20 15:29:53,307 [WARN] ModelIntegratedComponent:63 - No mode defined for component null
2026-05-20 15:29:53,307 [WARN] ModelIntegratedComponent:63 - No mode defined for component null
2026-05-20 15:29:53,307 [WARN] ModelIntegratedComponent:63 - No mode defined for component null
2026-05-20 15:29:53,308 [WARN] ModelIntegratedComponent:63 - No mode defined for component null
2026-05-20 15:29:53,308 [WARN] ModelIntegratedComponent:63 - No mode defined for component null
2026-05-20 15:29:53,308 [WARN] ModelIntegratedComponent:63 - No mode defined for component null
2026-05-20 15:29:53,308 [WARN] ModelIntegratedComponent:63 - No mode defined for component null
2026-05-20 15:29:53,308 [WARN] ModelIntegratedComponent:63 - No mode defined for component null
2026-05-20 15:29:53,308 [WARN] ModelIntegratedComponent:63 - No mode defined for component null
2026-05-20 15:29:53,308 [WARN] ModelIntegratedComponent:63 - No mode defined for component null
2026-05-20 15:29:53,308 [WARN] ModelIntegratedComponent:63 - No mode defined for component null
2026-05-20 15:29:53,308 [WARN] ModelIntegratedComponent:63 - No mode defined for component null
2026-05-20 15:29:53,308 [WARN] ModelIntegratedComponent:63 - No mode defined for component null
2026-05-20 15:29:53,308 [WARN] ModelIntegratedComponent:63 - No mode defined for component null
2026-05-20 15:29:53,308 [WARN] ModelIntegratedComponent:63 - No mode defined for component null
2026-05-20 15:29:53,309 [WARN] ModelIntegratedComponent:63 - No mode defined for component null
2026-05-20 15:29:53,309 [WARN] ModelIntegratedComponent:63 - No mode defined for component null
2026-05-20 15:29:53,309 [WARN] ModelIntegratedComponent:63 - No mode defined for component null
2026-05-20 15:29:53,309 [WARN] ModelIntegratedComponent:63 - No mode defined for component null
2026-05-20 15:29:53,309 [WARN] ModelIntegratedComponent:63 - No mode defined for component null
2026-05-20 15:29:53,309 [WARN] ModelIntegratedComponent:63 - No mode defined for component null
2026-05-20 15:29:53,309 [WARN] ModelIntegratedComponent:63 - No mode defined for component null
2026-05-20 15:29:53,309 [WARN] ModelIntegratedComponent:63 - No mode defined for component null
2026-05-20 15:29:53,309 [WARN] ModelIntegratedComponent:63 - No mode defined for component null
2026-05-20 15:29:53,309 [WARN] ModelIntegratedComponent:63 - No mode defined for component null
2026-05-20 15:29:53,309 [WARN] ModelIntegratedComponent:63 - No mode defined for component null
2026-05-20 15:29:53,310 [WARN] ModelPack:524 - Component already loaded: STMicroelectronics:HAL Drivers:0.0.0:STMicroelectronics:Device:STMicro_Driver:XSPI:HAL::0.0.1:HAL_XSPI
2026-05-20 15:29:53,740 [INFO] ThirdPartyModel:298 - Start build external matchings
2026-05-20 15:29:57,276 [INFO] ThirdPartyModel:316 - End build external matchings
2026-05-20 15:29:57,383 [INFO] ImportTextPane:234 - (OptionalMessage_ERROR) IP (RCC) : Invalid parameter (FamilyName)
2026-05-20 15:29:57,386 [INFO] ImportTextPane:234 - (OptionalMessage_ERROR) IP (RCC) : Invalid parameter (TIMFreq_Value)
2026-05-20 15:29:57,601 [INFO] ApiDb:581 - Connected to CubeFinder SQLite database (/Users/admin/.stmcufinder/plugins/mcufinder/mcu/cube-finder-db.db)
2026-05-20 15:29:57,695 [INFO] ApiDb:668 - CubeFinder database Data Model version=2.1
2026-05-20 15:29:57,695 [INFO] ApiDb:669 - CubeFinder database Configuration version=3.0.42
2026-05-20 15:29:57,695 [INFO] ApiDb:670 - CubeFinder database generation date=2026-03-11 (1773229989)
2026-05-20 15:29:57,695 [INFO] ApiDb:671 - CubeFinder database FW Pack versions=[FP-ATR-ASTRA1_V2.0.0, FP-SNS-FLIGHT1_V5.1.0, FP-SNS-MOTENV1_V5.1.0, FP-SNS-MOTENVWB1_V1.5.0, FP-SNS-SMARTAG2_V1.2.0, FP-SNS-STBOX1_V2.1.0, STM32Cube_FW_C0_V1.4.0, STM32Cube_FW_F4_V1.28.3, STM32Cube_FW_F7_V1.17.4, STM32Cube_FW_G0_V1.6.3, STM32Cube_FW_G4_V1.6.2, STM32Cube_FW_H5_V1.6.0, STM32Cube_FW_H7RS_V1.3.0, STM32Cube_FW_H7_V1.13.0, STM32Cube_FW_L0_V1.12.2, STM32Cube_FW_L4_V1.18.2, STM32Cube_FW_L5_V1.6.0, STM32Cube_FW_N6_V1.3.0, STM32Cube_FW_U0_V1.3.0, STM32Cube_FW_U3_V1.3.0, STM32Cube_FW_U5_V1.8.0, STM32Cube_FW_WB0_V1.4.0, STM32Cube_FW_WBA_V1.9.0, STM32Cube_FW_WB_V1.24.0, STM32Cube_FW_WL3_V1.4.0, STM32Cube_FW_WL_V1.5.0, X-CUBE-ALGOBUILD_V1.4.0, X-CUBE-ALS_V1.0.2, X-CUBE-AZRTOS-F4_V1.1.0, X-CUBE-AZRTOS-F7_V1.1.0, X-CUBE-AZRTOS-G0_V1.1.0, X-CUBE-AZRTOS-G4_V2.0.0, X-CUBE-AZRTOS-H7RS_V1.1.0, X-CUBE-AZRTOS-H7_V3.4.0, X-CUBE-AZRTOS-L4_V2.0.0, X-CUBE-AZRTOS-L5_V2.0.0, X-CUBE-AZRTOS-WB_V2.0.0, X-CUBE-AZRTOS-WL_V2.0.0, X-CUBE-BLE1_V7.1.0, X-CUBE-BLE2_V3.3.0, X-CUBE-BLEMGR_V4.1.0, X-CUBE-EEPRMA1_V5.2.0, X-CUBE-FREERTOS_V1.5.0, X-CUBE-GNSS1_V6.0.0, X-CUBE-MEMS1_V12.0.0, X-CUBE-NFC4_V3.0.0, X-CUBE-NFC7_V2.0.0, X-CUBE-SFXS2LP1_V4.0.0, X-CUBE-ST67W61_V1.2.0, X-CUBE-SUBG2_V5.0.0, X-CUBE-TOF1_V3.4.3]
2026-05-20 15:29:57,979 [INFO] DbBoardsSqlite:226 - include board P-NUCLEO-WB55-NUCLEO as a kit item of type 'Nucleo-64'
2026-05-20 15:29:57,980 [INFO] DbBoardsSqlite:226 - include board P-NUCLEO-WB55-USBDONGLE as a kit item of type 'Nucleo USB Dongle'
2026-05-20 15:29:57,981 [INFO] DbBoardsSqlite:226 - include board STEVAL-IDP005V1 as a kit item of type 'Evaluation Board'
2026-05-20 15:29:57,981 [INFO] DbBoardsSqlite:226 - include board STEVAL-IDP005V2 as a kit item of type 'Evaluation Board'
2026-05-20 15:29:58,576 [INFO] ApiDb:240 - Found 880 in-development CPN: [B-G473E-ZEST1S, B-WB1M-WPAN1, B-WBA5M-WPAN, B-WL5M-SUBG1, NUCLEO-C031C6, NUCLEO-C051C8, NUCLEO-C071RB, NUCLEO-C092RC, NUCLEO-H503RB, NUCLEO-H533RE, NUCLEO-H563ZI, NUCLEO-H7S3L8, NUCLEO-N657X0-Q, NUCLEO-U031R8, NUCLEO-U083RC, NUCLEO-U385RG-Q, NUCLEO-U545RE-Q, NUCLEO-U5A5ZJ-Q, NUCLEO-WB05KZ, NUCLEO-WB07CC, NUCLEO-WB09KE, NUCLEO-WBA52CG, NUCLEO-WBA55CG, NUCLEO-WL33CC1, NUCLEO-WL33CC2, STEVAL-PROTEUS1, STEVAL-SMARTAG2, STEVAL-STWINBX1, STM320518-EVAL, STM32C0116-DK, STM32C011D6Y3TR, STM32C011D6Y6TR, STM32C011F4P3, STM32C011F4P6, STM32C011F4U3, STM32C011F4U6TR, STM32C011F6P3, STM32C011F6P6, STM32C011F6U3, STM32C011F6U6TR, STM32C011J4M3, STM32C011J4M6, STM32C011J6M3, STM32C011J6M6, STM32C0316-DK, STM32C031C4T3, STM32C031C4T6, STM32C031C4U3, STM32C031C4U6, STM32C031C6T3, STM32C031C6T6, STM32C031C6U3, STM32C031C6U6, STM32C031F4P3, STM32C031F4P6, STM32C031F6P3, STM32C031F6P6, STM32C031G4U3, STM32C031G4U6, STM32C031G6U3, STM32C031G6U6, STM32C031K4T3, STM32C031K4T6, STM32C031K4U3, STM32C031K4U6, STM32C031K6T3, STM32C031K6T6, STM32C031K6U3, STM32C031K6U6, STM32C051C6T6, STM32C051C6U6, STM32C051C8T6, STM32C051C8U6, STM32C051D8Y6TR, STM32C051F6P6, STM32C051F8P6, STM32C051G6U6, STM32C051G8U6, STM32C051K6T6, STM32C051K6U6, STM32C051K8T6, STM32C071C8T6, STM32C071C8T6N, STM32C071C8U6, STM32C071C8U6N, STM32C071CBT6, STM32C071CBT6N, STM32C071CBU6, STM32C071CBU6N, STM32C071F8P6, STM32C071F8P6N, STM32C071FBP6, STM32C071FBP6N, STM32C071FBY6TR, STM32C071G8U6, STM32C071G8U6N, STM32C071GBU6, STM32C071GBU6N, STM32C071K8T6, STM32C071K8T6N, STM32C071K8U6, STM32C071K8U6N, STM32C071KBT6, STM32C071KBT6N, STM32C071KBU6, STM32C071KBU6N, STM32C071R8T6, STM32C071R8T6N, STM32C071RBI6N, STM32C071RBT6, STM32C071RBT6N, STM32C091CBT6, STM32C091CBU6, STM32C091CCT6, STM32C091CCU6, STM32C091ECY6TR, STM32C091FBP6, STM32C091FCP6, STM32C091GBU6, STM32C091GCU6, STM32C091KBT6, STM32C091KBU6, STM32C091KCT6, STM32C091KCU6, STM32C091RBT6, STM32C091RCI6, STM32C091RCT6, STM32C092CBT6, STM32C092CBU6, STM32C092CCT6, STM32C092CCU6, STM32C092ECY6TR, STM32C092FBP6, STM32C092FCP6, STM32C092GBU6, STM32C092GCU6, STM32C092KBT6, STM32C092KBU6, STM32C092KCT6, STM32C092KCU6, STM32C092RBT6, STM32C092RCI6, STM32C092RCT6, STM32G071K8TXN, STM32G071K8UXN, STM32G081GBU6N, STM32G081KBT6N, STM32G081KBUXN, STM32G0B1CCT6N, STM32G0B1KCT6, STM32G0B1NEY6TR, STM32G0B1RCT6N, STM32G0C1CCT6, STM32G0C1CCT6N, STM32G0C1CCU6N, STM32G0C1CET6N, STM32G0C1CEU6N, STM32G0C1KCT6, STM32G0C1NEY6TR, STM32G0C1RCI6N, STM32G0C1RCT6N, STM32G0C1REI6N, STM32G0C1RET6N, STM32G0C1VCI6, STM32G0C1VEI6, STM32G411C6T3, STM32G411C6T6, STM32G411C6U3, STM32G411C6U6, STM32G411C8T3, STM32G411C8T6, STM32G411C8U3, STM32G411C8U6, STM32G411CBT3, STM32G411CBT6, STM32G411CBU3, STM32G411CBU6, STM32G411K6T3, STM32G411K6T6, STM32G411K6U3, STM32G411K6U6, STM32G411K8T3, STM32G411K8T6, STM32G411K8U3, STM32G411K8U6, STM32G411KBT3, STM32G411KBT6, STM32G411KBU3, STM32G411KBU6, STM32G411M6T3, STM32G411M6T6, STM32G411M8T3, STM32G411M8T6, STM32G411MBT3, STM32G411MBT6, STM32G411R6T3, STM32G411R6T6, STM32G411R8T3, STM32G411R8T6, STM32G411RBT3, STM32G411RBT6, STM32G414CBT3, STM32G414CBT6, STM32G414CBU3, STM32G414CBU6, STM32G414CCT3, STM32G414CCT6, STM32G414CCU3, STM32G414CCU6, STM32G414MBT3, STM32G414MBT6, STM32G414MCT3, STM32G414MCT6, STM32G414RBT3, STM32G414RBT6, STM32G414RCT3, STM32G414RCT6, STM32G414VBT3, STM32G414VBT6, STM32G414VCT3, STM32G414VCT6, STM32G431CBT3Z, STM32G431RBT3Z, STM32G471CCT6, STM32G471CCU6, STM32G471CET3, STM32G471CET6, STM32G471CEU3, STM32G471CEU6, STM32G471MCT6, STM32G471MET3, STM32G471MET6, STM32G471MEY6TR, STM32G471QCT6, STM32G471QET3, STM32G471RCT6, STM32G471RET3, STM32G471RET6, STM32G471VCH6, STM32G471VCI6, STM32G471VCT6, STM32G471VEH3, STM32G471VEH6, STM32G471VEI3, STM32G471VEI6, STM32G471VET3, STM32G471VET6, STM32G473QET3Z, STM32G473RET3Z, STM32G474CCT6, STM32G491RET3Z, STM32H503CBT6, STM32H503CBU6, STM32H503EBY6TR, STM32H503KBU6, STM32H503RBT6, STM32H523CCT6, STM32H523CCU6, STM32H523CET6, STM32H523CEU6, STM32H523HEY6TR, STM32H523RCT6, STM32H523RET6, STM32H523VCI6, STM32H523VCT6, STM32H523VEI6, STM32H523VET6, STM32H523ZCJ6, STM32H523ZCT6, STM32H523ZEJ6, STM32H523ZET6, STM32H533CET6, STM32H533CEU6, STM32H533HEY6TR, STM32H533RET6, STM32H533VEI6, STM32H533VET6, STM32H533ZEJ6, STM32H533ZET6, STM32H562AGI6, STM32H562AII6, STM32H562IGK6, STM32H562IGT6, STM32H562IIK6, STM32H562IIT6, STM32H562RGT6, STM32H562RGV6, STM32H562RIT6, STM32H562RIV6, STM32H562VGT6, STM32H562VIT6, STM32H562ZGT6, STM32H562ZIT6, STM32H563AGI6, STM32H563AII3Q, STM32H563AII6, STM32H563IGK6, STM32H563IGT6, STM32H563IIK3Q, STM32H563IIK6, STM32H563IIT3Q, STM32H563IIT6, STM32H563MIY3QTR, STM32H563RGT6, STM32H563RGV6, STM32H563RIT6, STM32H563RIV6, STM32H563VGT6, STM32H563VIT3Q, STM32H563VIT6, STM32H563ZGT6, STM32H563ZIT3Q, STM32H563ZIT6, STM32H573AII3Q, STM32H573AII6, STM32H573I-DK, STM32H573IIK3Q, STM32H573IIK6, STM32H573IIT3Q, STM32H573IIT6, STM32H573MIY3QTR, STM32H573RIT6, STM32H573RIV6, STM32H573VIT3Q, STM32H573VIT6, STM32H573ZIT3Q, STM32H573ZIT6, STM32H7R3A8I6, STM32H7R3I8K6, STM32H7R3I8T6, STM32H7R3L8H6, STM32H7R3L8H6H, STM32H7R3R8V6, STM32H7R3V8H6, STM32H7R3V8T6, STM32H7R3V8Y6TR, STM32H7R3Z8J6, STM32H7R3Z8T6, STM32H7R7A8I6, STM32H7R7I8K6, STM32H7R7I8T6, STM32H7R7L8H6, STM32H7R7L8H6H, STM32H7R7Z8J6, STM32H7S3A8I6, STM32H7S3I8K6, STM32H7S3I8T6, STM32H7S3L8H6, STM32H7S3L8H6H, STM32H7S3R8V6, STM32H7S3V8H6, STM32H7S3V8T6, STM32H7S3V8Y6TR, STM32H7S3Z8J6, STM32H7S3Z8T6, STM32H7S78-DK, STM32H7S7A8I6, STM32H7S7I8K6, STM32H7S7I8T6, STM32H7S7L8H6, STM32H7S7L8H6H, STM32H7S7Z8J6, STM32L4R5QGI6STR, STM32MP131AAE3, STM32MP131AAF3, STM32MP131AAG3, STM32MP131CAE3, STM32MP131CAF3, STM32MP131CAG3, STM32MP131DAE7, STM32MP131DAF7, STM32MP131DAG7, STM32MP131FAE7, STM32MP131FAF7, STM32MP131FAG7, STM32MP133AAE3, STM32MP133AAF3, STM32MP133AAG3, STM32MP133CAE3, STM32MP133CAF3, STM32MP133CAG3, STM32MP133DAE7, STM32MP133DAF7, STM32MP133DAG7, STM32MP133FAE7, STM32MP133FAF7, STM32MP133FAG7, STM32MP135AAE3, STM32MP135AAF3, STM32MP135AAG3, STM32MP135CAE3, STM32MP135CAF3, STM32MP135CAG3, STM32MP135DAE7, STM32MP135DAF7, STM32MP135DAG7, STM32MP135F-DK, STM32MP135FAE7, STM32MP135FAF7, STM32MP135FAF7T, STM32MP135FAF7U, STM32MP135FAG7, STM32MP211AAL3, STM32MP211AAM3, STM32MP211AAN3, STM32MP211AAO3, STM32MP211CAL3, STM32MP211CAM3, STM32MP211CAN3, STM32MP211CAO3, STM32MP211DAL3, STM32MP211DAM3, STM32MP211DAN3, STM32MP211DAO3, STM32MP211FAL3, STM32MP211FAM3, STM32MP211FAN3, STM32MP211FAO3, STM32MP213AAL3, STM32MP213AAM3, STM32MP213AAN3, STM32MP213AAO3, STM32MP213CAL3, STM32MP213CAM3, STM32MP213CAN3, STM32MP213CAO3, STM32MP213DAL3, STM32MP213DAM3, STM32MP213DAN3, STM32MP213DAO3, STM32MP213FAL3, STM32MP213FAM3, STM32MP213FAN3, STM32MP213FAO3, STM32MP215AAL3, STM32MP215AAM3, STM32MP215AAN3, STM32MP215AAO3, STM32MP215CAL3, STM32MP215CAM3, STM32MP215CAN3, STM32MP215CAO3, STM32MP215DAL3, STM32MP215DAM3, STM32MP215DAN3, STM32MP215DAO3, STM32MP215F-DK, STM32MP215FAL3, STM32MP215FAM3, STM32MP215FAN3, STM32MP215FAO3, STM32MP231AAJ3, STM32MP231AAK3, STM32MP231AAL3, STM32MP231CAJ3, STM32MP231CAK3, STM32MP231CAL3, STM32MP231DAJ3, STM32MP231DAK3, STM32MP231DAL3, STM32MP231FAJ3, STM32MP231FAK3, STM32MP231FAL3, STM32MP233AAJ3, STM32MP233AAK3, STM32MP233AAL3, STM32MP233CAJ3, STM32MP233CAK3, STM32MP233CAL3, STM32MP233DAJ3, STM32MP233DAK3, STM32MP233DAL3, STM32MP233FAJ3, STM32MP233FAK3, STM32MP233FAL3, STM32MP235AAJ3, STM32MP235AAK3, STM32MP235AAL3, STM32MP235CAJ3, STM32MP235CAK3, STM32MP235CAL3, STM32MP235DAJ3, STM32MP235DAK3, STM32MP235DAL3, STM32MP235FAJ3, STM32MP235FAK3, STM32MP235FAL3, STM32MP251AAI3, STM32MP251AAK3, STM32MP251AAL3, STM32MP251CAI3, STM32MP251CAK3, STM32MP251CAL3, STM32MP251DAI3, STM32MP251DAK3, STM32MP251DAL3, STM32MP251FAI3, STM32MP251FAK3, STM32MP251FAL3, STM32MP253AAI3, STM32MP253AAK3, STM32MP253AAL3, STM32MP253CAI3, STM32MP253CAK3, STM32MP253CAL3, STM32MP253DAI3, STM32MP253DAK3, STM32MP253DAL3, STM32MP253FAI3, STM32MP253FAK3, STM32MP253FAL3, STM32MP255AAI3, STM32MP255AAK3, STM32MP255AAL3, STM32MP255CAI3, STM32MP255CAK3, STM32MP255CAL3, STM32MP255DAI3, STM32MP255DAK3, STM32MP255DAL3, STM32MP255FAI3, STM32MP255FAK3, STM32MP255FAL3, STM32MP257AAI3, STM32MP257AAK3, STM32MP257AAL3, STM32MP257CAI3, STM32MP257CAK3, STM32MP257CAL3, STM32MP257DAI3, STM32MP257DAK3, STM32MP257DAL3, STM32MP257F-DK, STM32MP257F-EV1, STM32MP257FAI3, STM32MP257FAK3, STM32MP257FAL3, STM32N645A0H3Q, STM32N645B0H3Q, STM32N645I0H3Q, STM32N645L0H3Q, STM32N645X0H3Q, STM32N645Z0H3Q, STM32N647A0H3Q, STM32N647B0H3Q, STM32N647I0H3Q, STM32N647L0H3Q, STM32N647X0H3Q, STM32N647Z0H3Q, STM32N655A0H3Q, STM32N655B0H3Q, STM32N655I0H3Q, STM32N655L0H3Q, STM32N655X0H3Q, STM32N655Z0H3Q, STM32N6570-DK, STM32N657A0H3Q, STM32N657B0H3Q, STM32N657I0H3Q, STM32N657L0H3Q, STM32N657X0H3Q, STM32N657Z0H3Q, STM32U031C6T6, STM32U031C6U6, STM32U031C8T6, STM32U031C8U6, STM32U031F4P6, STM32U031F6P6, STM32U031F8P6, STM32U031G6Y6TR, STM32U031G8Y6TR, STM32U031K4U6, STM32U031K6U6, STM32U031K8U6, STM32U031R6I6, STM32U031R6T6, STM32U031R8I6, STM32U031R8T6, STM32U073C8T6, STM32U073C8U6, STM32U073CBT6, STM32U073CBU6, STM32U073CCT6, STM32U073CCU6, STM32U073H8Y6TR, STM32U073HBY6TR, STM32U073HCY6TR, STM32U073K8U6, STM32U073KBU6, STM32U073KCU6, STM32U073M8I6, STM32U073M8T6, STM32U073MBI6, STM32U073MBT6, STM32U073MCI6, STM32U073MCT6, STM32U073R8I6, STM32U073R8T6, STM32U073RBI6, STM32U073RBT6, STM32U073RCI6, STM32U073RCT6, STM32U083C-DK, STM32U083CCT6, STM32U083CCU6, STM32U083HCY6TR, STM32U083KCU6, STM32U083MCI6, STM32U083MCT6, STM32U083RCI6, STM32U083RCT6, STM32U375CET6, STM32U375CET6Q, STM32U375CEU6, STM32U375CEU6Q, STM32U375CEY6QTR, STM32U375CGT6, STM32U375CGT6Q, STM32U375CGU6, STM32U375CGU6Q, STM32U375CGY6QTR, STM32U375KEU6, STM32U375KGU6, STM32U375REI6, STM32U375REI6Q, STM32U375RET6, STM32U375RET6Q, STM32U375REY6GTR, STM32U375REY6QTR, STM32U375RGI6, STM32U375RGI6Q, STM32U375RGT6, STM32U375RGT6Q, STM32U375RGY6GTR, STM32U375RGY6QTR, STM32U375VEI6, STM32U375VEI6Q, STM32U375VET6, STM32U375VET6Q, STM32U375VGI6, STM32U375VGI6Q, STM32U375VGT6, STM32U375VGT6Q, STM32U385CGT6, STM32U385CGT6Q, STM32U385CGU6, STM32U385CGU6Q, STM32U385CGY6QTR, STM32U385KGU6, STM32U385RGI6, STM32U385RGI6Q, STM32U385RGT6, STM32U385RGT6Q, STM32U385RGY6GTR, STM32U385RGY6QTR, STM32U385VGI6, STM32U385VGI6Q, STM32U385VGT6, STM32U385VGT6Q, STM32U535CBT6, STM32U535CBT6Q, STM32U535CBU6, STM32U535CBU6Q, STM32U535CCT6, STM32U535CCT6Q, STM32U535CCU6, STM32U535CCU6Q, STM32U535CET6, STM32U535CET6Q, STM32U535CEU6, STM32U535CEU6Q, STM32U535JEY6QTR, STM32U535NCY6QTR, STM32U535NEY6QTR, STM32U535RBI6, STM32U535RBI6Q, STM32U535RBT6, STM32U535RBT6Q, STM32U535RCI6, STM32U535RCI6Q, STM32U535RCT6, STM32U535RCT6Q, STM32U535REI6, STM32U535REI6Q, STM32U535RET6, STM32U535RET6Q, STM32U535VCI6, STM32U535VCI6Q, STM32U535VCT6, STM32U535VCT6Q, STM32U535VEI6, STM32U535VEI6Q, STM32U535VET6, STM32U535VET6Q, STM32U545CET6, STM32U545CET6Q, STM32U545CEU6, STM32U545CEU6Q, STM32U545JEY6QTR, STM32U545NEY6QTR, STM32U545REI6, STM32U545REI6Q, STM32U545RET6, STM32U545RET6Q, STM32U545VEI6, STM32U545VEI6Q, STM32U545VET6, STM32U545VET6Q, STM32U595AIH6, STM32U595AIH6Q, STM32U595AJH6, STM32U595AJH6Q, STM32U595QII6, STM32U595QII6Q, STM32U595QJI6, STM32U595QJI6Q, STM32U595RIT6, STM32U595RIT6Q, STM32U595RJT6, STM32U595RJT6Q, STM32U595VIT6, STM32U595VIT6Q, STM32U595VJT6, STM32U595VJT6Q, STM32U595ZIT6, STM32U595ZIT6Q, STM32U595ZIY6QTR, STM32U595ZJT6, STM32U595ZJT6Q, STM32U595ZJY6QTR, STM32U599BJY6QTR, STM32U599NIH6Q, STM32U599NJH6Q, STM32U599VIT6Q, STM32U599VJT6, STM32U599VJT6Q, STM32U599ZIT6Q, STM32U599ZIY6QTR, STM32U599ZJT6Q, STM32U599ZJY6QTR, STM32U5A5AJH6, STM32U5A5AJH6Q, STM32U5A5QII3Q , STM32U5A5QJI6, STM32U5A5QJI6Q, STM32U5A5RJT6, STM32U5A5RJT6Q, STM32U5A5VJT6, STM32U5A5VJT6Q, STM32U5A5ZJT6, STM32U5A5ZJT6Q, STM32U5A5ZJY6QTR, STM32U5A9BJY6QTR, STM32U5A9J-DK, STM32U5A9NJH6Q, STM32U5A9VJT6Q, STM32U5A9ZJT6Q, STM32U5A9ZJY6QTR, STM32U5F7VIT6, STM32U5F7VIT6Q, STM32U5F7VJT6, STM32U5F7VJT6Q, STM32U5F9BJY6QTR, STM32U5F9NJH6Q, STM32U5F9VIT6Q, STM32U5F9VJT6Q, STM32U5F9ZIJ6QTR, STM32U5F9ZIT6Q, STM32U5F9ZJJ6QTR, STM32U5F9ZJT6Q, STM32U5G7VJT6, STM32U5G7VJT6Q, STM32U5G9BJY6QTR, STM32U5G9J-DK1, STM32U5G9J-DK2, STM32U5G9NJH6Q, STM32U5G9VJT6Q, STM32U5G9ZJJ6QTR, STM32U5G9ZJT6Q, STM32WB05KZV6TR, STM32WB05KZV7TR, STM32WB05TZF6TR, STM32WB05TZF7TR, STM32WB06CCF6TR, STM32WB06CCF7TR, STM32WB06CCV6TR, STM32WB06CCV7TR, STM32WB06KCV6TR, STM32WB06KCV7TR, STM32WB07CCF6TR, STM32WB07CCF7TR, STM32WB07CCV6TR, STM32WB07CCV7TR, STM32WB07KCV6TR, STM32WB07KCV7TR, STM32WB09KEV6TR, STM32WB09KEV7TR, STM32WB09TEF6TR, STM32WB09TEF7TR, STM32WB1MMCH6, STM32WBA50KGU6, STM32WBA50KGU6TR, STM32WBA52CEU6, STM32WBA52CEU6TR, STM32WBA52CEU7, STM32WBA52CEU7TR, STM32WBA52CGU6, STM32WBA52CGU6TR, STM32WBA52CGU6U, STM32WBA52CGU7, STM32WBA52CGU7TR, STM32WBA52KEU6, STM32WBA52KEU6TR, STM32WBA52KGU6, STM32WBA52KGU6TR, STM32WBA54CEU6, STM32WBA54CEU6TR, STM32WBA54CEU7, STM32WBA54CEU7TR, STM32WBA54CGU6, STM32WBA54CGU6TR, STM32WBA54CGU7, STM32WBA54CGU7TR, STM32WBA54KEU6, STM32WBA54KEU6TR, STM32WBA54KEU7, STM32WBA54KEU7TR, STM32WBA54KGU6, STM32WBA54KGU6TR, STM32WBA54KGU7, STM32WBA54KGU7TR, STM32WBA55CEU6, STM32WBA55CEU6TR, STM32WBA55CEU7, STM32WBA55CEU7TR, STM32WBA55CGU6, STM32WBA55CGU6TR, STM32WBA55CGU6U, STM32WBA55CGU7, STM32WBA55CGU7TR, STM32WBA55G-DK1, STM32WBA55HEF6, STM32WBA55HEF7, STM32WBA55HGF6, STM32WBA55HGF7, STM32WBA55UEI6, STM32WBA55UEI6TR, STM32WBA55UEI7, STM32WBA55UEI7TR, STM32WBA55UGI6, STM32WBA55UGI6TR, STM32WBA55UGI7, STM32WBA55UGI7TR, STM32WBA5MMGH6TR, STM32WBA62MGF6, STM32WBA62MIF6, STM32WBA65MGF7, STM32WBA65MIF6, STM32WBA65MIF7, STM32WL30K8V6, STM32WL30KBV6, STM32WL31C8V6, STM32WL31CBV6, STM32WL31K8V6, STM32WL31KBV6, STM32WL33C8V6, STM32WL33C8V6X, STM32WL33CBV6, STM32WL33CBV6X, STM32WL33CCV6, STM32WL33CCV6A, STM32WL33CCV6X, STM32WL33K8V7, STM32WL33K8V7X, STM32WL33KBV7 , STM32WL33KBV7X, STM32WL33KCV7, STM32WL33KCV7X, STM32WL5MOCH6, STM32WL5MOCH6TR]
2026-05-20 15:29:58,580 [INFO] ApiDb:668 - CubeFinder database Data Model version=2.1
2026-05-20 15:29:58,580 [INFO] ApiDb:669 - CubeFinder database Configuration version=3.0.42
2026-05-20 15:29:58,580 [INFO] ApiDb:670 - CubeFinder database generation date=2026-03-11 (1773229989)
2026-05-20 15:29:58,580 [INFO] ApiDb:671 - CubeFinder database FW Pack versions=[FP-ATR-ASTRA1_V2.0.0, FP-SNS-FLIGHT1_V5.1.0, FP-SNS-MOTENV1_V5.1.0, FP-SNS-MOTENVWB1_V1.5.0, FP-SNS-SMARTAG2_V1.2.0, FP-SNS-STBOX1_V2.1.0, STM32Cube_FW_C0_V1.4.0, STM32Cube_FW_F4_V1.28.3, STM32Cube_FW_F7_V1.17.4, STM32Cube_FW_G0_V1.6.3, STM32Cube_FW_G4_V1.6.2, STM32Cube_FW_H5_V1.6.0, STM32Cube_FW_H7RS_V1.3.0, STM32Cube_FW_H7_V1.13.0, STM32Cube_FW_L0_V1.12.2, STM32Cube_FW_L4_V1.18.2, STM32Cube_FW_L5_V1.6.0, STM32Cube_FW_N6_V1.3.0, STM32Cube_FW_U0_V1.3.0, STM32Cube_FW_U3_V1.3.0, STM32Cube_FW_U5_V1.8.0, STM32Cube_FW_WB0_V1.4.0, STM32Cube_FW_WBA_V1.9.0, STM32Cube_FW_WB_V1.24.0, STM32Cube_FW_WL3_V1.4.0, STM32Cube_FW_WL_V1.5.0, X-CUBE-ALGOBUILD_V1.4.0, X-CUBE-ALS_V1.0.2, X-CUBE-AZRTOS-F4_V1.1.0, X-CUBE-AZRTOS-F7_V1.1.0, X-CUBE-AZRTOS-G0_V1.1.0, X-CUBE-AZRTOS-G4_V2.0.0, X-CUBE-AZRTOS-H7RS_V1.1.0, X-CUBE-AZRTOS-H7_V3.4.0, X-CUBE-AZRTOS-L4_V2.0.0, X-CUBE-AZRTOS-L5_V2.0.0, X-CUBE-AZRTOS-WB_V2.0.0, X-CUBE-AZRTOS-WL_V2.0.0, X-CUBE-BLE1_V7.1.0, X-CUBE-BLE2_V3.3.0, X-CUBE-BLEMGR_V4.1.0, X-CUBE-EEPRMA1_V5.2.0, X-CUBE-FREERTOS_V1.5.0, X-CUBE-GNSS1_V6.0.0, X-CUBE-MEMS1_V12.0.0, X-CUBE-NFC4_V3.0.0, X-CUBE-NFC7_V2.0.0, X-CUBE-SFXS2LP1_V4.0.0, X-CUBE-ST67W61_V1.2.0, X-CUBE-SUBG2_V5.0.0, X-CUBE-TOF1_V3.4.3]
2026-05-20 15:30:01,249 [INFO] ApiDb:240 - Found 880 in-development CPN: [B-G473E-ZEST1S, B-WB1M-WPAN1, B-WBA5M-WPAN, B-WL5M-SUBG1, NUCLEO-C031C6, NUCLEO-C051C8, NUCLEO-C071RB, NUCLEO-C092RC, NUCLEO-H503RB, NUCLEO-H533RE, NUCLEO-H563ZI, NUCLEO-H7S3L8, NUCLEO-N657X0-Q, NUCLEO-U031R8, NUCLEO-U083RC, NUCLEO-U385RG-Q, NUCLEO-U545RE-Q, NUCLEO-U5A5ZJ-Q, NUCLEO-WB05KZ, NUCLEO-WB07CC, NUCLEO-WB09KE, NUCLEO-WBA52CG, NUCLEO-WBA55CG, NUCLEO-WL33CC1, NUCLEO-WL33CC2, STEVAL-PROTEUS1, STEVAL-SMARTAG2, STEVAL-STWINBX1, STM320518-EVAL, STM32C0116-DK, STM32C011D6Y3TR, STM32C011D6Y6TR, STM32C011F4P3, STM32C011F4P6, STM32C011F4U3, STM32C011F4U6TR, STM32C011F6P3, STM32C011F6P6, STM32C011F6U3, STM32C011F6U6TR, STM32C011J4M3, STM32C011J4M6, STM32C011J6M3, STM32C011J6M6, STM32C0316-DK, STM32C031C4T3, STM32C031C4T6, STM32C031C4U3, STM32C031C4U6, STM32C031C6T3, STM32C031C6T6, STM32C031C6U3, STM32C031C6U6, STM32C031F4P3, STM32C031F4P6, STM32C031F6P3, STM32C031F6P6, STM32C031G4U3, STM32C031G4U6, STM32C031G6U3, STM32C031G6U6, STM32C031K4T3, STM32C031K4T6, STM32C031K4U3, STM32C031K4U6, STM32C031K6T3, STM32C031K6T6, STM32C031K6U3, STM32C031K6U6, STM32C051C6T6, STM32C051C6U6, STM32C051C8T6, STM32C051C8U6, STM32C051D8Y6TR, STM32C051F6P6, STM32C051F8P6, STM32C051G6U6, STM32C051G8U6, STM32C051K6T6, STM32C051K6U6, STM32C051K8T6, STM32C071C8T6, STM32C071C8T6N, STM32C071C8U6, STM32C071C8U6N, STM32C071CBT6, STM32C071CBT6N, STM32C071CBU6, STM32C071CBU6N, STM32C071F8P6, STM32C071F8P6N, STM32C071FBP6, STM32C071FBP6N, STM32C071FBY6TR, STM32C071G8U6, STM32C071G8U6N, STM32C071GBU6, STM32C071GBU6N, STM32C071K8T6, STM32C071K8T6N, STM32C071K8U6, STM32C071K8U6N, STM32C071KBT6, STM32C071KBT6N, STM32C071KBU6, STM32C071KBU6N, STM32C071R8T6, STM32C071R8T6N, STM32C071RBI6N, STM32C071RBT6, STM32C071RBT6N, STM32C091CBT6, STM32C091CBU6, STM32C091CCT6, STM32C091CCU6, STM32C091ECY6TR, STM32C091FBP6, STM32C091FCP6, STM32C091GBU6, STM32C091GCU6, STM32C091KBT6, STM32C091KBU6, STM32C091KCT6, STM32C091KCU6, STM32C091RBT6, STM32C091RCI6, STM32C091RCT6, STM32C092CBT6, STM32C092CBU6, STM32C092CCT6, STM32C092CCU6, STM32C092ECY6TR, STM32C092FBP6, STM32C092FCP6, STM32C092GBU6, STM32C092GCU6, STM32C092KBT6, STM32C092KBU6, STM32C092KCT6, STM32C092KCU6, STM32C092RBT6, STM32C092RCI6, STM32C092RCT6, STM32G071K8TXN, STM32G071K8UXN, STM32G081GBU6N, STM32G081KBT6N, STM32G081KBUXN, STM32G0B1CCT6N, STM32G0B1KCT6, STM32G0B1NEY6TR, STM32G0B1RCT6N, STM32G0C1CCT6, STM32G0C1CCT6N, STM32G0C1CCU6N, STM32G0C1CET6N, STM32G0C1CEU6N, STM32G0C1KCT6, STM32G0C1NEY6TR, STM32G0C1RCI6N, STM32G0C1RCT6N, STM32G0C1REI6N, STM32G0C1RET6N, STM32G0C1VCI6, STM32G0C1VEI6, STM32G411C6T3, STM32G411C6T6, STM32G411C6U3, STM32G411C6U6, STM32G411C8T3, STM32G411C8T6, STM32G411C8U3, STM32G411C8U6, STM32G411CBT3, STM32G411CBT6, STM32G411CBU3, STM32G411CBU6, STM32G411K6T3, STM32G411K6T6, STM32G411K6U3, STM32G411K6U6, STM32G411K8T3, STM32G411K8T6, STM32G411K8U3, STM32G411K8U6, STM32G411KBT3, STM32G411KBT6, STM32G411KBU3, STM32G411KBU6, STM32G411M6T3, STM32G411M6T6, STM32G411M8T3, STM32G411M8T6, STM32G411MBT3, STM32G411MBT6, STM32G411R6T3, STM32G411R6T6, STM32G411R8T3, STM32G411R8T6, STM32G411RBT3, STM32G411RBT6, STM32G414CBT3, STM32G414CBT6, STM32G414CBU3, STM32G414CBU6, STM32G414CCT3, STM32G414CCT6, STM32G414CCU3, STM32G414CCU6, STM32G414MBT3, STM32G414MBT6, STM32G414MCT3, STM32G414MCT6, STM32G414RBT3, STM32G414RBT6, STM32G414RCT3, STM32G414RCT6, STM32G414VBT3, STM32G414VBT6, STM32G414VCT3, STM32G414VCT6, STM32G431CBT3Z, STM32G431RBT3Z, STM32G471CCT6, STM32G471CCU6, STM32G471CET3, STM32G471CET6, STM32G471CEU3, STM32G471CEU6, STM32G471MCT6, STM32G471MET3, STM32G471MET6, STM32G471MEY6TR, STM32G471QCT6, STM32G471QET3, STM32G471RCT6, STM32G471RET3, STM32G471RET6, STM32G471VCH6, STM32G471VCI6, STM32G471VCT6, STM32G471VEH3, STM32G471VEH6, STM32G471VEI3, STM32G471VEI6, STM32G471VET3, STM32G471VET6, STM32G473QET3Z, STM32G473RET3Z, STM32G474CCT6, STM32G491RET3Z, STM32H503CBT6, STM32H503CBU6, STM32H503EBY6TR, STM32H503KBU6, STM32H503RBT6, STM32H523CCT6, STM32H523CCU6, STM32H523CET6, STM32H523CEU6, STM32H523HEY6TR, STM32H523RCT6, STM32H523RET6, STM32H523VCI6, STM32H523VCT6, STM32H523VEI6, STM32H523VET6, STM32H523ZCJ6, STM32H523ZCT6, STM32H523ZEJ6, STM32H523ZET6, STM32H533CET6, STM32H533CEU6, STM32H533HEY6TR, STM32H533RET6, STM32H533VEI6, STM32H533VET6, STM32H533ZEJ6, STM32H533ZET6, STM32H562AGI6, STM32H562AII6, STM32H562IGK6, STM32H562IGT6, STM32H562IIK6, STM32H562IIT6, STM32H562RGT6, STM32H562RGV6, STM32H562RIT6, STM32H562RIV6, STM32H562VGT6, STM32H562VIT6, STM32H562ZGT6, STM32H562ZIT6, STM32H563AGI6, STM32H563AII3Q, STM32H563AII6, STM32H563IGK6, STM32H563IGT6, STM32H563IIK3Q, STM32H563IIK6, STM32H563IIT3Q, STM32H563IIT6, STM32H563MIY3QTR, STM32H563RGT6, STM32H563RGV6, STM32H563RIT6, STM32H563RIV6, STM32H563VGT6, STM32H563VIT3Q, STM32H563VIT6, STM32H563ZGT6, STM32H563ZIT3Q, STM32H563ZIT6, STM32H573AII3Q, STM32H573AII6, STM32H573I-DK, STM32H573IIK3Q, STM32H573IIK6, STM32H573IIT3Q, STM32H573IIT6, STM32H573MIY3QTR, STM32H573RIT6, STM32H573RIV6, STM32H573VIT3Q, STM32H573VIT6, STM32H573ZIT3Q, STM32H573ZIT6, STM32H7R3A8I6, STM32H7R3I8K6, STM32H7R3I8T6, STM32H7R3L8H6, STM32H7R3L8H6H, STM32H7R3R8V6, STM32H7R3V8H6, STM32H7R3V8T6, STM32H7R3V8Y6TR, STM32H7R3Z8J6, STM32H7R3Z8T6, STM32H7R7A8I6, STM32H7R7I8K6, STM32H7R7I8T6, STM32H7R7L8H6, STM32H7R7L8H6H, STM32H7R7Z8J6, STM32H7S3A8I6, STM32H7S3I8K6, STM32H7S3I8T6, STM32H7S3L8H6, STM32H7S3L8H6H, STM32H7S3R8V6, STM32H7S3V8H6, STM32H7S3V8T6, STM32H7S3V8Y6TR, STM32H7S3Z8J6, STM32H7S3Z8T6, STM32H7S78-DK, STM32H7S7A8I6, STM32H7S7I8K6, STM32H7S7I8T6, STM32H7S7L8H6, STM32H7S7L8H6H, STM32H7S7Z8J6, STM32L4R5QGI6STR, STM32MP131AAE3, STM32MP131AAF3, STM32MP131AAG3, STM32MP131CAE3, STM32MP131CAF3, STM32MP131CAG3, STM32MP131DAE7, STM32MP131DAF7, STM32MP131DAG7, STM32MP131FAE7, STM32MP131FAF7, STM32MP131FAG7, STM32MP133AAE3, STM32MP133AAF3, STM32MP133AAG3, STM32MP133CAE3, STM32MP133CAF3, STM32MP133CAG3, STM32MP133DAE7, STM32MP133DAF7, STM32MP133DAG7, STM32MP133FAE7, STM32MP133FAF7, STM32MP133FAG7, STM32MP135AAE3, STM32MP135AAF3, STM32MP135AAG3, STM32MP135CAE3, STM32MP135CAF3, STM32MP135CAG3, STM32MP135DAE7, STM32MP135DAF7, STM32MP135DAG7, STM32MP135F-DK, STM32MP135FAE7, STM32MP135FAF7, STM32MP135FAF7T, STM32MP135FAF7U, STM32MP135FAG7, STM32MP211AAL3, STM32MP211AAM3, STM32MP211AAN3, STM32MP211AAO3, STM32MP211CAL3, STM32MP211CAM3, STM32MP211CAN3, STM32MP211CAO3, STM32MP211DAL3, STM32MP211DAM3, STM32MP211DAN3, STM32MP211DAO3, STM32MP211FAL3, STM32MP211FAM3, STM32MP211FAN3, STM32MP211FAO3, STM32MP213AAL3, STM32MP213AAM3, STM32MP213AAN3, STM32MP213AAO3, STM32MP213CAL3, STM32MP213CAM3, STM32MP213CAN3, STM32MP213CAO3, STM32MP213DAL3, STM32MP213DAM3, STM32MP213DAN3, STM32MP213DAO3, STM32MP213FAL3, STM32MP213FAM3, STM32MP213FAN3, STM32MP213FAO3, STM32MP215AAL3, STM32MP215AAM3, STM32MP215AAN3, STM32MP215AAO3, STM32MP215CAL3, STM32MP215CAM3, STM32MP215CAN3, STM32MP215CAO3, STM32MP215DAL3, STM32MP215DAM3, STM32MP215DAN3, STM32MP215DAO3, STM32MP215F-DK, STM32MP215FAL3, STM32MP215FAM3, STM32MP215FAN3, STM32MP215FAO3, STM32MP231AAJ3, STM32MP231AAK3, STM32MP231AAL3, STM32MP231CAJ3, STM32MP231CAK3, STM32MP231CAL3, STM32MP231DAJ3, STM32MP231DAK3, STM32MP231DAL3, STM32MP231FAJ3, STM32MP231FAK3, STM32MP231FAL3, STM32MP233AAJ3, STM32MP233AAK3, STM32MP233AAL3, STM32MP233CAJ3, STM32MP233CAK3, STM32MP233CAL3, STM32MP233DAJ3, STM32MP233DAK3, STM32MP233DAL3, STM32MP233FAJ3, STM32MP233FAK3, STM32MP233FAL3, STM32MP235AAJ3, STM32MP235AAK3, STM32MP235AAL3, STM32MP235CAJ3, STM32MP235CAK3, STM32MP235CAL3, STM32MP235DAJ3, STM32MP235DAK3, STM32MP235DAL3, STM32MP235FAJ3, STM32MP235FAK3, STM32MP235FAL3, STM32MP251AAI3, STM32MP251AAK3, STM32MP251AAL3, STM32MP251CAI3, STM32MP251CAK3, STM32MP251CAL3, STM32MP251DAI3, STM32MP251DAK3, STM32MP251DAL3, STM32MP251FAI3, STM32MP251FAK3, STM32MP251FAL3, STM32MP253AAI3, STM32MP253AAK3, STM32MP253AAL3, STM32MP253CAI3, STM32MP253CAK3, STM32MP253CAL3, STM32MP253DAI3, STM32MP253DAK3, STM32MP253DAL3, STM32MP253FAI3, STM32MP253FAK3, STM32MP253FAL3, STM32MP255AAI3, STM32MP255AAK3, STM32MP255AAL3, STM32MP255CAI3, STM32MP255CAK3, STM32MP255CAL3, STM32MP255DAI3, STM32MP255DAK3, STM32MP255DAL3, STM32MP255FAI3, STM32MP255FAK3, STM32MP255FAL3, STM32MP257AAI3, STM32MP257AAK3, STM32MP257AAL3, STM32MP257CAI3, STM32MP257CAK3, STM32MP257CAL3, STM32MP257DAI3, STM32MP257DAK3, STM32MP257DAL3, STM32MP257F-DK, STM32MP257F-EV1, STM32MP257FAI3, STM32MP257FAK3, STM32MP257FAL3, STM32N645A0H3Q, STM32N645B0H3Q, STM32N645I0H3Q, STM32N645L0H3Q, STM32N645X0H3Q, STM32N645Z0H3Q, STM32N647A0H3Q, STM32N647B0H3Q, STM32N647I0H3Q, STM32N647L0H3Q, STM32N647X0H3Q, STM32N647Z0H3Q, STM32N655A0H3Q, STM32N655B0H3Q, STM32N655I0H3Q, STM32N655L0H3Q, STM32N655X0H3Q, STM32N655Z0H3Q, STM32N6570-DK, STM32N657A0H3Q, STM32N657B0H3Q, STM32N657I0H3Q, STM32N657L0H3Q, STM32N657X0H3Q, STM32N657Z0H3Q, STM32U031C6T6, STM32U031C6U6, STM32U031C8T6, STM32U031C8U6, STM32U031F4P6, STM32U031F6P6, STM32U031F8P6, STM32U031G6Y6TR, STM32U031G8Y6TR, STM32U031K4U6, STM32U031K6U6, STM32U031K8U6, STM32U031R6I6, STM32U031R6T6, STM32U031R8I6, STM32U031R8T6, STM32U073C8T6, STM32U073C8U6, STM32U073CBT6, STM32U073CBU6, STM32U073CCT6, STM32U073CCU6, STM32U073H8Y6TR, STM32U073HBY6TR, STM32U073HCY6TR, STM32U073K8U6, STM32U073KBU6, STM32U073KCU6, STM32U073M8I6, STM32U073M8T6, STM32U073MBI6, STM32U073MBT6, STM32U073MCI6, STM32U073MCT6, STM32U073R8I6, STM32U073R8T6, STM32U073RBI6, STM32U073RBT6, STM32U073RCI6, STM32U073RCT6, STM32U083C-DK, STM32U083CCT6, STM32U083CCU6, STM32U083HCY6TR, STM32U083KCU6, STM32U083MCI6, STM32U083MCT6, STM32U083RCI6, STM32U083RCT6, STM32U375CET6, STM32U375CET6Q, STM32U375CEU6, STM32U375CEU6Q, STM32U375CEY6QTR, STM32U375CGT6, STM32U375CGT6Q, STM32U375CGU6, STM32U375CGU6Q, STM32U375CGY6QTR, STM32U375KEU6, STM32U375KGU6, STM32U375REI6, STM32U375REI6Q, STM32U375RET6, STM32U375RET6Q, STM32U375REY6GTR, STM32U375REY6QTR, STM32U375RGI6, STM32U375RGI6Q, STM32U375RGT6, STM32U375RGT6Q, STM32U375RGY6GTR, STM32U375RGY6QTR, STM32U375VEI6, STM32U375VEI6Q, STM32U375VET6, STM32U375VET6Q, STM32U375VGI6, STM32U375VGI6Q, STM32U375VGT6, STM32U375VGT6Q, STM32U385CGT6, STM32U385CGT6Q, STM32U385CGU6, STM32U385CGU6Q, STM32U385CGY6QTR, STM32U385KGU6, STM32U385RGI6, STM32U385RGI6Q, STM32U385RGT6, STM32U385RGT6Q, STM32U385RGY6GTR, STM32U385RGY6QTR, STM32U385VGI6, STM32U385VGI6Q, STM32U385VGT6, STM32U385VGT6Q, STM32U535CBT6, STM32U535CBT6Q, STM32U535CBU6, STM32U535CBU6Q, STM32U535CCT6, STM32U535CCT6Q, STM32U535CCU6, STM32U535CCU6Q, STM32U535CET6, STM32U535CET6Q, STM32U535CEU6, STM32U535CEU6Q, STM32U535JEY6QTR, STM32U535NCY6QTR, STM32U535NEY6QTR, STM32U535RBI6, STM32U535RBI6Q, STM32U535RBT6, STM32U535RBT6Q, STM32U535RCI6, STM32U535RCI6Q, STM32U535RCT6, STM32U535RCT6Q, STM32U535REI6, STM32U535REI6Q, STM32U535RET6, STM32U535RET6Q, STM32U535VCI6, STM32U535VCI6Q, STM32U535VCT6, STM32U535VCT6Q, STM32U535VEI6, STM32U535VEI6Q, STM32U535VET6, STM32U535VET6Q, STM32U545CET6, STM32U545CET6Q, STM32U545CEU6, STM32U545CEU6Q, STM32U545JEY6QTR, STM32U545NEY6QTR, STM32U545REI6, STM32U545REI6Q, STM32U545RET6, STM32U545RET6Q, STM32U545VEI6, STM32U545VEI6Q, STM32U545VET6, STM32U545VET6Q, STM32U595AIH6, STM32U595AIH6Q, STM32U595AJH6, STM32U595AJH6Q, STM32U595QII6, STM32U595QII6Q, STM32U595QJI6, STM32U595QJI6Q, STM32U595RIT6, STM32U595RIT6Q, STM32U595RJT6, STM32U595RJT6Q, STM32U595VIT6, STM32U595VIT6Q, STM32U595VJT6, STM32U595VJT6Q, STM32U595ZIT6, STM32U595ZIT6Q, STM32U595ZIY6QTR, STM32U595ZJT6, STM32U595ZJT6Q, STM32U595ZJY6QTR, STM32U599BJY6QTR, STM32U599NIH6Q, STM32U599NJH6Q, STM32U599VIT6Q, STM32U599VJT6, STM32U599VJT6Q, STM32U599ZIT6Q, STM32U599ZIY6QTR, STM32U599ZJT6Q, STM32U599ZJY6QTR, STM32U5A5AJH6, STM32U5A5AJH6Q, STM32U5A5QII3Q , STM32U5A5QJI6, STM32U5A5QJI6Q, STM32U5A5RJT6, STM32U5A5RJT6Q, STM32U5A5VJT6, STM32U5A5VJT6Q, STM32U5A5ZJT6, STM32U5A5ZJT6Q, STM32U5A5ZJY6QTR, STM32U5A9BJY6QTR, STM32U5A9J-DK, STM32U5A9NJH6Q, STM32U5A9VJT6Q, STM32U5A9ZJT6Q, STM32U5A9ZJY6QTR, STM32U5F7VIT6, STM32U5F7VIT6Q, STM32U5F7VJT6, STM32U5F7VJT6Q, STM32U5F9BJY6QTR, STM32U5F9NJH6Q, STM32U5F9VIT6Q, STM32U5F9VJT6Q, STM32U5F9ZIJ6QTR, STM32U5F9ZIT6Q, STM32U5F9ZJJ6QTR, STM32U5F9ZJT6Q, STM32U5G7VJT6, STM32U5G7VJT6Q, STM32U5G9BJY6QTR, STM32U5G9J-DK1, STM32U5G9J-DK2, STM32U5G9NJH6Q, STM32U5G9VJT6Q, STM32U5G9ZJJ6QTR, STM32U5G9ZJT6Q, STM32WB05KZV6TR, STM32WB05KZV7TR, STM32WB05TZF6TR, STM32WB05TZF7TR, STM32WB06CCF6TR, STM32WB06CCF7TR, STM32WB06CCV6TR, STM32WB06CCV7TR, STM32WB06KCV6TR, STM32WB06KCV7TR, STM32WB07CCF6TR, STM32WB07CCF7TR, STM32WB07CCV6TR, STM32WB07CCV7TR, STM32WB07KCV6TR, STM32WB07KCV7TR, STM32WB09KEV6TR, STM32WB09KEV7TR, STM32WB09TEF6TR, STM32WB09TEF7TR, STM32WB1MMCH6, STM32WBA50KGU6, STM32WBA50KGU6TR, STM32WBA52CEU6, STM32WBA52CEU6TR, STM32WBA52CEU7, STM32WBA52CEU7TR, STM32WBA52CGU6, STM32WBA52CGU6TR, STM32WBA52CGU6U, STM32WBA52CGU7, STM32WBA52CGU7TR, STM32WBA52KEU6, STM32WBA52KEU6TR, STM32WBA52KGU6, STM32WBA52KGU6TR, STM32WBA54CEU6, STM32WBA54CEU6TR, STM32WBA54CEU7, STM32WBA54CEU7TR, STM32WBA54CGU6, STM32WBA54CGU6TR, STM32WBA54CGU7, STM32WBA54CGU7TR, STM32WBA54KEU6, STM32WBA54KEU6TR, STM32WBA54KEU7, STM32WBA54KEU7TR, STM32WBA54KGU6, STM32WBA54KGU6TR, STM32WBA54KGU7, STM32WBA54KGU7TR, STM32WBA55CEU6, STM32WBA55CEU6TR, STM32WBA55CEU7, STM32WBA55CEU7TR, STM32WBA55CGU6, STM32WBA55CGU6TR, STM32WBA55CGU6U, STM32WBA55CGU7, STM32WBA55CGU7TR, STM32WBA55G-DK1, STM32WBA55HEF6, STM32WBA55HEF7, STM32WBA55HGF6, STM32WBA55HGF7, STM32WBA55UEI6, STM32WBA55UEI6TR, STM32WBA55UEI7, STM32WBA55UEI7TR, STM32WBA55UGI6, STM32WBA55UGI6TR, STM32WBA55UGI7, STM32WBA55UGI7TR, STM32WBA5MMGH6TR, STM32WBA62MGF6, STM32WBA62MIF6, STM32WBA65MGF7, STM32WBA65MIF6, STM32WBA65MIF7, STM32WL30K8V6, STM32WL30KBV6, STM32WL31C8V6, STM32WL31CBV6, STM32WL31K8V6, STM32WL31KBV6, STM32WL33C8V6, STM32WL33C8V6X, STM32WL33CBV6, STM32WL33CBV6X, STM32WL33CCV6, STM32WL33CCV6A, STM32WL33CCV6X, STM32WL33K8V7, STM32WL33K8V7X, STM32WL33KBV7 , STM32WL33KBV7X, STM32WL33KCV7, STM32WL33KCV7X, STM32WL5MOCH6, STM32WL5MOCH6TR]
2026-05-20 15:30:01,253 [INFO] DbMcus:218 - Found 5055 MCUs, 4968 are supported
2026-05-20 15:30:01,253 [INFO] ApiDb:423 - Load user favorites file /Users/admin/.stm32cubeide/favorites.mcus.txt: 0 item(s)
2026-05-20 15:30:01,253 [INFO] ApiDb:427 - User favorites MCUs=[]
2026-05-20 15:30:01,253 [INFO] DbMcus:224 - Set 0 / 0 favorites MCUs
2026-05-20 15:30:01,937 [INFO] BoardInfo:889 - No configuration file found for board NUCLEO-H5E5ZJ
2026-05-20 15:30:01,938 [INFO] DbBoards:161 - Board is not supported: NUCLEO-H5E5ZJ
2026-05-20 15:30:02,002 [INFO] BoardInfo:889 - No configuration file found for board NUCLEO-U3C5ZI-Q
2026-05-20 15:30:02,003 [INFO] DbBoards:161 - Board is not supported: NUCLEO-U3C5ZI-Q
2026-05-20 15:30:02,018 [INFO] BoardInfo:889 - No configuration file found for board NUCLEO-WBA25CE1
2026-05-20 15:30:02,018 [INFO] DbBoards:161 - Board is not supported: NUCLEO-WBA25CE1
2026-05-20 15:30:02,032 [INFO] BoardInfo:889 - No configuration file found for board NUCLEO-WL3RKB1
2026-05-20 15:30:02,032 [INFO] DbBoards:161 - Board is not supported: NUCLEO-WL3RKB1
2026-05-20 15:30:02,034 [INFO] BoardInfo:889 - No configuration file found for board NUCLEO-WL3RKB2
2026-05-20 15:30:02,035 [INFO] DbBoards:161 - Board is not supported: NUCLEO-WL3RKB2
2026-05-20 15:30:02,043 [INFO] BoardInfo:889 - No configuration file found for board P-NUCLEO-WB55
2026-05-20 15:30:02,044 [INFO] DbBoards:161 - Kit is not supported: P-NUCLEO-WB55
2026-05-20 15:30:02,051 [INFO] BoardInfo:889 - No configuration file found for board STEVAL-BFA001V1B
2026-05-20 15:30:02,051 [INFO] DbBoards:161 - Kit is not supported: STEVAL-BFA001V1B
2026-05-20 15:30:02,054 [INFO] BoardInfo:889 - No configuration file found for board STEVAL-BFA001V2B
2026-05-20 15:30:02,054 [INFO] DbBoards:161 - Kit is not supported: STEVAL-BFA001V2B
2026-05-20 15:30:02,196 [INFO] BoardInfo:889 - No configuration file found for board STM32H5F5J-DK
2026-05-20 15:30:02,196 [INFO] DbBoards:161 - Board is not supported: STM32H5F5J-DK
2026-05-20 15:30:02,282 [INFO] DbBoards:168 - Found 218 boards, 209 are supported
2026-05-20 15:30:02,282 [INFO] DbBoards:169 - Found 218 boards, 43 of them is supported for  Bsp
2026-05-20 15:30:02,286 [INFO] ApiDb:423 - Load user favorites file /Users/admin/.stm32cubeide/favorites.boards.txt: 0 item(s)
2026-05-20 15:30:02,286 [INFO] ApiDb:427 - User favorites Boards=[]
2026-05-20 15:30:02,287 [INFO] DbBoards:198 - Set 0 / 0 favorites Boards
2026-05-20 15:30:02,336 [INFO] UtilMem:75 - End LoadConfig() Used Memory: 958554184 Bytes (1073741824)
2026-05-20 15:30:02,614 [WARN] ThirdParty:833 - waiting for thirdparty lock release [change project]
2026-05-20 15:30:02,614 [INFO] ThirdParty:835 - entering critical section [change project]
2026-05-20 15:30:02,615 [INFO] ThirdParty:1030 - CMSIS Pack Vendor :STMicroelectronics X-CUBE-AZRTOS-H7 3.5.0
2026-05-20 15:30:02,615 [INFO] ThirdParty:1030 - CMSIS Pack Vendor :STMicroelectronics X-CUBE-PM33A1 1.0.0
2026-05-20 15:30:02,615 [INFO] ThirdParty:1030 - CMSIS Pack Vendor :STMicroelectronics USBPD 4.1
2026-05-20 15:30:02,615 [INFO] ThirdParty:1030 - CMSIS Pack Vendor :STMicroelectronics X-CUBE-GNSS1 6.0.0
2026-05-20 15:30:02,615 [INFO] ThirdParty:1030 - CMSIS Pack Vendor :STMicroelectronics USB_HOST 2.0.0
2026-05-20 15:30:02,615 [INFO] ThirdParty:1030 - CMSIS Pack Vendor :STMicroelectronics FP-SNS-MOTENVWB1 1.4.0
2026-05-20 15:30:02,615 [INFO] ThirdParty:1030 - CMSIS Pack Vendor :STMicroelectronics X-CUBE-AZRTOS-F4 1.1.0
2026-05-20 15:30:02,615 [INFO] ThirdParty:1030 - CMSIS Pack Vendor :STMicroelectronics LIBJPEG 8.0.0
2026-05-20 15:30:02,615 [INFO] ThirdParty:1030 - CMSIS Pack Vendor :STMicroelectronics FP-ATR-ASTRA1 2.0.2
2026-05-20 15:30:02,615 [INFO] ThirdParty:1030 - CMSIS Pack Vendor :STMicroelectronics FP-ATR-ASTRA1 2.0.1
2026-05-20 15:30:02,615 [INFO] ThirdParty:1030 - CMSIS Pack Vendor :Avnet-IotConnect X-CUBE-IoTC-DA16k-PMOD 1.0.0
2026-05-20 15:30:02,615 [INFO] ThirdParty:1030 - CMSIS Pack Vendor :STMicroelectronics X-CUBE-SMBUS 2.1.0
2026-05-20 15:30:02,615 [INFO] ThirdParty:1030 - CMSIS Pack Vendor :STMicroelectronics X-CUBE-WB05N 1.1.0
2026-05-20 15:30:02,615 [INFO] ThirdParty:1030 - CMSIS Pack Vendor :STMicroelectronics X-CUBE-ISPU 2.1.0
2026-05-20 15:30:02,615 [INFO] ThirdParty:1030 - CMSIS Pack Vendor :STMicroelectronics X-CUBE-IPS 3.2.0
2026-05-20 15:30:02,615 [INFO] ThirdParty:1030 - CMSIS Pack Vendor :STMicroelectronics eDS-WB_DPC_TT-BIDIR 2.1.1
2026-05-20 15:30:02,615 [INFO] ThirdParty:1030 - CMSIS Pack Vendor :STMicroelectronics X-CUBE-FREERTOS 1.2.0
2026-05-20 15:30:02,615 [INFO] ThirdParty:1030 - CMSIS Pack Vendor :STMicroelectronics X-CUBE-ST60 1.0.0
2026-05-20 15:30:02,615 [INFO] ThirdParty:1030 - CMSIS Pack Vendor :STMicroelectronics X-CUBE-NFC12 1.0.0
2026-05-20 15:30:02,615 [INFO] ThirdParty:1030 - CMSIS Pack Vendor :STMicroelectronics X-CUBE-TOUCHGFX 4.23.2
2026-05-20 15:30:02,616 [INFO] ThirdParty:1030 - CMSIS Pack Vendor :STMicroelectronics X-CUBE-AZRTOS-F7 1.1.0
2026-05-20 15:30:02,616 [INFO] ThirdParty:1030 - CMSIS Pack Vendor :STMicroelectronics X-CUBE-AZRTOS-L5 2.0.0
2026-05-20 15:30:02,616 [INFO] ThirdParty:1030 - CMSIS Pack Vendor :STMicroelectronics USB_DEVICE 2.0.0
2026-05-20 15:30:02,616 [INFO] ThirdParty:1030 - CMSIS Pack Vendor :STMicroelectronics X-CUBE-NFC6 3.1.0
2026-05-20 15:30:02,616 [INFO] ThirdParty:1030 - CMSIS Pack Vendor :STMicroelectronics FP-SNS-MOTENV1 4.3.2
2026-05-20 15:30:02,616 [INFO] ThirdParty:1030 - CMSIS Pack Vendor :STMicroelectronics X-CUBE-MEMS1 11.0.0
2026-05-20 15:30:02,616 [INFO] ThirdParty:1030 - CMSIS Pack Vendor :STMicroelectronics FP-SNS-MOTENV1 5.1.0
2026-05-20 15:30:02,616 [INFO] ThirdParty:1030 - CMSIS Pack Vendor :STMicroelectronics FreeRTOS 0.0.1
2026-05-20 15:30:02,616 [INFO] ThirdParty:1030 - CMSIS Pack Vendor :STMicroelectronics X-CUBE-DPower 1.2.0
2026-05-20 15:30:02,616 [INFO] ThirdParty:1030 - CMSIS Pack Vendor :STMicroelectronics eDS-WB_DPC_VIENNA 1.2.0
2026-05-20 15:30:02,616 [INFO] ThirdParty:1030 - CMSIS Pack Vendor :STMicroelectronics FP-SNS-FLIGHT1 5.0.2
2026-05-20 15:30:02,616 [INFO] ThirdParty:1030 - CMSIS Pack Vendor :STMicroelectronics eDS-WB_DPC_3PH2L-BIDIR 1.1.1
2026-05-20 15:30:02,616 [INFO] ThirdParty:1030 - CMSIS Pack Vendor :STMicroelectronics X-CUBE-AI 9.0.0
2026-05-20 15:30:02,616 [INFO] ThirdParty:1030 - CMSIS Pack Vendor :STMicroelectronics PDM2PCM 3.3.0
2026-05-20 15:30:02,617 [INFO] ThirdParty:1030 - CMSIS Pack Vendor :STMicroelectronics X-CUBE-AZRTOS-H7 3.4.0
2026-05-20 15:30:02,617 [INFO] ThirdParty:1030 - CMSIS Pack Vendor :STMicroelectronics X-CUBE-DISPLAY 3.0.0
2026-05-20 15:30:02,617 [INFO] ThirdParty:1030 - CMSIS Pack Vendor :STMicroelectronics X-CUBE-GNSS1 7.1.1
2026-05-20 15:30:02,617 [INFO] ThirdParty:1030 - CMSIS Pack Vendor :STMicroelectronics FP-SNS-MOTENVWB1 1.5.0
2026-05-20 15:30:02,617 [INFO] ThirdParty:1030 - CMSIS Pack Vendor :STMicroelectronics X-CUBE-BLE1 7.0.0
2026-05-20 15:30:02,617 [INFO] ThirdParty:1030 - CMSIS Pack Vendor :STMicroelectronics X-CUBE-NFC10 1.0.0
2026-05-20 15:30:02,617 [INFO] ThirdParty:1030 - CMSIS Pack Vendor :STMicroelectronics X-CUBE-BLEMGR 4.0.0
2026-05-20 15:30:02,617 [INFO] ThirdParty:1030 - CMSIS Pack Vendor :STMicroelectronics X-CUBE-FREERTOS 1.3.1
2026-05-20 15:30:02,617 [INFO] ThirdParty:1030 - CMSIS Pack Vendor :STMicroelectronics HAL Drivers 0.0.0
2026-05-20 15:30:02,618 [INFO] ThirdParty:1030 - CMSIS Pack Vendor :STMicroelectronics X-CUBE-ST60 1.1.0
2026-05-20 15:30:02,618 [INFO] ThirdParty:1030 - CMSIS Pack Vendor :emotas I-CUBE-CANOPEN 1.3.0
2026-05-20 15:30:02,618 [INFO] ThirdParty:1030 - CMSIS Pack Vendor :STMicroelectronics X-CUBE-FREERTOS 1.3.0
2026-05-20 15:30:02,618 [INFO] ThirdParty:1030 - CMSIS Pack Vendor :STMicroelectronics X-CUBE-NFC7 1.0.1
2026-05-20 15:30:02,618 [INFO] ThirdParty:1030 - CMSIS Pack Vendor :STMicroelectronics MBEDTLS 2.14.1
2026-05-20 15:30:02,618 [INFO] ThirdParty:1030 - CMSIS Pack Vendor :STMicroelectronics X-CUBE-GNSS1 7.1.0
2026-05-20 15:30:02,618 [INFO] ThirdParty:1030 - CMSIS Pack Vendor :wolfSSL I-CUBE-wolfTPM 3.2.0
2026-05-20 15:30:02,618 [INFO] ThirdParty:1030 - CMSIS Pack Vendor :STMicroelectronics X-CUBE-TOUCHGFX 4.26.0
2026-05-20 15:30:02,618 [INFO] ThirdParty:1030 - CMSIS Pack Vendor :STMicroelectronics X-CUBE-TOUCHGFX 4.26.1
2026-05-20 15:30:02,618 [INFO] ThirdParty:1030 - CMSIS Pack Vendor :STMicroelectronics X-CUBE-BLEMGR 3.1.0
2026-05-20 15:30:02,618 [INFO] ThirdParty:1030 - CMSIS Pack Vendor :STMicroelectronics X-CUBE-AI 10.0.0
2026-05-20 15:30:02,618 [INFO] ThirdParty:1030 - CMSIS Pack Vendor :STMicroelectronics FP-SNS-STBOX1 2.1.0
2026-05-20 15:30:02,618 [INFO] ThirdParty:1030 - CMSIS Pack Vendor :STMicroelectronics FP-SNS-STAIOTCFT 1.0.0
2026-05-20 15:30:02,619 [INFO] ThirdParty:1030 - CMSIS Pack Vendor :STMicroelectronics FP-SNS-SMARTAG2 1.2.0
2026-05-20 15:30:02,619 [INFO] ThirdParty:1030 - CMSIS Pack Vendor :STMicroelectronics FP-SNS-FLIGHT1 5.1.0
2026-05-20 15:30:02,619 [INFO] ThirdParty:1030 - CMSIS Pack Vendor :STMicroelectronics X-CUBE-MEMS1 11.1.0
2026-05-20 15:30:02,619 [INFO] ThirdParty:1030 - CMSIS Pack Vendor :STMicroelectronics X-CUBE-AZRTOS-WL 2.0.0
2026-05-20 15:30:02,619 [INFO] ThirdParty:1030 - CMSIS Pack Vendor :STMicroelectronics X-CUBE-DPower 1.3.0
2026-05-20 15:30:02,619 [INFO] ThirdParty:1030 - CMSIS Pack Vendor :STMicroelectronics FP-SNS-MOTENV1 5.0.0
2026-05-20 15:30:02,619 [INFO] ThirdParty:1030 - CMSIS Pack Vendor :STMicroelectronics USB_DEVICE 1.0.0
2026-05-20 15:30:02,619 [INFO] ThirdParty:1030 - CMSIS Pack Vendor :STMicroelectronics X-CUBE-AZRTOS-H7RS 1.2.0
2026-05-20 15:30:02,620 [INFO] ThirdParty:1030 - CMSIS Pack Vendor :STMicroelectronics X-CUBE-AI 8.1.0
2026-05-20 15:30:02,620 [INFO] ThirdParty:1030 - CMSIS Pack Vendor :wolfSSL I-CUBE-wolfMQTT 1.19.0
2026-05-20 15:30:02,620 [INFO] ThirdParty:1030 - CMSIS Pack Vendor :STMicroelectronics X-CUBE-AZRTOS-L4 2.0.0
2026-05-20 15:30:02,620 [INFO] ThirdParty:1030 - CMSIS Pack Vendor :STMicroelectronics ThreadX 0.0.2
2026-05-20 15:30:02,620 [INFO] ThirdParty:1030 - CMSIS Pack Vendor :WES I-CUBE-Cesium 1.3.0
2026-05-20 15:30:02,620 [INFO] ThirdParty:1030 - CMSIS Pack Vendor :STMicroelectronics lwIP 2.1.2
2026-05-20 15:30:02,620 [INFO] ThirdParty:1030 - CMSIS Pack Vendor :STMicroelectronics X-CUBE-SFXS2LP1 4.0.0
2026-05-20 15:30:02,620 [INFO] ThirdParty:1030 - CMSIS Pack Vendor :STMicroelectronics X-CUBE-BLE2 3.3.0
2026-05-20 15:30:02,620 [INFO] ThirdParty:1030 - CMSIS Pack Vendor :Avnet-IOTCONNECT X-CUBE-iotc-st67-sdk 1.0.0
2026-05-20 15:30:02,620 [INFO] ThirdParty:1030 - CMSIS Pack Vendor :STMicroelectronics PDM2PCM 3.2.0
2026-05-20 15:30:02,620 [INFO] ThirdParty:1030 - CMSIS Pack Vendor :STMicroelectronics X-CUBE-WB05N 2.1.0
2026-05-20 15:30:02,620 [INFO] ThirdParty:1030 - CMSIS Pack Vendor :STMicroelectronics X-CUBE-ST67W61 1.2.0
2026-05-20 15:30:02,620 [INFO] ThirdParty:1030 - CMSIS Pack Vendor :STMicroelectronics X-CUBE-AZRTOS-H7 3.3.0
2026-05-20 15:30:02,620 [INFO] ThirdParty:1030 - CMSIS Pack Vendor :STMicroelectronics X-CUBE-NFC9 1.0.0
2026-05-20 15:30:02,620 [INFO] ThirdParty:1030 - CMSIS Pack Vendor :STMicroelectronics X-CUBE-BLE1 7.1.0
2026-05-20 15:30:02,621 [INFO] ThirdParty:1030 - CMSIS Pack Vendor :STMicroelectronics USB_DEVICE 3.0.0
2026-05-20 15:30:02,621 [INFO] ThirdParty:1030 - CMSIS Pack Vendor :STMicroelectronics X-CUBE-TCPP 4.1.0
2026-05-20 15:30:02,621 [INFO] ThirdParty:1030 - CMSIS Pack Vendor :STMicroelectronics X-CUBE-FREERTOS 1.4.0
2026-05-20 15:30:02,621 [INFO] ThirdParty:1030 - CMSIS Pack Vendor :STMicroelectronics X-CUBE-EEPRMA1 5.2.0
2026-05-20 15:30:02,621 [INFO] ThirdParty:1030 - CMSIS Pack Vendor :STMicroelectronics X-CUBE-BLEMGR 4.1.0
2026-05-20 15:30:02,621 [INFO] ThirdParty:1030 - CMSIS Pack Vendor :STMicroelectronics X-CUBE-IPS 3.0.0
2026-05-20 15:30:02,621 [INFO] ThirdParty:1030 - CMSIS Pack Vendor :STMicroelectronics X-CUBE-AZRTOS-WB 2.0.0
2026-05-20 15:30:02,621 [INFO] ThirdParty:1030 - CMSIS Pack Vendor :STMicroelectronics X-CUBE-GNSS1 7.0.0
2026-05-20 15:30:02,621 [INFO] ThirdParty:1030 - CMSIS Pack Vendor :STMicroelectronics X-CUBE-GNSS1 7.0.1
2026-05-20 15:30:02,621 [INFO] ThirdParty:1030 - CMSIS Pack Vendor :STMicroelectronics X-CUBE-TOUCHGFX 4.25.0
2026-05-20 15:30:02,621 [INFO] ThirdParty:1030 - CMSIS Pack Vendor :STMicroelectronics X-CUBE-ST67W61 1.1.0
2026-05-20 15:30:02,621 [INFO] ThirdParty:1030 - CMSIS Pack Vendor :STMicroelectronics X-CUBE-AI 10.1.0
2026-05-20 15:30:02,621 [INFO] ThirdParty:1030 - CMSIS Pack Vendor :STMicroelectronics FP-SNS-STBOX1 2.0.0
2026-05-20 15:30:02,621 [INFO] ThirdParty:1030 - CMSIS Pack Vendor :STMicroelectronics FP-SNS-STAIOTCFT 1.1.0
2026-05-20 15:30:02,621 [INFO] ThirdParty:1030 - CMSIS Pack Vendor :STMicroelectronics X-CUBE-MEMS1 12.0.0
2026-05-20 15:30:02,621 [INFO] ThirdParty:1030 - CMSIS Pack Vendor :STMicroelectronics X-CUBE-ALGOBUILD 1.3.0
2026-05-20 15:30:02,622 [INFO] ThirdParty:1030 - CMSIS Pack Vendor :STMicroelectronics X-CUBE-STSE01 2.0.0
2026-05-20 15:30:02,622 [INFO] ThirdParty:1030 - CMSIS Pack Vendor :STMicroelectronics X-CUBE-MEMS1 11.2.0
2026-05-20 15:30:02,622 [INFO] ThirdParty:1030 - CMSIS Pack Vendor :STMicroelectronics X-CUBE-AZRTOS-G0 1.1.0
2026-05-20 15:30:02,622 [INFO] ThirdParty:1030 - CMSIS Pack Vendor :STMicroelectronics X-CUBE-SAFEA1 1.2.2
2026-05-20 15:30:02,622 [INFO] ThirdParty:1030 - CMSIS Pack Vendor :STMicroelectronics X-CUBE-NFC4 3.0.0
2026-05-20 15:30:02,622 [INFO] ThirdParty:1030 - CMSIS Pack Vendor :STMicroelectronics X-CUBE-SUBG2 5.0.0
2026-05-20 15:30:02,622 [INFO] ThirdParty:1030 - CMSIS Pack Vendor :STMicroelectronics X-CUBE-AZRTOS-H7RS 1.1.0
2026-05-20 15:30:02,622 [INFO] ThirdParty:1030 - CMSIS Pack Vendor :STMicroelectronics STM32_WPAN 1.0.0
2026-05-20 15:30:02,622 [INFO] ThirdParty:1030 - CMSIS Pack Vendor :EmbeddedOffice I-CUBE-FS-RTOS 1.0.1
2026-05-20 15:30:02,622 [INFO] ThirdParty:1030 - CMSIS Pack Vendor :STMicroelectronics lwIP 2.0.3
2026-05-20 15:30:02,622 [INFO] ThirdParty:1030 - CMSIS Pack Vendor :Cesanta I-CUBE-Mongoose 7.13.0
2026-05-20 15:30:02,622 [INFO] ThirdParty:1030 - CMSIS Pack Vendor :STMicroelectronics USB_HOST 1.0.0
2026-05-20 15:30:02,622 [INFO] ThirdParty:1030 - CMSIS Pack Vendor :STMicroelectronics X-CUBE-AZRTOS-G4 2.0.0
2026-05-20 15:30:02,622 [INFO] ThirdParty:1030 - CMSIS Pack Vendor :STMicroelectronics X-CUBE-WB05N 2.0.0
2026-05-20 15:30:02,622 [INFO] ThirdParty:1030 - CMSIS Pack Vendor :STMicroelectronics PDM2PCM 3.1.0
2026-05-20 15:30:02,623 [INFO] ThirdParty:1030 - CMSIS Pack Vendor :STMicroelectronics X-CUBE-NFC7 2.0.0
2026-05-20 15:30:02,623 [INFO] ThirdParty:1030 - CMSIS Pack Vendor :STMicroelectronics X-CUBE-TCPP 4.2.0
2026-05-20 15:30:02,623 [INFO] ThirdParty:1030 - CMSIS Pack Vendor :RealThread X-CUBE-RT-Thread_Nano 4.1.1
2026-05-20 15:30:02,623 [INFO] ThirdParty:1030 - CMSIS Pack Vendor :wolfSSL I-CUBE-wolfSSL 5.7.0
2026-05-20 15:30:02,623 [INFO] ThirdParty:1030 - CMSIS Pack Vendor :STMicroelectronics FP-SNS-MOTENVWB1 1.3.1
2026-05-20 15:30:02,623 [INFO] ThirdParty:1030 - CMSIS Pack Vendor :STMicroelectronics FP-ATR-SIGFOX1 3.2.0
2026-05-20 15:30:02,623 [INFO] ThirdParty:1030 - CMSIS Pack Vendor :quantropi X-CUBE-qispace-sdk-base 1.9.3
2026-05-20 15:30:02,623 [INFO] ThirdParty:1030 - CMSIS Pack Vendor :STMicroelectronics X-CUBE-ISPU 2.0.0
2026-05-20 15:30:02,623 [INFO] ThirdParty:1030 - CMSIS Pack Vendor :STMicroelectronics X-CUBE-EEPRMA1 5.1.0
2026-05-20 15:30:02,623 [INFO] ThirdParty:1030 - CMSIS Pack Vendor :STMicroelectronics X-CUBE-FREERTOS 1.5.0
2026-05-20 15:30:02,623 [INFO] ThirdParty:1030 - CMSIS Pack Vendor :STMicroelectronics MBEDTLS 2.16.2
2026-05-20 15:30:02,623 [INFO] ThirdParty:1030 - CMSIS Pack Vendor :STMicroelectronics X-CUBE-IPS 3.1.0
2026-05-20 15:30:02,623 [INFO] ThirdParty:1030 - CMSIS Pack Vendor :STMicroelectronics X-CUBE-ALS 1.0.2
2026-05-20 15:30:02,623 [INFO] ThirdParty:1030 - CMSIS Pack Vendor :STMicroelectronics X-CUBE-MEMS1 10.0.0
2026-05-20 15:30:02,623 [INFO] ThirdParty:1030 - CMSIS Pack Vendor :STMicroelectronics X-CUBE-FREERTOS 1.1.0
2026-05-20 15:30:02,623 [INFO] ThirdParty:1030 - CMSIS Pack Vendor :STMicroelectronics X-CUBE-TOUCHGFX 4.24.0
2026-05-20 15:30:02,623 [INFO] ThirdParty:1030 - CMSIS Pack Vendor :ITTIA_DB I-CUBE-ITTIADB 8.9.0
2026-05-20 15:30:02,623 [INFO] ThirdParty:1030 - CMSIS Pack Vendor :STMicroelectronics X-CUBE-TOUCHGFX 4.24.2
2026-05-20 15:30:02,623 [INFO] ThirdParty:1030 - CMSIS Pack Vendor :STMicroelectronics X-CUBE-TOUCHGFX 4.24.1
2026-05-20 15:30:02,623 [INFO] ThirdParty:1030 - CMSIS Pack Vendor :STMicroelectronics X-CUBE-STSE01 1.0.0
2026-05-20 15:30:02,623 [INFO] ThirdParty:1030 - CMSIS Pack Vendor :portGmbH I-Cube-SoM-uGOAL 1.1.0
2026-05-20 15:30:02,623 [INFO] ThirdParty:1030 - CMSIS Pack Vendor :STMicroelectronics X-CUBE-ALS 1.0.1
2026-05-20 15:30:02,624 [INFO] ThirdParty:1030 - CMSIS Pack Vendor :STMicroelectronics X-CUBE-NFC6 3.2.0
2026-05-20 15:30:02,624 [INFO] ThirdParty:1030 - CMSIS Pack Vendor :STMicroelectronics X-CUBE-ST67W61 1.0.0
2026-05-20 15:30:02,624 [INFO] ThirdParty:1030 - CMSIS Pack Vendor :STMicroelectronics X-CUBE-AI 10.2.0
2026-05-20 15:30:02,624 [INFO] ThirdParty:1030 - CMSIS Pack Vendor :STMicroelectronics ThreadX 1.0.0
2026-05-20 15:30:02,624 [INFO] ThirdParty:1030 - CMSIS Pack Vendor :STMicroelectronics X-CUBE-MEMS1 12.1.0
2026-05-20 15:30:02,624 [INFO] ThirdParty:1030 - CMSIS Pack Vendor :SEGGER I-CUBE-embOS 1.3.1
2026-05-20 15:30:02,624 [INFO] ThirdParty:1030 - CMSIS Pack Vendor :STMicroelectronics X-CUBE-ALGOBUILD 1.4.0
2026-05-20 15:30:02,624 [INFO] ThirdParty:1030 - CMSIS Pack Vendor :STMicroelectronics X-CUBE-MEMS1 11.3.0
2026-05-20 15:30:02,624 [INFO] ThirdParty:1030 - CMSIS Pack Vendor :STMicroelectronics X-CUBE-AZRTOS-H7RS 1.0.0
2026-05-20 15:30:02,624 [INFO] ThirdParty:1030 - CMSIS Pack Vendor :STMicroelectronics FP-ATR-ASTRA1 2.0.0
2026-05-20 15:30:02,624 [INFO] ThirdParty:1030 - CMSIS Pack Vendor :STMicroelectronics X-CUBE-TOF1 3.4.2
2026-05-20 15:30:02,624 [INFO] ThirdParty:1030 - CMSIS Pack Vendor :STMicroelectronics X-CUBE-TOF1 3.4.3
2026-05-20 15:30:02,624 [INFO] ThirdParty:1030 - CMSIS Pack Vendor :STMicroelectronics X-CUBE-AI 9.1.0
2026-05-20 15:30:02,624 [INFO] ThirdParty:1030 - CMSIS Pack Vendor :STMicroelectronics X-CUBE-TOF1 3.4.1
2026-05-20 15:30:02,624 [INFO] ThirdParty:1030 - CMSIS Pack Vendor :STMicroelectronics X-CUBE-AZRTOS-H7 3.2.0
2026-05-20 15:30:02,624 [INFO] ThirdParty:1030 - CMSIS Pack Vendor :Infineon AIROC-Wi-Fi-Bluetooth-STM32 1.6.0
2026-05-20 15:30:02,624 [INFO] ThirdParty:1030 - CMSIS Pack Vendor :wolfSSL I-CUBE-wolfSSH 1.4.17
2026-05-20 15:30:02,624 [INFO] ThirdParty:841 - exiting critical section [change project]
2026-05-20 15:30:02,919 [INFO] PinOutPanel:1589 - setPackage(No Configuration,No Configuration)
2026-05-20 15:30:02,920 [INFO] PinOutPanel:1589 - setPackage(STM32L010K8Tx,LQFP32)
2026-05-20 15:30:03,774 [INFO] UtilMem:75 - Before build in PCC Used Memory: 926903880 Bytes (1073741824)
2026-05-20 15:30:04,401 [INFO] UtilMem:75 - After build in PCC Used Memory: 841959920 Bytes (1073741824)
2026-05-20 15:30:04,427 [INFO] IPUIPlugin:80 - create IPUIPlugin
2026-05-20 15:30:04,427 [INFO] IPUIPlugin:80 - create IPUIPlugin
2026-05-20 15:30:04,428 [INFO] IPUIPlugin:80 - create IPUIPlugin
2026-05-20 15:30:04,428 [INFO] IPUIPlugin:80 - create IPUIPlugin
2026-05-20 15:30:04,428 [INFO] IPUIPlugin:80 - create IPUIPlugin
2026-05-20 15:30:04,428 [INFO] IPUIPlugin:80 - create IPUIPlugin
2026-05-20 15:30:04,428 [INFO] IPUIPlugin:80 - create IPUIPlugin
2026-05-20 15:30:04,429 [INFO] IPUIPlugin:80 - create IPUIPlugin
2026-05-20 15:30:04,429 [INFO] IPUIPlugin:80 - create IPUIPlugin
2026-05-20 15:30:04,430 [INFO] IPUIPlugin:80 - create IPUIPlugin
2026-05-20 15:30:04,430 [INFO] IPUIPlugin:80 - create IPUIPlugin
2026-05-20 15:30:04,430 [INFO] IPUIPlugin:80 - create IPUIPlugin
2026-05-20 15:30:04,430 [INFO] IPUIPlugin:80 - create IPUIPlugin
2026-05-20 15:30:04,431 [INFO] IPUIPlugin:80 - create IPUIPlugin
2026-05-20 15:30:04,431 [INFO] IPUIPlugin:80 - create IPUIPlugin
2026-05-20 15:30:04,431 [INFO] IPUIPlugin:80 - create IPUIPlugin
2026-05-20 15:30:04,432 [INFO] IPUIPlugin:80 - create IPUIPlugin
2026-05-20 15:30:04,432 [INFO] IPUIPlugin:80 - create IPUIPlugin
2026-05-20 15:30:04,633 [INFO] CADModel:165 - CPN selected for project levelSTM32L010K8T6
2026-05-20 15:30:04,633 [INFO] CADModel:114 - Register for checkConnection events
2026-05-20 15:30:04,672 [INFO] OpenFileManager:386 - Restore cursor
2026-05-20 15:30:08,932 [INFO] Gpio:278 - dependency for GPIO [ADC, RCC, SPI1, SYS, USART2]
2026-05-20 15:30:19,696 [INFO] UtilMem:75 - End SaveConfig() Used Memory: 832362368 Bytes (1073741824)
2026-05-20 15:30:21,338 [INFO] UtilMem:75 - End SaveConfig() Used Memory: 911156960 Bytes (1073741824)
2026-05-20 15:30:22,281 [INFO] BlockDiagram:2775 - set Specific Code input for plugin: ADC
2026-05-20 15:30:22,281 [INFO] BlockDiagram:2775 - set Specific Code input for plugin: RTC
2026-05-20 15:30:22,281 [INFO] BlockDiagram:2775 - set Specific Code input for plugin: SPI
2026-05-20 15:30:22,281 [INFO] BlockDiagram:2775 - set Specific Code input for plugin: NVIC
2026-05-20 15:30:22,282 [INFO] BlockDiagram:2775 - set Specific Code input for plugin: SYS
2026-05-20 15:30:22,282 [INFO] BlockDiagram:2775 - set Specific Code input for plugin: GPIO
2026-05-20 15:30:22,282 [INFO] BlockDiagram:2775 - set Specific Code input for plugin: USART
2026-05-20 15:30:22,282 [INFO] BlockDiagram:2775 - set Specific Code input for plugin: RCC
2026-05-20 15:30:22,283 [INFO] CodeGenerator:892 - code generatio: config db path: /Applications/STM32CubeIDE.app/Contents/Eclipse/plugins/com.st.stm32cube.common.mx_6.15.0.202507011659//db/
2026-05-20 15:30:22,678 [INFO] CodeEngine:265 - oldGeneratedFile, /Users/admin/Desktop/My Projects/Bike4u/Programing/Bike4u/MXTmpFiles/license.tmp_save
2026-05-20 15:30:23,304 [INFO] CodeEngine:289 - Generated code: /Users/admin/Desktop/My Projects/Bike4u/Programing/Bike4u/MXTmpFiles/license.tmp
2026-05-20 15:30:23,545 [INFO] CodeEngine:265 - oldGeneratedFile, /Users/admin/Desktop/My Projects/Bike4u/Programing/Bike4u/MXTmpFiles/gpio.tmp_save
2026-05-20 15:30:23,747 [INFO] CodeEngine:289 - Generated code: /Users/admin/Desktop/My Projects/Bike4u/Programing/Bike4u/MXTmpFiles/gpio.tmp
2026-05-20 15:30:24,432 [INFO] CodeEngine:265 - oldGeneratedFile, /Users/admin/Desktop/My Projects/Bike4u/Programing/Bike4u/Core/Src/stm32l0xx_it.c_save
2026-05-20 15:30:24,599 [INFO] CodeEngine:289 - Generated code: /Users/admin/Desktop/My Projects/Bike4u/Programing/Bike4u/Core/Src/stm32l0xx_it.c
2026-05-20 15:30:24,603 [INFO] CodeEngine:265 - oldGeneratedFile, /Users/admin/Desktop/My Projects/Bike4u/Programing/Bike4u/Core/Inc/stm32l0xx_it.h_save
2026-05-20 15:30:24,702 [INFO] CodeEngine:289 - Generated code: /Users/admin/Desktop/My Projects/Bike4u/Programing/Bike4u/Core/Inc/stm32l0xx_it.h
2026-05-20 15:30:24,712 [INFO] CodeEngine:265 - oldGeneratedFile, /Users/admin/Desktop/My Projects/Bike4u/Programing/Bike4u/Core/Src/stm32l0xx_hal_msp.c_save
2026-05-20 15:30:24,870 [INFO] CodeEngine:289 - Generated code: /Users/admin/Desktop/My Projects/Bike4u/Programing/Bike4u/Core/Src/stm32l0xx_hal_msp.c
2026-05-20 15:30:24,873 [INFO] CodeEngine:265 - oldGeneratedFile, /Users/admin/Desktop/My Projects/Bike4u/Programing/Bike4u/MXTmpFiles/system.tmp_save
2026-05-20 15:30:24,963 [INFO] CodeEngine:289 - Generated code: /Users/admin/Desktop/My Projects/Bike4u/Programing/Bike4u/MXTmpFiles/system.tmp
2026-05-20 15:30:24,973 [INFO] CodeEngine:321 - oldGeneratedFile, /Users/admin/Desktop/My Projects/Bike4u/Programing/Bike4u/Core/Inc/stm32l0xx_hal_conf.h_save
2026-05-20 15:30:25,118 [INFO] CodeEngine:345 - Generated code: /Users/admin/Desktop/My Projects/Bike4u/Programing/Bike4u/Core/Inc/stm32l0xx_hal_conf.h
2026-05-20 15:30:25,172 [INFO] ApiDbMcu:532 - Load IP Config File for ADC
2026-05-20 15:30:25,219 [INFO] ApiDbMcu:532 - Load IP Config File for RTC
2026-05-20 15:30:25,227 [INFO] ApiDbMcu:532 - Load IP Config File for SPI1
2026-05-20 15:30:25,282 [INFO] ApiDbMcu:532 - Load IP Config File for USART2
2026-05-20 15:30:25,290 [INFO] ApiDbMcu:532 - Load IP Config File for RCC
2026-05-20 15:30:25,303 [INFO] CodeEngine:265 - oldGeneratedFile, /Users/admin/Desktop/My Projects/Bike4u/Programing/Bike4u/Core/Inc/main.h_save
2026-05-20 15:30:25,409 [INFO] CodeEngine:289 - Generated code: /Users/admin/Desktop/My Projects/Bike4u/Programing/Bike4u/Core/Inc/main.h
2026-05-20 15:30:25,414 [INFO] CodeEngine:265 - oldGeneratedFile, /Users/admin/Desktop/My Projects/Bike4u/Programing/Bike4u/Core/Src/main.c_save
2026-05-20 15:30:25,611 [INFO] CodeEngine:289 - Generated code: /Users/admin/Desktop/My Projects/Bike4u/Programing/Bike4u/Core/Src/main.c
2026-05-20 15:30:26,196 [INFO] ProjectBuilder:3606 - Time for Copy HAL[1] : 235mS.
2026-05-20 15:30:26,206 [INFO] ProjectBuilder:5216 - Project Generator version: 4.7.0-B52
2026-05-20 15:30:26,457 [INFO] ConfigFileManager:1595 - The Die is : DIE417
2026-05-20 15:30:26,480 [INFO] ApiDbMcu:532 - Load IP Config File for FATFS
2026-05-20 15:30:26,566 [INFO] ApiDbMcu:532 - Load IP Config File for FREERTOS
2026-05-20 15:30:27,313 [INFO] LogOutputStream:77 - [STDOUT_REDIRECT] 
2026-05-20 15:30:29,387 [INFO] ProjectBuilder:5496 - Time for Generating toolchain IDE Files: 3179mS.
2026-05-20 15:30:29,388 [INFO] ProjectBuilder:3463 - Time for Copy CMSIS : 1mS.
2026-05-20 15:30:29,390 [INFO] ProjectBuilder:3463 - Time for Copy CMSIS : 0mS.
2026-05-20 15:32:48,537 [INFO] UtilMem:75 - End SaveConfig() Used Memory: 937207792 Bytes (1073741824)
2026-05-20 15:32:48,777 [INFO] BlockDiagram:2775 - set Specific Code input for plugin: ADC
2026-05-20 15:32:48,777 [INFO] BlockDiagram:2775 - set Specific Code input for plugin: RTC
2026-05-20 15:32:48,777 [INFO] BlockDiagram:2775 - set Specific Code input for plugin: SPI
2026-05-20 15:32:48,778 [INFO] BlockDiagram:2775 - set Specific Code input for plugin: NVIC
2026-05-20 15:32:48,778 [INFO] BlockDiagram:2775 - set Specific Code input for plugin: SYS
2026-05-20 15:32:48,778 [INFO] BlockDiagram:2775 - set Specific Code input for plugin: GPIO
2026-05-20 15:32:48,778 [INFO] BlockDiagram:2775 - set Specific Code input for plugin: USART
2026-05-20 15:32:48,778 [INFO] BlockDiagram:2775 - set Specific Code input for plugin: RCC
2026-05-20 15:32:48,779 [INFO] CodeGenerator:892 - code generatio: config db path: /Applications/STM32CubeIDE.app/Contents/Eclipse/plugins/com.st.stm32cube.common.mx_6.15.0.202507011659//db/
2026-05-20 15:32:48,921 [INFO] CodeEngine:265 - oldGeneratedFile, /Users/admin/Desktop/My Projects/Bike4u/Programing/Bike4u/MXTmpFiles/license.tmp_save
2026-05-20 15:32:49,012 [INFO] CodeEngine:289 - Generated code: /Users/admin/Desktop/My Projects/Bike4u/Programing/Bike4u/MXTmpFiles/license.tmp
2026-05-20 15:32:49,151 [INFO] CodeEngine:265 - oldGeneratedFile, /Users/admin/Desktop/My Projects/Bike4u/Programing/Bike4u/MXTmpFiles/gpio.tmp_save
2026-05-20 15:32:49,254 [INFO] CodeEngine:289 - Generated code: /Users/admin/Desktop/My Projects/Bike4u/Programing/Bike4u/MXTmpFiles/gpio.tmp
2026-05-20 15:32:49,735 [INFO] CodeEngine:265 - oldGeneratedFile, /Users/admin/Desktop/My Projects/Bike4u/Programing/Bike4u/Core/Src/stm32l0xx_it.c_save
2026-05-20 15:32:49,915 [INFO] CodeEngine:289 - Generated code: /Users/admin/Desktop/My Projects/Bike4u/Programing/Bike4u/Core/Src/stm32l0xx_it.c
2026-05-20 15:32:49,922 [INFO] CodeEngine:265 - oldGeneratedFile, /Users/admin/Desktop/My Projects/Bike4u/Programing/Bike4u/Core/Inc/stm32l0xx_it.h_save
2026-05-20 15:32:50,019 [INFO] CodeEngine:289 - Generated code: /Users/admin/Desktop/My Projects/Bike4u/Programing/Bike4u/Core/Inc/stm32l0xx_it.h
2026-05-20 15:32:50,030 [INFO] CodeEngine:265 - oldGeneratedFile, /Users/admin/Desktop/My Projects/Bike4u/Programing/Bike4u/Core/Src/stm32l0xx_hal_msp.c_save
2026-05-20 15:32:50,186 [INFO] CodeEngine:289 - Generated code: /Users/admin/Desktop/My Projects/Bike4u/Programing/Bike4u/Core/Src/stm32l0xx_hal_msp.c
2026-05-20 15:32:50,191 [INFO] CodeEngine:265 - oldGeneratedFile, /Users/admin/Desktop/My Projects/Bike4u/Programing/Bike4u/MXTmpFiles/system.tmp_save
2026-05-20 15:32:50,276 [INFO] CodeEngine:289 - Generated code: /Users/admin/Desktop/My Projects/Bike4u/Programing/Bike4u/MXTmpFiles/system.tmp
2026-05-20 15:32:50,288 [INFO] CodeEngine:321 - oldGeneratedFile, /Users/admin/Desktop/My Projects/Bike4u/Programing/Bike4u/Core/Inc/stm32l0xx_hal_conf.h_save
2026-05-20 15:32:50,371 [INFO] CodeEngine:345 - Generated code: /Users/admin/Desktop/My Projects/Bike4u/Programing/Bike4u/Core/Inc/stm32l0xx_hal_conf.h
2026-05-20 15:32:50,393 [INFO] CodeEngine:265 - oldGeneratedFile, /Users/admin/Desktop/My Projects/Bike4u/Programing/Bike4u/Core/Inc/main.h_save
2026-05-20 15:32:50,482 [INFO] CodeEngine:289 - Generated code: /Users/admin/Desktop/My Projects/Bike4u/Programing/Bike4u/Core/Inc/main.h
2026-05-20 15:32:50,486 [INFO] CodeEngine:265 - oldGeneratedFile, /Users/admin/Desktop/My Projects/Bike4u/Programing/Bike4u/Core/Src/main.c_save
2026-05-20 15:32:50,671 [INFO] CodeEngine:289 - Generated code: /Users/admin/Desktop/My Projects/Bike4u/Programing/Bike4u/Core/Src/main.c
2026-05-20 15:32:51,238 [INFO] ProjectBuilder:3606 - Time for Copy HAL[1] : 209mS.
2026-05-20 15:32:51,242 [INFO] ProjectBuilder:5216 - Project Generator version: 4.7.0-B52
2026-05-20 15:32:51,427 [INFO] ConfigFileManager:1595 - The Die is : DIE417
2026-05-20 15:32:53,406 [INFO] ProjectBuilder:5496 - Time for Generating toolchain IDE Files: 2163mS.
2026-05-20 15:32:53,407 [INFO] ProjectBuilder:3463 - Time for Copy CMSIS : 1mS.
2026-05-20 15:32:53,409 [INFO] ProjectBuilder:3463 - Time for Copy CMSIS : 0mS.
2026-05-20 15:37:43,741 [INFO] UtilMem:75 - End SaveConfig() Used Memory: 994154968 Bytes (1073741824)
2026-05-20 15:37:44,462 [INFO] BlockDiagram:2775 - set Specific Code input for plugin: ADC
2026-05-20 15:37:44,462 [INFO] BlockDiagram:2775 - set Specific Code input for plugin: RTC
2026-05-20 15:37:44,463 [INFO] BlockDiagram:2775 - set Specific Code input for plugin: SPI
2026-05-20 15:37:44,463 [INFO] BlockDiagram:2775 - set Specific Code input for plugin: NVIC
2026-05-20 15:37:44,463 [INFO] BlockDiagram:2775 - set Specific Code input for plugin: SYS
2026-05-20 15:37:44,464 [INFO] BlockDiagram:2775 - set Specific Code input for plugin: GPIO
2026-05-20 15:37:44,465 [INFO] BlockDiagram:2775 - set Specific Code input for plugin: USART
2026-05-20 15:37:44,465 [INFO] BlockDiagram:2775 - set Specific Code input for plugin: RCC
2026-05-20 15:37:44,466 [INFO] CodeGenerator:892 - code generatio: config db path: /Applications/STM32CubeIDE.app/Contents/Eclipse/plugins/com.st.stm32cube.common.mx_6.15.0.202507011659//db/
2026-05-20 15:37:44,788 [INFO] CodeEngine:265 - oldGeneratedFile, /Users/admin/Desktop/My Projects/Bike4u/Programing/Bike4u/MXTmpFiles/license.tmp_save
2026-05-20 15:37:45,286 [INFO] CodeEngine:289 - Generated code: /Users/admin/Desktop/My Projects/Bike4u/Programing/Bike4u/MXTmpFiles/license.tmp
2026-05-20 15:37:45,449 [INFO] CodeEngine:265 - oldGeneratedFile, /Users/admin/Desktop/My Projects/Bike4u/Programing/Bike4u/MXTmpFiles/gpio.tmp_save
2026-05-20 15:37:45,749 [INFO] CodeEngine:289 - Generated code: /Users/admin/Desktop/My Projects/Bike4u/Programing/Bike4u/MXTmpFiles/gpio.tmp
2026-05-20 15:37:46,349 [INFO] CodeEngine:265 - oldGeneratedFile, /Users/admin/Desktop/My Projects/Bike4u/Programing/Bike4u/Core/Src/stm32l0xx_it.c_save
2026-05-20 15:37:46,970 [INFO] CodeEngine:289 - Generated code: /Users/admin/Desktop/My Projects/Bike4u/Programing/Bike4u/Core/Src/stm32l0xx_it.c
2026-05-20 15:37:46,977 [INFO] CodeEngine:265 - oldGeneratedFile, /Users/admin/Desktop/My Projects/Bike4u/Programing/Bike4u/Core/Inc/stm32l0xx_it.h_save
2026-05-20 15:37:47,125 [INFO] CodeEngine:289 - Generated code: /Users/admin/Desktop/My Projects/Bike4u/Programing/Bike4u/Core/Inc/stm32l0xx_it.h
2026-05-20 15:37:47,137 [INFO] CodeEngine:265 - oldGeneratedFile, /Users/admin/Desktop/My Projects/Bike4u/Programing/Bike4u/Core/Src/stm32l0xx_hal_msp.c_save
2026-05-20 15:37:47,389 [INFO] CodeEngine:289 - Generated code: /Users/admin/Desktop/My Projects/Bike4u/Programing/Bike4u/Core/Src/stm32l0xx_hal_msp.c
2026-05-20 15:37:47,394 [INFO] CodeEngine:265 - oldGeneratedFile, /Users/admin/Desktop/My Projects/Bike4u/Programing/Bike4u/MXTmpFiles/system.tmp_save
2026-05-20 15:37:47,522 [INFO] CodeEngine:289 - Generated code: /Users/admin/Desktop/My Projects/Bike4u/Programing/Bike4u/MXTmpFiles/system.tmp
2026-05-20 15:37:47,539 [INFO] CodeEngine:321 - oldGeneratedFile, /Users/admin/Desktop/My Projects/Bike4u/Programing/Bike4u/Core/Inc/stm32l0xx_hal_conf.h_save
2026-05-20 15:37:47,670 [INFO] CodeEngine:345 - Generated code: /Users/admin/Desktop/My Projects/Bike4u/Programing/Bike4u/Core/Inc/stm32l0xx_hal_conf.h
2026-05-20 15:37:47,703 [INFO] CodeEngine:265 - oldGeneratedFile, /Users/admin/Desktop/My Projects/Bike4u/Programing/Bike4u/Core/Inc/main.h_save
2026-05-20 15:37:47,937 [INFO] CodeEngine:289 - Generated code: /Users/admin/Desktop/My Projects/Bike4u/Programing/Bike4u/Core/Inc/main.h
2026-05-20 15:37:47,944 [INFO] CodeEngine:265 - oldGeneratedFile, /Users/admin/Desktop/My Projects/Bike4u/Programing/Bike4u/Core/Src/main.c_save
2026-05-20 15:37:48,199 [INFO] CodeEngine:289 - Generated code: /Users/admin/Desktop/My Projects/Bike4u/Programing/Bike4u/Core/Src/main.c
2026-05-20 15:37:48,874 [INFO] ProjectBuilder:3606 - Time for Copy HAL[1] : 254mS.
2026-05-20 15:37:48,881 [INFO] ProjectBuilder:5216 - Project Generator version: 4.7.0-B52
2026-05-20 15:37:49,101 [INFO] ConfigFileManager:1595 - The Die is : DIE417
2026-05-20 15:37:51,370 [INFO] ProjectBuilder:5496 - Time for Generating toolchain IDE Files: 2489mS.
2026-05-20 15:37:51,371 [INFO] ProjectBuilder:3463 - Time for Copy CMSIS : 0mS.
2026-05-20 15:37:51,373 [INFO] ProjectBuilder:3463 - Time for Copy CMSIS : 0mS.
2026-05-20 15:39:59,390 [INFO] UtilMem:75 - End SaveConfig() Used Memory: 881852416 Bytes (1073741824)
2026-05-20 15:39:59,634 [INFO] BlockDiagram:2775 - set Specific Code input for plugin: ADC
2026-05-20 15:39:59,635 [INFO] BlockDiagram:2775 - set Specific Code input for plugin: RTC
2026-05-20 15:39:59,636 [INFO] BlockDiagram:2775 - set Specific Code input for plugin: SPI
2026-05-20 15:39:59,636 [INFO] BlockDiagram:2775 - set Specific Code input for plugin: NVIC
2026-05-20 15:39:59,636 [INFO] BlockDiagram:2775 - set Specific Code input for plugin: SYS
2026-05-20 15:39:59,637 [INFO] BlockDiagram:2775 - set Specific Code input for plugin: GPIO
2026-05-20 15:39:59,638 [INFO] BlockDiagram:2775 - set Specific Code input for plugin: USART
2026-05-20 15:39:59,638 [INFO] BlockDiagram:2775 - set Specific Code input for plugin: RCC
2026-05-20 15:39:59,639 [INFO] CodeGenerator:892 - code generatio: config db path: /Applications/STM32CubeIDE.app/Contents/Eclipse/plugins/com.st.stm32cube.common.mx_6.15.0.202507011659//db/
2026-05-20 15:39:59,770 [INFO] CodeEngine:265 - oldGeneratedFile, /Users/admin/Desktop/My Projects/Bike4u/Programing/Bike4u/MXTmpFiles/license.tmp_save
2026-05-20 15:39:59,853 [INFO] CodeEngine:289 - Generated code: /Users/admin/Desktop/My Projects/Bike4u/Programing/Bike4u/MXTmpFiles/license.tmp
2026-05-20 15:39:59,936 [INFO] CodeEngine:265 - oldGeneratedFile, /Users/admin/Desktop/My Projects/Bike4u/Programing/Bike4u/MXTmpFiles/gpio.tmp_save
2026-05-20 15:40:00,032 [INFO] CodeEngine:289 - Generated code: /Users/admin/Desktop/My Projects/Bike4u/Programing/Bike4u/MXTmpFiles/gpio.tmp
2026-05-20 15:40:00,440 [INFO] CodeEngine:265 - oldGeneratedFile, /Users/admin/Desktop/My Projects/Bike4u/Programing/Bike4u/Core/Src/stm32l0xx_it.c_save
2026-05-20 15:40:00,553 [INFO] CodeEngine:289 - Generated code: /Users/admin/Desktop/My Projects/Bike4u/Programing/Bike4u/Core/Src/stm32l0xx_it.c
2026-05-20 15:40:00,557 [INFO] CodeEngine:265 - oldGeneratedFile, /Users/admin/Desktop/My Projects/Bike4u/Programing/Bike4u/Core/Inc/stm32l0xx_it.h_save
2026-05-20 15:40:00,635 [INFO] CodeEngine:289 - Generated code: /Users/admin/Desktop/My Projects/Bike4u/Programing/Bike4u/Core/Inc/stm32l0xx_it.h
2026-05-20 15:40:00,644 [INFO] CodeEngine:265 - oldGeneratedFile, /Users/admin/Desktop/My Projects/Bike4u/Programing/Bike4u/Core/Src/stm32l0xx_hal_msp.c_save
2026-05-20 15:40:00,763 [INFO] CodeEngine:289 - Generated code: /Users/admin/Desktop/My Projects/Bike4u/Programing/Bike4u/Core/Src/stm32l0xx_hal_msp.c
2026-05-20 15:40:00,766 [INFO] CodeEngine:265 - oldGeneratedFile, /Users/admin/Desktop/My Projects/Bike4u/Programing/Bike4u/MXTmpFiles/system.tmp_save
2026-05-20 15:40:00,842 [INFO] CodeEngine:289 - Generated code: /Users/admin/Desktop/My Projects/Bike4u/Programing/Bike4u/MXTmpFiles/system.tmp
2026-05-20 15:40:00,850 [INFO] CodeEngine:321 - oldGeneratedFile, /Users/admin/Desktop/My Projects/Bike4u/Programing/Bike4u/Core/Inc/stm32l0xx_hal_conf.h_save
2026-05-20 15:40:00,921 [INFO] CodeEngine:345 - Generated code: /Users/admin/Desktop/My Projects/Bike4u/Programing/Bike4u/Core/Inc/stm32l0xx_hal_conf.h
2026-05-20 15:40:00,938 [INFO] CodeEngine:265 - oldGeneratedFile, /Users/admin/Desktop/My Projects/Bike4u/Programing/Bike4u/Core/Inc/main.h_save
2026-05-20 15:40:01,015 [INFO] CodeEngine:289 - Generated code: /Users/admin/Desktop/My Projects/Bike4u/Programing/Bike4u/Core/Inc/main.h
2026-05-20 15:40:01,018 [INFO] CodeEngine:265 - oldGeneratedFile, /Users/admin/Desktop/My Projects/Bike4u/Programing/Bike4u/Core/Src/main.c_save
2026-05-20 15:40:01,141 [INFO] CodeEngine:289 - Generated code: /Users/admin/Desktop/My Projects/Bike4u/Programing/Bike4u/Core/Src/main.c
2026-05-20 15:40:01,691 [INFO] ProjectBuilder:3606 - Time for Copy HAL[1] : 202mS.
2026-05-20 15:40:01,694 [INFO] ProjectBuilder:5216 - Project Generator version: 4.7.0-B52
2026-05-20 15:40:01,898 [INFO] ConfigFileManager:1595 - The Die is : DIE417
2026-05-20 15:40:03,689 [INFO] ProjectBuilder:5496 - Time for Generating toolchain IDE Files: 1996mS.
2026-05-20 15:40:03,690 [INFO] ProjectBuilder:3463 - Time for Copy CMSIS : 1mS.
2026-05-20 15:40:03,692 [INFO] ProjectBuilder:3463 - Time for Copy CMSIS : 0mS.
2026-05-20 15:40:10,016 [INFO] UtilMem:75 - End SaveConfig() Used Memory: 960579936 Bytes (1073741824)
2026-05-20 15:40:10,236 [INFO] BlockDiagram:2775 - set Specific Code input for plugin: ADC
2026-05-20 15:40:10,237 [INFO] BlockDiagram:2775 - set Specific Code input for plugin: RTC
2026-05-20 15:40:10,237 [INFO] BlockDiagram:2775 - set Specific Code input for plugin: SPI
2026-05-20 15:40:10,237 [INFO] BlockDiagram:2775 - set Specific Code input for plugin: NVIC
2026-05-20 15:40:10,237 [INFO] BlockDiagram:2775 - set Specific Code input for plugin: SYS
2026-05-20 15:40:10,238 [INFO] BlockDiagram:2775 - set Specific Code input for plugin: GPIO
2026-05-20 15:40:10,238 [INFO] BlockDiagram:2775 - set Specific Code input for plugin: USART
2026-05-20 15:40:10,238 [INFO] BlockDiagram:2775 - set Specific Code input for plugin: RCC
2026-05-20 15:40:10,239 [INFO] CodeGenerator:892 - code generatio: config db path: /Applications/STM32CubeIDE.app/Contents/Eclipse/plugins/com.st.stm32cube.common.mx_6.15.0.202507011659//db/
2026-05-20 15:40:10,415 [INFO] CodeEngine:265 - oldGeneratedFile, /Users/admin/Desktop/My Projects/Bike4u/Programing/Bike4u/MXTmpFiles/license.tmp_save
2026-05-20 15:40:10,485 [INFO] CodeEngine:289 - Generated code: /Users/admin/Desktop/My Projects/Bike4u/Programing/Bike4u/MXTmpFiles/license.tmp
2026-05-20 15:40:10,548 [INFO] CodeEngine:265 - oldGeneratedFile, /Users/admin/Desktop/My Projects/Bike4u/Programing/Bike4u/MXTmpFiles/gpio.tmp_save
2026-05-20 15:40:10,617 [INFO] CodeEngine:289 - Generated code: /Users/admin/Desktop/My Projects/Bike4u/Programing/Bike4u/MXTmpFiles/gpio.tmp
2026-05-20 15:40:10,906 [INFO] CodeEngine:265 - oldGeneratedFile, /Users/admin/Desktop/My Projects/Bike4u/Programing/Bike4u/Core/Src/stm32l0xx_it.c_save
2026-05-20 15:40:10,999 [INFO] CodeEngine:289 - Generated code: /Users/admin/Desktop/My Projects/Bike4u/Programing/Bike4u/Core/Src/stm32l0xx_it.c
2026-05-20 15:40:11,001 [INFO] CodeEngine:265 - oldGeneratedFile, /Users/admin/Desktop/My Projects/Bike4u/Programing/Bike4u/Core/Inc/stm32l0xx_it.h_save
2026-05-20 15:40:11,080 [INFO] CodeEngine:289 - Generated code: /Users/admin/Desktop/My Projects/Bike4u/Programing/Bike4u/Core/Inc/stm32l0xx_it.h
2026-05-20 15:40:11,089 [INFO] CodeEngine:265 - oldGeneratedFile, /Users/admin/Desktop/My Projects/Bike4u/Programing/Bike4u/Core/Src/stm32l0xx_hal_msp.c_save
2026-05-20 15:40:11,218 [INFO] CodeEngine:289 - Generated code: /Users/admin/Desktop/My Projects/Bike4u/Programing/Bike4u/Core/Src/stm32l0xx_hal_msp.c
2026-05-20 15:40:11,222 [INFO] CodeEngine:265 - oldGeneratedFile, /Users/admin/Desktop/My Projects/Bike4u/Programing/Bike4u/MXTmpFiles/system.tmp_save
2026-05-20 15:40:11,326 [INFO] CodeEngine:289 - Generated code: /Users/admin/Desktop/My Projects/Bike4u/Programing/Bike4u/MXTmpFiles/system.tmp
2026-05-20 15:40:11,338 [INFO] CodeEngine:321 - oldGeneratedFile, /Users/admin/Desktop/My Projects/Bike4u/Programing/Bike4u/Core/Inc/stm32l0xx_hal_conf.h_save
2026-05-20 15:40:11,439 [INFO] CodeEngine:345 - Generated code: /Users/admin/Desktop/My Projects/Bike4u/Programing/Bike4u/Core/Inc/stm32l0xx_hal_conf.h
2026-05-20 15:40:11,463 [INFO] CodeEngine:265 - oldGeneratedFile, /Users/admin/Desktop/My Projects/Bike4u/Programing/Bike4u/Core/Inc/main.h_save
2026-05-20 15:40:11,556 [INFO] CodeEngine:289 - Generated code: /Users/admin/Desktop/My Projects/Bike4u/Programing/Bike4u/Core/Inc/main.h
2026-05-20 15:40:11,560 [INFO] CodeEngine:265 - oldGeneratedFile, /Users/admin/Desktop/My Projects/Bike4u/Programing/Bike4u/Core/Src/main.c_save
2026-05-20 15:40:11,716 [INFO] CodeEngine:289 - Generated code: /Users/admin/Desktop/My Projects/Bike4u/Programing/Bike4u/Core/Src/main.c
2026-05-20 15:40:12,161 [INFO] ProjectBuilder:3606 - Time for Copy HAL[1] : 123mS.
2026-05-20 15:40:12,164 [INFO] ProjectBuilder:5216 - Project Generator version: 4.7.0-B52
2026-05-20 15:40:12,332 [INFO] ConfigFileManager:1595 - The Die is : DIE417
2026-05-20 15:40:13,699 [INFO] ProjectBuilder:5496 - Time for Generating toolchain IDE Files: 1536mS.
2026-05-20 15:40:13,700 [INFO] ProjectBuilder:3463 - Time for Copy CMSIS : 0mS.
2026-05-20 15:40:13,710 [INFO] ProjectBuilder:3463 - Time for Copy CMSIS : 0mS.
2026-05-20 15:46:40,035 [INFO] WebApp:194 - Connection lost
2026-05-20 15:46:47,318 [INFO] WebApp:191 - Connection restablished
2026-05-20 15:47:16,229 [INFO] WebApp:194 - Connection lost
2026-05-20 15:47:47,959 [INFO] WebApp:191 - Connection restablished
2026-05-20 15:48:16,232 [INFO] WebApp:194 - Connection lost
2026-05-20 15:48:22,981 [INFO] WebApp:191 - Connection restablished
2026-05-20 15:48:49,029 [INFO] WebApp:194 - Connection lost
2026-05-20 15:48:55,472 [INFO] WebApp:191 - Connection restablished
2026-05-20 15:49:28,210 [INFO] WebApp:194 - Connection lost
2026-05-20 15:49:34,707 [INFO] WebApp:191 - Connection restablished
2026-05-20 15:49:46,035 [INFO] WebApp:194 - Connection lost
2026-05-20 15:49:52,754 [INFO] WebApp:191 - Connection restablished
2026-05-20 15:50:21,128 [INFO] WebApp:194 - Connection lost
2026-05-20 15:50:28,093 [INFO] WebApp:191 - Connection restablished
2026-05-20 15:50:38,023 [INFO] WebApp:194 - Connection lost
2026-05-20 15:50:44,253 [INFO] WebApp:191 - Connection restablished
2026-05-20 15:51:13,037 [INFO] WebApp:194 - Connection lost
2026-05-20 15:51:20,119 [INFO] WebApp:191 - Connection restablished
2026-05-20 15:51:32,194 [INFO] WebApp:194 - Connection lost
2026-05-20 15:51:39,224 [INFO] WebApp:191 - Connection restablished
2026-05-20 15:52:08,023 [INFO] WebApp:194 - Connection lost
2026-05-20 15:52:14,909 [INFO] WebApp:191 - Connection restablished
2026-05-20 15:52:41,030 [INFO] WebApp:194 - Connection lost
2026-05-20 15:52:48,044 [INFO] WebApp:191 - Connection restablished
2026-05-20 15:53:02,136 [INFO] WebApp:194 - Connection lost
2026-05-20 15:53:09,167 [INFO] WebApp:191 - Connection restablished
2026-05-20 15:53:38,029 [INFO] WebApp:194 - Connection lost
2026-05-20 15:53:45,074 [INFO] WebApp:191 - Connection restablished
2026-05-20 15:53:57,151 [INFO] WebApp:194 - Connection lost
2026-05-20 15:54:04,314 [INFO] WebApp:191 - Connection restablished
2026-05-20 15:54:31,029 [INFO] WebApp:194 - Connection lost
2026-05-20 15:54:38,377 [INFO] WebApp:191 - Connection restablished
2026-05-20 15:54:53,028 [INFO] WebApp:194 - Connection lost
2026-05-20 15:54:59,910 [INFO] WebApp:191 - Connection restablished
2026-05-20 15:55:27,224 [INFO] WebApp:194 - Connection lost
2026-05-20 15:55:34,342 [INFO] WebApp:191 - Connection restablished
2026-05-20 15:56:03,037 [INFO] WebApp:194 - Connection lost
2026-05-20 15:56:09,912 [INFO] WebApp:191 - Connection restablished
2026-05-20 15:56:20,155 [INFO] WebApp:194 - Connection lost
2026-05-20 15:56:26,992 [INFO] WebApp:191 - Connection restablished
2026-05-20 15:56:56,030 [INFO] WebApp:194 - Connection lost
2026-05-20 15:57:03,249 [INFO] WebApp:191 - Connection restablished
2026-05-20 15:57:31,040 [INFO] WebApp:194 - Connection lost
2026-05-20 15:57:37,952 [INFO] WebApp:191 - Connection restablished
2026-05-20 15:57:53,032 [INFO] WebApp:194 - Connection lost
2026-05-20 15:58:00,480 [INFO] WebApp:191 - Connection restablished
2026-05-20 15:58:29,040 [INFO] WebApp:194 - Connection lost
2026-05-20 15:58:36,487 [INFO] WebApp:191 - Connection restablished
2026-05-20 15:59:05,163 [INFO] WebApp:194 - Connection lost
2026-05-20 15:59:12,224 [INFO] WebApp:191 - Connection restablished
2026-05-20 15:59:41,033 [INFO] WebApp:194 - Connection lost
2026-05-20 15:59:48,514 [INFO] WebApp:191 - Connection restablished
2026-05-20 16:00:04,032 [INFO] WebApp:194 - Connection lost
2026-05-20 16:00:11,739 [INFO] WebApp:191 - Connection restablished
2026-05-20 16:00:40,034 [INFO] WebApp:194 - Connection lost
2026-05-20 16:00:47,111 [INFO] WebApp:191 - Connection restablished
2026-05-20 16:01:15,028 [INFO] WebApp:194 - Connection lost
2026-05-20 16:01:21,566 [INFO] WebApp:191 - Connection restablished
2026-05-20 16:01:49,036 [INFO] WebApp:194 - Connection lost
2026-05-20 16:01:55,817 [INFO] WebApp:191 - Connection restablished
2026-05-20 16:02:25,032 [INFO] WebApp:194 - Connection lost
2026-05-20 16:02:32,864 [INFO] WebApp:191 - Connection restablished
2026-05-20 16:03:00,191 [INFO] WebApp:194 - Connection lost
2026-05-20 16:03:07,984 [INFO] WebApp:191 - Connection restablished
2026-05-20 16:03:34,030 [INFO] WebApp:194 - Connection lost
2026-05-20 16:03:41,892 [INFO] WebApp:191 - Connection restablished
2026-05-20 16:03:57,019 [INFO] WebApp:194 - Connection lost
2026-05-20 16:04:05,624 [INFO] WebApp:191 - Connection restablished
2026-05-20 16:04:35,027 [INFO] WebApp:194 - Connection lost
2026-05-20 16:04:42,685 [INFO] WebApp:191 - Connection restablished
2026-05-20 16:05:10,025 [INFO] WebApp:194 - Connection lost
2026-05-20 16:05:18,043 [INFO] WebApp:191 - Connection restablished
2026-05-20 16:05:46,237 [INFO] WebApp:194 - Connection lost
2026-05-20 16:05:53,572 [INFO] WebApp:191 - Connection restablished
2026-05-20 16:06:22,225 [INFO] WebApp:194 - Connection lost
2026-05-20 16:06:30,073 [INFO] WebApp:191 - Connection restablished
2026-05-20 16:06:57,034 [INFO] WebApp:194 - Connection lost
2026-05-20 16:07:04,630 [INFO] WebApp:191 - Connection restablished
2026-05-20 16:07:34,153 [INFO] WebApp:194 - Connection lost
2026-05-20 16:07:41,954 [INFO] WebApp:191 - Connection restablished
2026-05-20 16:08:01,024 [INFO] WebApp:194 - Connection lost
2026-05-20 16:08:08,872 [INFO] WebApp:191 - Connection restablished
2026-05-20 16:08:37,159 [INFO] WebApp:194 - Connection lost
2026-05-20 16:08:44,971 [INFO] WebApp:191 - Connection restablished
2026-05-20 16:09:14,038 [INFO] WebApp:194 - Connection lost
2026-05-20 16:09:21,714 [INFO] WebApp:191 - Connection restablished
2026-05-20 16:09:51,178 [INFO] WebApp:194 - Connection lost
2026-05-20 16:09:58,752 [INFO] WebApp:191 - Connection restablished
2026-05-20 16:10:14,022 [INFO] WebApp:194 - Connection lost
2026-05-20 16:10:20,789 [INFO] WebApp:191 - Connection restablished
2026-05-20 16:10:49,032 [INFO] WebApp:194 - Connection lost
2026-05-20 16:10:56,204 [INFO] WebApp:191 - Connection restablished
2026-05-20 16:11:24,175 [INFO] WebApp:194 - Connection lost
2026-05-20 16:11:31,548 [INFO] WebApp:191 - Connection restablished
2026-05-20 16:11:59,031 [INFO] WebApp:194 - Connection lost
2026-05-20 16:12:06,370 [INFO] WebApp:191 - Connection restablished
2026-05-20 16:12:33,030 [INFO] WebApp:194 - Connection lost
2026-05-20 16:12:40,608 [INFO] WebApp:191 - Connection restablished
2026-05-20 16:12:57,183 [INFO] WebApp:194 - Connection lost
2026-05-20 16:13:04,775 [INFO] WebApp:191 - Connection restablished
2026-05-20 16:13:31,036 [INFO] WebApp:194 - Connection lost
2026-05-20 16:13:38,628 [INFO] WebApp:191 - Connection restablished
2026-05-20 16:14:07,035 [INFO] WebApp:194 - Connection lost
2026-05-20 16:14:14,953 [INFO] WebApp:191 - Connection restablished
2026-05-20 16:14:30,028 [INFO] WebApp:194 - Connection lost
2026-05-20 16:14:37,894 [INFO] WebApp:191 - Connection restablished
2026-05-20 16:15:06,043 [INFO] WebApp:194 - Connection lost
2026-05-20 16:15:13,594 [INFO] WebApp:191 - Connection restablished
2026-05-20 16:15:43,159 [INFO] WebApp:194 - Connection lost
2026-05-20 16:15:50,832 [INFO] WebApp:191 - Connection restablished
2026-05-20 16:16:07,144 [INFO] WebApp:194 - Connection lost
2026-05-20 16:16:14,611 [INFO] WebApp:191 - Connection restablished
2026-05-20 16:16:41,031 [INFO] WebApp:194 - Connection lost
2026-05-20 16:16:48,431 [INFO] WebApp:191 - Connection restablished
2026-05-20 16:17:17,203 [INFO] WebApp:194 - Connection lost
2026-05-20 16:17:24,385 [INFO] WebApp:191 - Connection restablished
2026-05-20 16:17:40,025 [INFO] WebApp:194 - Connection lost
2026-05-20 16:17:49,285 [INFO] WebApp:191 - Connection restablished
2026-05-20 16:18:18,038 [INFO] WebApp:194 - Connection lost
2026-05-20 16:18:25,208 [INFO] WebApp:191 - Connection restablished
2026-05-20 16:18:53,033 [INFO] WebApp:194 - Connection lost
2026-05-20 16:18:59,983 [INFO] WebApp:191 - Connection restablished
2026-05-20 16:19:28,045 [INFO] WebApp:194 - Connection lost
2026-05-20 16:19:35,247 [INFO] WebApp:191 - Connection restablished
2026-05-20 16:20:03,202 [INFO] WebApp:194 - Connection lost
2026-05-20 16:20:09,960 [INFO] WebApp:191 - Connection restablished
2026-05-20 16:20:26,029 [INFO] WebApp:194 - Connection lost
2026-05-20 16:20:33,222 [INFO] WebApp:191 - Connection restablished
2026-05-20 16:21:01,041 [INFO] WebApp:194 - Connection lost
2026-05-20 16:21:07,694 [INFO] WebApp:191 - Connection restablished
2026-05-20 16:21:37,030 [INFO] WebApp:194 - Connection lost
2026-05-20 16:21:44,159 [INFO] WebApp:191 - Connection restablished
2026-05-20 16:22:49,160 [INFO] WebApp:194 - Connection lost
2026-05-20 16:22:51,370 [INFO] WebApp:191 - Connection restablished
2026-05-20 16:23:21,039 [INFO] WebApp:194 - Connection lost
2026-05-20 16:23:28,581 [INFO] WebApp:191 - Connection restablished
2026-05-20 16:23:56,027 [INFO] WebApp:194 - Connection lost
2026-05-20 16:24:03,464 [INFO] WebApp:191 - Connection restablished
2026-05-20 16:24:29,282 [INFO] WebApp:194 - Connection lost
2026-05-20 16:24:36,768 [INFO] WebApp:191 - Connection restablished
2026-05-20 16:25:05,030 [INFO] WebApp:194 - Connection lost
2026-05-20 16:25:15,616 [INFO] WebApp:191 - Connection restablished
2026-05-20 16:25:42,214 [INFO] WebApp:194 - Connection lost
2026-05-20 16:25:50,289 [INFO] WebApp:191 - Connection restablished
2026-05-20 16:26:18,025 [INFO] WebApp:194 - Connection lost
2026-05-20 16:26:25,246 [INFO] WebApp:191 - Connection restablished
2026-05-20 16:26:52,197 [INFO] WebApp:194 - Connection lost
2026-05-20 16:27:00,852 [INFO] WebApp:191 - Connection restablished
2026-05-20 16:27:29,026 [INFO] WebApp:194 - Connection lost
2026-05-20 16:27:36,259 [INFO] WebApp:191 - Connection restablished
2026-05-20 16:28:03,032 [INFO] WebApp:194 - Connection lost
2026-05-20 16:28:10,714 [INFO] WebApp:191 - Connection restablished
2026-05-20 16:28:39,199 [INFO] WebApp:194 - Connection lost
2026-05-20 16:28:47,841 [INFO] WebApp:191 - Connection restablished
2026-05-20 16:29:17,169 [INFO] WebApp:194 - Connection lost
2026-05-20 16:29:24,260 [INFO] WebApp:191 - Connection restablished
2026-05-20 16:29:35,038 [INFO] WebApp:194 - Connection lost
2026-05-20 16:29:42,160 [INFO] WebApp:191 - Connection restablished
2026-05-20 16:30:11,202 [INFO] WebApp:194 - Connection lost
2026-05-20 16:30:17,966 [INFO] WebApp:191 - Connection restablished
2026-05-20 16:30:46,035 [INFO] WebApp:194 - Connection lost
2026-05-20 16:30:53,325 [INFO] WebApp:191 - Connection restablished
2026-05-20 16:31:21,211 [INFO] WebApp:194 - Connection lost
2026-05-20 16:31:27,990 [INFO] WebApp:191 - Connection restablished
2026-05-20 16:31:56,034 [INFO] WebApp:194 - Connection lost
2026-05-20 16:32:03,061 [INFO] WebApp:191 - Connection restablished
2026-05-20 16:32:32,039 [INFO] WebApp:194 - Connection lost
2026-05-20 16:32:39,108 [INFO] WebApp:191 - Connection restablished
2026-05-20 16:33:07,228 [INFO] WebApp:194 - Connection lost
2026-05-20 16:33:14,251 [INFO] WebApp:191 - Connection restablished
2026-05-20 16:33:27,025 [INFO] WebApp:194 - Connection lost
2026-05-20 16:33:34,276 [INFO] WebApp:191 - Connection restablished
2026-05-20 16:34:02,194 [INFO] WebApp:194 - Connection lost
2026-05-20 16:34:09,101 [INFO] WebApp:191 - Connection restablished
2026-05-20 16:34:38,033 [INFO] WebApp:194 - Connection lost
2026-05-20 16:34:45,378 [INFO] WebApp:191 - Connection restablished
2026-05-20 16:35:14,027 [INFO] WebApp:194 - Connection lost
2026-05-20 16:35:21,218 [INFO] WebApp:191 - Connection restablished
2026-05-20 16:35:31,158 [INFO] WebApp:194 - Connection lost
2026-05-20 16:35:37,421 [INFO] WebApp:191 - Connection restablished
2026-05-20 16:36:05,025 [INFO] WebApp:194 - Connection lost
2026-05-20 16:36:13,886 [INFO] WebApp:191 - Connection restablished
2026-05-20 16:36:40,035 [INFO] WebApp:194 - Connection lost
2026-05-20 16:36:47,856 [INFO] WebApp:191 - Connection restablished
2026-05-20 16:37:16,169 [INFO] WebApp:194 - Connection lost
2026-05-20 16:37:42,255 [INFO] WebApp:191 - Connection restablished
2026-05-20 16:38:11,151 [INFO] WebApp:194 - Connection lost
2026-05-20 16:38:18,527 [INFO] WebApp:191 - Connection restablished
2026-05-20 16:38:33,021 [INFO] WebApp:194 - Connection lost
2026-05-20 16:38:40,450 [INFO] WebApp:191 - Connection restablished
2026-05-20 16:39:08,033 [INFO] WebApp:194 - Connection lost
2026-05-20 16:39:32,069 [INFO] WebApp:191 - Connection restablished
2026-05-20 16:40:01,157 [INFO] WebApp:194 - Connection lost
2026-05-20 16:40:26,299 [INFO] WebApp:191 - Connection restablished
2026-05-20 16:40:53,022 [INFO] WebApp:194 - Connection lost
2026-05-20 16:41:00,793 [INFO] WebApp:191 - Connection restablished
2026-05-20 16:41:12,162 [INFO] WebApp:194 - Connection lost
2026-05-20 16:41:23,656 [INFO] WebApp:191 - Connection restablished
2026-05-20 16:41:51,026 [INFO] WebApp:194 - Connection lost
2026-05-20 16:41:59,871 [INFO] WebApp:191 - Connection restablished
2026-05-20 16:42:16,031 [INFO] WebApp:194 - Connection lost
2026-05-20 16:42:23,048 [INFO] WebApp:191 - Connection restablished
2026-05-20 16:42:52,170 [INFO] WebApp:194 - Connection lost
2026-05-20 16:42:58,265 [INFO] WebApp:191 - Connection restablished
2026-05-20 16:43:27,166 [INFO] WebApp:194 - Connection lost
2026-05-20 16:43:34,224 [INFO] WebApp:191 - Connection restablished
2026-05-20 16:44:02,028 [INFO] WebApp:194 - Connection lost
2026-05-20 16:44:10,029 [INFO] WebApp:191 - Connection restablished
2026-05-20 16:44:50,170 [INFO] WebApp:194 - Connection lost
2026-05-20 16:44:54,683 [INFO] WebApp:191 - Connection restablished
2026-05-20 16:45:23,131 [INFO] WebApp:194 - Connection lost
2026-05-20 16:45:30,986 [INFO] WebApp:191 - Connection restablished
2026-05-20 16:45:58,024 [INFO] WebApp:194 - Connection lost
2026-05-20 16:46:05,620 [INFO] WebApp:191 - Connection restablished
2026-05-20 16:46:34,199 [INFO] WebApp:194 - Connection lost
2026-05-20 16:46:41,695 [INFO] WebApp:191 - Connection restablished
2026-05-20 16:47:09,026 [INFO] WebApp:194 - Connection lost
2026-05-20 16:47:17,733 [INFO] WebApp:191 - Connection restablished
2026-05-20 16:47:29,032 [INFO] WebApp:194 - Connection lost
2026-05-20 16:47:36,694 [INFO] WebApp:191 - Connection restablished
2026-05-20 16:48:04,032 [INFO] WebApp:194 - Connection lost
2026-05-20 16:48:13,098 [INFO] WebApp:191 - Connection restablished
2026-05-20 16:48:28,033 [INFO] WebApp:194 - Connection lost
2026-05-20 16:48:35,291 [INFO] WebApp:191 - Connection restablished
2026-05-20 16:49:03,020 [INFO] WebApp:194 - Connection lost
2026-05-20 16:49:10,424 [INFO] WebApp:191 - Connection restablished
2026-05-20 16:49:39,226 [INFO] WebApp:194 - Connection lost
2026-05-20 16:49:47,147 [INFO] WebApp:191 - Connection restablished
2026-05-20 16:50:15,028 [INFO] WebApp:194 - Connection lost
2026-05-20 16:50:21,914 [INFO] WebApp:191 - Connection restablished
2026-05-20 16:50:50,187 [INFO] WebApp:194 - Connection lost
2026-05-20 16:50:56,876 [INFO] WebApp:191 - Connection restablished
2026-05-20 16:51:25,177 [INFO] WebApp:194 - Connection lost
2026-05-20 16:51:33,540 [INFO] WebApp:191 - Connection restablished
2026-05-20 16:52:00,055 [INFO] WebApp:194 - Connection lost
2026-05-20 16:52:08,215 [INFO] WebApp:191 - Connection restablished
2026-05-20 16:52:37,065 [INFO] WebApp:194 - Connection lost
2026-05-20 16:52:44,724 [INFO] WebApp:191 - Connection restablished
2026-05-20 16:52:59,217 [INFO] WebApp:194 - Connection lost
2026-05-20 16:53:24,759 [INFO] WebApp:191 - Connection restablished
2026-05-20 16:53:38,290 [INFO] WebApp:194 - Connection lost
2026-05-20 16:54:02,127 [INFO] WebApp:191 - Connection restablished
2026-05-20 16:54:19,055 [INFO] WebApp:194 - Connection lost
2026-05-20 16:54:43,940 [INFO] WebApp:191 - Connection restablished
2026-05-20 16:55:20,499 [INFO] WebApp:194 - Connection lost
2026-05-20 16:55:27,450 [INFO] WebApp:191 - Connection restablished
2026-05-20 16:55:55,563 [INFO] WebApp:194 - Connection lost
2026-05-20 16:56:03,539 [INFO] WebApp:191 - Connection restablished
2026-05-20 16:56:16,608 [INFO] WebApp:194 - Connection lost
2026-05-20 16:56:24,831 [INFO] WebApp:191 - Connection restablished
2026-05-20 16:56:52,439 [INFO] WebApp:194 - Connection lost
2026-05-20 16:57:01,905 [INFO] WebApp:191 - Connection restablished
2026-05-20 16:57:29,504 [INFO] WebApp:194 - Connection lost
2026-05-20 16:57:37,465 [INFO] WebApp:191 - Connection restablished
2026-05-20 16:58:06,503 [INFO] WebApp:194 - Connection lost
2026-05-20 16:58:15,462 [INFO] WebApp:191 - Connection restablished
2026-05-20 16:58:30,843 [INFO] WebApp:194 - Connection lost
2026-05-20 16:58:37,675 [INFO] WebApp:191 - Connection restablished
2026-05-20 16:59:06,655 [INFO] WebApp:194 - Connection lost
2026-05-20 16:59:14,559 [INFO] WebApp:191 - Connection restablished
2026-05-20 16:59:42,196 [INFO] WebApp:194 - Connection lost
2026-05-20 16:59:50,194 [INFO] WebApp:191 - Connection restablished
2026-05-20 17:00:03,531 [INFO] WebApp:194 - Connection lost
2026-05-20 17:00:10,762 [INFO] WebApp:191 - Connection restablished
2026-05-20 17:00:40,205 [INFO] WebApp:194 - Connection lost
2026-05-20 17:54:13,837 [INFO] Activator:176 - 


2026-05-20 17:54:13,840 [INFO] Activator:177 - !SESSION log4j initialized
2026-05-20 17:54:20,665 [INFO] LogOutputStream:77 - [STDOUT_REDIRECT] 
2026-05-20 17:54:27,960 [INFO] LogOutputStream:77 - [STDOUT_REDIRECT] 
2026-05-20 17:54:28,841 [ERROR] LogOutputStream:75 - [STDERR_REDIRECT] 
2026-05-20 17:54:29,377 [ERROR] LogOutputStream:75 - [STDERR_REDIRECT] java.net.URISyntaxException: Illegal character in path at index 28: file:/Users/admin/Desktop/My Projects/Bike4u/Programing/.metadata/.log4j2.xml
2026-05-20 17:54:29,378 [ERROR] LogOutputStream:75 - [STDERR_REDIRECT] 	at java.base/java.net.URI$Parser.fail(URI.java:2995)
2026-05-20 17:54:29,379 [ERROR] LogOutputStream:75 - [STDERR_REDIRECT] 	at java.base/java.net.URI$Parser.checkChars(URI.java:3166)
2026-05-20 17:54:29,380 [ERROR] LogOutputStream:75 - [STDERR_REDIRECT] 	at java.base/java.net.URI$Parser.parseHierarchical(URI.java:3248)
2026-05-20 17:54:29,380 [ERROR] LogOutputStream:75 - [STDERR_REDIRECT] 	at java.base/java.net.URI$Parser.parse(URI.java:3196)
2026-05-20 17:54:29,381 [ERROR] LogOutputStream:75 - [STDERR_REDIRECT] 	at java.base/java.net.URI.<init>(URI.java:645)
2026-05-20 17:54:29,381 [ERROR] LogOutputStream:75 - [STDERR_REDIRECT] 	at java.base/java.net.URL.toURI(URL.java:1220)
2026-05-20 17:54:29,381 [ERROR] LogOutputStream:75 - [STDERR_REDIRECT] 	at com.st.stm32cube.common.mx.core.CubeMxInstance.getInstance(CubeMxInstance.java:81)
2026-05-20 17:54:29,382 [ERROR] LogOutputStream:75 - [STDERR_REDIRECT] 	at com.st.stm32cube.common.mx.userauth.UserAuthAdapter.<init>(UserAuthAdapter.java:25)
2026-05-20 17:54:29,382 [ERROR] LogOutputStream:75 - [STDERR_REDIRECT] 	at com.st.stm32cube.common.mx.userauth.UserAuthProvider.getUserAuthAdapter(UserAuthProvider.java:16)
2026-05-20 17:54:29,382 [ERROR] LogOutputStream:75 - [STDERR_REDIRECT] 	at com.st.stm32cube.common.ecosystemintegration.ui.core.MCUEcoSystemIntegrationUiHelper.getUserAuth(MCUEcoSystemIntegrationUiHelper.java:100)
2026-05-20 17:54:29,383 [ERROR] LogOutputStream:75 - [STDERR_REDIRECT] 	at com.st.stm32cube.ide.mcu.userauth.UserAuthStartup.earlyStartup(UserAuthStartup.java:32)
2026-05-20 17:54:29,384 [ERROR] LogOutputStream:75 - [STDERR_REDIRECT] 	at org.eclipse.ui.internal.EarlyStartupRunnable.runEarlyStartup(EarlyStartupRunnable.java:79)
2026-05-20 17:54:29,384 [ERROR] LogOutputStream:75 - [STDERR_REDIRECT] 	at org.eclipse.ui.internal.EarlyStartupRunnable.run(EarlyStartupRunnable.java:55)
2026-05-20 17:54:29,384 [ERROR] LogOutputStream:75 - [STDERR_REDIRECT] 	at org.eclipse.core.runtime.SafeRunner.run(SafeRunner.java:47)
2026-05-20 17:54:29,385 [ERROR] LogOutputStream:75 - [STDERR_REDIRECT] 	at org.eclipse.ui.internal.Workbench$39.run(Workbench.java:2733)
2026-05-20 17:54:29,385 [ERROR] LogOutputStream:75 - [STDERR_REDIRECT] 	at org.eclipse.core.internal.jobs.Worker.run(Worker.java:63)
2026-05-20 17:54:30,008 [INFO] ApplicationProperties:184 - Using Application install path: /Applications/STM32CubeIDE.app/Contents/Eclipse/plugins/com.st.stm32cube.common.mx_6.15.0.202507011659
2026-05-20 17:54:30,045 [INFO] DbMcusXml:78 - Set database path to: /Applications/STM32CubeIDE.app/Contents/Eclipse/plugins/com.st.stm32cube.common.mx_6.15.0.202507011659//db//mcu/
2026-05-20 17:54:30,045 [INFO] ApiDb:274 - Set plugin database path to: /Applications/STM32CubeIDE.app/Contents/Eclipse/plugins/com.st.stm32cube.common.mx_6.15.0.202507011659//db//plugins/boardmanager/
2026-05-20 17:54:30,046 [WARN] ApiDb:259 - Overriding images path with different value:  => /Applications/STM32CubeIDE.app/Contents/Eclipse/plugins/com.st.stm32cube.common.mx_6.15.0.202507011659//db//plugins/mcufinder/images/
2026-05-20 17:54:30,056 [INFO] ApiDb:250 - Set database path to: /Users/admin/.stmcufinder/plugins/mcufinder//mcu/
2026-05-20 17:54:30,059 [INFO] DbMcusAds:125 - Set database path to: /Users/admin/.stmcufinder/plugins/mcufinder//mcu/
2026-05-20 17:54:30,063 [INFO] CrossReferenceDbSqlite:203 - Set database path to: /Users/admin/.stmcufinder/plugins/mcufinder//mcu/cs/
2026-05-20 17:54:30,327 [INFO] RulesReader:64 - Compatibility file has been processed (317 Rules)
2026-05-20 17:54:30,431 [INFO] DbMcusXml:78 - Set database path to: /Applications/STM32CubeIDE.app/Contents/Eclipse/plugins/com.st.stm32cube.common.mx_6.15.0.202507011659//db//mcu/
2026-05-20 17:54:30,431 [INFO] ApiDb:274 - Set plugin database path to: /Applications/STM32CubeIDE.app/Contents/Eclipse/plugins/com.st.stm32cube.common.mx_6.15.0.202507011659//db//plugins/boardmanager/
2026-05-20 17:54:30,431 [INFO] ApiDb:261 - Set plugin images path to: /Applications/STM32CubeIDE.app/Contents/Eclipse/plugins/com.st.stm32cube.common.mx_6.15.0.202507011659//db//plugins/mcufinder/images/
2026-05-20 17:54:30,432 [WARN] DbFile:41 - Overriding database path with different value: /Users/admin/.stmcufinder/plugins/mcufinder/ => /Users/admin/.stmcufinder/plugins/mcufinder
2026-05-20 17:54:30,432 [INFO] ApiDb:250 - Set database path to: /Users/admin/.stmcufinder/plugins/mcufinder//mcu/
2026-05-20 17:54:30,432 [WARN] DbFile:41 - Overriding database path with different value: /Users/admin/.stmcufinder/plugins/mcufinder/ => /Users/admin/.stmcufinder/plugins/mcufinder
2026-05-20 17:54:30,432 [INFO] DbMcusAds:125 - Set database path to: /Users/admin/.stmcufinder/plugins/mcufinder//mcu/
2026-05-20 17:54:30,432 [WARN] DbFile:41 - Overriding database path with different value: /Users/admin/.stmcufinder/plugins/mcufinder/ => /Users/admin/.stmcufinder/plugins/mcufinder
2026-05-20 17:54:30,432 [WARN] DbFile:41 - Overriding database path with different value: /Users/admin/.stmcufinder/plugins/mcufinder/ => /Users/admin/.stmcufinder/plugins/mcufinder
2026-05-20 17:54:30,432 [INFO] CrossReferenceDbSqlite:203 - Set database path to: /Users/admin/.stmcufinder/plugins/mcufinder//mcu/cs/
2026-05-20 17:54:30,928 [INFO] MainPanel:274 - HeapMemory: 268435456
2026-05-20 17:54:32,138 [INFO] DbMcusXml:78 - Set database path to: /Applications/STM32CubeIDE.app/Contents/Eclipse/plugins/com.st.stm32cube.common.mx_6.15.0.202507011659//db//mcu/
2026-05-20 17:54:32,139 [INFO] ApiDb:274 - Set plugin database path to: /Applications/STM32CubeIDE.app/Contents/Eclipse/plugins/com.st.stm32cube.common.mx_6.15.0.202507011659//db//plugins/boardmanager/
2026-05-20 17:54:32,139 [INFO] ApiDb:261 - Set plugin images path to: /Applications/STM32CubeIDE.app/Contents/Eclipse/plugins/com.st.stm32cube.common.mx_6.15.0.202507011659//db//plugins/mcufinder/images/
2026-05-20 17:54:32,139 [WARN] DbFile:41 - Overriding database path with different value: /Users/admin/.stmcufinder/plugins/mcufinder/ => /Users/admin/.stmcufinder/plugins/mcufinder
2026-05-20 17:54:32,139 [INFO] ApiDb:250 - Set database path to: /Users/admin/.stmcufinder/plugins/mcufinder//mcu/
2026-05-20 17:54:32,140 [WARN] DbFile:41 - Overriding database path with different value: /Users/admin/.stmcufinder/plugins/mcufinder/ => /Users/admin/.stmcufinder/plugins/mcufinder
2026-05-20 17:54:32,140 [INFO] DbMcusAds:125 - Set database path to: /Users/admin/.stmcufinder/plugins/mcufinder//mcu/
2026-05-20 17:54:32,140 [WARN] DbFile:41 - Overriding database path with different value: /Users/admin/.stmcufinder/plugins/mcufinder/ => /Users/admin/.stmcufinder/plugins/mcufinder
2026-05-20 17:54:32,140 [WARN] DbFile:41 - Overriding database path with different value: /Users/admin/.stmcufinder/plugins/mcufinder/ => /Users/admin/.stmcufinder/plugins/mcufinder
2026-05-20 17:54:32,140 [INFO] CrossReferenceDbSqlite:203 - Set database path to: /Users/admin/.stmcufinder/plugins/mcufinder//mcu/cs/
2026-05-20 17:54:32,162 [INFO] ApplicationProperties:184 - Using Application install path: /Applications/STM32CubeIDE.app/Contents/Eclipse/plugins/com.st.stm32cube.common.mx_6.15.0.202507011659
2026-05-20 17:54:32,163 [INFO] PluginManage:196 - Search for loadable plugins [exclusion list=, ]
2026-05-20 17:54:32,165 [INFO] PluginManage:310 - Check plugin analytics
2026-05-20 17:54:32,411 [INFO] AnalyticsPlugin:253 - Accepted Software Licenses: 
2026-05-20 17:54:32,411 [INFO] AnalyticsPlugin:255 - Accepted CMSIS Pack Licenses: Infineon.AIROC-Wi-Fi-Bluetooth-STM32.1.6.0,STMicroelectronics.X-CUBE-BLE1.7.0.0
2026-05-20 17:54:32,412 [INFO] AnalyticsPlugin:257 - Accepted Firmware Licenses: FW.G0.1.6.0,FW.WB.1.19.0,FW.WB.1.21.0
2026-05-20 17:54:32,415 [INFO] PluginManage:359 - Loaded plugin analytics (category:tool,tabindex:-1)
2026-05-20 17:54:32,415 [INFO] PluginManage:310 - Check plugin cadmodel
2026-05-20 17:54:32,421 [INFO] CADModel:105 - Init CAD model plugin
2026-05-20 17:54:32,421 [INFO] PluginManage:359 - Loaded plugin cadmodel (category:power,tabindex:5)
2026-05-20 17:54:32,421 [INFO] PluginManage:310 - Check plugin clock
2026-05-20 17:54:32,432 [INFO] PluginManage:359 - Loaded plugin clock (category:base,tabindex:2)
2026-05-20 17:54:32,432 [INFO] PluginManage:310 - Check plugin ddr
2026-05-20 17:54:32,435 [INFO] PluginManage:359 - Loaded plugin ddr (category:tool,tabindex:6)
2026-05-20 17:54:32,435 [INFO] PluginManage:310 - Check plugin filemanager
2026-05-20 17:54:32,621 [INFO] PluginManage:359 - Loaded plugin filemanager (category:base,tabindex:10)
2026-05-20 17:54:32,621 [INFO] PluginManage:310 - Check plugin ipmanager
2026-05-20 17:54:32,627 [INFO] PluginManage:359 - Loaded plugin ipmanager (category:base,tabindex:5)
2026-05-20 17:54:32,628 [INFO] PluginManage:310 - Check plugin lpbam
2026-05-20 17:54:32,640 [INFO] PluginManage:359 - Loaded plugin lpbam (category:base,tabindex:0)
2026-05-20 17:54:32,640 [INFO] PluginManage:310 - Check plugin memorymap
2026-05-20 17:54:32,659 [INFO] PluginManage:359 - Loaded plugin memorymap (category:base,tabindex:4)
2026-05-20 17:54:32,659 [INFO] PluginManage:310 - Check plugin pinoutandconfiguration
2026-05-20 17:54:32,668 [INFO] PluginManage:359 - Loaded plugin pinoutandconfiguration (category:base,tabindex:1)
2026-05-20 17:54:32,668 [INFO] PluginManage:310 - Check plugin pinoutconfig
2026-05-20 17:54:32,784 [WARN] SupportedApi:132 - Cannot load RTOS API schema: s4s-elt-must-match.1: The content of 'definitions' must match (annotation?, (simpleType | complexType)?, (unique | key | keyref)*)). A problem was found starting at: attribute.
2026-05-20 17:54:32,970 [INFO] PluginManage:359 - Loaded plugin pinoutconfig (category:base,tabindex:0)
2026-05-20 17:54:32,970 [INFO] PluginManage:310 - Check plugin power
2026-05-20 17:54:32,980 [INFO] PluginManage:359 - Loaded plugin power (category:power,tabindex:4)
2026-05-20 17:54:32,980 [INFO] PluginManage:310 - Check plugin projectmanager
2026-05-20 17:54:33,000 [INFO] PluginManage:359 - Loaded plugin projectmanager (category:projectmanager,tabindex:4)
2026-05-20 17:54:33,000 [INFO] PluginManage:310 - Check plugin rif
2026-05-20 17:54:33,012 [INFO] PluginManage:359 - Loaded plugin rif (category:base,tabindex:3)
2026-05-20 17:54:33,012 [INFO] PluginManage:310 - Check plugin thirdparty
2026-05-20 17:54:33,174 [INFO] PluginManage:359 - Loaded plugin thirdparty (category:base,tabindex:-1)
2026-05-20 17:54:33,174 [INFO] PluginManage:310 - Check plugin tools
2026-05-20 17:54:33,174 [WARN] IntegrityCheckThread:84 - waiting for thirdparty lock release [integrity check]
2026-05-20 17:54:33,174 [INFO] IntegrityCheckThread:86 - entering critical section [integrity check]
2026-05-20 17:54:33,175 [INFO] ThirdPartyUpdaterWithRetryManager:70 - Updater plugin not ready yet. [1/15]
2026-05-20 17:54:33,177 [INFO] PluginManage:359 - Loaded plugin tools (category:base,tabindex:7)
2026-05-20 17:54:33,177 [INFO] PluginManage:310 - Check plugin tutovideos
2026-05-20 17:54:33,453 [INFO] PluginManage:359 - Loaded plugin tutovideos (category:base,tabindex:-1)
2026-05-20 17:54:33,453 [INFO] PluginManage:310 - Check plugin updater
2026-05-20 17:54:33,475 [INFO] PluginManage:359 - Loaded plugin updater (category:base,tabindex:12)
2026-05-20 17:54:33,475 [INFO] PluginManage:310 - Check plugin userauth
2026-05-20 17:54:33,479 [INFO] UserAuth:118 - Init User Auth plugin
2026-05-20 17:54:33,480 [INFO] PluginManage:359 - Loaded plugin userauth (category:base,tabindex:14)
2026-05-20 17:54:33,480 [INFO] PluginManage:283 - PluginManage : Loaded plugins [18]
2026-05-20 17:54:33,677 [INFO] PinOutPanel:1589 - setPackage(No Configuration,No Configuration)
2026-05-20 17:54:33,765 [INFO] CADModel:165 - CPN selected for project level
2026-05-20 17:54:33,766 [INFO] CADModel:114 - Register for checkConnection events
2026-05-20 17:54:33,780 [INFO] IPUIPlugin:80 - create IPUIPlugin
2026-05-20 17:54:33,781 [INFO] PluginManager:220 - loadIPPluginJar : add mdma
2026-05-20 17:54:33,790 [INFO] IPUIPlugin:80 - create IPUIPlugin
2026-05-20 17:54:33,791 [INFO] PluginManager:220 - loadIPPluginJar : add freertos
2026-05-20 17:54:33,798 [INFO] IPUIPlugin:80 - create IPUIPlugin
2026-05-20 17:54:33,799 [INFO] PluginManager:220 - loadIPPluginJar : add gic
2026-05-20 17:54:33,811 [INFO] IPUIPlugin:80 - create IPUIPlugin
2026-05-20 17:54:33,811 [INFO] PluginManager:220 - loadIPPluginJar : add adc
2026-05-20 17:54:33,814 [INFO] IPUIPlugin:80 - create IPUIPlugin
2026-05-20 17:54:33,814 [INFO] PluginManager:220 - loadIPPluginJar : add gtzc
2026-05-20 17:54:33,816 [INFO] IPUIPlugin:80 - create IPUIPlugin
2026-05-20 17:54:33,816 [INFO] PluginManager:220 - loadIPPluginJar : add quadspi
2026-05-20 17:54:33,819 [INFO] IPUIPlugin:80 - create IPUIPlugin
2026-05-20 17:54:33,819 [INFO] PluginManager:220 - loadIPPluginJar : add aes
2026-05-20 17:54:33,822 [INFO] IPUIPlugin:80 - create IPUIPlugin
2026-05-20 17:54:33,822 [INFO] PluginManager:220 - loadIPPluginJar : add pdm2pcm
2026-05-20 17:54:33,824 [INFO] IPUIPlugin:80 - create IPUIPlugin
2026-05-20 17:54:33,824 [INFO] PluginManager:220 - loadIPPluginJar : add hash
2026-05-20 17:54:33,826 [INFO] IPUIPlugin:80 - create IPUIPlugin
2026-05-20 17:54:33,826 [INFO] PluginManager:220 - loadIPPluginJar : add tim
2026-05-20 17:54:33,828 [INFO] IPUIPlugin:80 - create IPUIPlugin
2026-05-20 17:54:33,828 [INFO] PluginManager:220 - loadIPPluginJar : add tsc
2026-05-20 17:54:33,831 [INFO] IPUIPlugin:80 - create IPUIPlugin
2026-05-20 17:54:33,832 [INFO] PluginManager:220 - loadIPPluginJar : add extmemmanager
2026-05-20 17:54:33,834 [INFO] IPUIPlugin:80 - create IPUIPlugin
2026-05-20 17:54:33,834 [INFO] PluginManager:220 - loadIPPluginJar : add ts
2026-05-20 17:54:33,836 [INFO] IPUIPlugin:80 - create IPUIPlugin
2026-05-20 17:54:33,837 [INFO] PluginManager:220 - loadIPPluginJar : add radio
2026-05-20 17:54:33,841 [INFO] IPUIPlugin:80 - create IPUIPlugin
2026-05-20 17:54:33,841 [INFO] PluginManager:220 - loadIPPluginJar : add can
2026-05-20 17:54:33,844 [INFO] IPUIPlugin:80 - create IPUIPlugin
2026-05-20 17:54:33,845 [INFO] PluginManager:220 - loadIPPluginJar : add dma3
2026-05-20 17:54:33,848 [INFO] IPUIPlugin:80 - create IPUIPlugin
2026-05-20 17:54:33,848 [INFO] PluginManager:220 - loadIPPluginJar : add dfsdm
2026-05-20 17:54:33,851 [INFO] IPUIPlugin:80 - create IPUIPlugin
2026-05-20 17:54:33,851 [INFO] PluginManager:220 - loadIPPluginJar : add spi
2026-05-20 17:54:33,854 [INFO] IPUIPlugin:80 - create IPUIPlugin
2026-05-20 17:54:33,854 [INFO] PluginManager:220 - loadIPPluginJar : add gfxmmu
2026-05-20 17:54:33,856 [INFO] IPUIPlugin:80 - create IPUIPlugin
2026-05-20 17:54:33,856 [INFO] PluginManager:220 - loadIPPluginJar : add genericplugin
2026-05-20 17:54:33,858 [INFO] IPUIPlugin:80 - create IPUIPlugin
2026-05-20 17:54:33,858 [INFO] PluginManager:220 - loadIPPluginJar : add cryp
2026-05-20 17:54:33,862 [INFO] IPUIPlugin:80 - create IPUIPlugin
2026-05-20 17:54:33,863 [INFO] PluginManager:220 - loadIPPluginJar : add gpio
2026-05-20 17:54:33,866 [INFO] IPUIPlugin:80 - create IPUIPlugin
2026-05-20 17:54:33,866 [INFO] PluginManager:220 - loadIPPluginJar : add ddr_ctrl_phy
2026-05-20 17:54:33,867 [INFO] IPUIPlugin:80 - create IPUIPlugin
2026-05-20 17:54:33,868 [INFO] PluginManager:220 - loadIPPluginJar : add comp
2026-05-20 17:54:33,870 [INFO] IPUIPlugin:80 - create IPUIPlugin
2026-05-20 17:54:33,870 [INFO] PluginManager:220 - loadIPPluginJar : add tracer_emb
2026-05-20 17:54:33,873 [INFO] IPUIPlugin:80 - create IPUIPlugin
2026-05-20 17:54:33,873 [INFO] PluginManager:220 - loadIPPluginJar : add openamp
2026-05-20 17:54:33,879 [INFO] IPUIPlugin:80 - create IPUIPlugin
2026-05-20 17:54:33,880 [INFO] PluginManager:220 - loadIPPluginJar : add stm32_wpan
2026-05-20 17:54:33,887 [INFO] IPUIPlugin:80 - create IPUIPlugin
2026-05-20 17:54:33,890 [INFO] PluginManager:220 - loadIPPluginJar : add plateformsettings
2026-05-20 17:54:33,894 [INFO] IPUIPlugin:80 - create IPUIPlugin
2026-05-20 17:54:33,894 [INFO] PluginManager:220 - loadIPPluginJar : add ipddr
2026-05-20 17:54:33,897 [INFO] IPUIPlugin:80 - create IPUIPlugin
2026-05-20 17:54:33,897 [INFO] PluginManager:220 - loadIPPluginJar : add usart
2026-05-20 17:54:33,899 [INFO] IPUIPlugin:80 - create IPUIPlugin
2026-05-20 17:54:33,899 [INFO] PluginManager:220 - loadIPPluginJar : add ltdc
2026-05-20 17:54:33,904 [INFO] IPUIPlugin:80 - create IPUIPlugin
2026-05-20 17:54:33,904 [INFO] PluginManager:220 - loadIPPluginJar : add nvic
2026-05-20 17:54:33,906 [INFO] IPUIPlugin:80 - create IPUIPlugin
2026-05-20 17:54:33,906 [INFO] PluginManager:220 - loadIPPluginJar : add fatfs
2026-05-20 17:54:33,914 [INFO] IPUIPlugin:80 - create IPUIPlugin
2026-05-20 17:54:33,915 [INFO] PluginManager:220 - loadIPPluginJar : add linkedlist
2026-05-20 17:54:33,922 [INFO] IPUIPlugin:80 - create IPUIPlugin
2026-05-20 17:54:33,922 [INFO] PluginManager:220 - loadIPPluginJar : add dma
2026-05-20 17:54:33,926 [INFO] IPUIPlugin:80 - create IPUIPlugin
2026-05-20 17:54:33,927 [INFO] PluginManager:220 - loadIPPluginJar : add fmc
2026-05-20 17:54:33,929 [INFO] IPUIPlugin:80 - create IPUIPlugin
2026-05-20 17:54:33,930 [INFO] PluginManager:220 - loadIPPluginJar : add i2s
2026-05-20 17:54:33,931 [INFO] IPUIPlugin:80 - create IPUIPlugin
2026-05-20 17:54:33,932 [INFO] PluginManager:220 - loadIPPluginJar : add ucpd
2026-05-20 17:54:33,934 [INFO] IPUIPlugin:80 - create IPUIPlugin
2026-05-20 17:54:33,934 [INFO] PluginManager:220 - loadIPPluginJar : add lorawan
2026-05-20 17:54:33,937 [INFO] IPUIPlugin:80 - create IPUIPlugin
2026-05-20 17:54:33,937 [INFO] PluginManager:220 - loadIPPluginJar : add opamp
2026-05-20 17:54:33,940 [INFO] IPUIPlugin:80 - create IPUIPlugin
2026-05-20 17:54:33,940 [INFO] PluginManager:220 - loadIPPluginJar : add i3c
2026-05-20 17:54:33,945 [INFO] IPUIPlugin:80 - create IPUIPlugin
2026-05-20 17:54:33,945 [INFO] PluginManager:220 - loadIPPluginJar : add touchsensing
2026-05-20 17:54:33,949 [INFO] IPUIPlugin:80 - create IPUIPlugin
2026-05-20 17:54:33,949 [INFO] PluginManager:220 - loadIPPluginJar : add i2c
2026-05-20 17:54:33,953 [INFO] IPUIPlugin:80 - create IPUIPlugin
2026-05-20 17:54:33,953 [INFO] PluginManager:220 - loadIPPluginJar : add resmgrutility
2026-05-20 17:54:33,956 [INFO] IPUIPlugin:80 - create IPUIPlugin
2026-05-20 17:54:33,957 [INFO] PluginManager:220 - loadIPPluginJar : add sai
2026-05-20 17:54:33,960 [INFO] IPUIPlugin:80 - create IPUIPlugin
2026-05-20 17:54:33,960 [INFO] PluginManager:220 - loadIPPluginJar : add usbx
2026-05-20 17:54:34,078 [FATAL] Updater:351 - Updater called before beeing initialized
2026-05-20 17:54:34,113 [INFO] RulesReader:64 - Compatibility file has been processed (317 Rules)
2026-05-20 17:54:34,133 [INFO] RulesReader:64 - Compatibility file has been processed (317 Rules)
2026-05-20 17:54:34,141 [INFO] CADModel:165 - CPN selected for project level
2026-05-20 17:54:34,141 [INFO] CADModel:114 - Register for checkConnection events
2026-05-20 17:54:34,141 [FATAL] Updater:351 - Updater called before beeing initialized
2026-05-20 17:54:34,141 [ERROR] CADModel:125 - Updater not yet initialized, retry later 
2026-05-20 17:54:34,323 [FATAL] Updater:351 - Updater called before beeing initialized
2026-05-20 17:54:34,326 [INFO] CADModel:165 - CPN selected for project level
2026-05-20 17:54:34,326 [INFO] CADModel:114 - Register for checkConnection events
2026-05-20 17:54:34,326 [FATAL] Updater:351 - Updater called before beeing initialized
2026-05-20 17:54:34,326 [ERROR] CADModel:125 - Updater not yet initialized, retry later 
2026-05-20 17:54:34,329 [FATAL] Updater:351 - Updater called before beeing initialized
2026-05-20 17:54:34,431 [FATAL] Updater:351 - Updater called before beeing initialized
2026-05-20 17:54:34,438 [INFO] DbMcusAds:53 - JSON generation date=Mon Apr 27 11:14:29 EEST 2026 (1777277669683)
2026-05-20 17:54:34,438 [FATAL] Updater:351 - Updater called before beeing initialized
2026-05-20 17:54:34,530 [WARN] DetailPanel:346 - Failed to get advertising image, set to default
2026-05-20 17:54:34,635 [FATAL] Updater:351 - Updater called before beeing initialized
2026-05-20 17:54:34,637 [FATAL] Updater:351 - Updater called before beeing initialized
2026-05-20 17:54:34,637 [FATAL] Updater:351 - Updater called before beeing initialized
2026-05-20 17:54:34,637 [WARN] DetailPanel:346 - Failed to get advertising image, set to default
2026-05-20 17:54:34,638 [FATAL] Updater:351 - Updater called before beeing initialized
2026-05-20 17:54:34,675 [ERROR] Updater:1198 - MainUpdater not yet initialized. External WinMGr cannot be set.
2026-05-20 17:54:34,677 [INFO] Updater:1134 - Updater Version found : 6.15.0
2026-05-20 17:54:34,699 [INFO] ApplicationProperties:184 - Using Application install path: /Applications/STM32CubeIDE.app/Contents/Eclipse/plugins/com.st.stm32cube.common.mx_6.15.0.202507011659
2026-05-20 17:54:36,191 [INFO] ThirdPartyUpdaterWithRetryManager:70 - Updater plugin not ready yet. [2/15]
2026-05-20 17:54:38,008 [INFO] MainUpdater:2872 - connection check result : 10
2026-05-20 17:54:38,009 [INFO] MainUpdater:289 - Updater Check For Update Now.
2026-05-20 17:54:38,009 [INFO] MicroXplorer:498 - Change Database Version : DB.6.0.150
2026-05-20 17:54:38,016 [INFO] McuFinderGlobals:63 - Set McuFinder mode to 2 (CubeIDE integrated)
2026-05-20 17:54:38,020 [INFO] UserAuth:487 - Internet connection configuration mode: 1
2026-05-20 17:54:38,052 [INFO] JxBrowserEngine:152 - Initiate JxBrowser Engine with user profile folder
2026-05-20 17:54:38,269 [INFO] CheckServerUpdateThread:120 - End of CheckServer Thread
2026-05-20 17:54:39,572 [WARN] PackLoader:240 - Cannot read IP mode file for STMicroelectronics.X-CUBE-AZRTOS-H7.3.5.0
2026-05-20 17:54:39,590 [WARN] PackLoader:240 - Cannot read IP mode file for STMicroelectronics.FP-SNS-MOTENVWB1.1.4.0
2026-05-20 17:54:39,599 [WARN] PackLoader:240 - Cannot read IP mode file for STMicroelectronics.FP-ATR-ASTRA1.2.0.2
2026-05-20 17:54:39,603 [WARN] PackLoader:240 - Cannot read IP mode file for STMicroelectronics.FP-ATR-ASTRA1.2.0.1
2026-05-20 17:54:39,613 [WARN] PackLoader:240 - Cannot read IP mode file for STMicroelectronics.X-CUBE-SMBUS.2.1.0
2026-05-20 17:54:39,623 [WARN] PackLoader:240 - Cannot read IP mode file for STMicroelectronics.X-CUBE-WB05N.1.1.0
2026-05-20 17:54:39,633 [WARN] PackLoader:240 - Cannot read IP mode file for STMicroelectronics.X-CUBE-ST60.1.0.0
2026-05-20 17:54:39,682 [WARN] PackLoader:240 - Cannot read IP mode file for STMicroelectronics.X-CUBE-TOUCHGFX.4.23.2
2026-05-20 17:54:39,754 [WARN] PackLoader:240 - Cannot read IP mode file for STMicroelectronics.X-CUBE-AZRTOS-F7.1.1.0
2026-05-20 17:54:39,860 [WARN] PackLoader:240 - Cannot read IP mode file for STMicroelectronics.FP-SNS-MOTENV1.4.3.2
2026-05-20 17:54:40,019 [WARN] PackLoader:240 - Cannot read IP mode file for STMicroelectronics.X-CUBE-MEMS1.11.0.0
2026-05-20 17:54:40,340 [WARN] PackLoader:240 - Cannot read IP mode file for STMicroelectronics.FP-SNS-MOTENV1.5.1.0
2026-05-20 17:54:40,346 [WARN] PackLoader:240 - Cannot read IP mode file for STMicroelectronics.FP-SNS-FLIGHT1.5.0.2
2026-05-20 17:54:40,368 [INFO] WebApp:169 - Instantiating new browser for Auth
2026-05-20 17:54:40,396 [WARN] PackLoader:240 - Cannot read IP mode file for STMicroelectronics.X-CUBE-AZRTOS-H7.3.4.0
2026-05-20 17:54:40,430 [WARN] PackLoader:240 - Cannot read IP mode file for STMicroelectronics.X-CUBE-DISPLAY.3.0.0
2026-05-20 17:54:40,486 [WARN] PackLoader:240 - Cannot read IP mode file for STMicroelectronics.X-CUBE-GNSS1.7.1.1
2026-05-20 17:54:40,513 [WARN] PackLoader:240 - Cannot read IP mode file for STMicroelectronics.FP-SNS-MOTENVWB1.1.5.0
2026-05-20 17:54:40,552 [WARN] PackLoader:240 - Cannot read IP mode file for STMicroelectronics.X-CUBE-BLE1.7.0.0
2026-05-20 17:54:40,712 [WARN] PackLoader:240 - Cannot read IP mode file for STMicroelectronics.X-CUBE-NFC10.1.0.0
2026-05-20 17:54:40,739 [WARN] PackLoader:240 - Cannot read IP mode file for STMicroelectronics.X-CUBE-BLEMGR.4.0.0
2026-05-20 17:54:40,756 [WARN] PackLoader:240 - Cannot read IP mode file for STMicroelectronics.X-CUBE-ST60.1.1.0
2026-05-20 17:54:40,777 [WARN] PackLoader:240 - Cannot read IP mode file for emotas.I-CUBE-CANOPEN.1.3.0
2026-05-20 17:54:40,787 [WARN] PackLoader:240 - Cannot read IP mode file for STMicroelectronics.X-CUBE-GNSS1.7.1.0
2026-05-20 17:54:40,812 [WARN] PackLoader:240 - Cannot read IP mode file for STMicroelectronics.X-CUBE-BLEMGR.3.1.0
2026-05-20 17:54:40,824 [WARN] PackLoader:240 - Cannot read IP mode file for STMicroelectronics.X-CUBE-AI.10.0.0
2026-05-20 17:54:40,843 [WARN] PackLoader:240 - Cannot read IP mode file for STMicroelectronics.FP-SNS-STBOX1.2.1.0
2026-05-20 17:54:40,852 [WARN] PackLoader:240 - Cannot read IP mode file for STMicroelectronics.FP-SNS-SMARTAG2.1.2.0
2026-05-20 17:54:40,859 [WARN] PackLoader:240 - Cannot read IP mode file for STMicroelectronics.FP-SNS-FLIGHT1.5.1.0
2026-05-20 17:54:40,953 [WARN] PackLoader:240 - Cannot read IP mode file for STMicroelectronics.X-CUBE-MEMS1.11.1.0
2026-05-20 17:54:41,133 [INFO] LogOutputStream:77 - [STDOUT_REDIRECT] 1 : Invalid condition id : UX_CORESTACK_Condition cause : null
2026-05-20 17:54:41,134 [INFO] LogOutputStream:77 - [STDOUT_REDIRECT] 1 : Invalid condition id : UX_CORESTACK_Condition cause : null
2026-05-20 17:54:41,134 [INFO] LogOutputStream:77 - [STDOUT_REDIRECT] 1 : Invalid condition id : UX_CORESTACK_Condition cause : null
2026-05-20 17:54:41,135 [INFO] LogOutputStream:77 - [STDOUT_REDIRECT] 1 : Invalid condition id : UX_CORESTACK_Condition cause : null
2026-05-20 17:54:41,135 [INFO] LogOutputStream:77 - [STDOUT_REDIRECT] 1 : Invalid condition id : UX_CORESTACK_Condition cause : null
2026-05-20 17:54:41,140 [WARN] PackLoader:240 - Cannot read IP mode file for STMicroelectronics.X-CUBE-AZRTOS-WL.2.0.0
2026-05-20 17:54:41,146 [WARN] PackLoader:240 - Cannot read IP mode file for STMicroelectronics.FP-SNS-MOTENV1.5.0.0
2026-05-20 17:54:41,175 [WARN] PackLoader:240 - Cannot read IP mode file for STMicroelectronics.X-CUBE-AZRTOS-H7RS.1.2.0
2026-05-20 17:54:41,187 [WARN] PackLoader:240 - Cannot read IP mode file for wolfSSL.I-CUBE-wolfMQTT.1.19.0
2026-05-20 17:54:41,195 [WARN] PackLoader:240 - Cannot read IP mode file for WES.I-CUBE-Cesium.1.3.0
2026-05-20 17:54:41,202 [WARN] PackLoader:240 - Cannot read IP mode file for STMicroelectronics.X-CUBE-BLE2.3.3.0
2026-05-20 17:54:41,220 [WARN] PackLoader:240 - Cannot read IP mode file for STMicroelectronics.X-CUBE-NFC9.1.0.0
2026-05-20 17:54:41,227 [WARN] PackLoader:240 - Cannot read IP mode file for STMicroelectronics.X-CUBE-BLE1.7.1.0
2026-05-20 17:54:41,233 [WARN] PackLoader:240 - Cannot read IP mode file for STMicroelectronics.X-CUBE-TCPP.4.1.0
2026-05-20 17:54:41,240 [WARN] PackLoader:240 - Cannot read IP mode file for STMicroelectronics.X-CUBE-FREERTOS.1.4.0
2026-05-20 17:54:41,246 [WARN] PackLoader:240 - Cannot read IP mode file for STMicroelectronics.X-CUBE-EEPRMA1.5.2.0
2026-05-20 17:54:41,255 [WARN] PackLoader:240 - Cannot read IP mode file for STMicroelectronics.X-CUBE-ST67W61.1.1.0
2026-05-20 17:54:41,259 [WARN] PackLoader:240 - Cannot read IP mode file for STMicroelectronics.X-CUBE-AI.10.1.0
2026-05-20 17:54:41,266 [WARN] PackLoader:240 - Cannot read IP mode file for STMicroelectronics.FP-SNS-STAIOTCFT.1.1.0
2026-05-20 17:54:41,446 [WARN] PackLoader:240 - Cannot read IP mode file for STMicroelectronics.X-CUBE-MEMS1.12.0.0
2026-05-20 17:54:41,639 [WARN] PackLoader:240 - Cannot read IP mode file for STMicroelectronics.X-CUBE-ALGOBUILD.1.3.0
2026-05-20 17:54:41,693 [WARN] PackLoader:240 - Cannot read IP mode file for STMicroelectronics.X-CUBE-MEMS1.11.2.0
2026-05-20 17:54:41,954 [INFO] WebApp:463 - Apply proxy settings
2026-05-20 17:54:41,965 [INFO] WebApp:508 - Chromium authenticates against Manually configured proxy
2026-05-20 17:54:41,970 [WARN] PackLoader:240 - Cannot read IP mode file for STMicroelectronics.X-CUBE-AZRTOS-G0.1.1.0
2026-05-20 17:54:41,987 [WARN] PackLoader:240 - Cannot read IP mode file for STMicroelectronics.X-CUBE-SAFEA1.1.2.2
2026-05-20 17:54:41,995 [INFO] WebApp:516 - Username used for proxy authentication: 
2026-05-20 17:54:42,001 [WARN] PackLoader:240 - Cannot read IP mode file for STMicroelectronics.X-CUBE-NFC4.3.0.0
2026-05-20 17:54:42,017 [WARN] PackLoader:240 - Cannot read IP mode file for EmbeddedOffice.I-CUBE-FS-RTOS.1.0.1
2026-05-20 17:54:42,026 [WARN] PackLoader:240 - Cannot read IP mode file for STMicroelectronics.X-CUBE-WB05N.2.0.0
2026-05-20 17:54:42,039 [WARN] PackLoader:240 - Cannot read IP mode file for STMicroelectronics.X-CUBE-TCPP.4.2.0
2026-05-20 17:54:42,052 [WARN] PackLoader:240 - Cannot read IP mode file for RealThread.X-CUBE-RT-Thread_Nano.4.1.1
2026-05-20 17:54:42,061 [WARN] PackLoader:240 - Cannot read IP mode file for wolfSSL.I-CUBE-wolfSSL.5.7.0
2026-05-20 17:54:42,073 [WARN] PackLoader:240 - Cannot read IP mode file for STMicroelectronics.FP-ATR-SIGFOX1.3.2.0
2026-05-20 17:54:42,089 [WARN] ConditionMgr:438 - getConditionDescription Invalid condition id : Cortex-A Device cause : null
2026-05-20 17:54:42,110 [WARN] ConditionMgr:1044 - genDependencies : Invalid condition id : Cortex-A Device cause : null
2026-05-20 17:54:42,111 [WARN] ConditionMgr:1044 - genDependencies : Invalid condition id : Cortex-A Device cause : null
2026-05-20 17:54:42,111 [WARN] ConditionMgr:1044 - genDependencies : Invalid condition id : Cortex-A Device cause : null
2026-05-20 17:54:42,116 [INFO] WebApp:900 - Register for checkConnection events
2026-05-20 17:54:42,116 [INFO] WebApp:463 - Apply proxy settings
2026-05-20 17:54:42,153 [INFO] WebApp:508 - Chromium authenticates against Manually configured proxy
2026-05-20 17:54:42,156 [INFO] WebApp:516 - Username used for proxy authentication: 
2026-05-20 17:54:42,169 [WARN] PackLoader:240 - Cannot read IP mode file for STMicroelectronics.X-CUBE-EEPRMA1.5.1.0
2026-05-20 17:54:42,191 [WARN] PackLoader:240 - Cannot read IP mode file for STMicroelectronics.X-CUBE-FREERTOS.1.5.0
2026-05-20 17:54:42,199 [WARN] PackLoader:240 - Cannot read IP mode file for ITTIA_DB.I-CUBE-ITTIADB.8.9.0
2026-05-20 17:54:42,208 [WARN] PackLoader:240 - Cannot read IP mode file for STMicroelectronics.X-CUBE-NFC6.3.2.0
2026-05-20 17:54:42,217 [WARN] PackLoader:240 - Cannot read IP mode file for STMicroelectronics.X-CUBE-ST67W61.1.0.0
2026-05-20 17:54:42,226 [WARN] PackLoader:240 - Cannot read IP mode file for STMicroelectronics.X-CUBE-AI.10.2.0
2026-05-20 17:54:42,360 [INFO] WebApp:191 - Connection restablished
2026-05-20 17:54:42,382 [WARN] PackLoader:240 - Cannot read IP mode file for STMicroelectronics.X-CUBE-MEMS1.12.1.0
2026-05-20 17:54:42,642 [WARN] PackLoader:240 - Cannot read IP mode file for SEGGER.I-CUBE-embOS.1.3.1
2026-05-20 17:54:42,713 [WARN] PackLoader:240 - Cannot read IP mode file for STMicroelectronics.X-CUBE-ALGOBUILD.1.4.0
2026-05-20 17:54:42,753 [INFO] WebApp:225 - Starting web application
2026-05-20 17:54:42,754 [INFO] WebApp:593 - Web application path used /Applications/STM32CubeIDE.app/Contents/Eclipse/plugins/com.st.stm32cube.common.mx_6.15.0.202507011659/db/plugins/mcufinder/reactClient1/index.html
2026-05-20 17:54:42,841 [WARN] PackLoader:240 - Cannot read IP mode file for STMicroelectronics.X-CUBE-MEMS1.11.3.0
2026-05-20 17:54:42,864 [INFO] UserAuth:487 - Internet connection configuration mode: 1
2026-05-20 17:54:43,094 [WARN] PackLoader:240 - Cannot read IP mode file for STMicroelectronics.X-CUBE-AI.9.1.0
2026-05-20 17:54:43,098 [WARN] PackLoader:240 - Cannot read IP mode file for STMicroelectronics.X-CUBE-PM33A1.1.0.0
2026-05-20 17:54:43,105 [WARN] PackLoader:240 - Cannot read IP mode file for STMicroelectronics.X-CUBE-GNSS1.6.0.0
2026-05-20 17:54:43,124 [WARN] PackLoader:240 - Cannot read IP mode file for STMicroelectronics.X-CUBE-AZRTOS-F4.1.1.0
2026-05-20 17:54:43,129 [WARN] PackLoader:240 - Cannot read IP mode file for Avnet-IotConnect.X-CUBE-IoTC-DA16k-PMOD.1.0.0
2026-05-20 17:54:43,134 [WARN] PackLoader:240 - Cannot read IP mode file for STMicroelectronics.X-CUBE-ISPU.2.1.0
2026-05-20 17:54:43,147 [WARN] PackLoader:240 - Cannot read IP mode file for STMicroelectronics.X-CUBE-IPS.3.2.0
2026-05-20 17:54:43,160 [WARN] PackLoader:240 - Cannot read IP mode file for STMicroelectronics.eDS-WB_DPC_TT-BIDIR.2.1.1
2026-05-20 17:54:43,169 [WARN] PackLoader:240 - Cannot read IP mode file for STMicroelectronics.X-CUBE-FREERTOS.1.2.0
2026-05-20 17:54:43,182 [WARN] PackLoader:240 - Cannot read IP mode file for STMicroelectronics.X-CUBE-NFC12.1.0.0
2026-05-20 17:54:43,203 [WARN] PackLoader:240 - Cannot read IP mode file for STMicroelectronics.X-CUBE-AZRTOS-L5.2.0.0
2026-05-20 17:54:43,213 [WARN] PackLoader:240 - Cannot read IP mode file for STMicroelectronics.X-CUBE-NFC6.3.1.0
2026-05-20 17:54:43,220 [WARN] PackLoader:240 - Cannot read IP mode file for STMicroelectronics.X-CUBE-DPower.1.2.0
2026-05-20 17:54:43,222 [WARN] PackLoader:240 - Cannot read IP mode file for STMicroelectronics.eDS-WB_DPC_VIENNA.1.2.0
2026-05-20 17:54:43,225 [WARN] PackLoader:240 - Cannot read IP mode file for STMicroelectronics.eDS-WB_DPC_3PH2L-BIDIR.1.1.1
2026-05-20 17:54:43,228 [WARN] PackLoader:240 - Cannot read IP mode file for STMicroelectronics.X-CUBE-AI.9.0.0
2026-05-20 17:54:43,233 [ERROR] Engine:466 - /Users/admin/.stm32cubemx/thirdparties/pdsc/STMicroelectronics.X-CUBE-ST67W61.1.3.0.pdsc: PDSC version is not supported
2026-05-20 17:54:43,238 [WARN] PackLoader:240 - Cannot read IP mode file for STMicroelectronics.X-CUBE-FREERTOS.1.3.1
2026-05-20 17:54:43,251 [WARN] PackLoader:240 - Cannot read IP mode file for STMicroelectronics.X-CUBE-FREERTOS.1.3.0
2026-05-20 17:54:43,255 [WARN] PackLoader:240 - Cannot read IP mode file for STMicroelectronics.X-CUBE-NFC7.1.0.1
2026-05-20 17:54:43,259 [WARN] PackLoader:240 - Cannot read IP mode file for wolfSSL.I-CUBE-wolfTPM.3.2.0
2026-05-20 17:54:43,262 [WARN] PackLoader:240 - Cannot read IP mode file for STMicroelectronics.X-CUBE-TOUCHGFX.4.26.0
2026-05-20 17:54:43,264 [WARN] PackLoader:240 - Cannot read IP mode file for STMicroelectronics.X-CUBE-TOUCHGFX.4.26.1
2026-05-20 17:54:43,268 [WARN] PackLoader:240 - Cannot read IP mode file for STMicroelectronics.FP-SNS-STAIOTCFT.1.0.0
2026-05-20 17:54:43,273 [WARN] PackLoader:240 - Cannot read IP mode file for STMicroelectronics.X-CUBE-DPower.1.3.0
2026-05-20 17:54:43,277 [WARN] PackLoader:240 - Cannot read IP mode file for STMicroelectronics.X-CUBE-AI.8.1.0
2026-05-20 17:54:43,295 [WARN] ConditionMgr:438 - getConditionDescription Invalid condition id : LAN8742 Phy interface Condition cause : null
2026-05-20 17:54:43,296 [WARN] PackLoader:240 - Cannot read IP mode file for STMicroelectronics.X-CUBE-AZRTOS-L4.2.0.0
2026-05-20 17:54:43,297 [WARN] ConditionMgr:1044 - genDependencies : Invalid condition id : LAN8742 Phy interface Condition cause : null
2026-05-20 17:54:43,297 [WARN] ConditionMgr:1044 - genDependencies : Invalid condition id : LAN8742 Phy interface Condition cause : null
2026-05-20 17:54:43,297 [WARN] ConditionMgr:1044 - genDependencies : Invalid condition id : LAN8742 Phy interface Condition cause : null
2026-05-20 17:54:43,304 [WARN] PackLoader:240 - Cannot read IP mode file for STMicroelectronics.X-CUBE-SFXS2LP1.4.0.0
2026-05-20 17:54:43,309 [WARN] PackLoader:240 - Cannot read IP mode file for STMicroelectronics.X-CUBE-WB05N.2.1.0
2026-05-20 17:54:43,317 [WARN] PackLoader:240 - Cannot read IP mode file for STMicroelectronics.X-CUBE-ST67W61.1.2.0
2026-05-20 17:54:43,338 [WARN] PackLoader:240 - Cannot read IP mode file for STMicroelectronics.X-CUBE-AZRTOS-H7.3.3.0
2026-05-20 17:54:43,355 [WARN] PackLoader:240 - Cannot read IP mode file for STMicroelectronics.X-CUBE-BLEMGR.4.1.0
2026-05-20 17:54:43,375 [WARN] PackLoader:240 - Cannot read IP mode file for STMicroelectronics.X-CUBE-IPS.3.0.0
2026-05-20 17:54:43,415 [WARN] ConditionMgr:438 - getConditionDescription Invalid condition id : UX DEVICE CLASS RTOS Condition cause : null
2026-05-20 17:54:43,417 [WARN] ConditionMgr:438 - getConditionDescription Invalid condition id : UX DEVICE CLASS RTOS Condition cause : null
2026-05-20 17:54:43,420 [WARN] PackLoader:240 - Cannot read IP mode file for STMicroelectronics.X-CUBE-AZRTOS-WB.2.0.0
2026-05-20 17:54:43,421 [WARN] ConditionMgr:1044 - genDependencies : Invalid condition id : UX DEVICE CLASS RTOS Condition cause : null
2026-05-20 17:54:43,421 [WARN] ConditionMgr:1044 - genDependencies : Invalid condition id : UX DEVICE CLASS RTOS Condition cause : null
2026-05-20 17:54:43,422 [WARN] ConditionMgr:1044 - genDependencies : Invalid condition id : UX DEVICE CLASS RTOS Condition cause : null
2026-05-20 17:54:43,422 [WARN] ConditionMgr:1044 - genDependencies : Invalid condition id : UX DEVICE CLASS RTOS Condition cause : null
2026-05-20 17:54:43,422 [WARN] ConditionMgr:1044 - genDependencies : Invalid condition id : UX DEVICE CLASS RTOS Condition cause : null
2026-05-20 17:54:43,430 [WARN] PackLoader:240 - Cannot read IP mode file for STMicroelectronics.X-CUBE-GNSS1.7.0.0
2026-05-20 17:54:43,441 [WARN] PackLoader:240 - Cannot read IP mode file for STMicroelectronics.X-CUBE-GNSS1.7.0.1
2026-05-20 17:54:43,451 [WARN] PackLoader:240 - Cannot read IP mode file for STMicroelectronics.X-CUBE-TOUCHGFX.4.25.0
2026-05-20 17:54:43,460 [WARN] PackLoader:240 - Cannot read IP mode file for STMicroelectronics.FP-SNS-STBOX1.2.0.0
2026-05-20 17:54:43,471 [WARN] PackLoader:240 - Cannot read IP mode file for STMicroelectronics.X-CUBE-STSE01.2.0.0
2026-05-20 17:54:43,489 [WARN] PackLoader:240 - Cannot read IP mode file for STMicroelectronics.X-CUBE-SUBG2.5.0.0
2026-05-20 17:54:43,512 [WARN] PackLoader:240 - Cannot read IP mode file for STMicroelectronics.X-CUBE-AZRTOS-H7RS.1.1.0
2026-05-20 17:54:43,518 [WARN] PackLoader:240 - Cannot read IP mode file for Cesanta.I-CUBE-Mongoose.7.13.0
2026-05-20 17:54:43,538 [WARN] PackLoader:240 - Cannot read IP mode file for STMicroelectronics.X-CUBE-AZRTOS-G4.2.0.0
2026-05-20 17:54:43,545 [WARN] PackLoader:240 - Cannot read IP mode file for STMicroelectronics.X-CUBE-NFC7.2.0.0
2026-05-20 17:54:43,551 [WARN] PackLoader:240 - Cannot read IP mode file for STMicroelectronics.FP-SNS-MOTENVWB1.1.3.1
2026-05-20 17:54:43,555 [WARN] PackLoader:240 - Cannot read IP mode file for STMicroelectronics.X-CUBE-ISPU.2.0.0
2026-05-20 17:54:43,569 [WARN] PackLoader:240 - Cannot read IP mode file for STMicroelectronics.X-CUBE-IPS.3.1.0
2026-05-20 17:54:43,587 [WARN] PackLoader:240 - Cannot read IP mode file for STMicroelectronics.X-CUBE-ALS.1.0.2
2026-05-20 17:54:43,631 [WARN] PackLoader:240 - Cannot read IP mode file for STMicroelectronics.X-CUBE-MEMS1.10.0.0
2026-05-20 17:54:43,772 [WARN] PackLoader:240 - Cannot read IP mode file for STMicroelectronics.X-CUBE-FREERTOS.1.1.0
2026-05-20 17:54:43,781 [WARN] PackLoader:240 - Cannot read IP mode file for STMicroelectronics.X-CUBE-TOUCHGFX.4.24.0
2026-05-20 17:54:43,784 [WARN] PackLoader:240 - Cannot read IP mode file for STMicroelectronics.X-CUBE-TOUCHGFX.4.24.2
2026-05-20 17:54:43,788 [WARN] PackLoader:240 - Cannot read IP mode file for STMicroelectronics.X-CUBE-TOUCHGFX.4.24.1
2026-05-20 17:54:43,795 [WARN] PackLoader:240 - Cannot read IP mode file for STMicroelectronics.X-CUBE-STSE01.1.0.0
2026-05-20 17:54:43,803 [WARN] PackLoader:240 - Cannot read IP mode file for portGmbH.I-Cube-SoM-uGOAL.1.1.0
2026-05-20 17:54:43,807 [WARN] PackLoader:240 - Cannot read IP mode file for STMicroelectronics.X-CUBE-ALS.1.0.1
2026-05-20 17:54:43,832 [WARN] PackLoader:240 - Cannot read IP mode file for STMicroelectronics.X-CUBE-AZRTOS-H7RS.1.0.0
2026-05-20 17:54:43,851 [WARN] PackLoader:240 - Cannot read IP mode file for STMicroelectronics.FP-ATR-ASTRA1.2.0.0
2026-05-20 17:54:43,865 [WARN] PackLoader:240 - Cannot read IP mode file for STMicroelectronics.X-CUBE-TOF1.3.4.2
2026-05-20 17:54:43,888 [WARN] PackLoader:240 - Cannot read IP mode file for STMicroelectronics.X-CUBE-TOF1.3.4.3
2026-05-20 17:54:43,930 [WARN] PackLoader:240 - Cannot read IP mode file for STMicroelectronics.X-CUBE-TOF1.3.4.1
2026-05-20 17:54:43,984 [WARN] PackLoader:240 - Cannot read IP mode file for STMicroelectronics.X-CUBE-AZRTOS-H7.3.2.0
2026-05-20 17:54:44,015 [WARN] PackLoader:240 - Cannot read IP mode file for Infineon.AIROC-Wi-Fi-Bluetooth-STM32.1.6.0
2026-05-20 17:54:44,117 [WARN] PackLoader:240 - Cannot read IP mode file for wolfSSL.I-CUBE-wolfSSH.1.4.17
2026-05-20 17:54:44,117 [INFO] ThirdParty:978 - Integrity check success = true
2026-05-20 17:54:44,118 [INFO] IntegrityCheckThread:100 - exiting critical section [integrity check]
2026-05-20 17:54:44,118 [INFO] IntegrityCheckThread:103 - End integrity checks thread
2026-05-20 18:26:13,247 [INFO] WebApp:194 - Connection lost
2026-05-20 18:26:18,269 [INFO] WebApp:191 - Connection restablished
2026-05-20 20:33:08,650 [INFO] WebApp:194 - Connection lost
2026-05-20 23:22:19,425 [INFO] WebApp:191 - Connection restablished
2026-05-20 23:22:27,637 [ERROR] LogOutputStream:75 - [STDERR_REDIRECT] 
